fuzzer	put	corpus	success	timeout	invalid	error	ratio	ttt	cleft	cright
afl-gcc	/home/tephra/experiments/unsigned_ints_chain/tc_0001.c	/home/tephra/experiments/unsigned_ints_chain/in_0001	60	0	0	0	1.0000	311.8667	310.4910	313.2423
afl-gcc	/home/tephra/experiments/unsigned_ints_chain/tc_0002.c	/home/tephra/experiments/unsigned_ints_chain/in_0002	0	60	0	0	0.0000	-	-	-
afl-gcc	/home/tephra/experiments/unsigned_ints_chain/tc_0003.c	/home/tephra/experiments/unsigned_ints_chain/in_0003	0	60	0	0	0.0000	-	-	-
afl-gcc	/home/tephra/experiments/unsigned_ints_chain/tc_0004.c	/home/tephra/experiments/unsigned_ints_chain/in_0004	0	60	0	0	0.0000	-	-	-
afl-gcc	/home/tephra/experiments/unsigned_ints_chain/tc_0005.c	/home/tephra/experiments/unsigned_ints_chain/in_0005	0	60	0	0	0.0000	-	-	-
afl-gcc	/home/tephra/experiments/unsigned_ints_chain/tc_0006.c	/home/tephra/experiments/unsigned_ints_chain/in_0006	0	60	0	0	0.0000	-	-	-
afl-gcc	/home/tephra/experiments/unsigned_ints_chain/tc_0007.c	/home/tephra/experiments/unsigned_ints_chain/in_0007	0	60	0	0	0.0000	-	-	-
afl-gcc	/home/tephra/experiments/unsigned_ints_chain/tc_0008.c	/home/tephra/experiments/unsigned_ints_chain/in_0008	0	60	0	0	0.0000	-	-	-
afl-gcc	/home/tephra/experiments/unsigned_ints_chain/tc_0009.c	/home/tephra/experiments/unsigned_ints_chain/in_0009	0	60	0	0	0.0000	-	-	-
afl-gcc	/home/tephra/experiments/unsigned_ints_chain/tc_0010.c	/home/tephra/experiments/unsigned_ints_chain/in_0010	0	60	0	0	0.0000	-	-	-
afl-clang-fast	/home/tephra/experiments/unsigned_ints_chain/tc_0001.c	/home/tephra/experiments/unsigned_ints_chain/in_0001	60	0	0	0	1.0000	327.6667	326.1519	329.1814
afl-clang-fast	/home/tephra/experiments/unsigned_ints_chain/tc_0002.c	/home/tephra/experiments/unsigned_ints_chain/in_0002	2	58	0	0	0.0333	-	-	-
afl-clang-fast	/home/tephra/experiments/unsigned_ints_chain/tc_0003.c	/home/tephra/experiments/unsigned_ints_chain/in_0003	0	60	0	0	0.0000	-	-	-
afl-clang-fast	/home/tephra/experiments/unsigned_ints_chain/tc_0004.c	/home/tephra/experiments/unsigned_ints_chain/in_0004	0	60	0	0	0.0000	-	-	-
afl-clang-fast	/home/tephra/experiments/unsigned_ints_chain/tc_0005.c	/home/tephra/experiments/unsigned_ints_chain/in_0005	0	60	0	0	0.0000	-	-	-
afl-clang-fast	/home/tephra/experiments/unsigned_ints_chain/tc_0006.c	/home/tephra/experiments/unsigned_ints_chain/in_0006	0	60	0	0	0.0000	-	-	-
afl-clang-fast	/home/tephra/experiments/unsigned_ints_chain/tc_0007.c	/home/tephra/experiments/unsigned_ints_chain/in_0007	0	60	0	0	0.0000	-	-	-
afl-clang-fast	/home/tephra/experiments/unsigned_ints_chain/tc_0008.c	/home/tephra/experiments/unsigned_ints_chain/in_0008	0	60	0	0	0.0000	-	-	-
afl-clang-fast	/home/tephra/experiments/unsigned_ints_chain/tc_0009.c	/home/tephra/experiments/unsigned_ints_chain/in_0009	0	60	0	0	0.0000	-	-	-
afl-clang-fast	/home/tephra/experiments/unsigned_ints_chain/tc_0010.c	/home/tephra/experiments/unsigned_ints_chain/in_0010	0	60	0	0	0.0000	-	-	-
afl-libtokencap	/home/tephra/experiments/unsigned_ints_chain/tc_0001.c	/home/tephra/experiments/unsigned_ints_chain/in_0001	60	0	0	0	1.0000	395.9167	394.9905	396.8428
afl-libtokencap	/home/tephra/experiments/unsigned_ints_chain/tc_0002.c	/home/tephra/experiments/unsigned_ints_chain/in_0002	2	58	0	0	0.0333	-	-	-
afl-libtokencap	/home/tephra/experiments/unsigned_ints_chain/tc_0003.c	/home/tephra/experiments/unsigned_ints_chain/in_0003	0	60	0	0	0.0000	-	-	-
afl-libtokencap	/home/tephra/experiments/unsigned_ints_chain/tc_0004.c	/home/tephra/experiments/unsigned_ints_chain/in_0004	0	60	0	0	0.0000	-	-	-
afl-libtokencap	/home/tephra/experiments/unsigned_ints_chain/tc_0005.c	/home/tephra/experiments/unsigned_ints_chain/in_0005	0	60	0	0	0.0000	-	-	-
afl-libtokencap	/home/tephra/experiments/unsigned_ints_chain/tc_0006.c	/home/tephra/experiments/unsigned_ints_chain/in_0006	0	60	0	0	0.0000	-	-	-
afl-libtokencap	/home/tephra/experiments/unsigned_ints_chain/tc_0007.c	/home/tephra/experiments/unsigned_ints_chain/in_0007	0	60	0	0	0.0000	-	-	-
afl-libtokencap	/home/tephra/experiments/unsigned_ints_chain/tc_0008.c	/home/tephra/experiments/unsigned_ints_chain/in_0008	0	60	0	0	0.0000	-	-	-
afl-libtokencap	/home/tephra/experiments/unsigned_ints_chain/tc_0009.c	/home/tephra/experiments/unsigned_ints_chain/in_0009	0	60	0	0	0.0000	-	-	-
afl-libtokencap	/home/tephra/experiments/unsigned_ints_chain/tc_0010.c	/home/tephra/experiments/unsigned_ints_chain/in_0010	0	60	0	0	0.0000	-	-	-
radamsa	/home/tephra/experiments/unsigned_ints_chain/tc_0001.c	/home/tephra/experiments/unsigned_ints_chain/in_0001	60	0	0	0	1.0000	279.8667	277.5129	282.2205
radamsa	/home/tephra/experiments/unsigned_ints_chain/tc_0002.c	/home/tephra/experiments/unsigned_ints_chain/in_0002	0	58	2	0	0.0000	-	-	-
radamsa	/home/tephra/experiments/unsigned_ints_chain/tc_0003.c	/home/tephra/experiments/unsigned_ints_chain/in_0003	0	59	1	0	0.0000	-	-	-
radamsa	/home/tephra/experiments/unsigned_ints_chain/tc_0004.c	/home/tephra/experiments/unsigned_ints_chain/in_0004	0	57	3	0	0.0000	-	-	-
radamsa	/home/tephra/experiments/unsigned_ints_chain/tc_0005.c	/home/tephra/experiments/unsigned_ints_chain/in_0005	0	59	1	0	0.0000	-	-	-
radamsa	/home/tephra/experiments/unsigned_ints_chain/tc_0006.c	/home/tephra/experiments/unsigned_ints_chain/in_0006	0	58	2	0	0.0000	-	-	-
radamsa	/home/tephra/experiments/unsigned_ints_chain/tc_0007.c	/home/tephra/experiments/unsigned_ints_chain/in_0007	0	58	2	0	0.0000	-	-	-
radamsa	/home/tephra/experiments/unsigned_ints_chain/tc_0008.c	/home/tephra/experiments/unsigned_ints_chain/in_0008	0	60	0	0	0.0000	-	-	-
radamsa	/home/tephra/experiments/unsigned_ints_chain/tc_0009.c	/home/tephra/experiments/unsigned_ints_chain/in_0009	0	59	1	0	0.0000	-	-	-
radamsa	/home/tephra/experiments/unsigned_ints_chain/tc_0010.c	/home/tephra/experiments/unsigned_ints_chain/in_0010	0	58	2	0	0.0000	-	-	-
libfuzzer	/home/tephra/experiments/unsigned_ints_chain/tc_0001.c	/home/tephra/experiments/unsigned_ints_chain/in_0001	60	0	0	0	1.0000	171.0667	171.0449	171.0884
libfuzzer	/home/tephra/experiments/unsigned_ints_chain/tc_0002.c	/home/tephra/experiments/unsigned_ints_chain/in_0002	60	0	0	0	1.0000	195.3333	195.1853	195.4813
libfuzzer	/home/tephra/experiments/unsigned_ints_chain/tc_0003.c	/home/tephra/experiments/unsigned_ints_chain/in_0003	60	0	0	0	1.0000	219.9833	219.7261	220.2405
libfuzzer	/home/tephra/experiments/unsigned_ints_chain/tc_0004.c	/home/tephra/experiments/unsigned_ints_chain/in_0004	60	0	0	0	1.0000	314.5833	313.7550	315.4116
libfuzzer	/home/tephra/experiments/unsigned_ints_chain/tc_0005.c	/home/tephra/experiments/unsigned_ints_chain/in_0005	60	0	0	0	1.0000	761.1667	757.6672	764.6661
libfuzzer	/home/tephra/experiments/unsigned_ints_chain/tc_0006.c	/home/tephra/experiments/unsigned_ints_chain/in_0006	60	0	0	0	1.0000	3150.7333	3133.8076	3167.6590
libfuzzer	/home/tephra/experiments/unsigned_ints_chain/tc_0007.c	/home/tephra/experiments/unsigned_ints_chain/in_0007	60	0	0	0	1.0000	432.9167	431.7342	434.0992
libfuzzer	/home/tephra/experiments/unsigned_ints_chain/tc_0008.c	/home/tephra/experiments/unsigned_ints_chain/in_0008	60	0	0	0	1.0000	10991.4333	10927.5139	11055.3528
libfuzzer	/home/tephra/experiments/unsigned_ints_chain/tc_0009.c	/home/tephra/experiments/unsigned_ints_chain/in_0009	60	0	0	0	1.0000	10440.1500	10368.0395	10512.2605
libfuzzer	/home/tephra/experiments/unsigned_ints_chain/tc_0010.c	/home/tephra/experiments/unsigned_ints_chain/in_0010	60	0	0	0	1.0000	12745.5000	12667.0037	12823.9963
libfuzzer-entropic	/home/tephra/experiments/unsigned_ints_chain/tc_0001.c	/home/tephra/experiments/unsigned_ints_chain/in_0001	60	0	0	0	1.0000	169.8833	169.8599	169.9068
libfuzzer-entropic	/home/tephra/experiments/unsigned_ints_chain/tc_0002.c	/home/tephra/experiments/unsigned_ints_chain/in_0002	60	0	0	0	1.0000	194.4667	194.2729	194.6604
libfuzzer-entropic	/home/tephra/experiments/unsigned_ints_chain/tc_0003.c	/home/tephra/experiments/unsigned_ints_chain/in_0003	60	0	0	0	1.0000	217.5833	217.2933	217.8734
libfuzzer-entropic	/home/tephra/experiments/unsigned_ints_chain/tc_0004.c	/home/tephra/experiments/unsigned_ints_chain/in_0004	60	0	0	0	1.0000	343.5000	342.6196	344.3804
libfuzzer-entropic	/home/tephra/experiments/unsigned_ints_chain/tc_0005.c	/home/tephra/experiments/unsigned_ints_chain/in_0005	60	0	0	0	1.0000	979.9333	973.7317	986.1350
libfuzzer-entropic	/home/tephra/experiments/unsigned_ints_chain/tc_0006.c	/home/tephra/experiments/unsigned_ints_chain/in_0006	60	0	0	0	1.0000	4992.3167	4959.4771	5025.1562
libfuzzer-entropic	/home/tephra/experiments/unsigned_ints_chain/tc_0007.c	/home/tephra/experiments/unsigned_ints_chain/in_0007	60	0	0	0	1.0000	532.1333	530.4248	533.8418
libfuzzer-entropic	/home/tephra/experiments/unsigned_ints_chain/tc_0008.c	/home/tephra/experiments/unsigned_ints_chain/in_0008	60	0	0	0	1.0000	14079.5833	13998.1426	14161.0241
libfuzzer-entropic	/home/tephra/experiments/unsigned_ints_chain/tc_0009.c	/home/tephra/experiments/unsigned_ints_chain/in_0009	60	0	0	0	1.0000	16374.5333	16251.5800	16497.4867
libfuzzer-entropic	/home/tephra/experiments/unsigned_ints_chain/tc_0010.c	/home/tephra/experiments/unsigned_ints_chain/in_0010	59	1	0	0	0.9833	20837.7458	20686.9312	20988.5603
dev-urandom	/home/tephra/experiments/unsigned_ints_chain/tc_0001.c	/home/tephra/experiments/unsigned_ints_chain/in_0001	60	0	0	0	1.0000	11.3000	11.2202	11.3798
dev-urandom	/home/tephra/experiments/unsigned_ints_chain/tc_0002.c	/home/tephra/experiments/unsigned_ints_chain/in_0002	1	59	0	0	0.0167	-	-	-
dev-urandom	/home/tephra/experiments/unsigned_ints_chain/tc_0003.c	/home/tephra/experiments/unsigned_ints_chain/in_0003	0	60	0	0	0.0000	-	-	-
dev-urandom	/home/tephra/experiments/unsigned_ints_chain/tc_0004.c	/home/tephra/experiments/unsigned_ints_chain/in_0004	0	60	0	0	0.0000	-	-	-
dev-urandom	/home/tephra/experiments/unsigned_ints_chain/tc_0005.c	/home/tephra/experiments/unsigned_ints_chain/in_0005	0	60	0	0	0.0000	-	-	-
dev-urandom	/home/tephra/experiments/unsigned_ints_chain/tc_0006.c	/home/tephra/experiments/unsigned_ints_chain/in_0006	0	60	0	0	0.0000	-	-	-
dev-urandom	/home/tephra/experiments/unsigned_ints_chain/tc_0007.c	/home/tephra/experiments/unsigned_ints_chain/in_0007	0	60	0	0	0.0000	-	-	-
dev-urandom	/home/tephra/experiments/unsigned_ints_chain/tc_0008.c	/home/tephra/experiments/unsigned_ints_chain/in_0008	0	60	0	0	0.0000	-	-	-
dev-urandom	/home/tephra/experiments/unsigned_ints_chain/tc_0009.c	/home/tephra/experiments/unsigned_ints_chain/in_0009	0	60	0	0	0.0000	-	-	-
dev-urandom	/home/tephra/experiments/unsigned_ints_chain/tc_0010.c	/home/tephra/experiments/unsigned_ints_chain/in_0010	0	60	0	0	0.0000	-	-	-
afl++	/home/tephra/experiments/unsigned_ints_chain/tc_0001.c	/home/tephra/experiments/unsigned_ints_chain/in_0001	60	0	0	0	1.0000	213.8833	213.8651	213.9016
afl++	/home/tephra/experiments/unsigned_ints_chain/tc_0002.c	/home/tephra/experiments/unsigned_ints_chain/in_0002	50	10	0	0	0.8333	991731.1600	983084.8552	1000377.4648
afl++	/home/tephra/experiments/unsigned_ints_chain/tc_0003.c	/home/tephra/experiments/unsigned_ints_chain/in_0003	60	0	0	0	1.0000	462.8167	460.3791	465.2542
afl++	/home/tephra/experiments/unsigned_ints_chain/tc_0004.c	/home/tephra/experiments/unsigned_ints_chain/in_0004	53	7	0	0	0.8833	977824.7925	969856.2340	985793.3509
afl++	/home/tephra/experiments/unsigned_ints_chain/tc_0005.c	/home/tephra/experiments/unsigned_ints_chain/in_0005	23	37	0	0	0.3833	-	-	-
afl++	/home/tephra/experiments/unsigned_ints_chain/tc_0006.c	/home/tephra/experiments/unsigned_ints_chain/in_0006	60	0	0	0	1.0000	2398.7500	2390.4605	2407.0395
afl++	/home/tephra/experiments/unsigned_ints_chain/tc_0007.c	/home/tephra/experiments/unsigned_ints_chain/in_0007	60	0	0	0	1.0000	3373.6500	3359.3191	3387.9809
afl++	/home/tephra/experiments/unsigned_ints_chain/tc_0008.c	/home/tephra/experiments/unsigned_ints_chain/in_0008	0	60	0	0	0.0000	-	-	-
afl++	/home/tephra/experiments/unsigned_ints_chain/tc_0009.c	/home/tephra/experiments/unsigned_ints_chain/in_0009	3	57	0	0	0.0500	-	-	-
afl++	/home/tephra/experiments/unsigned_ints_chain/tc_0010.c	/home/tephra/experiments/unsigned_ints_chain/in_0010	0	60	0	0	0.0000	-	-	-
afl++-cmplog	/home/tephra/experiments/unsigned_ints_chain/tc_0001.c	/home/tephra/experiments/unsigned_ints_chain/in_0001	60	0	0	0	1.0000	217.1000	217.0895	217.1105
afl++-cmplog	/home/tephra/experiments/unsigned_ints_chain/tc_0002.c	/home/tephra/experiments/unsigned_ints_chain/in_0002	60	0	0	0	1.0000	247.9500	247.9351	247.9649
afl++-cmplog	/home/tephra/experiments/unsigned_ints_chain/tc_0003.c	/home/tephra/experiments/unsigned_ints_chain/in_0003	60	0	0	0	1.0000	1011.9667	1005.6422	1018.2912
afl++-cmplog	/home/tephra/experiments/unsigned_ints_chain/tc_0004.c	/home/tephra/experiments/unsigned_ints_chain/in_0004	60	0	0	0	1.0000	2009.4667	1997.5131	2021.4203
afl++-cmplog	/home/tephra/experiments/unsigned_ints_chain/tc_0005.c	/home/tephra/experiments/unsigned_ints_chain/in_0005	60	0	0	0	1.0000	763.7167	760.4187	767.0146
afl++-cmplog	/home/tephra/experiments/unsigned_ints_chain/tc_0006.c	/home/tephra/experiments/unsigned_ints_chain/in_0006	60	0	0	0	1.0000	1982.6333	1969.6431	1995.6235
afl++-cmplog	/home/tephra/experiments/unsigned_ints_chain/tc_0007.c	/home/tephra/experiments/unsigned_ints_chain/in_0007	60	0	0	0	1.0000	5567.7000	5541.5731	5593.8269
afl++-cmplog	/home/tephra/experiments/unsigned_ints_chain/tc_0008.c	/home/tephra/experiments/unsigned_ints_chain/in_0008	60	0	0	0	1.0000	458.4833	458.4447	458.5220
afl++-cmplog	/home/tephra/experiments/unsigned_ints_chain/tc_0009.c	/home/tephra/experiments/unsigned_ints_chain/in_0009	60	0	0	0	1.0000	22889.2167	22601.3926	23177.0408
afl++-cmplog	/home/tephra/experiments/unsigned_ints_chain/tc_0010.c	/home/tephra/experiments/unsigned_ints_chain/in_0010	60	0	0	0	1.0000	39188.3333	38875.1483	39501.5183
afl++-laf	/home/tephra/experiments/unsigned_ints_chain/tc_0001.c	/home/tephra/experiments/unsigned_ints_chain/in_0001	60	0	0	0	1.0000	215.3667	215.3551	215.3782
afl++-laf	/home/tephra/experiments/unsigned_ints_chain/tc_0002.c	/home/tephra/experiments/unsigned_ints_chain/in_0002	20	40	0	0	0.3333	-	-	-
afl++-laf	/home/tephra/experiments/unsigned_ints_chain/tc_0003.c	/home/tephra/experiments/unsigned_ints_chain/in_0003	0	60	0	0	0.0000	-	-	-
afl++-laf	/home/tephra/experiments/unsigned_ints_chain/tc_0004.c	/home/tephra/experiments/unsigned_ints_chain/in_0004	1	59	0	0	0.0167	-	-	-
afl++-laf	/home/tephra/experiments/unsigned_ints_chain/tc_0005.c	/home/tephra/experiments/unsigned_ints_chain/in_0005	0	60	0	0	0.0000	-	-	-
afl++-laf	/home/tephra/experiments/unsigned_ints_chain/tc_0006.c	/home/tephra/experiments/unsigned_ints_chain/in_0006	0	60	0	0	0.0000	-	-	-
afl++-laf	/home/tephra/experiments/unsigned_ints_chain/tc_0007.c	/home/tephra/experiments/unsigned_ints_chain/in_0007	0	60	0	0	0.0000	-	-	-
afl++-laf	/home/tephra/experiments/unsigned_ints_chain/tc_0008.c	/home/tephra/experiments/unsigned_ints_chain/in_0008	0	60	0	0	0.0000	-	-	-
afl++-laf	/home/tephra/experiments/unsigned_ints_chain/tc_0009.c	/home/tephra/experiments/unsigned_ints_chain/in_0009	4	56	0	0	0.0667	-	-	-
afl++-laf	/home/tephra/experiments/unsigned_ints_chain/tc_0010.c	/home/tephra/experiments/unsigned_ints_chain/in_0010	0	60	0	0	0.0000	-	-	-
afl++-mopt	/home/tephra/experiments/unsigned_ints_chain/tc_0001.c	/home/tephra/experiments/unsigned_ints_chain/in_0001	60	0	0	0	1.0000	216.2833	216.2540	216.3126
afl++-mopt	/home/tephra/experiments/unsigned_ints_chain/tc_0002.c	/home/tephra/experiments/unsigned_ints_chain/in_0002	36	24	0	0	0.6000	1138346.9444	1127581.0845	1149112.8044
afl++-mopt	/home/tephra/experiments/unsigned_ints_chain/tc_0003.c	/home/tephra/experiments/unsigned_ints_chain/in_0003	60	0	0	0	1.0000	1194.3167	1186.5791	1202.0542
afl++-mopt	/home/tephra/experiments/unsigned_ints_chain/tc_0004.c	/home/tephra/experiments/unsigned_ints_chain/in_0004	36	24	0	0	0.6000	1047405.0000	1038141.1581	1056668.8419
afl++-mopt	/home/tephra/experiments/unsigned_ints_chain/tc_0005.c	/home/tephra/experiments/unsigned_ints_chain/in_0005	11	49	0	0	0.1833	-	-	-
afl++-mopt	/home/tephra/experiments/unsigned_ints_chain/tc_0006.c	/home/tephra/experiments/unsigned_ints_chain/in_0006	60	0	0	0	1.0000	12381.4667	12307.8390	12455.0944
afl++-mopt	/home/tephra/experiments/unsigned_ints_chain/tc_0007.c	/home/tephra/experiments/unsigned_ints_chain/in_0007	60	0	0	0	1.0000	12467.8167	12399.4846	12536.1488
afl++-mopt	/home/tephra/experiments/unsigned_ints_chain/tc_0008.c	/home/tephra/experiments/unsigned_ints_chain/in_0008	0	60	0	0	0.0000	-	-	-
afl++-mopt	/home/tephra/experiments/unsigned_ints_chain/tc_0009.c	/home/tephra/experiments/unsigned_ints_chain/in_0009	4	56	0	0	0.0667	-	-	-
afl++-mopt	/home/tephra/experiments/unsigned_ints_chain/tc_0010.c	/home/tephra/experiments/unsigned_ints_chain/in_0010	0	60	0	0	0.0000	-	-	-
honggfuzz	/home/tephra/experiments/unsigned_ints_chain/tc_0001.c	/home/tephra/experiments/unsigned_ints_chain/in_0001	60	0	0	0	1.0000	1005.7333	1005.7294	1005.7372
honggfuzz	/home/tephra/experiments/unsigned_ints_chain/tc_0002.c	/home/tephra/experiments/unsigned_ints_chain/in_0002	60	0	0	0	1.0000	1005.4500	1005.4459	1005.4541
honggfuzz	/home/tephra/experiments/unsigned_ints_chain/tc_0003.c	/home/tephra/experiments/unsigned_ints_chain/in_0003	60	0	0	0	1.0000	1041.9000	1041.0842	1042.7158
honggfuzz	/home/tephra/experiments/unsigned_ints_chain/tc_0004.c	/home/tephra/experiments/unsigned_ints_chain/in_0004	60	0	0	0	1.0000	1848.9833	1842.4583	1855.5084
honggfuzz	/home/tephra/experiments/unsigned_ints_chain/tc_0005.c	/home/tephra/experiments/unsigned_ints_chain/in_0005	60	0	0	0	1.0000	3695.4667	3682.3144	3708.6189
honggfuzz	/home/tephra/experiments/unsigned_ints_chain/tc_0006.c	/home/tephra/experiments/unsigned_ints_chain/in_0006	60	0	0	0	1.0000	14805.8000	14734.6502	14876.9498
honggfuzz	/home/tephra/experiments/unsigned_ints_chain/tc_0007.c	/home/tephra/experiments/unsigned_ints_chain/in_0007	60	0	0	0	1.0000	10269.0333	10233.0202	10305.0464
honggfuzz	/home/tephra/experiments/unsigned_ints_chain/tc_0008.c	/home/tephra/experiments/unsigned_ints_chain/in_0008	60	0	0	0	1.0000	28522.1000	28426.7942	28617.4058
honggfuzz	/home/tephra/experiments/unsigned_ints_chain/tc_0009.c	/home/tephra/experiments/unsigned_ints_chain/in_0009	60	0	0	0	1.0000	42972.1000	42676.9808	43267.2192
honggfuzz	/home/tephra/experiments/unsigned_ints_chain/tc_0010.c	/home/tephra/experiments/unsigned_ints_chain/in_0010	60	0	0	0	1.0000	53282.2167	53085.5753	53478.8580
wingfuzz	/home/tephra/experiments/unsigned_ints_chain/tc_0001.c	/home/tephra/experiments/unsigned_ints_chain/in_0001	60	0	0	0	1.0000	8.5167	8.5080	8.5253
wingfuzz	/home/tephra/experiments/unsigned_ints_chain/tc_0002.c	/home/tephra/experiments/unsigned_ints_chain/in_0002	60	0	0	0	1.0000	96.3000	95.2217	97.3783
wingfuzz	/home/tephra/experiments/unsigned_ints_chain/tc_0003.c	/home/tephra/experiments/unsigned_ints_chain/in_0003	60	0	0	0	1.0000	177.4667	176.1611	178.7722
wingfuzz	/home/tephra/experiments/unsigned_ints_chain/tc_0004.c	/home/tephra/experiments/unsigned_ints_chain/in_0004	60	0	0	0	1.0000	627.7000	621.8532	633.5468
wingfuzz	/home/tephra/experiments/unsigned_ints_chain/tc_0005.c	/home/tephra/experiments/unsigned_ints_chain/in_0005	60	0	0	0	1.0000	1690.7667	1680.3775	1701.1559
wingfuzz	/home/tephra/experiments/unsigned_ints_chain/tc_0006.c	/home/tephra/experiments/unsigned_ints_chain/in_0006	60	0	0	0	1.0000	6981.2000	6915.8530	7046.5470
wingfuzz	/home/tephra/experiments/unsigned_ints_chain/tc_0007.c	/home/tephra/experiments/unsigned_ints_chain/in_0007	60	0	0	0	1.0000	893.5500	887.1472	899.9528
wingfuzz	/home/tephra/experiments/unsigned_ints_chain/tc_0008.c	/home/tephra/experiments/unsigned_ints_chain/in_0008	59	1	0	0	0.9833	21826.3051	21594.0183	22058.5919
wingfuzz	/home/tephra/experiments/unsigned_ints_chain/tc_0009.c	/home/tephra/experiments/unsigned_ints_chain/in_0009	56	4	0	0	0.9333	23083.8750	22770.6711	23397.0789
wingfuzz	/home/tephra/experiments/unsigned_ints_chain/tc_0010.c	/home/tephra/experiments/unsigned_ints_chain/in_0010	60	0	0	0	1.0000	21826.2833	21636.0452	22016.5215
libafl	/home/tephra/experiments/unsigned_ints_chain/tc_0001.c	/home/tephra/experiments/unsigned_ints_chain/in_0001	60	0	0	0	1.0000	11.2833	11.2651	11.3015
libafl	/home/tephra/experiments/unsigned_ints_chain/tc_0002.c	/home/tephra/experiments/unsigned_ints_chain/in_0002	60	0	0	0	1.0000	11.4500	11.4334	11.4666
libafl	/home/tephra/experiments/unsigned_ints_chain/tc_0003.c	/home/tephra/experiments/unsigned_ints_chain/in_0003	60	0	0	0	1.0000	11.5833	11.5686	11.5981
libafl	/home/tephra/experiments/unsigned_ints_chain/tc_0004.c	/home/tephra/experiments/unsigned_ints_chain/in_0004	60	0	0	0	1.0000	11.6167	11.6040	11.6293
libafl	/home/tephra/experiments/unsigned_ints_chain/tc_0005.c	/home/tephra/experiments/unsigned_ints_chain/in_0005	60	0	0	0	1.0000	13.3333	13.3105	13.3562
libafl	/home/tephra/experiments/unsigned_ints_chain/tc_0006.c	/home/tephra/experiments/unsigned_ints_chain/in_0006	60	0	0	0	1.0000	16.3833	16.3256	16.4410
libafl	/home/tephra/experiments/unsigned_ints_chain/tc_0007.c	/home/tephra/experiments/unsigned_ints_chain/in_0007	60	0	0	0	1.0000	33.0833	32.9387	33.2279
libafl	/home/tephra/experiments/unsigned_ints_chain/tc_0008.c	/home/tephra/experiments/unsigned_ints_chain/in_0008	60	0	0	0	1.0000	44.9500	44.5791	45.3209
libafl	/home/tephra/experiments/unsigned_ints_chain/tc_0009.c	/home/tephra/experiments/unsigned_ints_chain/in_0009	60	0	0	0	1.0000	143.7833	142.8440	144.7226
libafl	/home/tephra/experiments/unsigned_ints_chain/tc_0010.c	/home/tephra/experiments/unsigned_ints_chain/in_0010	60	0	0	0	1.0000	318.0000	315.4965	320.5035
libafl-libfuzzer	/home/tephra/experiments/unsigned_ints_chain/tc_0001.c	/home/tephra/experiments/unsigned_ints_chain/in_0001	60	0	0	0	1.0000	145.2333	145.1934	145.2733
libafl-libfuzzer	/home/tephra/experiments/unsigned_ints_chain/tc_0002.c	/home/tephra/experiments/unsigned_ints_chain/in_0002	39	21	0	0	0.6500	1607242.8462	1596228.4723	1618257.2200
libafl-libfuzzer	/home/tephra/experiments/unsigned_ints_chain/tc_0003.c	/home/tephra/experiments/unsigned_ints_chain/in_0003	60	0	0	0	1.0000	1619.0000	1606.6771	1631.3229
libafl-libfuzzer	/home/tephra/experiments/unsigned_ints_chain/tc_0004.c	/home/tephra/experiments/unsigned_ints_chain/in_0004	50	10	0	0	0.8333	1207841.6400	1198976.0539	1216707.2261
libafl-libfuzzer	/home/tephra/experiments/unsigned_ints_chain/tc_0005.c	/home/tephra/experiments/unsigned_ints_chain/in_0005	15	45	0	0	0.2500	-	-	-
libafl-libfuzzer	/home/tephra/experiments/unsigned_ints_chain/tc_0006.c	/home/tephra/experiments/unsigned_ints_chain/in_0006	0	60	0	0	0.0000	-	-	-
libafl-libfuzzer	/home/tephra/experiments/unsigned_ints_chain/tc_0007.c	/home/tephra/experiments/unsigned_ints_chain/in_0007	60	0	0	0	1.0000	4193.0500	4162.1083	4223.9917
libafl-libfuzzer	/home/tephra/experiments/unsigned_ints_chain/tc_0008.c	/home/tephra/experiments/unsigned_ints_chain/in_0008	0	60	0	0	0.0000	-	-	-
libafl-libfuzzer	/home/tephra/experiments/unsigned_ints_chain/tc_0009.c	/home/tephra/experiments/unsigned_ints_chain/in_0009	0	60	0	0	0.0000	-	-	-
libafl-libfuzzer	/home/tephra/experiments/unsigned_ints_chain/tc_0010.c	/home/tephra/experiments/unsigned_ints_chain/in_0010	0	60	0	0	0.0000	-	-	-
ddfuzz	/home/tephra/experiments/unsigned_ints_chain/tc_0001.c	/home/tephra/experiments/unsigned_ints_chain/in_0001	60	0	0	0	1.0000	230.2833	230.0678	230.4989
ddfuzz	/home/tephra/experiments/unsigned_ints_chain/tc_0002.c	/home/tephra/experiments/unsigned_ints_chain/in_0002	41	19	0	0	0.6833	1094553.2683	1085988.4560	1103118.0805
ddfuzz	/home/tephra/experiments/unsigned_ints_chain/tc_0003.c	/home/tephra/experiments/unsigned_ints_chain/in_0003	60	0	0	0	1.0000	31199.4833	30931.5179	31467.4488
ddfuzz	/home/tephra/experiments/unsigned_ints_chain/tc_0004.c	/home/tephra/experiments/unsigned_ints_chain/in_0004	2	58	0	0	0.0333	-	-	-
ddfuzz	/home/tephra/experiments/unsigned_ints_chain/tc_0005.c	/home/tephra/experiments/unsigned_ints_chain/in_0005	0	60	0	0	0.0000	-	-	-
ddfuzz	/home/tephra/experiments/unsigned_ints_chain/tc_0006.c	/home/tephra/experiments/unsigned_ints_chain/in_0006	3	57	0	0	0.0500	-	-	-
ddfuzz	/home/tephra/experiments/unsigned_ints_chain/tc_0007.c	/home/tephra/experiments/unsigned_ints_chain/in_0007	0	60	0	0	0.0000	-	-	-
ddfuzz	/home/tephra/experiments/unsigned_ints_chain/tc_0008.c	/home/tephra/experiments/unsigned_ints_chain/in_0008	0	60	0	0	0.0000	-	-	-
ddfuzz	/home/tephra/experiments/unsigned_ints_chain/tc_0009.c	/home/tephra/experiments/unsigned_ints_chain/in_0009	0	60	0	0	0.0000	-	-	-
ddfuzz	/home/tephra/experiments/unsigned_ints_chain/tc_0010.c	/home/tephra/experiments/unsigned_ints_chain/in_0010	0	60	0	0	0.0000	-	-	-
fairfuzz	/home/tephra/experiments/unsigned_ints_chain/tc_0001.c	/home/tephra/experiments/unsigned_ints_chain/in_0001	60	0	0	0	1.0000	215.6333	215.6163	215.6503
fairfuzz	/home/tephra/experiments/unsigned_ints_chain/tc_0002.c	/home/tephra/experiments/unsigned_ints_chain/in_0002	60	0	0	0	1.0000	725834.0667	721056.7875	730611.3459
fairfuzz	/home/tephra/experiments/unsigned_ints_chain/tc_0003.c	/home/tephra/experiments/unsigned_ints_chain/in_0003	0	60	0	0	0.0000	-	-	-
fairfuzz	/home/tephra/experiments/unsigned_ints_chain/tc_0004.c	/home/tephra/experiments/unsigned_ints_chain/in_0004	0	60	0	0	0.0000	-	-	-
fairfuzz	/home/tephra/experiments/unsigned_ints_chain/tc_0005.c	/home/tephra/experiments/unsigned_ints_chain/in_0005	0	60	0	0	0.0000	-	-	-
fairfuzz	/home/tephra/experiments/unsigned_ints_chain/tc_0006.c	/home/tephra/experiments/unsigned_ints_chain/in_0006	0	60	0	0	0.0000	-	-	-
fairfuzz	/home/tephra/experiments/unsigned_ints_chain/tc_0007.c	/home/tephra/experiments/unsigned_ints_chain/in_0007	0	60	0	0	0.0000	-	-	-
fairfuzz	/home/tephra/experiments/unsigned_ints_chain/tc_0008.c	/home/tephra/experiments/unsigned_ints_chain/in_0008	0	60	0	0	0.0000	-	-	-
fairfuzz	/home/tephra/experiments/unsigned_ints_chain/tc_0009.c	/home/tephra/experiments/unsigned_ints_chain/in_0009	0	60	0	0	0.0000	-	-	-
fairfuzz	/home/tephra/experiments/unsigned_ints_chain/tc_0010.c	/home/tephra/experiments/unsigned_ints_chain/in_0010	0	60	0	0	0.0000	-	-	-
ecofuzz	/home/tephra/experiments/unsigned_ints_chain/tc_0001.c	/home/tephra/experiments/unsigned_ints_chain/in_0001	60	0	0	0	1.0000	353.5000	351.9220	355.0780
ecofuzz	/home/tephra/experiments/unsigned_ints_chain/tc_0002.c	/home/tephra/experiments/unsigned_ints_chain/in_0002	24	36	0	0	0.4000	-	-	-
ecofuzz	/home/tephra/experiments/unsigned_ints_chain/tc_0003.c	/home/tephra/experiments/unsigned_ints_chain/in_0003	0	60	0	0	0.0000	-	-	-
ecofuzz	/home/tephra/experiments/unsigned_ints_chain/tc_0004.c	/home/tephra/experiments/unsigned_ints_chain/in_0004	2	58	0	0	0.0333	-	-	-
ecofuzz	/home/tephra/experiments/unsigned_ints_chain/tc_0005.c	/home/tephra/experiments/unsigned_ints_chain/in_0005	0	60	0	0	0.0000	-	-	-
ecofuzz	/home/tephra/experiments/unsigned_ints_chain/tc_0006.c	/home/tephra/experiments/unsigned_ints_chain/in_0006	0	60	0	0	0.0000	-	-	-
ecofuzz	/home/tephra/experiments/unsigned_ints_chain/tc_0007.c	/home/tephra/experiments/unsigned_ints_chain/in_0007	0	60	0	0	0.0000	-	-	-
ecofuzz	/home/tephra/experiments/unsigned_ints_chain/tc_0008.c	/home/tephra/experiments/unsigned_ints_chain/in_0008	0	60	0	0	0.0000	-	-	-
ecofuzz	/home/tephra/experiments/unsigned_ints_chain/tc_0009.c	/home/tephra/experiments/unsigned_ints_chain/in_0009	0	60	0	0	0.0000	-	-	-
ecofuzz	/home/tephra/experiments/unsigned_ints_chain/tc_0010.c	/home/tephra/experiments/unsigned_ints_chain/in_0010	0	60	0	0	0.0000	-	-	-
fafuzz	/home/tephra/experiments/unsigned_ints_chain/tc_0001.c	/home/tephra/experiments/unsigned_ints_chain/in_0001	60	0	0	0	1.0000	269.1500	268.1980	270.1020
fafuzz	/home/tephra/experiments/unsigned_ints_chain/tc_0002.c	/home/tephra/experiments/unsigned_ints_chain/in_0002	9	51	0	0	0.1500	-	-	-
fafuzz	/home/tephra/experiments/unsigned_ints_chain/tc_0003.c	/home/tephra/experiments/unsigned_ints_chain/in_0003	0	60	0	0	0.0000	-	-	-
fafuzz	/home/tephra/experiments/unsigned_ints_chain/tc_0004.c	/home/tephra/experiments/unsigned_ints_chain/in_0004	0	60	0	0	0.0000	-	-	-
fafuzz	/home/tephra/experiments/unsigned_ints_chain/tc_0005.c	/home/tephra/experiments/unsigned_ints_chain/in_0005	0	60	0	0	0.0000	-	-	-
fafuzz	/home/tephra/experiments/unsigned_ints_chain/tc_0006.c	/home/tephra/experiments/unsigned_ints_chain/in_0006	0	60	0	0	0.0000	-	-	-
fafuzz	/home/tephra/experiments/unsigned_ints_chain/tc_0007.c	/home/tephra/experiments/unsigned_ints_chain/in_0007	0	60	0	0	0.0000	-	-	-
fafuzz	/home/tephra/experiments/unsigned_ints_chain/tc_0008.c	/home/tephra/experiments/unsigned_ints_chain/in_0008	0	60	0	0	0.0000	-	-	-
fafuzz	/home/tephra/experiments/unsigned_ints_chain/tc_0009.c	/home/tephra/experiments/unsigned_ints_chain/in_0009	0	60	0	0	0.0000	-	-	-
fafuzz	/home/tephra/experiments/unsigned_ints_chain/tc_0010.c	/home/tephra/experiments/unsigned_ints_chain/in_0010	0	60	0	0	0.0000	-	-	-
darwin	/home/tephra/experiments/unsigned_ints_chain/tc_0001.c	/home/tephra/experiments/unsigned_ints_chain/in_0001	60	0	0	0	1.0000	234.2833	233.8222	234.7444
darwin	/home/tephra/experiments/unsigned_ints_chain/tc_0002.c	/home/tephra/experiments/unsigned_ints_chain/in_0002	14	46	0	0	0.2333	-	-	-
darwin	/home/tephra/experiments/unsigned_ints_chain/tc_0003.c	/home/tephra/experiments/unsigned_ints_chain/in_0003	0	60	0	0	0.0000	-	-	-
darwin	/home/tephra/experiments/unsigned_ints_chain/tc_0004.c	/home/tephra/experiments/unsigned_ints_chain/in_0004	0	60	0	0	0.0000	-	-	-
darwin	/home/tephra/experiments/unsigned_ints_chain/tc_0005.c	/home/tephra/experiments/unsigned_ints_chain/in_0005	0	60	0	0	0.0000	-	-	-
darwin	/home/tephra/experiments/unsigned_ints_chain/tc_0006.c	/home/tephra/experiments/unsigned_ints_chain/in_0006	0	60	0	0	0.0000	-	-	-
darwin	/home/tephra/experiments/unsigned_ints_chain/tc_0007.c	/home/tephra/experiments/unsigned_ints_chain/in_0007	0	60	0	0	0.0000	-	-	-
darwin	/home/tephra/experiments/unsigned_ints_chain/tc_0008.c	/home/tephra/experiments/unsigned_ints_chain/in_0008	0	60	0	0	0.0000	-	-	-
darwin	/home/tephra/experiments/unsigned_ints_chain/tc_0009.c	/home/tephra/experiments/unsigned_ints_chain/in_0009	0	60	0	0	0.0000	-	-	-
darwin	/home/tephra/experiments/unsigned_ints_chain/tc_0010.c	/home/tephra/experiments/unsigned_ints_chain/in_0010	0	60	0	0	0.0000	-	-	-
angora	/home/tephra/experiments/unsigned_ints_chain/tc_0001.c	/home/tephra/experiments/unsigned_ints_chain/in_0001	60	0	0	0	1.0000	1257.5167	1251.6998	1263.3335
angora	/home/tephra/experiments/unsigned_ints_chain/tc_0002.c	/home/tephra/experiments/unsigned_ints_chain/in_0002	59	0	0	1	0.9833	2006.3729	1992.5184	2020.2273
angora	/home/tephra/experiments/unsigned_ints_chain/tc_0003.c	/home/tephra/experiments/unsigned_ints_chain/in_0003	59	0	0	1	0.9833	3581.7966	3560.7309	3602.8623
angora	/home/tephra/experiments/unsigned_ints_chain/tc_0004.c	/home/tephra/experiments/unsigned_ints_chain/in_0004	60	0	0	0	1.0000	3973.7500	3949.9614	3997.5386
angora	/home/tephra/experiments/unsigned_ints_chain/tc_0005.c	/home/tephra/experiments/unsigned_ints_chain/in_0005	60	0	0	0	1.0000	3622.1167	3595.9883	3648.2450
angora	/home/tephra/experiments/unsigned_ints_chain/tc_0006.c	/home/tephra/experiments/unsigned_ints_chain/in_0006	60	0	0	0	1.0000	4887.6167	4860.8997	4914.3336
angora	/home/tephra/experiments/unsigned_ints_chain/tc_0007.c	/home/tephra/experiments/unsigned_ints_chain/in_0007	60	0	0	0	1.0000	6103.6667	6068.3869	6138.9465
angora	/home/tephra/experiments/unsigned_ints_chain/tc_0008.c	/home/tephra/experiments/unsigned_ints_chain/in_0008	60	0	0	0	1.0000	6670.5333	6631.9332	6709.1335
angora	/home/tephra/experiments/unsigned_ints_chain/tc_0009.c	/home/tephra/experiments/unsigned_ints_chain/in_0009	60	0	0	0	1.0000	7021.3667	6993.4072	7049.3262
angora	/home/tephra/experiments/unsigned_ints_chain/tc_0010.c	/home/tephra/experiments/unsigned_ints_chain/in_0010	59	0	0	1	0.9833	5410.0000	5380.1220	5439.8780
angora	/home/tephra/experiments/unsigned_ints_chain/tc_0011.c	/home/tephra/experiments/unsigned_ints_chain/in_0011	60	0	0	0	1.0000	10022.5833	9976.8265	10068.3402
angora	/home/tephra/experiments/unsigned_ints_chain/tc_0012.c	/home/tephra/experiments/unsigned_ints_chain/in_0012	60	0	0	0	1.0000	8189.0500	8154.5289	8223.5711
angora	/home/tephra/experiments/unsigned_ints_chain/tc_0013.c	/home/tephra/experiments/unsigned_ints_chain/in_0013	60	0	0	0	1.0000	6404.8167	6371.4059	6438.2274
angora	/home/tephra/experiments/unsigned_ints_chain/tc_0014.c	/home/tephra/experiments/unsigned_ints_chain/in_0014	60	0	0	0	1.0000	12092.2333	12049.7863	12134.6804
angora	/home/tephra/experiments/unsigned_ints_chain/tc_0015.c	/home/tephra/experiments/unsigned_ints_chain/in_0015	60	0	0	0	1.0000	13060.0500	13013.0034	13107.0966
angora	/home/tephra/experiments/unsigned_ints_chain/tc_0016.c	/home/tephra/experiments/unsigned_ints_chain/in_0016	60	0	0	0	1.0000	10841.9667	10790.9885	10892.9448
angora	/home/tephra/experiments/unsigned_ints_chain/tc_0032.c	/home/tephra/experiments/unsigned_ints_chain/in_0032	60	0	0	0	1.0000	14714.8000	14646.7547	14782.8453
angora	/home/tephra/experiments/unsigned_ints_chain/tc_0064.c	/home/tephra/experiments/unsigned_ints_chain/in_0064	60	0	0	0	1.0000	44686.0333	44461.6681	44910.3985
angora	/home/tephra/experiments/unsigned_ints_chain/tc_0128.c	/home/tephra/experiments/unsigned_ints_chain/in_0128	60	0	0	0	1.0000	65985.1500	65664.7945	66305.5055
angora	/home/tephra/experiments/unsigned_ints_chain/tc_0256.c	/home/tephra/experiments/unsigned_ints_chain/in_0256	60	0	0	0	1.0000	89157.0000	88812.6226	89501.3774
angora	/home/tephra/experiments/unsigned_ints_chain/tc_0512.c	/home/tephra/experiments/unsigned_ints_chain/in_0512	60	0	0	0	1.0000	172589.1333	171735.6055	173442.6612
angora	/home/tephra/experiments/unsigned_ints_chain/tc_1024.c	/home/tephra/experiments/unsigned_ints_chain/in_1024	59	0	0	1	0.9833	297016.7119	296730.6300	297302.7937
angora	/home/tephra/experiments/unsigned_ints_chain/tc_16384.c	/home/tephra/experiments/unsigned_ints_chain/in_16384	0	0	0	60	0.0000	-	-	-
angora	/home/tephra/experiments/unsigned_ints_chain/tc_2048.c	/home/tephra/experiments/unsigned_ints_chain/in_2048	60	0	0	0	1.0000	692412.9000	692125.1569	692700.6431
angora	/home/tephra/experiments/unsigned_ints_chain/tc_32768.c	/home/tephra/experiments/unsigned_ints_chain/in_32768	0	0	0	60	0.0000	-	-	-
angora	/home/tephra/experiments/unsigned_ints_chain/tc_4096.c	/home/tephra/experiments/unsigned_ints_chain/in_4096	0	0	0	60	0.0000	-	-	-
angora	/home/tephra/experiments/unsigned_ints_chain/tc_8192.c	/home/tephra/experiments/unsigned_ints_chain/in_8192	0	0	0	60	0.0000	-	-	-
angora-mb	/home/tephra/experiments/unsigned_ints_chain/tc_0001.c	/home/tephra/experiments/unsigned_ints_chain/in_0001	60	0	0	0	1.0000	1071.4333	1070.3453	1072.5214
angora-mb	/home/tephra/experiments/unsigned_ints_chain/tc_0002.c	/home/tephra/experiments/unsigned_ints_chain/in_0002	60	0	0	0	1.0000	1263.0333	1259.6620	1266.4046
angora-mb	/home/tephra/experiments/unsigned_ints_chain/tc_0003.c	/home/tephra/experiments/unsigned_ints_chain/in_0003	60	0	0	0	1.0000	2348.6333	2339.0426	2358.2241
angora-mb	/home/tephra/experiments/unsigned_ints_chain/tc_0004.c	/home/tephra/experiments/unsigned_ints_chain/in_0004	60	0	0	0	1.0000	2063.5167	2056.5972	2070.4361
angora-mb	/home/tephra/experiments/unsigned_ints_chain/tc_0005.c	/home/tephra/experiments/unsigned_ints_chain/in_0005	60	0	0	0	1.0000	2045.0833	2035.0731	2055.0936
angora-mb	/home/tephra/experiments/unsigned_ints_chain/tc_0006.c	/home/tephra/experiments/unsigned_ints_chain/in_0006	60	0	0	0	1.0000	3279.1167	3268.8455	3289.3878
angora-mb	/home/tephra/experiments/unsigned_ints_chain/tc_0007.c	/home/tephra/experiments/unsigned_ints_chain/in_0007	60	0	0	0	1.0000	3311.5000	3301.8476	3321.1524
angora-mb	/home/tephra/experiments/unsigned_ints_chain/tc_0008.c	/home/tephra/experiments/unsigned_ints_chain/in_0008	60	0	0	0	1.0000	3060.7667	3052.3953	3069.1381
angora-mb	/home/tephra/experiments/unsigned_ints_chain/tc_0009.c	/home/tephra/experiments/unsigned_ints_chain/in_0009	60	0	0	0	1.0000	4895.0333	4873.1260	4916.9407
angora-mb	/home/tephra/experiments/unsigned_ints_chain/tc_0010.c	/home/tephra/experiments/unsigned_ints_chain/in_0010	60	0	0	0	1.0000	5645.6833	5614.8884	5676.4783
angora-mb	/home/tephra/experiments/unsigned_ints_chain/tc_0011.c	/home/tephra/experiments/unsigned_ints_chain/in_0011	60	0	0	0	1.0000	5845.8333	5822.4486	5869.2180
angora-mb	/home/tephra/experiments/unsigned_ints_chain/tc_0012.c	/home/tephra/experiments/unsigned_ints_chain/in_0012	59	0	0	1	0.9833	5401.4915	5382.4347	5420.5483
angora-mb	/home/tephra/experiments/unsigned_ints_chain/tc_0013.c	/home/tephra/experiments/unsigned_ints_chain/in_0013	60	0	0	0	1.0000	6962.2167	6929.5234	6994.9099
angora-mb	/home/tephra/experiments/unsigned_ints_chain/tc_0014.c	/home/tephra/experiments/unsigned_ints_chain/in_0014	60	0	0	0	1.0000	6360.7500	6342.0912	6379.4088
angora-mb	/home/tephra/experiments/unsigned_ints_chain/tc_0015.c	/home/tephra/experiments/unsigned_ints_chain/in_0015	60	0	0	0	1.0000	7344.2333	7315.0713	7373.3954
angora-mb	/home/tephra/experiments/unsigned_ints_chain/tc_0016.c	/home/tephra/experiments/unsigned_ints_chain/in_0016	60	0	0	0	1.0000	5743.9667	5727.6749	5760.2585
angora-mb	/home/tephra/experiments/unsigned_ints_chain/tc_0032.c	/home/tephra/experiments/unsigned_ints_chain/in_0032	60	0	0	0	1.0000	12401.1667	12347.7015	12454.6318
angora-mb	/home/tephra/experiments/unsigned_ints_chain/tc_0064.c	/home/tephra/experiments/unsigned_ints_chain/in_0064	60	0	0	0	1.0000	29717.4167	29596.7832	29838.0501
angora-mb	/home/tephra/experiments/unsigned_ints_chain/tc_0128.c	/home/tephra/experiments/unsigned_ints_chain/in_0128	60	0	0	0	1.0000	38046.6000	37981.9461	38111.2539
angora-mb	/home/tephra/experiments/unsigned_ints_chain/tc_0256.c	/home/tephra/experiments/unsigned_ints_chain/in_0256	60	0	0	0	1.0000	75492.5167	75467.9914	75517.0419
angora-mb	/home/tephra/experiments/unsigned_ints_chain/tc_0512.c	/home/tephra/experiments/unsigned_ints_chain/in_0512	60	0	0	0	1.0000	157392.4667	156986.7749	157798.1585
angora-mb	/home/tephra/experiments/unsigned_ints_chain/tc_1024.c	/home/tephra/experiments/unsigned_ints_chain/in_1024	58	2	0	0	0.9667	278223.2586	277945.3792	278501.1381
angora-mb	/home/tephra/experiments/unsigned_ints_chain/tc_16384.c	/home/tephra/experiments/unsigned_ints_chain/in_16384	0	0	0	60	0.0000	-	-	-
angora-mb	/home/tephra/experiments/unsigned_ints_chain/tc_2048.c	/home/tephra/experiments/unsigned_ints_chain/in_2048	57	3	0	0	0.9500	765708.7719	764456.6036	766960.9403
angora-mb	/home/tephra/experiments/unsigned_ints_chain/tc_32768.c	/home/tephra/experiments/unsigned_ints_chain/in_32768	0	0	0	60	0.0000	-	-	-
angora-mb	/home/tephra/experiments/unsigned_ints_chain/tc_4096.c	/home/tephra/experiments/unsigned_ints_chain/in_4096	0	0	0	60	0.0000	-	-	-
angora-mb	/home/tephra/experiments/unsigned_ints_chain/tc_8192.c	/home/tephra/experiments/unsigned_ints_chain/in_8192	0	0	0	60	0.0000	-	-	-
angora-random	/home/tephra/experiments/unsigned_ints_chain/tc_0001.c	/home/tephra/experiments/unsigned_ints_chain/in_0001	59	0	0	1	0.9833	1046.7627	1046.7365	1046.7889
angora-random	/home/tephra/experiments/unsigned_ints_chain/tc_0002.c	/home/tephra/experiments/unsigned_ints_chain/in_0002	60	0	0	0	1.0000	187350.6000	186021.0728	188680.1272
angora-random	/home/tephra/experiments/unsigned_ints_chain/tc_0003.c	/home/tephra/experiments/unsigned_ints_chain/in_0003	0	60	0	0	0.0000	-	-	-
angora-random	/home/tephra/experiments/unsigned_ints_chain/tc_0004.c	/home/tephra/experiments/unsigned_ints_chain/in_0004	0	59	0	1	0.0000	-	-	-
angora-random	/home/tephra/experiments/unsigned_ints_chain/tc_0005.c	/home/tephra/experiments/unsigned_ints_chain/in_0005	0	59	0	1	0.0000	-	-	-
angora-random	/home/tephra/experiments/unsigned_ints_chain/tc_0006.c	/home/tephra/experiments/unsigned_ints_chain/in_0006	0	60	0	0	0.0000	-	-	-
angora-random	/home/tephra/experiments/unsigned_ints_chain/tc_0007.c	/home/tephra/experiments/unsigned_ints_chain/in_0007	0	59	0	1	0.0000	-	-	-
angora-random	/home/tephra/experiments/unsigned_ints_chain/tc_0008.c	/home/tephra/experiments/unsigned_ints_chain/in_0008	0	60	0	0	0.0000	-	-	-
angora-random	/home/tephra/experiments/unsigned_ints_chain/tc_0009.c	/home/tephra/experiments/unsigned_ints_chain/in_0009	0	60	0	0	0.0000	-	-	-
angora-random	/home/tephra/experiments/unsigned_ints_chain/tc_0010.c	/home/tephra/experiments/unsigned_ints_chain/in_0010	0	60	0	0	0.0000	-	-	-
angora-random	/home/tephra/experiments/unsigned_ints_chain/tc_0011.c	/home/tephra/experiments/unsigned_ints_chain/in_0011	0	60	0	0	0.0000	-	-	-
angora-random	/home/tephra/experiments/unsigned_ints_chain/tc_0012.c	/home/tephra/experiments/unsigned_ints_chain/in_0012	0	60	0	0	0.0000	-	-	-
angora-random	/home/tephra/experiments/unsigned_ints_chain/tc_0013.c	/home/tephra/experiments/unsigned_ints_chain/in_0013	0	60	0	0	0.0000	-	-	-
angora-random	/home/tephra/experiments/unsigned_ints_chain/tc_0014.c	/home/tephra/experiments/unsigned_ints_chain/in_0014	0	60	0	0	0.0000	-	-	-
angora-random	/home/tephra/experiments/unsigned_ints_chain/tc_0015.c	/home/tephra/experiments/unsigned_ints_chain/in_0015	0	60	0	0	0.0000	-	-	-
angora-random	/home/tephra/experiments/unsigned_ints_chain/tc_0016.c	/home/tephra/experiments/unsigned_ints_chain/in_0016	0	60	0	0	0.0000	-	-	-
angora-random	/home/tephra/experiments/unsigned_ints_chain/tc_0032.c	/home/tephra/experiments/unsigned_ints_chain/in_0032	0	60	0	0	0.0000	-	-	-
angora-random	/home/tephra/experiments/unsigned_ints_chain/tc_0064.c	/home/tephra/experiments/unsigned_ints_chain/in_0064	0	60	0	0	0.0000	-	-	-
angora-random	/home/tephra/experiments/unsigned_ints_chain/tc_0128.c	/home/tephra/experiments/unsigned_ints_chain/in_0128	0	58	0	2	0.0000	-	-	-
angora-random	/home/tephra/experiments/unsigned_ints_chain/tc_0256.c	/home/tephra/experiments/unsigned_ints_chain/in_0256	0	60	0	0	0.0000	-	-	-
angora-random	/home/tephra/experiments/unsigned_ints_chain/tc_0512.c	/home/tephra/experiments/unsigned_ints_chain/in_0512	0	60	0	0	0.0000	-	-	-
angora-random	/home/tephra/experiments/unsigned_ints_chain/tc_1024.c	/home/tephra/experiments/unsigned_ints_chain/in_1024	0	60	0	0	0.0000	-	-	-
angora-random	/home/tephra/experiments/unsigned_ints_chain/tc_16384.c	/home/tephra/experiments/unsigned_ints_chain/in_16384	0	0	0	60	0.0000	-	-	-
angora-random	/home/tephra/experiments/unsigned_ints_chain/tc_2048.c	/home/tephra/experiments/unsigned_ints_chain/in_2048	0	60	0	0	0.0000	-	-	-
angora-random	/home/tephra/experiments/unsigned_ints_chain/tc_32768.c	/home/tephra/experiments/unsigned_ints_chain/in_32768	0	0	0	60	0.0000	-	-	-
angora-random	/home/tephra/experiments/unsigned_ints_chain/tc_4096.c	/home/tephra/experiments/unsigned_ints_chain/in_4096	0	0	0	60	0.0000	-	-	-
angora-random	/home/tephra/experiments/unsigned_ints_chain/tc_8192.c	/home/tephra/experiments/unsigned_ints_chain/in_8192	0	0	0	60	0.0000	-	-	-
aflgo	/home/tephra/experiments/unsigned_ints_chain/tc_0001.c	/home/tephra/experiments/unsigned_ints_chain/in_0001	60	0	0	0	1.0000	224.5500	224.3307	224.7693
aflgo	/home/tephra/experiments/unsigned_ints_chain/tc_0002.c	/home/tephra/experiments/unsigned_ints_chain/in_0002	6	54	0	0	0.1000	-	-	-
aflgo	/home/tephra/experiments/unsigned_ints_chain/tc_0003.c	/home/tephra/experiments/unsigned_ints_chain/in_0003	0	60	0	0	0.0000	-	-	-
aflgo	/home/tephra/experiments/unsigned_ints_chain/tc_0004.c	/home/tephra/experiments/unsigned_ints_chain/in_0004	0	60	0	0	0.0000	-	-	-
aflgo	/home/tephra/experiments/unsigned_ints_chain/tc_0005.c	/home/tephra/experiments/unsigned_ints_chain/in_0005	0	60	0	0	0.0000	-	-	-
aflgo	/home/tephra/experiments/unsigned_ints_chain/tc_0006.c	/home/tephra/experiments/unsigned_ints_chain/in_0006	0	60	0	0	0.0000	-	-	-
aflgo	/home/tephra/experiments/unsigned_ints_chain/tc_0007.c	/home/tephra/experiments/unsigned_ints_chain/in_0007	0	60	0	0	0.0000	-	-	-
aflgo	/home/tephra/experiments/unsigned_ints_chain/tc_0008.c	/home/tephra/experiments/unsigned_ints_chain/in_0008	0	60	0	0	0.0000	-	-	-
aflgo	/home/tephra/experiments/unsigned_ints_chain/tc_0009.c	/home/tephra/experiments/unsigned_ints_chain/in_0009	0	60	0	0	0.0000	-	-	-
aflgo	/home/tephra/experiments/unsigned_ints_chain/tc_0010.c	/home/tephra/experiments/unsigned_ints_chain/in_0010	0	60	0	0	0.0000	-	-	-
afl++-qemu-cmplog	/home/tephra/experiments/unsigned_ints_chain/tc_0001.c	/home/tephra/experiments/unsigned_ints_chain/in_0001	60	0	0	0	1.0000	334.3333	333.8136	334.8530
afl++-qemu-cmplog	/home/tephra/experiments/unsigned_ints_chain/tc_0002.c	/home/tephra/experiments/unsigned_ints_chain/in_0002	54	6	0	0	0.9000	769921.0000	763842.6307	775999.3693
afl++-qemu-cmplog	/home/tephra/experiments/unsigned_ints_chain/tc_0003.c	/home/tephra/experiments/unsigned_ints_chain/in_0003	0	60	0	0	0.0000	-	-	-
afl++-qemu-cmplog	/home/tephra/experiments/unsigned_ints_chain/tc_0004.c	/home/tephra/experiments/unsigned_ints_chain/in_0004	0	60	0	0	0.0000	-	-	-
afl++-qemu-cmplog	/home/tephra/experiments/unsigned_ints_chain/tc_0005.c	/home/tephra/experiments/unsigned_ints_chain/in_0005	0	60	0	0	0.0000	-	-	-
afl++-qemu-cmplog	/home/tephra/experiments/unsigned_ints_chain/tc_0006.c	/home/tephra/experiments/unsigned_ints_chain/in_0006	0	60	0	0	0.0000	-	-	-
afl++-qemu-cmplog	/home/tephra/experiments/unsigned_ints_chain/tc_0007.c	/home/tephra/experiments/unsigned_ints_chain/in_0007	0	60	0	0	0.0000	-	-	-
afl++-qemu-cmplog	/home/tephra/experiments/unsigned_ints_chain/tc_0008.c	/home/tephra/experiments/unsigned_ints_chain/in_0008	0	60	0	0	0.0000	-	-	-
afl++-qemu-cmplog	/home/tephra/experiments/unsigned_ints_chain/tc_0009.c	/home/tephra/experiments/unsigned_ints_chain/in_0009	0	60	0	0	0.0000	-	-	-
afl++-qemu-cmplog	/home/tephra/experiments/unsigned_ints_chain/tc_0010.c	/home/tephra/experiments/unsigned_ints_chain/in_0010	0	60	0	0	0.0000	-	-	-
afl++-qemu-compcov	/home/tephra/experiments/unsigned_ints_chain/tc_0001.c	/home/tephra/experiments/unsigned_ints_chain/in_0001	60	0	0	0	1.0000	319.7500	319.4528	320.0472
afl++-qemu-compcov	/home/tephra/experiments/unsigned_ints_chain/tc_0002.c	/home/tephra/experiments/unsigned_ints_chain/in_0002	60	0	0	0	1.0000	8596.9667	8539.2056	8654.7277
afl++-qemu-compcov	/home/tephra/experiments/unsigned_ints_chain/tc_0003.c	/home/tephra/experiments/unsigned_ints_chain/in_0003	60	0	0	0	1.0000	115101.5333	114595.1755	115607.8912
afl++-qemu-compcov	/home/tephra/experiments/unsigned_ints_chain/tc_0004.c	/home/tephra/experiments/unsigned_ints_chain/in_0004	60	0	0	0	1.0000	52094.6500	51799.2587	52390.0413
afl++-qemu-compcov	/home/tephra/experiments/unsigned_ints_chain/tc_0005.c	/home/tephra/experiments/unsigned_ints_chain/in_0005	60	0	0	0	1.0000	735024.5000	732968.4406	737080.5594
afl++-qemu-compcov	/home/tephra/experiments/unsigned_ints_chain/tc_0006.c	/home/tephra/experiments/unsigned_ints_chain/in_0006	58	2	0	0	0.9667	1869360.6897	1864092.8721	1874628.5072
afl++-qemu-compcov	/home/tephra/experiments/unsigned_ints_chain/tc_0007.c	/home/tephra/experiments/unsigned_ints_chain/in_0007	60	0	0	0	1.0000	332682.8167	331655.0428	333710.5906
afl++-qemu-compcov	/home/tephra/experiments/unsigned_ints_chain/tc_0008.c	/home/tephra/experiments/unsigned_ints_chain/in_0008	60	0	0	0	1.0000	1690101.6167	1685864.3526	1694338.8808
afl++-qemu-compcov	/home/tephra/experiments/unsigned_ints_chain/tc_0009.c	/home/tephra/experiments/unsigned_ints_chain/in_0009	60	0	0	0	1.0000	984005.6667	980615.2517	987396.0817
afl++-qemu-compcov	/home/tephra/experiments/unsigned_ints_chain/tc_0010.c	/home/tephra/experiments/unsigned_ints_chain/in_0010	51	9	0	0	0.8500	2317958.6471	2312203.9939	2323713.3002
honggfuzz-qemu	/home/tephra/experiments/unsigned_ints_chain/tc_0001.c	/home/tephra/experiments/unsigned_ints_chain/in_0001	60	0	0	0	1.0000	4407.8833	4368.7607	4447.0059
honggfuzz-qemu	/home/tephra/experiments/unsigned_ints_chain/tc_0002.c	/home/tephra/experiments/unsigned_ints_chain/in_0002	59	1	0	0	0.9833	139126.4576	138275.9756	139976.9396
honggfuzz-qemu	/home/tephra/experiments/unsigned_ints_chain/tc_0003.c	/home/tephra/experiments/unsigned_ints_chain/in_0003	54	6	0	0	0.9000	1397968.8519	1392166.3749	1403771.3288
honggfuzz-qemu	/home/tephra/experiments/unsigned_ints_chain/tc_0004.c	/home/tephra/experiments/unsigned_ints_chain/in_0004	58	2	0	0	0.9667	1271379.3621	1265608.2471	1277150.4770
honggfuzz-qemu	/home/tephra/experiments/unsigned_ints_chain/tc_0005.c	/home/tephra/experiments/unsigned_ints_chain/in_0005	1	59	0	0	0.0167	-	-	-
honggfuzz-qemu	/home/tephra/experiments/unsigned_ints_chain/tc_0006.c	/home/tephra/experiments/unsigned_ints_chain/in_0006	0	60	0	0	0.0000	-	-	-
honggfuzz-qemu	/home/tephra/experiments/unsigned_ints_chain/tc_0007.c	/home/tephra/experiments/unsigned_ints_chain/in_0007	1	59	0	0	0.0167	-	-	-
honggfuzz-qemu	/home/tephra/experiments/unsigned_ints_chain/tc_0008.c	/home/tephra/experiments/unsigned_ints_chain/in_0008	0	60	0	0	0.0000	-	-	-
honggfuzz-qemu	/home/tephra/experiments/unsigned_ints_chain/tc_0009.c	/home/tephra/experiments/unsigned_ints_chain/in_0009	0	60	0	0	0.0000	-	-	-
honggfuzz-qemu	/home/tephra/experiments/unsigned_ints_chain/tc_0010.c	/home/tephra/experiments/unsigned_ints_chain/in_0010	0	60	0	0	0.0000	-	-	-
dataflow	/home/tephra/experiments/unsigned_ints_chain/tc_0001.c	/home/tephra/experiments/unsigned_ints_chain/in_0001	60	0	0	0	1.0000	2258.2000	2257.9460	2258.4540
dataflow	/home/tephra/experiments/unsigned_ints_chain/tc_0002.c	/home/tephra/experiments/unsigned_ints_chain/in_0002	16	44	0	0	0.2667	-	-	-
dataflow	/home/tephra/experiments/unsigned_ints_chain/tc_0003.c	/home/tephra/experiments/unsigned_ints_chain/in_0003	0	60	0	0	0.0000	-	-	-
dataflow	/home/tephra/experiments/unsigned_ints_chain/tc_0004.c	/home/tephra/experiments/unsigned_ints_chain/in_0004	0	60	0	0	0.0000	-	-	-
dataflow	/home/tephra/experiments/unsigned_ints_chain/tc_0005.c	/home/tephra/experiments/unsigned_ints_chain/in_0005	0	60	0	0	0.0000	-	-	-
dataflow	/home/tephra/experiments/unsigned_ints_chain/tc_0006.c	/home/tephra/experiments/unsigned_ints_chain/in_0006	0	60	0	0	0.0000	-	-	-
dataflow	/home/tephra/experiments/unsigned_ints_chain/tc_0007.c	/home/tephra/experiments/unsigned_ints_chain/in_0007	0	60	0	0	0.0000	-	-	-
dataflow	/home/tephra/experiments/unsigned_ints_chain/tc_0008.c	/home/tephra/experiments/unsigned_ints_chain/in_0008	0	60	0	0	0.0000	-	-	-
dataflow	/home/tephra/experiments/unsigned_ints_chain/tc_0009.c	/home/tephra/experiments/unsigned_ints_chain/in_0009	0	60	0	0	0.0000	-	-	-
dataflow	/home/tephra/experiments/unsigned_ints_chain/tc_0010.c	/home/tephra/experiments/unsigned_ints_chain/in_0010	0	60	0	0	0.0000	-	-	-
klee	/home/tephra/experiments/unsigned_ints_chain/tc_0001.c	/home/tephra/experiments/unsigned_ints_chain/in_0001	60	0	0	0	1.0000	679.8000	679.5563	680.0437
klee	/home/tephra/experiments/unsigned_ints_chain/tc_0002.c	/home/tephra/experiments/unsigned_ints_chain/in_0002	60	0	0	0	1.0000	704.1667	704.0185	704.3148
klee	/home/tephra/experiments/unsigned_ints_chain/tc_0003.c	/home/tephra/experiments/unsigned_ints_chain/in_0003	60	0	0	0	1.0000	698.6500	698.5232	698.7768
klee	/home/tephra/experiments/unsigned_ints_chain/tc_0004.c	/home/tephra/experiments/unsigned_ints_chain/in_0004	60	0	0	0	1.0000	731.4333	731.2954	731.5713
klee	/home/tephra/experiments/unsigned_ints_chain/tc_0005.c	/home/tephra/experiments/unsigned_ints_chain/in_0005	60	0	0	0	1.0000	700.9000	700.7666	701.0334
klee	/home/tephra/experiments/unsigned_ints_chain/tc_0006.c	/home/tephra/experiments/unsigned_ints_chain/in_0006	60	0	0	0	1.0000	724.1500	723.9925	724.3075
klee	/home/tephra/experiments/unsigned_ints_chain/tc_0007.c	/home/tephra/experiments/unsigned_ints_chain/in_0007	60	0	0	0	1.0000	780.4000	780.2330	780.5670
klee	/home/tephra/experiments/unsigned_ints_chain/tc_0008.c	/home/tephra/experiments/unsigned_ints_chain/in_0008	60	0	0	0	1.0000	784.0000	783.8307	784.1693
klee	/home/tephra/experiments/unsigned_ints_chain/tc_0009.c	/home/tephra/experiments/unsigned_ints_chain/in_0009	60	0	0	0	1.0000	840.0333	839.8658	840.2009
klee	/home/tephra/experiments/unsigned_ints_chain/tc_0010.c	/home/tephra/experiments/unsigned_ints_chain/in_0010	60	0	0	0	1.0000	782.6500	782.5027	782.7973
symcc	/home/tephra/experiments/unsigned_ints_chain/tc_0001.c	/home/tephra/experiments/unsigned_ints_chain/in_0001	60	0	0	0	1.0000	1897.1167	1895.7668	1898.4665
symcc	/home/tephra/experiments/unsigned_ints_chain/tc_0002.c	/home/tephra/experiments/unsigned_ints_chain/in_0002	60	0	0	0	1.0000	4495.5500	4494.8322	4496.2678
symcc	/home/tephra/experiments/unsigned_ints_chain/tc_0003.c	/home/tephra/experiments/unsigned_ints_chain/in_0003	60	0	0	0	1.0000	9737.9167	9725.5520	9750.2813
symcc	/home/tephra/experiments/unsigned_ints_chain/tc_0004.c	/home/tephra/experiments/unsigned_ints_chain/in_0004	60	0	0	0	1.0000	23131.7500	23109.0954	23154.4046
symcc	/home/tephra/experiments/unsigned_ints_chain/tc_0005.c	/home/tephra/experiments/unsigned_ints_chain/in_0005	60	0	0	0	1.0000	49943.9500	49892.1739	49995.7261
symcc	/home/tephra/experiments/unsigned_ints_chain/tc_0006.c	/home/tephra/experiments/unsigned_ints_chain/in_0006	60	0	0	0	1.0000	113328.6833	113215.8126	113441.5541
symcc	/home/tephra/experiments/unsigned_ints_chain/tc_0007.c	/home/tephra/experiments/unsigned_ints_chain/in_0007	60	0	0	0	1.0000	285564.6000	285047.5453	286081.6547
symcc	/home/tephra/experiments/unsigned_ints_chain/tc_0008.c	/home/tephra/experiments/unsigned_ints_chain/in_0008	60	0	0	0	1.0000	847199.9833	846487.4684	847912.4983
symcc	/home/tephra/experiments/unsigned_ints_chain/tc_0009.c	/home/tephra/experiments/unsigned_ints_chain/in_0009	60	0	0	0	1.0000	1866539.1500	1862453.5657	1870624.7343
symcc	/home/tephra/experiments/unsigned_ints_chain/tc_0010.c	/home/tephra/experiments/unsigned_ints_chain/in_0010	28	32	0	0	0.4667	-	-	-
libfuzzer	/home/tephra/experiments/unsigned_ints_chain/tc_0011.c	/home/tephra/experiments/unsigned_ints_chain/in_0011	60	0	0	0	1.0000	39300.2833	39090.2218	39510.3449
libfuzzer	/home/tephra/experiments/unsigned_ints_chain/tc_0012.c	/home/tephra/experiments/unsigned_ints_chain/in_0012	60	0	0	0	1.0000	20358.0833	20225.2465	20490.9201
libfuzzer	/home/tephra/experiments/unsigned_ints_chain/tc_0013.c	/home/tephra/experiments/unsigned_ints_chain/in_0013	60	0	0	0	1.0000	13004.5000	12925.6046	13083.3954
libfuzzer	/home/tephra/experiments/unsigned_ints_chain/tc_0014.c	/home/tephra/experiments/unsigned_ints_chain/in_0014	60	0	0	0	1.0000	25513.2833	25402.7919	25623.7748
libfuzzer	/home/tephra/experiments/unsigned_ints_chain/tc_0015.c	/home/tephra/experiments/unsigned_ints_chain/in_0015	60	0	0	0	1.0000	13775.3167	13706.6072	13844.0261
libfuzzer	/home/tephra/experiments/unsigned_ints_chain/tc_0016.c	/home/tephra/experiments/unsigned_ints_chain/in_0016	56	4	0	0	0.9333	70912.5179	70591.9922	71233.0435
libfuzzer	/home/tephra/experiments/unsigned_ints_chain/tc_0032.c	/home/tephra/experiments/unsigned_ints_chain/in_0032	56	4	0	0	0.9333	85830.6071	85523.5358	86137.6785
libfuzzer	/home/tephra/experiments/unsigned_ints_chain/tc_0064.c	/home/tephra/experiments/unsigned_ints_chain/in_0064	1	59	0	0	0.0167	-	-	-
libfuzzer	/home/tephra/experiments/unsigned_ints_chain/tc_0128.c	/home/tephra/experiments/unsigned_ints_chain/in_0128	0	60	0	0	0.0000	-	-	-
libfuzzer	/home/tephra/experiments/unsigned_ints_chain/tc_0256.c	/home/tephra/experiments/unsigned_ints_chain/in_0256	0	60	0	0	0.0000	-	-	-
libfuzzer	/home/tephra/experiments/unsigned_ints_chain/tc_0512.c	/home/tephra/experiments/unsigned_ints_chain/in_0512	0	60	0	0	0.0000	-	-	-
libfuzzer	/home/tephra/experiments/unsigned_ints_chain/tc_1024.c	/home/tephra/experiments/unsigned_ints_chain/in_1024	0	60	0	0	0.0000	-	-	-
libfuzzer-entropic	/home/tephra/experiments/unsigned_ints_chain/tc_0011.c	/home/tephra/experiments/unsigned_ints_chain/in_0011	52	8	0	0	0.8667	58631.2692	58261.9093	59000.6291
libfuzzer-entropic	/home/tephra/experiments/unsigned_ints_chain/tc_0012.c	/home/tephra/experiments/unsigned_ints_chain/in_0012	56	4	0	0	0.9333	30594.4821	30383.3379	30805.6264
libfuzzer-entropic	/home/tephra/experiments/unsigned_ints_chain/tc_0013.c	/home/tephra/experiments/unsigned_ints_chain/in_0013	60	0	0	0	1.0000	22031.3667	21898.2454	22164.4879
libfuzzer-entropic	/home/tephra/experiments/unsigned_ints_chain/tc_0014.c	/home/tephra/experiments/unsigned_ints_chain/in_0014	60	0	0	0	1.0000	32930.6667	32792.1852	33069.1482
libfuzzer-entropic	/home/tephra/experiments/unsigned_ints_chain/tc_0015.c	/home/tephra/experiments/unsigned_ints_chain/in_0015	59	1	0	0	0.9833	31133.2373	30938.5811	31327.8935
libfuzzer-entropic	/home/tephra/experiments/unsigned_ints_chain/tc_0016.c	/home/tephra/experiments/unsigned_ints_chain/in_0016	36	24	0	0	0.6000	97349.0833	96909.7262	97788.4404
libfuzzer-entropic	/home/tephra/experiments/unsigned_ints_chain/tc_0032.c	/home/tephra/experiments/unsigned_ints_chain/in_0032	50	10	0	0	0.8333	87715.5800	87320.4886	88110.6714
libfuzzer-entropic	/home/tephra/experiments/unsigned_ints_chain/tc_0064.c	/home/tephra/experiments/unsigned_ints_chain/in_0064	7	53	0	0	0.1167	-	-	-
libfuzzer-entropic	/home/tephra/experiments/unsigned_ints_chain/tc_0128.c	/home/tephra/experiments/unsigned_ints_chain/in_0128	0	60	0	0	0.0000	-	-	-
libfuzzer-entropic	/home/tephra/experiments/unsigned_ints_chain/tc_0256.c	/home/tephra/experiments/unsigned_ints_chain/in_0256	0	60	0	0	0.0000	-	-	-
libfuzzer-entropic	/home/tephra/experiments/unsigned_ints_chain/tc_0512.c	/home/tephra/experiments/unsigned_ints_chain/in_0512	0	60	0	0	0.0000	-	-	-
libfuzzer-entropic	/home/tephra/experiments/unsigned_ints_chain/tc_1024.c	/home/tephra/experiments/unsigned_ints_chain/in_1024	0	60	0	0	0.0000	-	-	-
afl++-cmplog	/home/tephra/experiments/unsigned_ints_chain/tc_0011.c	/home/tephra/experiments/unsigned_ints_chain/in_0011	60	0	0	0	1.0000	71414.0000	70916.9058	71911.0942
afl++-cmplog	/home/tephra/experiments/unsigned_ints_chain/tc_0012.c	/home/tephra/experiments/unsigned_ints_chain/in_0012	60	0	0	0	1.0000	33856.7000	33658.6431	34054.7569
afl++-cmplog	/home/tephra/experiments/unsigned_ints_chain/tc_0013.c	/home/tephra/experiments/unsigned_ints_chain/in_0013	60	0	0	0	1.0000	50587.5000	50326.3948	50848.6052
afl++-cmplog	/home/tephra/experiments/unsigned_ints_chain/tc_0014.c	/home/tephra/experiments/unsigned_ints_chain/in_0014	60	0	0	0	1.0000	41731.3667	41504.9576	41957.7757
afl++-cmplog	/home/tephra/experiments/unsigned_ints_chain/tc_0015.c	/home/tephra/experiments/unsigned_ints_chain/in_0015	60	0	0	0	1.0000	90593.2167	90058.5009	91127.9325
afl++-cmplog	/home/tephra/experiments/unsigned_ints_chain/tc_0016.c	/home/tephra/experiments/unsigned_ints_chain/in_0016	60	0	0	0	1.0000	4612.3667	4591.8725	4632.8609
afl++-cmplog	/home/tephra/experiments/unsigned_ints_chain/tc_0032.c	/home/tephra/experiments/unsigned_ints_chain/in_0032	0	60	0	0	0.0000	-	-	-
afl++-cmplog	/home/tephra/experiments/unsigned_ints_chain/tc_0064.c	/home/tephra/experiments/unsigned_ints_chain/in_0064	0	60	0	0	0.0000	-	-	-
afl++-cmplog	/home/tephra/experiments/unsigned_ints_chain/tc_0128.c	/home/tephra/experiments/unsigned_ints_chain/in_0128	0	60	0	0	0.0000	-	-	-
afl++-cmplog	/home/tephra/experiments/unsigned_ints_chain/tc_0256.c	/home/tephra/experiments/unsigned_ints_chain/in_0256	0	60	0	0	0.0000	-	-	-
afl++-cmplog	/home/tephra/experiments/unsigned_ints_chain/tc_0512.c	/home/tephra/experiments/unsigned_ints_chain/in_0512	0	60	0	0	0.0000	-	-	-
afl++-cmplog	/home/tephra/experiments/unsigned_ints_chain/tc_1024.c	/home/tephra/experiments/unsigned_ints_chain/in_1024	0	60	0	0	0.0000	-	-	-
afl++-mopt	/home/tephra/experiments/unsigned_ints_chain/tc_0011.c	/home/tephra/experiments/unsigned_ints_chain/in_0011	60	0	0	0	1.0000	416142.9500	413206.2623	419079.6377
afl++-mopt	/home/tephra/experiments/unsigned_ints_chain/tc_0012.c	/home/tephra/experiments/unsigned_ints_chain/in_0012	2	58	0	0	0.0333	-	-	-
afl++-mopt	/home/tephra/experiments/unsigned_ints_chain/tc_0013.c	/home/tephra/experiments/unsigned_ints_chain/in_0013	0	60	0	0	0.0000	-	-	-
afl++-mopt	/home/tephra/experiments/unsigned_ints_chain/tc_0014.c	/home/tephra/experiments/unsigned_ints_chain/in_0014	0	60	0	0	0.0000	-	-	-
afl++-mopt	/home/tephra/experiments/unsigned_ints_chain/tc_0015.c	/home/tephra/experiments/unsigned_ints_chain/in_0015	0	60	0	0	0.0000	-	-	-
afl++-mopt	/home/tephra/experiments/unsigned_ints_chain/tc_0016.c	/home/tephra/experiments/unsigned_ints_chain/in_0016	0	60	0	0	0.0000	-	-	-
afl++-mopt	/home/tephra/experiments/unsigned_ints_chain/tc_0032.c	/home/tephra/experiments/unsigned_ints_chain/in_0032	0	60	0	0	0.0000	-	-	-
afl++-mopt	/home/tephra/experiments/unsigned_ints_chain/tc_0064.c	/home/tephra/experiments/unsigned_ints_chain/in_0064	0	60	0	0	0.0000	-	-	-
afl++-mopt	/home/tephra/experiments/unsigned_ints_chain/tc_0128.c	/home/tephra/experiments/unsigned_ints_chain/in_0128	0	60	0	0	0.0000	-	-	-
afl++-mopt	/home/tephra/experiments/unsigned_ints_chain/tc_0256.c	/home/tephra/experiments/unsigned_ints_chain/in_0256	0	60	0	0	0.0000	-	-	-
afl++-mopt	/home/tephra/experiments/unsigned_ints_chain/tc_0512.c	/home/tephra/experiments/unsigned_ints_chain/in_0512	0	60	0	0	0.0000	-	-	-
afl++-mopt	/home/tephra/experiments/unsigned_ints_chain/tc_1024.c	/home/tephra/experiments/unsigned_ints_chain/in_1024	0	60	0	0	0.0000	-	-	-
honggfuzz	/home/tephra/experiments/unsigned_ints_chain/tc_0011.c	/home/tephra/experiments/unsigned_ints_chain/in_0011	0	60	0	0	0.0000	-	-	-
honggfuzz	/home/tephra/experiments/unsigned_ints_chain/tc_0012.c	/home/tephra/experiments/unsigned_ints_chain/in_0012	0	60	0	0	0.0000	-	-	-
honggfuzz	/home/tephra/experiments/unsigned_ints_chain/tc_0013.c	/home/tephra/experiments/unsigned_ints_chain/in_0013	0	60	0	0	0.0000	-	-	-
honggfuzz	/home/tephra/experiments/unsigned_ints_chain/tc_0014.c	/home/tephra/experiments/unsigned_ints_chain/in_0014	0	60	0	0	0.0000	-	-	-
honggfuzz	/home/tephra/experiments/unsigned_ints_chain/tc_0015.c	/home/tephra/experiments/unsigned_ints_chain/in_0015	0	60	0	0	0.0000	-	-	-
honggfuzz	/home/tephra/experiments/unsigned_ints_chain/tc_0016.c	/home/tephra/experiments/unsigned_ints_chain/in_0016	0	60	0	0	0.0000	-	-	-
honggfuzz	/home/tephra/experiments/unsigned_ints_chain/tc_0032.c	/home/tephra/experiments/unsigned_ints_chain/in_0032	0	60	0	0	0.0000	-	-	-
honggfuzz	/home/tephra/experiments/unsigned_ints_chain/tc_0064.c	/home/tephra/experiments/unsigned_ints_chain/in_0064	0	60	0	0	0.0000	-	-	-
honggfuzz	/home/tephra/experiments/unsigned_ints_chain/tc_0128.c	/home/tephra/experiments/unsigned_ints_chain/in_0128	0	60	0	0	0.0000	-	-	-
honggfuzz	/home/tephra/experiments/unsigned_ints_chain/tc_0256.c	/home/tephra/experiments/unsigned_ints_chain/in_0256	0	60	0	0	0.0000	-	-	-
honggfuzz	/home/tephra/experiments/unsigned_ints_chain/tc_0512.c	/home/tephra/experiments/unsigned_ints_chain/in_0512	0	60	0	0	0.0000	-	-	-
honggfuzz	/home/tephra/experiments/unsigned_ints_chain/tc_1024.c	/home/tephra/experiments/unsigned_ints_chain/in_1024	0	60	0	0	0.0000	-	-	-
wingfuzz	/home/tephra/experiments/unsigned_ints_chain/tc_0011.c	/home/tephra/experiments/unsigned_ints_chain/in_0011	59	1	0	0	0.9833	41346.8814	41025.0741	41668.6886
wingfuzz	/home/tephra/experiments/unsigned_ints_chain/tc_0012.c	/home/tephra/experiments/unsigned_ints_chain/in_0012	55	5	0	0	0.9167	24322.2727	24021.4534	24623.0921
wingfuzz	/home/tephra/experiments/unsigned_ints_chain/tc_0013.c	/home/tephra/experiments/unsigned_ints_chain/in_0013	60	0	0	0	1.0000	12130.6167	11970.7824	12290.4510
wingfuzz	/home/tephra/experiments/unsigned_ints_chain/tc_0014.c	/home/tephra/experiments/unsigned_ints_chain/in_0014	59	1	0	0	0.9833	19231.5254	19058.7335	19404.3174
wingfuzz	/home/tephra/experiments/unsigned_ints_chain/tc_0015.c	/home/tephra/experiments/unsigned_ints_chain/in_0015	59	1	0	0	0.9833	18085.3898	17903.8345	18266.9452
wingfuzz	/home/tephra/experiments/unsigned_ints_chain/tc_0016.c	/home/tephra/experiments/unsigned_ints_chain/in_0016	43	17	0	0	0.7167	29448.5814	29190.4512	29706.7116
wingfuzz	/home/tephra/experiments/unsigned_ints_chain/tc_0032.c	/home/tephra/experiments/unsigned_ints_chain/in_0032	55	5	0	0	0.9167	51989.5818	51529.8482	52449.3155
wingfuzz	/home/tephra/experiments/unsigned_ints_chain/tc_0064.c	/home/tephra/experiments/unsigned_ints_chain/in_0064	34	26	0	0	0.5667	237475.4118	234533.8826	240416.9409
wingfuzz	/home/tephra/experiments/unsigned_ints_chain/tc_0128.c	/home/tephra/experiments/unsigned_ints_chain/in_0128	14	46	0	0	0.2333	-	-	-
wingfuzz	/home/tephra/experiments/unsigned_ints_chain/tc_0256.c	/home/tephra/experiments/unsigned_ints_chain/in_0256	4	56	0	0	0.0667	-	-	-
wingfuzz	/home/tephra/experiments/unsigned_ints_chain/tc_0512.c	/home/tephra/experiments/unsigned_ints_chain/in_0512	0	60	0	0	0.0000	-	-	-
wingfuzz	/home/tephra/experiments/unsigned_ints_chain/tc_1024.c	/home/tephra/experiments/unsigned_ints_chain/in_1024	0	60	0	0	0.0000	-	-	-
libafl	/home/tephra/experiments/unsigned_ints_chain/tc_0011.c	/home/tephra/experiments/unsigned_ints_chain/in_0011	60	0	0	0	1.0000	332.3000	330.2753	334.3247
libafl	/home/tephra/experiments/unsigned_ints_chain/tc_0012.c	/home/tephra/experiments/unsigned_ints_chain/in_0012	60	0	0	0	1.0000	3623.1500	3596.1028	3650.1972
libafl	/home/tephra/experiments/unsigned_ints_chain/tc_0013.c	/home/tephra/experiments/unsigned_ints_chain/in_0013	60	0	0	0	1.0000	1019.6000	1011.5001	1027.6999
libafl	/home/tephra/experiments/unsigned_ints_chain/tc_0014.c	/home/tephra/experiments/unsigned_ints_chain/in_0014	60	0	0	0	1.0000	25365.2833	25198.7552	25531.8115
libafl	/home/tephra/experiments/unsigned_ints_chain/tc_0015.c	/home/tephra/experiments/unsigned_ints_chain/in_0015	60	0	0	0	1.0000	511858.2000	508128.3264	515588.0736
libafl	/home/tephra/experiments/unsigned_ints_chain/tc_0016.c	/home/tephra/experiments/unsigned_ints_chain/in_0016	60	0	0	0	1.0000	417808.6333	414072.6874	421544.5793
libafl	/home/tephra/experiments/unsigned_ints_chain/tc_0032.c	/home/tephra/experiments/unsigned_ints_chain/in_0032	0	60	0	0	0.0000	-	-	-
libafl	/home/tephra/experiments/unsigned_ints_chain/tc_0064.c	/home/tephra/experiments/unsigned_ints_chain/in_0064	0	60	0	0	0.0000	-	-	-
libafl	/home/tephra/experiments/unsigned_ints_chain/tc_0128.c	/home/tephra/experiments/unsigned_ints_chain/in_0128	0	60	0	0	0.0000	-	-	-
libafl	/home/tephra/experiments/unsigned_ints_chain/tc_0256.c	/home/tephra/experiments/unsigned_ints_chain/in_0256	0	60	0	0	0.0000	-	-	-
libafl	/home/tephra/experiments/unsigned_ints_chain/tc_0512.c	/home/tephra/experiments/unsigned_ints_chain/in_0512	0	60	0	0	0.0000	-	-	-
libafl	/home/tephra/experiments/unsigned_ints_chain/tc_1024.c	/home/tephra/experiments/unsigned_ints_chain/in_1024	0	60	0	0	0.0000	-	-	-
afl-qemu	/home/tephra/experiments/unsigned_ints_chain/tc_0001.c	/home/tephra/experiments/unsigned_ints_chain/in_0001	60	0	0	0	1.0000	288.1333	286.6492	289.6175
afl-qemu	/home/tephra/experiments/unsigned_ints_chain/tc_0002.c	/home/tephra/experiments/unsigned_ints_chain/in_0002	2	58	0	0	0.0333	-	-	-
afl-qemu	/home/tephra/experiments/unsigned_ints_chain/tc_0003.c	/home/tephra/experiments/unsigned_ints_chain/in_0003	0	60	0	0	0.0000	-	-	-
afl-qemu	/home/tephra/experiments/unsigned_ints_chain/tc_0004.c	/home/tephra/experiments/unsigned_ints_chain/in_0004	0	60	0	0	0.0000	-	-	-
afl-qemu	/home/tephra/experiments/unsigned_ints_chain/tc_0005.c	/home/tephra/experiments/unsigned_ints_chain/in_0005	0	60	0	0	0.0000	-	-	-
afl-qemu	/home/tephra/experiments/unsigned_ints_chain/tc_0006.c	/home/tephra/experiments/unsigned_ints_chain/in_0006	0	60	0	0	0.0000	-	-	-
afl-qemu	/home/tephra/experiments/unsigned_ints_chain/tc_0007.c	/home/tephra/experiments/unsigned_ints_chain/in_0007	0	60	0	0	0.0000	-	-	-
afl-qemu	/home/tephra/experiments/unsigned_ints_chain/tc_0008.c	/home/tephra/experiments/unsigned_ints_chain/in_0008	0	60	0	0	0.0000	-	-	-
afl-qemu	/home/tephra/experiments/unsigned_ints_chain/tc_0009.c	/home/tephra/experiments/unsigned_ints_chain/in_0009	0	60	0	0	0.0000	-	-	-
afl-qemu	/home/tephra/experiments/unsigned_ints_chain/tc_0010.c	/home/tephra/experiments/unsigned_ints_chain/in_0010	0	60	0	0	0.0000	-	-	-
afl++-qemu-compcov	/home/tephra/experiments/unsigned_ints_chain/tc_0011.c	/home/tephra/experiments/unsigned_ints_chain/in_0011	0	60	0	0	0.0000	-	-	-
afl++-qemu-compcov	/home/tephra/experiments/unsigned_ints_chain/tc_0012.c	/home/tephra/experiments/unsigned_ints_chain/in_0012	32	28	0	0	0.5333	2781246.0938	2774979.4939	2787512.6936
afl++-qemu-compcov	/home/tephra/experiments/unsigned_ints_chain/tc_0013.c	/home/tephra/experiments/unsigned_ints_chain/in_0013	16	44	0	0	0.2667	-	-	-
afl++-qemu-compcov	/home/tephra/experiments/unsigned_ints_chain/tc_0014.c	/home/tephra/experiments/unsigned_ints_chain/in_0014	33	27	0	0	0.5500	2786054.0303	2780446.9094	2791661.1512
afl++-qemu-compcov	/home/tephra/experiments/unsigned_ints_chain/tc_0015.c	/home/tephra/experiments/unsigned_ints_chain/in_0015	3	57	0	0	0.0500	-	-	-
afl++-qemu-compcov	/home/tephra/experiments/unsigned_ints_chain/tc_0016.c	/home/tephra/experiments/unsigned_ints_chain/in_0016	0	60	0	0	0.0000	-	-	-
afl++-qemu-compcov	/home/tephra/experiments/unsigned_ints_chain/tc_0032.c	/home/tephra/experiments/unsigned_ints_chain/in_0032	0	60	0	0	0.0000	-	-	-
afl++-qemu-compcov	/home/tephra/experiments/unsigned_ints_chain/tc_0064.c	/home/tephra/experiments/unsigned_ints_chain/in_0064	0	60	0	0	0.0000	-	-	-
afl++-qemu-compcov	/home/tephra/experiments/unsigned_ints_chain/tc_0128.c	/home/tephra/experiments/unsigned_ints_chain/in_0128	0	60	0	0	0.0000	-	-	-
afl++-qemu-compcov	/home/tephra/experiments/unsigned_ints_chain/tc_0256.c	/home/tephra/experiments/unsigned_ints_chain/in_0256	0	60	0	0	0.0000	-	-	-
afl++-qemu-compcov	/home/tephra/experiments/unsigned_ints_chain/tc_0512.c	/home/tephra/experiments/unsigned_ints_chain/in_0512	0	60	0	0	0.0000	-	-	-
afl++-qemu-compcov	/home/tephra/experiments/unsigned_ints_chain/tc_1024.c	/home/tephra/experiments/unsigned_ints_chain/in_1024	0	60	0	0	0.0000	-	-	-
klee	/home/tephra/experiments/unsigned_ints_chain/tc_0011.c	/home/tephra/experiments/unsigned_ints_chain/in_0011	60	0	0	0	1.0000	770.1000	770.0201	770.1799
klee	/home/tephra/experiments/unsigned_ints_chain/tc_0012.c	/home/tephra/experiments/unsigned_ints_chain/in_0012	60	0	0	0	1.0000	791.3833	791.3119	791.4548
klee	/home/tephra/experiments/unsigned_ints_chain/tc_0013.c	/home/tephra/experiments/unsigned_ints_chain/in_0013	60	0	0	0	1.0000	771.2833	771.2174	771.3492
klee	/home/tephra/experiments/unsigned_ints_chain/tc_0014.c	/home/tephra/experiments/unsigned_ints_chain/in_0014	60	0	0	0	1.0000	846.7833	846.7162	846.8505
klee	/home/tephra/experiments/unsigned_ints_chain/tc_0015.c	/home/tephra/experiments/unsigned_ints_chain/in_0015	60	0	0	0	1.0000	796.9500	796.8841	797.0159
klee	/home/tephra/experiments/unsigned_ints_chain/tc_0016.c	/home/tephra/experiments/unsigned_ints_chain/in_0016	60	0	0	0	1.0000	848.7167	848.6499	848.7834
klee	/home/tephra/experiments/unsigned_ints_chain/tc_0032.c	/home/tephra/experiments/unsigned_ints_chain/in_0032	60	0	0	0	1.0000	1149.2000	1149.1251	1149.2749
klee	/home/tephra/experiments/unsigned_ints_chain/tc_0064.c	/home/tephra/experiments/unsigned_ints_chain/in_0064	0	0	60	0	0.0000	-	-	-
klee	/home/tephra/experiments/unsigned_ints_chain/tc_0128.c	/home/tephra/experiments/unsigned_ints_chain/in_0128	0	0	60	0	0.0000	-	-	-
klee	/home/tephra/experiments/unsigned_ints_chain/tc_0256.c	/home/tephra/experiments/unsigned_ints_chain/in_0256	0	0	60	0	0.0000	-	-	-
klee	/home/tephra/experiments/unsigned_ints_chain/tc_0512.c	/home/tephra/experiments/unsigned_ints_chain/in_0512	0	0	60	0	0.0000	-	-	-
klee	/home/tephra/experiments/unsigned_ints_chain/tc_1024.c	/home/tephra/experiments/unsigned_ints_chain/in_1024	0	0	60	0	0.0000	-	-	-
symcc	/home/tephra/experiments/unsigned_ints_chain/tc_0011.c	/home/tephra/experiments/unsigned_ints_chain/in_0011	0	60	0	0	0.0000	-	-	-
symcc	/home/tephra/experiments/unsigned_ints_chain/tc_0012.c	/home/tephra/experiments/unsigned_ints_chain/in_0012	0	60	0	0	0.0000	-	-	-
symcc	/home/tephra/experiments/unsigned_ints_chain/tc_0013.c	/home/tephra/experiments/unsigned_ints_chain/in_0013	0	60	0	0	0.0000	-	-	-
symcc	/home/tephra/experiments/unsigned_ints_chain/tc_0014.c	/home/tephra/experiments/unsigned_ints_chain/in_0014	0	60	0	0	0.0000	-	-	-
symcc	/home/tephra/experiments/unsigned_ints_chain/tc_0015.c	/home/tephra/experiments/unsigned_ints_chain/in_0015	0	60	0	0	0.0000	-	-	-
symcc	/home/tephra/experiments/unsigned_ints_chain/tc_0016.c	/home/tephra/experiments/unsigned_ints_chain/in_0016	0	60	0	0	0.0000	-	-	-
symcc	/home/tephra/experiments/unsigned_ints_chain/tc_0032.c	/home/tephra/experiments/unsigned_ints_chain/in_0032	0	60	0	0	0.0000	-	-	-
symcc	/home/tephra/experiments/unsigned_ints_chain/tc_0064.c	/home/tephra/experiments/unsigned_ints_chain/in_0064	0	60	0	0	0.0000	-	-	-
symcc	/home/tephra/experiments/unsigned_ints_chain/tc_0128.c	/home/tephra/experiments/unsigned_ints_chain/in_0128	0	60	0	0	0.0000	-	-	-
symcc	/home/tephra/experiments/unsigned_ints_chain/tc_0256.c	/home/tephra/experiments/unsigned_ints_chain/in_0256	0	60	0	0	0.0000	-	-	-
symcc	/home/tephra/experiments/unsigned_ints_chain/tc_0512.c	/home/tephra/experiments/unsigned_ints_chain/in_0512	0	60	0	0	0.0000	-	-	-
symcc	/home/tephra/experiments/unsigned_ints_chain/tc_1024.c	/home/tephra/experiments/unsigned_ints_chain/in_1024	0	60	0	0	0.0000	-	-	-
