fuzzer	put	corpus	success	timeout	invalid	error	ratio	ttt	cleft	cright
angora	/home/tephra/experiments/int8_const_chain/tc_0001.c	/home/tephra/experiments/int8_const_chain/in_0001	59	0	0	1	0.9833	1199.9322	1196.8551	1203.0093
angora	/home/tephra/experiments/int8_const_chain/tc_0002.c	/home/tephra/experiments/int8_const_chain/in_0002	60	0	0	0	1.0000	1057.5333	1057.3151	1057.7516
angora	/home/tephra/experiments/int8_const_chain/tc_0003.c	/home/tephra/experiments/int8_const_chain/in_0003	59	0	0	1	0.9833	3980.4237	3940.6150	4020.2325
angora	/home/tephra/experiments/int8_const_chain/tc_0004.c	/home/tephra/experiments/int8_const_chain/in_0004	60	0	0	0	1.0000	7918.6500	7860.5862	7976.7138
angora	/home/tephra/experiments/int8_const_chain/tc_0005.c	/home/tephra/experiments/int8_const_chain/in_0005	60	0	0	0	1.0000	8714.5500	8646.6153	8782.4847
angora	/home/tephra/experiments/int8_const_chain/tc_0006.c	/home/tephra/experiments/int8_const_chain/in_0006	60	0	0	0	1.0000	8989.8333	8925.1085	9054.5582
angora	/home/tephra/experiments/int8_const_chain/tc_0007.c	/home/tephra/experiments/int8_const_chain/in_0007	60	0	0	0	1.0000	12140.4167	12066.6493	12214.1840
angora	/home/tephra/experiments/int8_const_chain/tc_0008.c	/home/tephra/experiments/int8_const_chain/in_0008	60	0	0	0	1.0000	14374.6167	14312.9074	14436.3259
angora	/home/tephra/experiments/int8_const_chain/tc_0009.c	/home/tephra/experiments/int8_const_chain/in_0009	60	0	0	0	1.0000	10405.0000	10352.9805	10457.0195
angora	/home/tephra/experiments/int8_const_chain/tc_0010.c	/home/tephra/experiments/int8_const_chain/in_0010	60	0	0	0	1.0000	8053.0500	8010.0796	8096.0204
angora-mb	/home/tephra/experiments/int8_const_chain/tc_0001.c	/home/tephra/experiments/int8_const_chain/in_0001	60	0	0	0	1.0000	1104.1000	1102.0698	1106.1302
angora-mb	/home/tephra/experiments/int8_const_chain/tc_0002.c	/home/tephra/experiments/int8_const_chain/in_0002	60	0	0	0	1.0000	1039.9833	1039.9677	1039.9989
angora-mb	/home/tephra/experiments/int8_const_chain/tc_0003.c	/home/tephra/experiments/int8_const_chain/in_0003	60	0	0	0	1.0000	4119.4667	4109.4259	4129.5074
angora-mb	/home/tephra/experiments/int8_const_chain/tc_0004.c	/home/tephra/experiments/int8_const_chain/in_0004	59	0	0	1	0.9833	5120.9492	5096.9039	5144.9944
angora-mb	/home/tephra/experiments/int8_const_chain/tc_0005.c	/home/tephra/experiments/int8_const_chain/in_0005	60	0	0	0	1.0000	2568.1667	2555.1294	2581.2040
angora-mb	/home/tephra/experiments/int8_const_chain/tc_0006.c	/home/tephra/experiments/int8_const_chain/in_0006	60	0	0	0	1.0000	6769.8000	6739.7160	6799.8840
angora-mb	/home/tephra/experiments/int8_const_chain/tc_0007.c	/home/tephra/experiments/int8_const_chain/in_0007	60	0	0	0	1.0000	8987.8833	8948.6688	9027.0979
angora-mb	/home/tephra/experiments/int8_const_chain/tc_0008.c	/home/tephra/experiments/int8_const_chain/in_0008	60	0	0	0	1.0000	9154.6833	9116.2541	9193.1126
angora-mb	/home/tephra/experiments/int8_const_chain/tc_0009.c	/home/tephra/experiments/int8_const_chain/in_0009	60	0	0	0	1.0000	8236.5333	8191.6309	8281.4357
angora-mb	/home/tephra/experiments/int8_const_chain/tc_0010.c	/home/tephra/experiments/int8_const_chain/in_0010	60	0	0	0	1.0000	12672.5833	12621.6175	12723.5492
angora-random	/home/tephra/experiments/int8_const_chain/tc_0001.c	/home/tephra/experiments/int8_const_chain/in_0001	59	0	0	1	0.9833	1051.6780	1050.6039	1052.7520
angora-random	/home/tephra/experiments/int8_const_chain/tc_0002.c	/home/tephra/experiments/int8_const_chain/in_0002	60	0	0	0	1.0000	1041.5667	1041.5455	1041.5878
angora-random	/home/tephra/experiments/int8_const_chain/tc_0003.c	/home/tephra/experiments/int8_const_chain/in_0003	60	0	0	0	1.0000	3435.5000	3421.9727	3449.0273
angora-random	/home/tephra/experiments/int8_const_chain/tc_0004.c	/home/tephra/experiments/int8_const_chain/in_0004	60	0	0	0	1.0000	5336.9333	5323.4863	5350.3803
angora-random	/home/tephra/experiments/int8_const_chain/tc_0005.c	/home/tephra/experiments/int8_const_chain/in_0005	59	0	0	1	0.9833	4900.6610	4874.5815	4926.7406
angora-random	/home/tephra/experiments/int8_const_chain/tc_0006.c	/home/tephra/experiments/int8_const_chain/in_0006	60	0	0	0	1.0000	6953.9833	6919.2895	6988.6771
angora-random	/home/tephra/experiments/int8_const_chain/tc_0007.c	/home/tephra/experiments/int8_const_chain/in_0007	60	0	0	0	1.0000	4902.6333	4885.0827	4920.1840
angora-random	/home/tephra/experiments/int8_const_chain/tc_0008.c	/home/tephra/experiments/int8_const_chain/in_0008	60	0	0	0	1.0000	8419.5333	8391.8270	8447.2396
angora-random	/home/tephra/experiments/int8_const_chain/tc_0009.c	/home/tephra/experiments/int8_const_chain/in_0009	60	0	0	0	1.0000	7184.6167	7135.6937	7233.5396
angora-random	/home/tephra/experiments/int8_const_chain/tc_0010.c	/home/tephra/experiments/int8_const_chain/in_0010	60	0	0	0	1.0000	8685.1167	8635.2874	8734.9460
afl-gcc	/home/tephra/experiments/int8_const_chain/tc_0001.c	/home/tephra/experiments/int8_const_chain/in_0001	60	0	0	0	1.0000	403.0500	402.0416	404.0584
afl-gcc	/home/tephra/experiments/int8_const_chain/tc_0002.c	/home/tephra/experiments/int8_const_chain/in_0002	60	0	0	0	1.0000	25785.5333	25542.6674	26028.3993
afl-gcc	/home/tephra/experiments/int8_const_chain/tc_0003.c	/home/tephra/experiments/int8_const_chain/in_0003	60	0	0	0	1.0000	292272.8833	290046.1299	294499.6368
afl-gcc	/home/tephra/experiments/int8_const_chain/tc_0004.c	/home/tephra/experiments/int8_const_chain/in_0004	2	58	0	0	0.0333	-	-	-
afl-gcc	/home/tephra/experiments/int8_const_chain/tc_0005.c	/home/tephra/experiments/int8_const_chain/in_0005	0	60	0	0	0.0000	-	-	-
afl-gcc	/home/tephra/experiments/int8_const_chain/tc_0006.c	/home/tephra/experiments/int8_const_chain/in_0006	0	60	0	0	0.0000	-	-	-
afl-gcc	/home/tephra/experiments/int8_const_chain/tc_0007.c	/home/tephra/experiments/int8_const_chain/in_0007	0	60	0	0	0.0000	-	-	-
afl-gcc	/home/tephra/experiments/int8_const_chain/tc_0008.c	/home/tephra/experiments/int8_const_chain/in_0008	0	60	0	0	0.0000	-	-	-
afl-gcc	/home/tephra/experiments/int8_const_chain/tc_0009.c	/home/tephra/experiments/int8_const_chain/in_0009	0	60	0	0	0.0000	-	-	-
afl-gcc	/home/tephra/experiments/int8_const_chain/tc_0010.c	/home/tephra/experiments/int8_const_chain/in_0010	0	60	0	0	0.0000	-	-	-
afl-clang-fast	/home/tephra/experiments/int8_const_chain/tc_0001.c	/home/tephra/experiments/int8_const_chain/in_0001	60	0	0	0	1.0000	515.7000	514.2918	517.1082
afl-clang-fast	/home/tephra/experiments/int8_const_chain/tc_0002.c	/home/tephra/experiments/int8_const_chain/in_0002	60	0	0	0	1.0000	23958.2000	23789.9016	24126.4984
afl-clang-fast	/home/tephra/experiments/int8_const_chain/tc_0003.c	/home/tephra/experiments/int8_const_chain/in_0003	60	0	0	0	1.0000	96853.2667	95846.5153	97860.0180
afl-clang-fast	/home/tephra/experiments/int8_const_chain/tc_0004.c	/home/tephra/experiments/int8_const_chain/in_0004	60	0	0	0	1.0000	108519.5667	107273.8575	109765.2759
afl-clang-fast	/home/tephra/experiments/int8_const_chain/tc_0005.c	/home/tephra/experiments/int8_const_chain/in_0005	60	0	0	0	1.0000	360303.0667	357966.6546	362639.4788
afl-clang-fast	/home/tephra/experiments/int8_const_chain/tc_0006.c	/home/tephra/experiments/int8_const_chain/in_0006	60	0	0	0	1.0000	420711.9167	416692.3486	424731.4848
afl-clang-fast	/home/tephra/experiments/int8_const_chain/tc_0007.c	/home/tephra/experiments/int8_const_chain/in_0007	59	1	0	0	0.9833	986680.9492	980594.4573	992767.4410
afl-clang-fast	/home/tephra/experiments/int8_const_chain/tc_0008.c	/home/tephra/experiments/int8_const_chain/in_0008	52	8	0	0	0.8667	1164241.7885	1157711.2178	1170772.3592
afl-clang-fast	/home/tephra/experiments/int8_const_chain/tc_0009.c	/home/tephra/experiments/int8_const_chain/in_0009	53	7	0	0	0.8833	1247016.9623	1238373.4432	1255660.4813
afl-clang-fast	/home/tephra/experiments/int8_const_chain/tc_0010.c	/home/tephra/experiments/int8_const_chain/in_0010	46	14	0	0	0.7667	1492335.4348	1484138.6885	1500532.1811
afl-libtokencap	/home/tephra/experiments/int8_const_chain/tc_0001.c	/home/tephra/experiments/int8_const_chain/in_0001	60	0	0	0	1.0000	450.4833	449.1302	451.8365
afl-libtokencap	/home/tephra/experiments/int8_const_chain/tc_0002.c	/home/tephra/experiments/int8_const_chain/in_0002	60	0	0	0	1.0000	27798.3167	27562.0081	28034.6253
afl-libtokencap	/home/tephra/experiments/int8_const_chain/tc_0003.c	/home/tephra/experiments/int8_const_chain/in_0003	60	0	0	0	1.0000	108364.5667	107304.4981	109424.6352
afl-libtokencap	/home/tephra/experiments/int8_const_chain/tc_0004.c	/home/tephra/experiments/int8_const_chain/in_0004	60	0	0	0	1.0000	99591.4167	98358.1375	100824.6958
afl-libtokencap	/home/tephra/experiments/int8_const_chain/tc_0005.c	/home/tephra/experiments/int8_const_chain/in_0005	60	0	0	0	1.0000	377842.7333	375465.5230	380219.9436
afl-libtokencap	/home/tephra/experiments/int8_const_chain/tc_0006.c	/home/tephra/experiments/int8_const_chain/in_0006	60	0	0	0	1.0000	709846.0167	703855.8117	715836.2217
afl-libtokencap	/home/tephra/experiments/int8_const_chain/tc_0007.c	/home/tephra/experiments/int8_const_chain/in_0007	60	0	0	0	1.0000	891413.0500	885938.8746	896887.2254
afl-libtokencap	/home/tephra/experiments/int8_const_chain/tc_0008.c	/home/tephra/experiments/int8_const_chain/in_0008	58	2	0	0	0.9667	1032460.6897	1027140.3347	1037781.0446
afl-libtokencap	/home/tephra/experiments/int8_const_chain/tc_0009.c	/home/tephra/experiments/int8_const_chain/in_0009	56	4	0	0	0.9333	956735.1607	950692.4748	962777.8466
afl-libtokencap	/home/tephra/experiments/int8_const_chain/tc_0010.c	/home/tephra/experiments/int8_const_chain/in_0010	57	3	0	0	0.9500	1376867.2982	1371446.5483	1382288.0482
radamsa	/home/tephra/experiments/int8_const_chain/tc_0001.c	/home/tephra/experiments/int8_const_chain/in_0001	60	0	0	0	1.0000	686.4167	681.1636	691.6697
radamsa	/home/tephra/experiments/int8_const_chain/tc_0002.c	/home/tephra/experiments/int8_const_chain/in_0002	60	0	0	0	1.0000	573671.9500	569206.4471	578137.4529
radamsa	/home/tephra/experiments/int8_const_chain/tc_0003.c	/home/tephra/experiments/int8_const_chain/in_0003	2	55	3	0	0.0333	-	-	-
radamsa	/home/tephra/experiments/int8_const_chain/tc_0004.c	/home/tephra/experiments/int8_const_chain/in_0004	0	55	5	0	0.0000	-	-	-
radamsa	/home/tephra/experiments/int8_const_chain/tc_0005.c	/home/tephra/experiments/int8_const_chain/in_0005	0	55	5	0	0.0000	-	-	-
radamsa	/home/tephra/experiments/int8_const_chain/tc_0006.c	/home/tephra/experiments/int8_const_chain/in_0006	0	55	5	0	0.0000	-	-	-
radamsa	/home/tephra/experiments/int8_const_chain/tc_0007.c	/home/tephra/experiments/int8_const_chain/in_0007	0	57	3	0	0.0000	-	-	-
radamsa	/home/tephra/experiments/int8_const_chain/tc_0008.c	/home/tephra/experiments/int8_const_chain/in_0008	0	57	3	0	0.0000	-	-	-
radamsa	/home/tephra/experiments/int8_const_chain/tc_0009.c	/home/tephra/experiments/int8_const_chain/in_0009	0	60	0	0	0.0000	-	-	-
radamsa	/home/tephra/experiments/int8_const_chain/tc_0010.c	/home/tephra/experiments/int8_const_chain/in_0010	0	57	3	0	0.0000	-	-	-
dev-urandom	/home/tephra/experiments/int8_const_chain/tc_0001.c	/home/tephra/experiments/int8_const_chain/in_0001	60	0	0	0	1.0000	12.6833	12.5939	12.7728
dev-urandom	/home/tephra/experiments/int8_const_chain/tc_0002.c	/home/tephra/experiments/int8_const_chain/in_0002	60	0	0	0	1.0000	3130.1167	3100.5265	3159.7069
dev-urandom	/home/tephra/experiments/int8_const_chain/tc_0003.c	/home/tephra/experiments/int8_const_chain/in_0003	42	18	0	0	0.7000	1198038.4524	1188042.5178	1208034.3869
dev-urandom	/home/tephra/experiments/int8_const_chain/tc_0004.c	/home/tephra/experiments/int8_const_chain/in_0004	0	60	0	0	0.0000	-	-	-
dev-urandom	/home/tephra/experiments/int8_const_chain/tc_0005.c	/home/tephra/experiments/int8_const_chain/in_0005	0	60	0	0	0.0000	-	-	-
dev-urandom	/home/tephra/experiments/int8_const_chain/tc_0006.c	/home/tephra/experiments/int8_const_chain/in_0006	0	60	0	0	0.0000	-	-	-
dev-urandom	/home/tephra/experiments/int8_const_chain/tc_0007.c	/home/tephra/experiments/int8_const_chain/in_0007	0	60	0	0	0.0000	-	-	-
dev-urandom	/home/tephra/experiments/int8_const_chain/tc_0008.c	/home/tephra/experiments/int8_const_chain/in_0008	0	60	0	0	0.0000	-	-	-
dev-urandom	/home/tephra/experiments/int8_const_chain/tc_0009.c	/home/tephra/experiments/int8_const_chain/in_0009	0	60	0	0	0.0000	-	-	-
dev-urandom	/home/tephra/experiments/int8_const_chain/tc_0010.c	/home/tephra/experiments/int8_const_chain/in_0010	0	60	0	0	0.0000	-	-	-
afl++	/home/tephra/experiments/int8_const_chain/tc_0001.c	/home/tephra/experiments/int8_const_chain/in_0001	60	0	0	0	1.0000	213.4833	213.4540	213.5127
afl++	/home/tephra/experiments/int8_const_chain/tc_0002.c	/home/tephra/experiments/int8_const_chain/in_0002	60	0	0	0	1.0000	347.0667	345.4106	348.7227
afl++	/home/tephra/experiments/int8_const_chain/tc_0003.c	/home/tephra/experiments/int8_const_chain/in_0003	60	0	0	0	1.0000	669.7000	665.1530	674.2470
afl++	/home/tephra/experiments/int8_const_chain/tc_0004.c	/home/tephra/experiments/int8_const_chain/in_0004	60	0	0	0	1.0000	208.5167	208.3073	208.7261
afl++	/home/tephra/experiments/int8_const_chain/tc_0005.c	/home/tephra/experiments/int8_const_chain/in_0005	60	0	0	0	1.0000	659.9000	655.4784	664.3216
afl++	/home/tephra/experiments/int8_const_chain/tc_0006.c	/home/tephra/experiments/int8_const_chain/in_0006	60	0	0	0	1.0000	1825.3000	1814.2677	1836.3323
afl++	/home/tephra/experiments/int8_const_chain/tc_0007.c	/home/tephra/experiments/int8_const_chain/in_0007	58	2	0	0	0.9667	585771.8276	580386.4829	591157.1723
afl++	/home/tephra/experiments/int8_const_chain/tc_0008.c	/home/tephra/experiments/int8_const_chain/in_0008	60	0	0	0	1.0000	212.9333	212.9194	212.9473
afl++	/home/tephra/experiments/int8_const_chain/tc_0009.c	/home/tephra/experiments/int8_const_chain/in_0009	60	0	0	0	1.0000	1783.7500	1769.0028	1798.4972
afl++	/home/tephra/experiments/int8_const_chain/tc_0010.c	/home/tephra/experiments/int8_const_chain/in_0010	60	0	0	0	1.0000	5142.3000	5113.4997	5171.1003
afl++-cmplog	/home/tephra/experiments/int8_const_chain/tc_0001.c	/home/tephra/experiments/int8_const_chain/in_0001	60	0	0	0	1.0000	212.4000	212.3903	212.4097
afl++-cmplog	/home/tephra/experiments/int8_const_chain/tc_0002.c	/home/tephra/experiments/int8_const_chain/in_0002	60	0	0	0	1.0000	362.7833	360.5339	365.0327
afl++-cmplog	/home/tephra/experiments/int8_const_chain/tc_0003.c	/home/tephra/experiments/int8_const_chain/in_0003	60	0	0	0	1.0000	705.4667	701.5332	709.4001
afl++-cmplog	/home/tephra/experiments/int8_const_chain/tc_0004.c	/home/tephra/experiments/int8_const_chain/in_0004	60	0	0	0	1.0000	237.4333	237.4086	237.4580
afl++-cmplog	/home/tephra/experiments/int8_const_chain/tc_0005.c	/home/tephra/experiments/int8_const_chain/in_0005	60	0	0	0	1.0000	983.1000	977.6441	988.5559
afl++-cmplog	/home/tephra/experiments/int8_const_chain/tc_0006.c	/home/tephra/experiments/int8_const_chain/in_0006	60	0	0	0	1.0000	2351.4333	2335.3678	2367.4989
afl++-cmplog	/home/tephra/experiments/int8_const_chain/tc_0007.c	/home/tephra/experiments/int8_const_chain/in_0007	60	0	0	0	1.0000	984364.2833	977043.5317	991685.0350
afl++-cmplog	/home/tephra/experiments/int8_const_chain/tc_0008.c	/home/tephra/experiments/int8_const_chain/in_0008	60	0	0	0	1.0000	238.5000	238.4778	238.5222
afl++-cmplog	/home/tephra/experiments/int8_const_chain/tc_0009.c	/home/tephra/experiments/int8_const_chain/in_0009	60	0	0	0	1.0000	2162.2667	2148.6456	2175.8878
afl++-cmplog	/home/tephra/experiments/int8_const_chain/tc_0010.c	/home/tephra/experiments/int8_const_chain/in_0010	60	0	0	0	1.0000	8206.3000	8166.3494	8246.2506
afl++-laf	/home/tephra/experiments/int8_const_chain/tc_0001.c	/home/tephra/experiments/int8_const_chain/in_0001	60	0	0	0	1.0000	212.3333	212.3188	212.3479
afl++-laf	/home/tephra/experiments/int8_const_chain/tc_0002.c	/home/tephra/experiments/int8_const_chain/in_0002	60	0	0	0	1.0000	470.0333	466.8370	473.2297
afl++-laf	/home/tephra/experiments/int8_const_chain/tc_0003.c	/home/tephra/experiments/int8_const_chain/in_0003	60	0	0	0	1.0000	758.4167	754.1350	762.6983
afl++-laf	/home/tephra/experiments/int8_const_chain/tc_0004.c	/home/tephra/experiments/int8_const_chain/in_0004	60	0	0	0	1.0000	186.2333	185.6789	186.7878
afl++-laf	/home/tephra/experiments/int8_const_chain/tc_0005.c	/home/tephra/experiments/int8_const_chain/in_0005	60	0	0	0	1.0000	718.2167	710.9844	725.4489
afl++-laf	/home/tephra/experiments/int8_const_chain/tc_0006.c	/home/tephra/experiments/int8_const_chain/in_0006	60	0	0	0	1.0000	2696.9167	2678.2941	2715.5392
afl++-laf	/home/tephra/experiments/int8_const_chain/tc_0007.c	/home/tephra/experiments/int8_const_chain/in_0007	46	14	0	0	0.7667	344844.0652	340712.6488	348975.4816
afl++-laf	/home/tephra/experiments/int8_const_chain/tc_0008.c	/home/tephra/experiments/int8_const_chain/in_0008	60	0	0	0	1.0000	212.9333	212.9207	212.9460
afl++-laf	/home/tephra/experiments/int8_const_chain/tc_0009.c	/home/tephra/experiments/int8_const_chain/in_0009	60	0	0	0	1.0000	2644.4000	2625.9717	2662.8283
afl++-laf	/home/tephra/experiments/int8_const_chain/tc_0010.c	/home/tephra/experiments/int8_const_chain/in_0010	60	0	0	0	1.0000	5797.9500	5758.1299	5837.7701
afl++-mopt	/home/tephra/experiments/int8_const_chain/tc_0001.c	/home/tephra/experiments/int8_const_chain/in_0001	60	0	0	0	1.0000	212.5000	212.4864	212.5136
afl++-mopt	/home/tephra/experiments/int8_const_chain/tc_0002.c	/home/tephra/experiments/int8_const_chain/in_0002	60	0	0	0	1.0000	448.1000	445.5496	450.6504
afl++-mopt	/home/tephra/experiments/int8_const_chain/tc_0003.c	/home/tephra/experiments/int8_const_chain/in_0003	60	0	0	0	1.0000	1216.0333	1208.3479	1223.7188
afl++-mopt	/home/tephra/experiments/int8_const_chain/tc_0004.c	/home/tephra/experiments/int8_const_chain/in_0004	60	0	0	0	1.0000	206.1167	205.8250	206.4083
afl++-mopt	/home/tephra/experiments/int8_const_chain/tc_0005.c	/home/tephra/experiments/int8_const_chain/in_0005	60	0	0	0	1.0000	578.6000	575.3137	581.8863
afl++-mopt	/home/tephra/experiments/int8_const_chain/tc_0006.c	/home/tephra/experiments/int8_const_chain/in_0006	60	0	0	0	1.0000	4247.2167	4212.1856	4282.2478
afl++-mopt	/home/tephra/experiments/int8_const_chain/tc_0007.c	/home/tephra/experiments/int8_const_chain/in_0007	60	0	0	0	1.0000	554224.5167	550174.5883	558274.4450
afl++-mopt	/home/tephra/experiments/int8_const_chain/tc_0008.c	/home/tephra/experiments/int8_const_chain/in_0008	60	0	0	0	1.0000	212.7167	212.7058	212.7275
afl++-mopt	/home/tephra/experiments/int8_const_chain/tc_0009.c	/home/tephra/experiments/int8_const_chain/in_0009	60	0	0	0	1.0000	1710.7667	1698.3964	1723.1369
afl++-mopt	/home/tephra/experiments/int8_const_chain/tc_0010.c	/home/tephra/experiments/int8_const_chain/in_0010	60	0	0	0	1.0000	7669.5500	7605.2678	7733.8322
honggfuzz	/home/tephra/experiments/int8_const_chain/tc_0001.c	/home/tephra/experiments/int8_const_chain/in_0001	60	0	0	0	1.0000	1004.7667	1004.7605	1004.7729
honggfuzz	/home/tephra/experiments/int8_const_chain/tc_0002.c	/home/tephra/experiments/int8_const_chain/in_0002	60	0	0	0	1.0000	1004.7667	1004.7610	1004.7723
honggfuzz	/home/tephra/experiments/int8_const_chain/tc_0003.c	/home/tephra/experiments/int8_const_chain/in_0003	60	0	0	0	1.0000	1004.4333	1004.4285	1004.4381
honggfuzz	/home/tephra/experiments/int8_const_chain/tc_0004.c	/home/tephra/experiments/int8_const_chain/in_0004	60	0	0	0	1.0000	1054.3833	1051.6405	1057.1262
honggfuzz	/home/tephra/experiments/int8_const_chain/tc_0005.c	/home/tephra/experiments/int8_const_chain/in_0005	60	0	0	0	1.0000	1040.8667	1039.8998	1041.8336
honggfuzz	/home/tephra/experiments/int8_const_chain/tc_0006.c	/home/tephra/experiments/int8_const_chain/in_0006	60	0	0	0	1.0000	1407.9333	1404.2263	1411.6404
honggfuzz	/home/tephra/experiments/int8_const_chain/tc_0007.c	/home/tephra/experiments/int8_const_chain/in_0007	60	0	0	0	1.0000	1951.2333	1945.6254	1956.8413
honggfuzz	/home/tephra/experiments/int8_const_chain/tc_0008.c	/home/tephra/experiments/int8_const_chain/in_0008	60	0	0	0	1.0000	3044.6167	3034.8654	3054.3679
honggfuzz	/home/tephra/experiments/int8_const_chain/tc_0009.c	/home/tephra/experiments/int8_const_chain/in_0009	60	0	0	0	1.0000	8384.7833	8357.0271	8412.5396
honggfuzz	/home/tephra/experiments/int8_const_chain/tc_0010.c	/home/tephra/experiments/int8_const_chain/in_0010	60	0	0	0	1.0000	13414.8000	13375.0836	13454.5164
libfuzzer	/home/tephra/experiments/int8_const_chain/tc_0001.c	/home/tephra/experiments/int8_const_chain/in_0001	60	0	0	0	1.0000	174.1667	174.0502	174.2831
libfuzzer	/home/tephra/experiments/int8_const_chain/tc_0002.c	/home/tephra/experiments/int8_const_chain/in_0002	60	0	0	0	1.0000	171.7333	171.6272	171.8395
libfuzzer	/home/tephra/experiments/int8_const_chain/tc_0003.c	/home/tephra/experiments/int8_const_chain/in_0003	60	0	0	0	1.0000	186.2667	186.1501	186.3832
libfuzzer	/home/tephra/experiments/int8_const_chain/tc_0004.c	/home/tephra/experiments/int8_const_chain/in_0004	60	0	0	0	1.0000	191.8000	191.6801	191.9199
libfuzzer	/home/tephra/experiments/int8_const_chain/tc_0005.c	/home/tephra/experiments/int8_const_chain/in_0005	60	0	0	0	1.0000	225.9000	225.5065	226.2935
libfuzzer	/home/tephra/experiments/int8_const_chain/tc_0006.c	/home/tephra/experiments/int8_const_chain/in_0006	60	0	0	0	1.0000	199.7833	199.4709	200.0957
libfuzzer	/home/tephra/experiments/int8_const_chain/tc_0007.c	/home/tephra/experiments/int8_const_chain/in_0007	60	0	0	0	1.0000	279.7833	279.0957	280.4709
libfuzzer	/home/tephra/experiments/int8_const_chain/tc_0008.c	/home/tephra/experiments/int8_const_chain/in_0008	60	0	0	0	1.0000	378.8000	377.8390	379.7610
libfuzzer	/home/tephra/experiments/int8_const_chain/tc_0009.c	/home/tephra/experiments/int8_const_chain/in_0009	60	0	0	0	1.0000	402.7500	401.7381	403.7619
libfuzzer	/home/tephra/experiments/int8_const_chain/tc_0010.c	/home/tephra/experiments/int8_const_chain/in_0010	60	0	0	0	1.0000	569.3333	567.7510	570.9156
libfuzzer-entropic	/home/tephra/experiments/int8_const_chain/tc_0001.c	/home/tephra/experiments/int8_const_chain/in_0001	60	0	0	0	1.0000	154.7333	154.6796	154.7871
libfuzzer-entropic	/home/tephra/experiments/int8_const_chain/tc_0002.c	/home/tephra/experiments/int8_const_chain/in_0002	60	0	0	0	1.0000	140.5667	140.4938	140.6395
libfuzzer-entropic	/home/tephra/experiments/int8_const_chain/tc_0003.c	/home/tephra/experiments/int8_const_chain/in_0003	60	0	0	0	1.0000	148.1833	148.0788	148.2878
libfuzzer-entropic	/home/tephra/experiments/int8_const_chain/tc_0004.c	/home/tephra/experiments/int8_const_chain/in_0004	60	0	0	0	1.0000	181.4000	181.1947	181.6053
libfuzzer-entropic	/home/tephra/experiments/int8_const_chain/tc_0005.c	/home/tephra/experiments/int8_const_chain/in_0005	60	0	0	0	1.0000	235.3500	234.9897	235.7103
libfuzzer-entropic	/home/tephra/experiments/int8_const_chain/tc_0006.c	/home/tephra/experiments/int8_const_chain/in_0006	60	0	0	0	1.0000	285.4667	284.7288	286.2046
libfuzzer-entropic	/home/tephra/experiments/int8_const_chain/tc_0007.c	/home/tephra/experiments/int8_const_chain/in_0007	60	0	0	0	1.0000	338.3500	337.6175	339.0825
libfuzzer-entropic	/home/tephra/experiments/int8_const_chain/tc_0008.c	/home/tephra/experiments/int8_const_chain/in_0008	60	0	0	0	1.0000	543.5167	541.8262	545.2072
libfuzzer-entropic	/home/tephra/experiments/int8_const_chain/tc_0009.c	/home/tephra/experiments/int8_const_chain/in_0009	60	0	0	0	1.0000	606.4500	604.2763	608.6237
libfuzzer-entropic	/home/tephra/experiments/int8_const_chain/tc_0010.c	/home/tephra/experiments/int8_const_chain/in_0010	60	0	0	0	1.0000	815.3500	812.1745	818.5255
wingfuzz	/home/tephra/experiments/int8_const_chain/tc_0001.c	/home/tephra/experiments/int8_const_chain/in_0001	60	0	0	0	1.0000	18.6167	18.5616	18.6717
wingfuzz	/home/tephra/experiments/int8_const_chain/tc_0002.c	/home/tephra/experiments/int8_const_chain/in_0002	60	0	0	0	1.0000	20.2833	20.2406	20.3260
wingfuzz	/home/tephra/experiments/int8_const_chain/tc_0003.c	/home/tephra/experiments/int8_const_chain/in_0003	60	0	0	0	1.0000	31.2500	31.1341	31.3659
wingfuzz	/home/tephra/experiments/int8_const_chain/tc_0004.c	/home/tephra/experiments/int8_const_chain/in_0004	60	0	0	0	1.0000	31.8167	31.7177	31.9156
wingfuzz	/home/tephra/experiments/int8_const_chain/tc_0005.c	/home/tephra/experiments/int8_const_chain/in_0005	60	0	0	0	1.0000	58.0500	57.6021	58.4979
wingfuzz	/home/tephra/experiments/int8_const_chain/tc_0006.c	/home/tephra/experiments/int8_const_chain/in_0006	60	0	0	0	1.0000	63.2333	62.7824	63.6842
wingfuzz	/home/tephra/experiments/int8_const_chain/tc_0007.c	/home/tephra/experiments/int8_const_chain/in_0007	60	0	0	0	1.0000	101.0667	100.3930	101.7403
wingfuzz	/home/tephra/experiments/int8_const_chain/tc_0008.c	/home/tephra/experiments/int8_const_chain/in_0008	60	0	0	0	1.0000	150.9000	150.0524	151.7476
wingfuzz	/home/tephra/experiments/int8_const_chain/tc_0009.c	/home/tephra/experiments/int8_const_chain/in_0009	60	0	0	0	1.0000	218.9667	217.4586	220.4747
wingfuzz	/home/tephra/experiments/int8_const_chain/tc_0010.c	/home/tephra/experiments/int8_const_chain/in_0010	60	0	0	0	1.0000	241.6667	240.1914	243.1419
libafl	/home/tephra/experiments/int8_const_chain/tc_0001.c	/home/tephra/experiments/int8_const_chain/in_0001	60	0	0	0	1.0000	9.4167	9.4044	9.4289
libafl	/home/tephra/experiments/int8_const_chain/tc_0002.c	/home/tephra/experiments/int8_const_chain/in_0002	60	0	0	0	1.0000	10.4000	10.3825	10.4175
libafl	/home/tephra/experiments/int8_const_chain/tc_0003.c	/home/tephra/experiments/int8_const_chain/in_0003	60	0	0	0	1.0000	11.7167	11.6977	11.7356
libafl	/home/tephra/experiments/int8_const_chain/tc_0004.c	/home/tephra/experiments/int8_const_chain/in_0004	60	0	0	0	1.0000	11.6333	11.6061	11.6606
libafl	/home/tephra/experiments/int8_const_chain/tc_0005.c	/home/tephra/experiments/int8_const_chain/in_0005	60	0	0	0	1.0000	11.1667	11.1387	11.1946
libafl	/home/tephra/experiments/int8_const_chain/tc_0006.c	/home/tephra/experiments/int8_const_chain/in_0006	60	0	0	0	1.0000	13.8000	13.7706	13.8294
libafl	/home/tephra/experiments/int8_const_chain/tc_0007.c	/home/tephra/experiments/int8_const_chain/in_0007	60	0	0	0	1.0000	13.3500	13.3267	13.3733
libafl	/home/tephra/experiments/int8_const_chain/tc_0008.c	/home/tephra/experiments/int8_const_chain/in_0008	60	0	0	0	1.0000	12.5167	12.4879	12.5454
libafl	/home/tephra/experiments/int8_const_chain/tc_0009.c	/home/tephra/experiments/int8_const_chain/in_0009	60	0	0	0	1.0000	11.0333	11.0121	11.0546
libafl	/home/tephra/experiments/int8_const_chain/tc_0010.c	/home/tephra/experiments/int8_const_chain/in_0010	60	0	0	0	1.0000	10.7167	10.7012	10.7321
libafl-libfuzzer	/home/tephra/experiments/int8_const_chain/tc_0001.c	/home/tephra/experiments/int8_const_chain/in_0001	60	0	0	0	1.0000	116.8667	116.8032	116.9302
libafl-libfuzzer	/home/tephra/experiments/int8_const_chain/tc_0002.c	/home/tephra/experiments/int8_const_chain/in_0002	60	0	0	0	1.0000	141.7500	141.5849	141.9151
libafl-libfuzzer	/home/tephra/experiments/int8_const_chain/tc_0003.c	/home/tephra/experiments/int8_const_chain/in_0003	60	0	0	0	1.0000	416.1333	412.8321	419.4345
libafl-libfuzzer	/home/tephra/experiments/int8_const_chain/tc_0004.c	/home/tephra/experiments/int8_const_chain/in_0004	60	0	0	0	1.0000	355.7667	351.9431	359.5902
libafl-libfuzzer	/home/tephra/experiments/int8_const_chain/tc_0005.c	/home/tephra/experiments/int8_const_chain/in_0005	60	0	0	0	1.0000	1494.2500	1482.3397	1506.1603
libafl-libfuzzer	/home/tephra/experiments/int8_const_chain/tc_0006.c	/home/tephra/experiments/int8_const_chain/in_0006	60	0	0	0	1.0000	3041.1500	3000.7957	3081.5043
libafl-libfuzzer	/home/tephra/experiments/int8_const_chain/tc_0007.c	/home/tephra/experiments/int8_const_chain/in_0007	60	0	0	0	1.0000	4183.5167	4154.3886	4212.6448
libafl-libfuzzer	/home/tephra/experiments/int8_const_chain/tc_0008.c	/home/tephra/experiments/int8_const_chain/in_0008	60	0	0	0	1.0000	7587.0500	7434.0094	7740.0906
libafl-libfuzzer	/home/tephra/experiments/int8_const_chain/tc_0009.c	/home/tephra/experiments/int8_const_chain/in_0009	60	0	0	0	1.0000	11240.7167	11079.5291	11401.9042
libafl-libfuzzer	/home/tephra/experiments/int8_const_chain/tc_0010.c	/home/tephra/experiments/int8_const_chain/in_0010	60	0	0	0	1.0000	6122.4833	6074.3469	6170.6197
ddfuzz	/home/tephra/experiments/int8_const_chain/tc_0001.c	/home/tephra/experiments/int8_const_chain/in_0001	60	0	0	0	1.0000	277.3000	276.8781	277.7219
ddfuzz	/home/tephra/experiments/int8_const_chain/tc_0002.c	/home/tephra/experiments/int8_const_chain/in_0002	60	0	0	0	1.0000	83704.1000	83109.6599	84298.5401
ddfuzz	/home/tephra/experiments/int8_const_chain/tc_0003.c	/home/tephra/experiments/int8_const_chain/in_0003	60	0	0	0	1.0000	5489.5167	5453.8693	5525.1640
ddfuzz	/home/tephra/experiments/int8_const_chain/tc_0004.c	/home/tephra/experiments/int8_const_chain/in_0004	60	0	0	0	1.0000	13138.3167	13039.2378	13237.3955
ddfuzz	/home/tephra/experiments/int8_const_chain/tc_0005.c	/home/tephra/experiments/int8_const_chain/in_0005	60	0	0	0	1.0000	14526.1000	14408.9589	14643.2411
ddfuzz	/home/tephra/experiments/int8_const_chain/tc_0006.c	/home/tephra/experiments/int8_const_chain/in_0006	60	0	0	0	1.0000	30038.3667	29802.1484	30274.5849
ddfuzz	/home/tephra/experiments/int8_const_chain/tc_0007.c	/home/tephra/experiments/int8_const_chain/in_0007	60	0	0	0	1.0000	486448.4500	483139.0390	489757.8610
ddfuzz	/home/tephra/experiments/int8_const_chain/tc_0008.c	/home/tephra/experiments/int8_const_chain/in_0008	60	0	0	0	1.0000	82715.6000	82015.2314	83415.9686
ddfuzz	/home/tephra/experiments/int8_const_chain/tc_0009.c	/home/tephra/experiments/int8_const_chain/in_0009	60	0	0	0	1.0000	87152.4000	86424.8222	87879.9778
ddfuzz	/home/tephra/experiments/int8_const_chain/tc_0010.c	/home/tephra/experiments/int8_const_chain/in_0010	60	0	0	0	1.0000	165129.3500	163608.2870	166650.4130
fairfuzz	/home/tephra/experiments/int8_const_chain/tc_0001.c	/home/tephra/experiments/int8_const_chain/in_0001	60	0	0	0	1.0000	221.3000	221.0896	221.5104
fairfuzz	/home/tephra/experiments/int8_const_chain/tc_0002.c	/home/tephra/experiments/int8_const_chain/in_0002	60	0	0	0	1.0000	634.5667	632.4214	636.7119
fairfuzz	/home/tephra/experiments/int8_const_chain/tc_0003.c	/home/tephra/experiments/int8_const_chain/in_0003	60	0	0	0	1.0000	619.4000	616.7558	622.0442
fairfuzz	/home/tephra/experiments/int8_const_chain/tc_0004.c	/home/tephra/experiments/int8_const_chain/in_0004	60	0	0	0	1.0000	1092.6833	1089.6017	1095.7649
fairfuzz	/home/tephra/experiments/int8_const_chain/tc_0005.c	/home/tephra/experiments/int8_const_chain/in_0005	60	0	0	0	1.0000	1838.7833	1833.8913	1843.6754
fairfuzz	/home/tephra/experiments/int8_const_chain/tc_0006.c	/home/tephra/experiments/int8_const_chain/in_0006	60	0	0	0	1.0000	1847.7167	1842.0896	1853.3438
fairfuzz	/home/tephra/experiments/int8_const_chain/tc_0007.c	/home/tephra/experiments/int8_const_chain/in_0007	60	0	0	0	1.0000	3972.4667	3947.4054	3997.5280
fairfuzz	/home/tephra/experiments/int8_const_chain/tc_0008.c	/home/tephra/experiments/int8_const_chain/in_0008	60	0	0	0	1.0000	2306.0000	2301.5003	2310.4997
fairfuzz	/home/tephra/experiments/int8_const_chain/tc_0009.c	/home/tephra/experiments/int8_const_chain/in_0009	60	0	0	0	1.0000	3613.3000	3595.8211	3630.7789
fairfuzz	/home/tephra/experiments/int8_const_chain/tc_0010.c	/home/tephra/experiments/int8_const_chain/in_0010	60	0	0	0	1.0000	3102.4167	3090.5252	3114.3082
ecofuzz	/home/tephra/experiments/int8_const_chain/tc_0001.c	/home/tephra/experiments/int8_const_chain/in_0001	60	0	0	0	1.0000	219.7667	219.5504	219.9829
ecofuzz	/home/tephra/experiments/int8_const_chain/tc_0002.c	/home/tephra/experiments/int8_const_chain/in_0002	60	0	0	0	1.0000	3523.3500	3496.7095	3549.9905
ecofuzz	/home/tephra/experiments/int8_const_chain/tc_0003.c	/home/tephra/experiments/int8_const_chain/in_0003	60	0	0	0	1.0000	1350.7500	1340.7511	1360.7489
ecofuzz	/home/tephra/experiments/int8_const_chain/tc_0004.c	/home/tephra/experiments/int8_const_chain/in_0004	60	0	0	0	1.0000	9303.4667	9242.7477	9364.1856
ecofuzz	/home/tephra/experiments/int8_const_chain/tc_0005.c	/home/tephra/experiments/int8_const_chain/in_0005	60	0	0	0	1.0000	59034.8833	58830.8448	59238.9219
ecofuzz	/home/tephra/experiments/int8_const_chain/tc_0006.c	/home/tephra/experiments/int8_const_chain/in_0006	60	0	0	0	1.0000	238134.8333	237256.5067	239013.1600
ecofuzz	/home/tephra/experiments/int8_const_chain/tc_0007.c	/home/tephra/experiments/int8_const_chain/in_0007	60	0	0	0	1.0000	60818.2500	60114.4607	61522.0393
ecofuzz	/home/tephra/experiments/int8_const_chain/tc_0008.c	/home/tephra/experiments/int8_const_chain/in_0008	60	0	0	0	1.0000	798358.0000	796158.1924	800557.8076
ecofuzz	/home/tephra/experiments/int8_const_chain/tc_0009.c	/home/tephra/experiments/int8_const_chain/in_0009	60	0	0	0	1.0000	409861.7667	409074.7329	410648.8005
ecofuzz	/home/tephra/experiments/int8_const_chain/tc_0010.c	/home/tephra/experiments/int8_const_chain/in_0010	1	59	0	0	0.0167	-	-	-
fafuzz	/home/tephra/experiments/int8_const_chain/tc_0001.c	/home/tephra/experiments/int8_const_chain/in_0001	60	0	0	0	1.0000	236.7333	236.3102	237.1565
fafuzz	/home/tephra/experiments/int8_const_chain/tc_0002.c	/home/tephra/experiments/int8_const_chain/in_0002	60	0	0	0	1.0000	7070.7000	7025.2986	7116.1014
fafuzz	/home/tephra/experiments/int8_const_chain/tc_0003.c	/home/tephra/experiments/int8_const_chain/in_0003	60	0	0	0	1.0000	11015.5333	10932.4488	11098.6179
fafuzz	/home/tephra/experiments/int8_const_chain/tc_0004.c	/home/tephra/experiments/int8_const_chain/in_0004	60	0	0	0	1.0000	37261.9500	36822.9675	37700.9325
fafuzz	/home/tephra/experiments/int8_const_chain/tc_0005.c	/home/tephra/experiments/int8_const_chain/in_0005	60	0	0	0	1.0000	55308.9000	54731.4760	55886.3240
fafuzz	/home/tephra/experiments/int8_const_chain/tc_0006.c	/home/tephra/experiments/int8_const_chain/in_0006	60	0	0	0	1.0000	51587.3667	51147.1720	52027.5613
fafuzz	/home/tephra/experiments/int8_const_chain/tc_0007.c	/home/tephra/experiments/int8_const_chain/in_0007	60	0	0	0	1.0000	564325.8333	560491.2302	568160.4365
fafuzz	/home/tephra/experiments/int8_const_chain/tc_0008.c	/home/tephra/experiments/int8_const_chain/in_0008	60	0	0	0	1.0000	646350.4500	642341.6478	650359.2522
fafuzz	/home/tephra/experiments/int8_const_chain/tc_0009.c	/home/tephra/experiments/int8_const_chain/in_0009	60	0	0	0	1.0000	211941.7500	210106.1614	213777.3386
fafuzz	/home/tephra/experiments/int8_const_chain/tc_0010.c	/home/tephra/experiments/int8_const_chain/in_0010	60	0	0	0	1.0000	432673.3167	428871.6597	436474.9737
darwin	/home/tephra/experiments/int8_const_chain/tc_0001.c	/home/tephra/experiments/int8_const_chain/in_0001	60	0	0	0	1.0000	252.2167	251.5444	252.8890
darwin	/home/tephra/experiments/int8_const_chain/tc_0002.c	/home/tephra/experiments/int8_const_chain/in_0002	60	0	0	0	1.0000	6119.3833	6076.2206	6162.5460
darwin	/home/tephra/experiments/int8_const_chain/tc_0003.c	/home/tephra/experiments/int8_const_chain/in_0003	60	0	0	0	1.0000	3834.5667	3814.0655	3855.0679
darwin	/home/tephra/experiments/int8_const_chain/tc_0004.c	/home/tephra/experiments/int8_const_chain/in_0004	60	0	0	0	1.0000	3409.6833	3398.5266	3420.8400
darwin	/home/tephra/experiments/int8_const_chain/tc_0005.c	/home/tephra/experiments/int8_const_chain/in_0005	60	0	0	0	1.0000	2135.5667	2133.6015	2137.5318
darwin	/home/tephra/experiments/int8_const_chain/tc_0006.c	/home/tephra/experiments/int8_const_chain/in_0006	60	0	0	0	1.0000	2586.0333	2578.5962	2593.4704
darwin	/home/tephra/experiments/int8_const_chain/tc_0007.c	/home/tephra/experiments/int8_const_chain/in_0007	60	0	0	0	1.0000	183447.7667	181879.6015	185015.9319
darwin	/home/tephra/experiments/int8_const_chain/tc_0008.c	/home/tephra/experiments/int8_const_chain/in_0008	60	0	0	0	1.0000	9060.1500	9032.0259	9088.2741
darwin	/home/tephra/experiments/int8_const_chain/tc_0009.c	/home/tephra/experiments/int8_const_chain/in_0009	60	0	0	0	1.0000	13807.8500	13734.4629	13881.2371
darwin	/home/tephra/experiments/int8_const_chain/tc_0010.c	/home/tephra/experiments/int8_const_chain/in_0010	60	0	0	0	1.0000	16944.7500	16878.2467	17011.2533
afl-clang-fast	/home/tephra/experiments/int8_const_chain/tc_0016.c	/home/tephra/experiments/int8_const_chain/in_0016	1	59	0	0	0.0167	-	-	-
afl-clang-fast	/home/tephra/experiments/int8_const_chain/tc_0032.c	/home/tephra/experiments/int8_const_chain/in_0032	0	60	0	0	0.0000	-	-	-
afl-clang-fast	/home/tephra/experiments/int8_const_chain/tc_0064.c	/home/tephra/experiments/int8_const_chain/in_0064	0	60	0	0	0.0000	-	-	-
afl-clang-fast	/home/tephra/experiments/int8_const_chain/tc_0128.c	/home/tephra/experiments/int8_const_chain/in_0128	0	60	0	0	0.0000	-	-	-
afl-clang-fast	/home/tephra/experiments/int8_const_chain/tc_0256.c	/home/tephra/experiments/int8_const_chain/in_0256	0	60	0	0	0.0000	-	-	-
afl-clang-fast	/home/tephra/experiments/int8_const_chain/tc_0512.c	/home/tephra/experiments/int8_const_chain/in_0512	0	60	0	0	0.0000	-	-	-
afl-clang-fast	/home/tephra/experiments/int8_const_chain/tc_1024.c	/home/tephra/experiments/int8_const_chain/in_1024	0	60	0	0	0.0000	-	-	-
afl-clang-fast	/home/tephra/experiments/int8_const_chain/tc_2048.c	/home/tephra/experiments/int8_const_chain/in_2048	0	60	0	0	0.0000	-	-	-
afl-clang-fast	/home/tephra/experiments/int8_const_chain/tc_4096.c	/home/tephra/experiments/int8_const_chain/in_4096	0	60	0	0	0.0000	-	-	-
afl-libtokencap	/home/tephra/experiments/int8_const_chain/tc_0016.c	/home/tephra/experiments/int8_const_chain/in_0016	2	58	0	0	0.0333	-	-	-
afl-libtokencap	/home/tephra/experiments/int8_const_chain/tc_0032.c	/home/tephra/experiments/int8_const_chain/in_0032	0	60	0	0	0.0000	-	-	-
afl-libtokencap	/home/tephra/experiments/int8_const_chain/tc_0064.c	/home/tephra/experiments/int8_const_chain/in_0064	0	60	0	0	0.0000	-	-	-
afl-libtokencap	/home/tephra/experiments/int8_const_chain/tc_0128.c	/home/tephra/experiments/int8_const_chain/in_0128	0	60	0	0	0.0000	-	-	-
afl-libtokencap	/home/tephra/experiments/int8_const_chain/tc_0256.c	/home/tephra/experiments/int8_const_chain/in_0256	0	60	0	0	0.0000	-	-	-
afl-libtokencap	/home/tephra/experiments/int8_const_chain/tc_0512.c	/home/tephra/experiments/int8_const_chain/in_0512	0	60	0	0	0.0000	-	-	-
afl-libtokencap	/home/tephra/experiments/int8_const_chain/tc_1024.c	/home/tephra/experiments/int8_const_chain/in_1024	0	60	0	0	0.0000	-	-	-
afl-libtokencap	/home/tephra/experiments/int8_const_chain/tc_2048.c	/home/tephra/experiments/int8_const_chain/in_2048	0	60	0	0	0.0000	-	-	-
afl-libtokencap	/home/tephra/experiments/int8_const_chain/tc_4096.c	/home/tephra/experiments/int8_const_chain/in_4096	0	60	0	0	0.0000	-	-	-
libfuzzer	/home/tephra/experiments/int8_const_chain/tc_0016.c	/home/tephra/experiments/int8_const_chain/in_0016	60	0	0	0	1.0000	1683.2000	1678.6638	1687.7362
libfuzzer	/home/tephra/experiments/int8_const_chain/tc_0032.c	/home/tephra/experiments/int8_const_chain/in_0032	60	0	0	0	1.0000	12086.4000	12058.3844	12114.4156
libfuzzer	/home/tephra/experiments/int8_const_chain/tc_0064.c	/home/tephra/experiments/int8_const_chain/in_0064	60	0	0	0	1.0000	98280.3333	98122.4841	98438.1826
libfuzzer	/home/tephra/experiments/int8_const_chain/tc_0128.c	/home/tephra/experiments/int8_const_chain/in_0128	60	0	0	0	1.0000	935135.6167	934017.9422	936253.2911
libfuzzer	/home/tephra/experiments/int8_const_chain/tc_0256.c	/home/tephra/experiments/int8_const_chain/in_0256	0	60	0	0	0.0000	-	-	-
libfuzzer	/home/tephra/experiments/int8_const_chain/tc_0512.c	/home/tephra/experiments/int8_const_chain/in_0512	0	60	0	0	0.0000	-	-	-
libfuzzer	/home/tephra/experiments/int8_const_chain/tc_1024.c	/home/tephra/experiments/int8_const_chain/in_1024	0	60	0	0	0.0000	-	-	-
libfuzzer	/home/tephra/experiments/int8_const_chain/tc_2048.c	/home/tephra/experiments/int8_const_chain/in_2048	0	60	0	0	0.0000	-	-	-
libfuzzer	/home/tephra/experiments/int8_const_chain/tc_4096.c	/home/tephra/experiments/int8_const_chain/in_4096	0	60	0	0	0.0000	-	-	-
libfuzzer-entropic	/home/tephra/experiments/int8_const_chain/tc_0016.c	/home/tephra/experiments/int8_const_chain/in_0016	60	0	0	0	1.0000	2792.4500	2786.5294	2798.3706
libfuzzer-entropic	/home/tephra/experiments/int8_const_chain/tc_0032.c	/home/tephra/experiments/int8_const_chain/in_0032	60	0	0	0	1.0000	15366.1833	15325.6032	15406.7634
libfuzzer-entropic	/home/tephra/experiments/int8_const_chain/tc_0064.c	/home/tephra/experiments/int8_const_chain/in_0064	60	0	0	0	1.0000	108924.7167	108750.7710	109098.6623
libfuzzer-entropic	/home/tephra/experiments/int8_const_chain/tc_0128.c	/home/tephra/experiments/int8_const_chain/in_0128	60	0	0	0	1.0000	589229.4333	588636.7599	589822.1068
libfuzzer-entropic	/home/tephra/experiments/int8_const_chain/tc_0256.c	/home/tephra/experiments/int8_const_chain/in_0256	59	1	0	0	0.9833	2145516.3729	2143262.2467	2147770.4990
libfuzzer-entropic	/home/tephra/experiments/int8_const_chain/tc_0512.c	/home/tephra/experiments/int8_const_chain/in_0512	0	60	0	0	0.0000	-	-	-
libfuzzer-entropic	/home/tephra/experiments/int8_const_chain/tc_1024.c	/home/tephra/experiments/int8_const_chain/in_1024	0	60	0	0	0.0000	-	-	-
libfuzzer-entropic	/home/tephra/experiments/int8_const_chain/tc_2048.c	/home/tephra/experiments/int8_const_chain/in_2048	0	60	0	0	0.0000	-	-	-
libfuzzer-entropic	/home/tephra/experiments/int8_const_chain/tc_4096.c	/home/tephra/experiments/int8_const_chain/in_4096	0	60	0	0	0.0000	-	-	-
afl++	/home/tephra/experiments/int8_const_chain/tc_0016.c	/home/tephra/experiments/int8_const_chain/in_0016	0	60	0	0	0.0000	-	-	-
afl++	/home/tephra/experiments/int8_const_chain/tc_0032.c	/home/tephra/experiments/int8_const_chain/in_0032	0	60	0	0	0.0000	-	-	-
afl++	/home/tephra/experiments/int8_const_chain/tc_0064.c	/home/tephra/experiments/int8_const_chain/in_0064	0	60	0	0	0.0000	-	-	-
afl++	/home/tephra/experiments/int8_const_chain/tc_0128.c	/home/tephra/experiments/int8_const_chain/in_0128	0	60	0	0	0.0000	-	-	-
afl++	/home/tephra/experiments/int8_const_chain/tc_0256.c	/home/tephra/experiments/int8_const_chain/in_0256	0	60	0	0	0.0000	-	-	-
afl++	/home/tephra/experiments/int8_const_chain/tc_0512.c	/home/tephra/experiments/int8_const_chain/in_0512	0	60	0	0	0.0000	-	-	-
afl++	/home/tephra/experiments/int8_const_chain/tc_1024.c	/home/tephra/experiments/int8_const_chain/in_1024	0	60	0	0	0.0000	-	-	-
afl++	/home/tephra/experiments/int8_const_chain/tc_2048.c	/home/tephra/experiments/int8_const_chain/in_2048	0	60	0	0	0.0000	-	-	-
afl++	/home/tephra/experiments/int8_const_chain/tc_4096.c	/home/tephra/experiments/int8_const_chain/in_4096	0	60	0	0	0.0000	-	-	-
afl++-cmplog	/home/tephra/experiments/int8_const_chain/tc_0016.c	/home/tephra/experiments/int8_const_chain/in_0016	0	60	0	0	0.0000	-	-	-
afl++-cmplog	/home/tephra/experiments/int8_const_chain/tc_0032.c	/home/tephra/experiments/int8_const_chain/in_0032	0	60	0	0	0.0000	-	-	-
afl++-cmplog	/home/tephra/experiments/int8_const_chain/tc_0064.c	/home/tephra/experiments/int8_const_chain/in_0064	0	60	0	0	0.0000	-	-	-
afl++-cmplog	/home/tephra/experiments/int8_const_chain/tc_0128.c	/home/tephra/experiments/int8_const_chain/in_0128	0	60	0	0	0.0000	-	-	-
afl++-cmplog	/home/tephra/experiments/int8_const_chain/tc_0256.c	/home/tephra/experiments/int8_const_chain/in_0256	0	60	0	0	0.0000	-	-	-
afl++-cmplog	/home/tephra/experiments/int8_const_chain/tc_0512.c	/home/tephra/experiments/int8_const_chain/in_0512	0	60	0	0	0.0000	-	-	-
afl++-cmplog	/home/tephra/experiments/int8_const_chain/tc_1024.c	/home/tephra/experiments/int8_const_chain/in_1024	0	60	0	0	0.0000	-	-	-
afl++-cmplog	/home/tephra/experiments/int8_const_chain/tc_2048.c	/home/tephra/experiments/int8_const_chain/in_2048	0	60	0	0	0.0000	-	-	-
afl++-cmplog	/home/tephra/experiments/int8_const_chain/tc_4096.c	/home/tephra/experiments/int8_const_chain/in_4096	0	60	0	0	0.0000	-	-	-
afl++-laf	/home/tephra/experiments/int8_const_chain/tc_0016.c	/home/tephra/experiments/int8_const_chain/in_0016	0	60	0	0	0.0000	-	-	-
afl++-laf	/home/tephra/experiments/int8_const_chain/tc_0032.c	/home/tephra/experiments/int8_const_chain/in_0032	0	60	0	0	0.0000	-	-	-
afl++-laf	/home/tephra/experiments/int8_const_chain/tc_0064.c	/home/tephra/experiments/int8_const_chain/in_0064	0	60	0	0	0.0000	-	-	-
afl++-laf	/home/tephra/experiments/int8_const_chain/tc_0128.c	/home/tephra/experiments/int8_const_chain/in_0128	0	60	0	0	0.0000	-	-	-
afl++-laf	/home/tephra/experiments/int8_const_chain/tc_0256.c	/home/tephra/experiments/int8_const_chain/in_0256	0	60	0	0	0.0000	-	-	-
afl++-laf	/home/tephra/experiments/int8_const_chain/tc_0512.c	/home/tephra/experiments/int8_const_chain/in_0512	0	60	0	0	0.0000	-	-	-
afl++-laf	/home/tephra/experiments/int8_const_chain/tc_1024.c	/home/tephra/experiments/int8_const_chain/in_1024	0	60	0	0	0.0000	-	-	-
afl++-laf	/home/tephra/experiments/int8_const_chain/tc_2048.c	/home/tephra/experiments/int8_const_chain/in_2048	0	60	0	0	0.0000	-	-	-
afl++-laf	/home/tephra/experiments/int8_const_chain/tc_4096.c	/home/tephra/experiments/int8_const_chain/in_4096	0	60	0	0	0.0000	-	-	-
afl++-mopt	/home/tephra/experiments/int8_const_chain/tc_0016.c	/home/tephra/experiments/int8_const_chain/in_0016	0	60	0	0	0.0000	-	-	-
afl++-mopt	/home/tephra/experiments/int8_const_chain/tc_0032.c	/home/tephra/experiments/int8_const_chain/in_0032	0	60	0	0	0.0000	-	-	-
afl++-mopt	/home/tephra/experiments/int8_const_chain/tc_0064.c	/home/tephra/experiments/int8_const_chain/in_0064	0	60	0	0	0.0000	-	-	-
afl++-mopt	/home/tephra/experiments/int8_const_chain/tc_0128.c	/home/tephra/experiments/int8_const_chain/in_0128	0	60	0	0	0.0000	-	-	-
afl++-mopt	/home/tephra/experiments/int8_const_chain/tc_0256.c	/home/tephra/experiments/int8_const_chain/in_0256	0	60	0	0	0.0000	-	-	-
afl++-mopt	/home/tephra/experiments/int8_const_chain/tc_0512.c	/home/tephra/experiments/int8_const_chain/in_0512	0	60	0	0	0.0000	-	-	-
afl++-mopt	/home/tephra/experiments/int8_const_chain/tc_1024.c	/home/tephra/experiments/int8_const_chain/in_1024	0	60	0	0	0.0000	-	-	-
afl++-mopt	/home/tephra/experiments/int8_const_chain/tc_2048.c	/home/tephra/experiments/int8_const_chain/in_2048	0	60	0	0	0.0000	-	-	-
afl++-mopt	/home/tephra/experiments/int8_const_chain/tc_4096.c	/home/tephra/experiments/int8_const_chain/in_4096	0	60	0	0	0.0000	-	-	-
honggfuzz	/home/tephra/experiments/int8_const_chain/tc_0016.c	/home/tephra/experiments/int8_const_chain/in_0016	60	0	0	0	1.0000	73562.2167	72782.1870	74342.2464
honggfuzz	/home/tephra/experiments/int8_const_chain/tc_0032.c	/home/tephra/experiments/int8_const_chain/in_0032	58	2	0	0	0.9667	752809.7069	748495.6851	757123.7287
honggfuzz	/home/tephra/experiments/int8_const_chain/tc_0064.c	/home/tephra/experiments/int8_const_chain/in_0064	5	55	0	0	0.0833	-	-	-
honggfuzz	/home/tephra/experiments/int8_const_chain/tc_0128.c	/home/tephra/experiments/int8_const_chain/in_0128	0	60	0	0	0.0000	-	-	-
honggfuzz	/home/tephra/experiments/int8_const_chain/tc_0256.c	/home/tephra/experiments/int8_const_chain/in_0256	0	60	0	0	0.0000	-	-	-
honggfuzz	/home/tephra/experiments/int8_const_chain/tc_0512.c	/home/tephra/experiments/int8_const_chain/in_0512	0	60	0	0	0.0000	-	-	-
honggfuzz	/home/tephra/experiments/int8_const_chain/tc_1024.c	/home/tephra/experiments/int8_const_chain/in_1024	0	60	0	0	0.0000	-	-	-
honggfuzz	/home/tephra/experiments/int8_const_chain/tc_2048.c	/home/tephra/experiments/int8_const_chain/in_2048	0	60	0	0	0.0000	-	-	-
honggfuzz	/home/tephra/experiments/int8_const_chain/tc_4096.c	/home/tephra/experiments/int8_const_chain/in_4096	0	60	0	0	0.0000	-	-	-
wingfuzz	/home/tephra/experiments/int8_const_chain/tc_0016.c	/home/tephra/experiments/int8_const_chain/in_0016	60	0	0	0	1.0000	1200.4333	1193.6714	1207.1952
wingfuzz	/home/tephra/experiments/int8_const_chain/tc_0032.c	/home/tephra/experiments/int8_const_chain/in_0032	60	0	0	0	1.0000	3739.9000	3721.4057	3758.3943
wingfuzz	/home/tephra/experiments/int8_const_chain/tc_0064.c	/home/tephra/experiments/int8_const_chain/in_0064	60	0	0	0	1.0000	36489.2333	36381.4711	36596.9955
wingfuzz	/home/tephra/experiments/int8_const_chain/tc_0128.c	/home/tephra/experiments/int8_const_chain/in_0128	60	0	0	0	1.0000	174616.7000	173835.7427	175397.6573
wingfuzz	/home/tephra/experiments/int8_const_chain/tc_0256.c	/home/tephra/experiments/int8_const_chain/in_0256	48	12	0	0	0.8000	1391429.6875	1388966.5694	1393892.8056
wingfuzz	/home/tephra/experiments/int8_const_chain/tc_0512.c	/home/tephra/experiments/int8_const_chain/in_0512	0	60	0	0	0.0000	-	-	-
wingfuzz	/home/tephra/experiments/int8_const_chain/tc_1024.c	/home/tephra/experiments/int8_const_chain/in_1024	0	60	0	0	0.0000	-	-	-
wingfuzz	/home/tephra/experiments/int8_const_chain/tc_2048.c	/home/tephra/experiments/int8_const_chain/in_2048	0	60	0	0	0.0000	-	-	-
wingfuzz	/home/tephra/experiments/int8_const_chain/tc_4096.c	/home/tephra/experiments/int8_const_chain/in_4096	0	60	0	0	0.0000	-	-	-
libafl	/home/tephra/experiments/int8_const_chain/tc_0016.c	/home/tephra/experiments/int8_const_chain/in_0016	0	60	0	0	0.0000	-	-	-
libafl	/home/tephra/experiments/int8_const_chain/tc_0032.c	/home/tephra/experiments/int8_const_chain/in_0032	0	60	0	0	0.0000	-	-	-
libafl	/home/tephra/experiments/int8_const_chain/tc_0064.c	/home/tephra/experiments/int8_const_chain/in_0064	0	60	0	0	0.0000	-	-	-
libafl	/home/tephra/experiments/int8_const_chain/tc_0128.c	/home/tephra/experiments/int8_const_chain/in_0128	0	60	0	0	0.0000	-	-	-
libafl	/home/tephra/experiments/int8_const_chain/tc_0256.c	/home/tephra/experiments/int8_const_chain/in_0256	0	60	0	0	0.0000	-	-	-
libafl	/home/tephra/experiments/int8_const_chain/tc_0512.c	/home/tephra/experiments/int8_const_chain/in_0512	0	60	0	0	0.0000	-	-	-
libafl	/home/tephra/experiments/int8_const_chain/tc_1024.c	/home/tephra/experiments/int8_const_chain/in_1024	0	60	0	0	0.0000	-	-	-
libafl	/home/tephra/experiments/int8_const_chain/tc_2048.c	/home/tephra/experiments/int8_const_chain/in_2048	0	60	0	0	0.0000	-	-	-
libafl	/home/tephra/experiments/int8_const_chain/tc_4096.c	/home/tephra/experiments/int8_const_chain/in_4096	0	60	0	0	0.0000	-	-	-
libafl-libfuzzer	/home/tephra/experiments/int8_const_chain/tc_0016.c	/home/tephra/experiments/int8_const_chain/in_0016	60	0	0	0	1.0000	21623.2667	21436.9008	21809.6325
libafl-libfuzzer	/home/tephra/experiments/int8_const_chain/tc_0032.c	/home/tephra/experiments/int8_const_chain/in_0032	60	0	0	0	1.0000	287250.1833	284425.4083	290074.9584
libafl-libfuzzer	/home/tephra/experiments/int8_const_chain/tc_0064.c	/home/tephra/experiments/int8_const_chain/in_0064	51	9	0	0	0.8500	1016498.0784	1008144.5280	1024851.6289
libafl-libfuzzer	/home/tephra/experiments/int8_const_chain/tc_0128.c	/home/tephra/experiments/int8_const_chain/in_0128	0	60	0	0	0.0000	-	-	-
libafl-libfuzzer	/home/tephra/experiments/int8_const_chain/tc_0256.c	/home/tephra/experiments/int8_const_chain/in_0256	0	60	0	0	0.0000	-	-	-
libafl-libfuzzer	/home/tephra/experiments/int8_const_chain/tc_0512.c	/home/tephra/experiments/int8_const_chain/in_0512	0	60	0	0	0.0000	-	-	-
libafl-libfuzzer	/home/tephra/experiments/int8_const_chain/tc_1024.c	/home/tephra/experiments/int8_const_chain/in_1024	0	60	0	0	0.0000	-	-	-
libafl-libfuzzer	/home/tephra/experiments/int8_const_chain/tc_2048.c	/home/tephra/experiments/int8_const_chain/in_2048	0	60	0	0	0.0000	-	-	-
libafl-libfuzzer	/home/tephra/experiments/int8_const_chain/tc_4096.c	/home/tephra/experiments/int8_const_chain/in_4096	0	60	0	0	0.0000	-	-	-
ddfuzz	/home/tephra/experiments/int8_const_chain/tc_0016.c	/home/tephra/experiments/int8_const_chain/in_0016	34	26	0	0	0.5667	1079225.7647	1068012.4459	1090439.0835
ddfuzz	/home/tephra/experiments/int8_const_chain/tc_0032.c	/home/tephra/experiments/int8_const_chain/in_0032	39	21	0	0	0.6500	1316527.2564	1305813.9898	1327240.5230
ddfuzz	/home/tephra/experiments/int8_const_chain/tc_0064.c	/home/tephra/experiments/int8_const_chain/in_0064	15	45	0	0	0.2500	-	-	-
ddfuzz	/home/tephra/experiments/int8_const_chain/tc_0128.c	/home/tephra/experiments/int8_const_chain/in_0128	0	60	0	0	0.0000	-	-	-
ddfuzz	/home/tephra/experiments/int8_const_chain/tc_0256.c	/home/tephra/experiments/int8_const_chain/in_0256	0	60	0	0	0.0000	-	-	-
ddfuzz	/home/tephra/experiments/int8_const_chain/tc_0512.c	/home/tephra/experiments/int8_const_chain/in_0512	0	60	0	0	0.0000	-	-	-
ddfuzz	/home/tephra/experiments/int8_const_chain/tc_1024.c	/home/tephra/experiments/int8_const_chain/in_1024	0	60	0	0	0.0000	-	-	-
ddfuzz	/home/tephra/experiments/int8_const_chain/tc_2048.c	/home/tephra/experiments/int8_const_chain/in_2048	0	60	0	0	0.0000	-	-	-
ddfuzz	/home/tephra/experiments/int8_const_chain/tc_4096.c	/home/tephra/experiments/int8_const_chain/in_4096	0	60	0	0	0.0000	-	-	-
fairfuzz	/home/tephra/experiments/int8_const_chain/tc_0016.c	/home/tephra/experiments/int8_const_chain/in_0016	60	0	0	0	1.0000	6972.2000	6939.2266	7005.1734
fairfuzz	/home/tephra/experiments/int8_const_chain/tc_0032.c	/home/tephra/experiments/int8_const_chain/in_0032	60	0	0	0	1.0000	12513.6333	12468.9398	12558.3269
fairfuzz	/home/tephra/experiments/int8_const_chain/tc_0064.c	/home/tephra/experiments/int8_const_chain/in_0064	60	0	0	0	1.0000	43258.7833	43156.3677	43361.1990
fairfuzz	/home/tephra/experiments/int8_const_chain/tc_0128.c	/home/tephra/experiments/int8_const_chain/in_0128	60	0	0	0	1.0000	209438.7500	208771.7818	210105.7182
fairfuzz	/home/tephra/experiments/int8_const_chain/tc_0256.c	/home/tephra/experiments/int8_const_chain/in_0256	0	60	0	0	0.0000	-	-	-
fairfuzz	/home/tephra/experiments/int8_const_chain/tc_0512.c	/home/tephra/experiments/int8_const_chain/in_0512	0	60	0	0	0.0000	-	-	-
fairfuzz	/home/tephra/experiments/int8_const_chain/tc_1024.c	/home/tephra/experiments/int8_const_chain/in_1024	0	60	0	0	0.0000	-	-	-
fairfuzz	/home/tephra/experiments/int8_const_chain/tc_2048.c	/home/tephra/experiments/int8_const_chain/in_2048	0	60	0	0	0.0000	-	-	-
fairfuzz	/home/tephra/experiments/int8_const_chain/tc_4096.c	/home/tephra/experiments/int8_const_chain/in_4096	0	60	0	0	0.0000	-	-	-
ecofuzz	/home/tephra/experiments/int8_const_chain/tc_0016.c	/home/tephra/experiments/int8_const_chain/in_0016	2	58	0	0	0.0333	-	-	-
ecofuzz	/home/tephra/experiments/int8_const_chain/tc_0032.c	/home/tephra/experiments/int8_const_chain/in_0032	0	60	0	0	0.0000	-	-	-
ecofuzz	/home/tephra/experiments/int8_const_chain/tc_0064.c	/home/tephra/experiments/int8_const_chain/in_0064	0	60	0	0	0.0000	-	-	-
ecofuzz	/home/tephra/experiments/int8_const_chain/tc_0128.c	/home/tephra/experiments/int8_const_chain/in_0128	0	60	0	0	0.0000	-	-	-
ecofuzz	/home/tephra/experiments/int8_const_chain/tc_0256.c	/home/tephra/experiments/int8_const_chain/in_0256	0	60	0	0	0.0000	-	-	-
ecofuzz	/home/tephra/experiments/int8_const_chain/tc_0512.c	/home/tephra/experiments/int8_const_chain/in_0512	0	60	0	0	0.0000	-	-	-
ecofuzz	/home/tephra/experiments/int8_const_chain/tc_1024.c	/home/tephra/experiments/int8_const_chain/in_1024	0	60	0	0	0.0000	-	-	-
ecofuzz	/home/tephra/experiments/int8_const_chain/tc_2048.c	/home/tephra/experiments/int8_const_chain/in_2048	0	60	0	0	0.0000	-	-	-
ecofuzz	/home/tephra/experiments/int8_const_chain/tc_4096.c	/home/tephra/experiments/int8_const_chain/in_4096	0	60	0	0	0.0000	-	-	-
fafuzz	/home/tephra/experiments/int8_const_chain/tc_0016.c	/home/tephra/experiments/int8_const_chain/in_0016	8	52	0	0	0.1333	-	-	-
fafuzz	/home/tephra/experiments/int8_const_chain/tc_0032.c	/home/tephra/experiments/int8_const_chain/in_0032	6	54	0	0	0.1000	-	-	-
fafuzz	/home/tephra/experiments/int8_const_chain/tc_0064.c	/home/tephra/experiments/int8_const_chain/in_0064	1	59	0	0	0.0167	-	-	-
fafuzz	/home/tephra/experiments/int8_const_chain/tc_0128.c	/home/tephra/experiments/int8_const_chain/in_0128	0	60	0	0	0.0000	-	-	-
fafuzz	/home/tephra/experiments/int8_const_chain/tc_0256.c	/home/tephra/experiments/int8_const_chain/in_0256	0	60	0	0	0.0000	-	-	-
fafuzz	/home/tephra/experiments/int8_const_chain/tc_0512.c	/home/tephra/experiments/int8_const_chain/in_0512	0	60	0	0	0.0000	-	-	-
fafuzz	/home/tephra/experiments/int8_const_chain/tc_1024.c	/home/tephra/experiments/int8_const_chain/in_1024	0	60	0	0	0.0000	-	-	-
fafuzz	/home/tephra/experiments/int8_const_chain/tc_2048.c	/home/tephra/experiments/int8_const_chain/in_2048	0	60	0	0	0.0000	-	-	-
fafuzz	/home/tephra/experiments/int8_const_chain/tc_4096.c	/home/tephra/experiments/int8_const_chain/in_4096	0	60	0	0	0.0000	-	-	-
darwin	/home/tephra/experiments/int8_const_chain/tc_0016.c	/home/tephra/experiments/int8_const_chain/in_0016	18	42	0	0	0.3000	-	-	-
darwin	/home/tephra/experiments/int8_const_chain/tc_0032.c	/home/tephra/experiments/int8_const_chain/in_0032	7	53	0	0	0.1167	-	-	-
darwin	/home/tephra/experiments/int8_const_chain/tc_0064.c	/home/tephra/experiments/int8_const_chain/in_0064	60	0	0	0	1.0000	625874.9000	623977.7199	627772.0801
darwin	/home/tephra/experiments/int8_const_chain/tc_0128.c	/home/tephra/experiments/int8_const_chain/in_0128	0	60	0	0	0.0000	-	-	-
darwin	/home/tephra/experiments/int8_const_chain/tc_0256.c	/home/tephra/experiments/int8_const_chain/in_0256	0	60	0	0	0.0000	-	-	-
darwin	/home/tephra/experiments/int8_const_chain/tc_0512.c	/home/tephra/experiments/int8_const_chain/in_0512	0	60	0	0	0.0000	-	-	-
darwin	/home/tephra/experiments/int8_const_chain/tc_1024.c	/home/tephra/experiments/int8_const_chain/in_1024	0	60	0	0	0.0000	-	-	-
darwin	/home/tephra/experiments/int8_const_chain/tc_2048.c	/home/tephra/experiments/int8_const_chain/in_2048	0	60	0	0	0.0000	-	-	-
darwin	/home/tephra/experiments/int8_const_chain/tc_4096.c	/home/tephra/experiments/int8_const_chain/in_4096	0	60	0	0	0.0000	-	-	-
angora	/home/tephra/experiments/int8_const_chain/tc_0011.c	/home/tephra/experiments/int8_const_chain/in_0011	60	0	0	0	1.0000	18067.3000	17884.8356	18249.7644
angora	/home/tephra/experiments/int8_const_chain/tc_0012.c	/home/tephra/experiments/int8_const_chain/in_0012	60	0	0	0	1.0000	25990.4667	25719.0456	26261.8877
angora	/home/tephra/experiments/int8_const_chain/tc_0013.c	/home/tephra/experiments/int8_const_chain/in_0013	60	0	0	0	1.0000	31192.3167	30867.4830	31517.1503
angora	/home/tephra/experiments/int8_const_chain/tc_0014.c	/home/tephra/experiments/int8_const_chain/in_0014	60	0	0	0	1.0000	31942.8667	31644.4895	32241.2438
angora	/home/tephra/experiments/int8_const_chain/tc_0015.c	/home/tephra/experiments/int8_const_chain/in_0015	59	0	0	1	0.9833	29071.8136	28757.4692	29386.1579
angora	/home/tephra/experiments/int8_const_chain/tc_0016.c	/home/tephra/experiments/int8_const_chain/in_0016	60	0	0	0	1.0000	10608.1833	10550.0706	10666.2961
angora	/home/tephra/experiments/int8_const_chain/tc_0032.c	/home/tephra/experiments/int8_const_chain/in_0032	60	0	0	0	1.0000	10176.4000	10151.8368	10200.9632
angora	/home/tephra/experiments/int8_const_chain/tc_0064.c	/home/tephra/experiments/int8_const_chain/in_0064	60	0	0	0	1.0000	26972.3667	26846.7193	27098.0141
angora	/home/tephra/experiments/int8_const_chain/tc_0128.c	/home/tephra/experiments/int8_const_chain/in_0128	60	0	0	0	1.0000	95868.8333	95332.7199	96404.9467
angora	/home/tephra/experiments/int8_const_chain/tc_0256.c	/home/tephra/experiments/int8_const_chain/in_0256	59	0	0	1	0.9833	133334.3559	132881.0071	133787.7048
angora	/home/tephra/experiments/int8_const_chain/tc_0512.c	/home/tephra/experiments/int8_const_chain/in_0512	60	0	0	0	1.0000	315897.7833	314600.8230	317194.7436
angora	/home/tephra/experiments/int8_const_chain/tc_1024.c	/home/tephra/experiments/int8_const_chain/in_1024	60	0	0	0	1.0000	559772.5667	558546.0663	560999.0670
angora	/home/tephra/experiments/int8_const_chain/tc_2048.c	/home/tephra/experiments/int8_const_chain/in_2048	60	0	0	0	1.0000	1159963.4500	1159420.5354	1160506.3646
angora	/home/tephra/experiments/int8_const_chain/tc_4096.c	/home/tephra/experiments/int8_const_chain/in_4096	58	2	0	0	0.9667	1965220.8448	1960580.8033	1969860.8863
angora-mb	/home/tephra/experiments/int8_const_chain/tc_0011.c	/home/tephra/experiments/int8_const_chain/in_0011	60	0	0	0	1.0000	4815.1167	4801.3208	4828.9125
angora-mb	/home/tephra/experiments/int8_const_chain/tc_0012.c	/home/tephra/experiments/int8_const_chain/in_0012	59	0	0	1	0.9833	7257.4746	7230.8532	7284.0959
angora-mb	/home/tephra/experiments/int8_const_chain/tc_0013.c	/home/tephra/experiments/int8_const_chain/in_0013	60	0	0	0	1.0000	8308.9000	8278.8216	8338.9784
angora-mb	/home/tephra/experiments/int8_const_chain/tc_0014.c	/home/tephra/experiments/int8_const_chain/in_0014	60	0	0	0	1.0000	9731.4000	9691.2795	9771.5205
angora-mb	/home/tephra/experiments/int8_const_chain/tc_0015.c	/home/tephra/experiments/int8_const_chain/in_0015	59	0	0	1	0.9833	8794.3390	8769.3683	8819.3097
angora-mb	/home/tephra/experiments/int8_const_chain/tc_0016.c	/home/tephra/experiments/int8_const_chain/in_0016	60	0	0	0	1.0000	9250.4667	9228.4212	9272.5121
angora-mb	/home/tephra/experiments/int8_const_chain/tc_0032.c	/home/tephra/experiments/int8_const_chain/in_0032	60	0	0	0	1.0000	19059.7167	19004.5007	19114.9326
angora-mb	/home/tephra/experiments/int8_const_chain/tc_0064.c	/home/tephra/experiments/int8_const_chain/in_0064	60	0	0	0	1.0000	32304.6333	32245.4862	32363.7805
angora-mb	/home/tephra/experiments/int8_const_chain/tc_0128.c	/home/tephra/experiments/int8_const_chain/in_0128	60	0	0	0	1.0000	81939.2000	81653.3284	82225.0716
angora-mb	/home/tephra/experiments/int8_const_chain/tc_0256.c	/home/tephra/experiments/int8_const_chain/in_0256	60	0	0	0	1.0000	159940.4500	159485.9393	160394.9607
angora-mb	/home/tephra/experiments/int8_const_chain/tc_0512.c	/home/tephra/experiments/int8_const_chain/in_0512	60	0	0	0	1.0000	301718.4333	300968.1911	302468.6756
angora-mb	/home/tephra/experiments/int8_const_chain/tc_1024.c	/home/tephra/experiments/int8_const_chain/in_1024	60	0	0	0	1.0000	564047.4500	563964.1080	564130.7920
angora-mb	/home/tephra/experiments/int8_const_chain/tc_2048.c	/home/tephra/experiments/int8_const_chain/in_2048	60	0	0	0	1.0000	1187140.7333	1185190.8438	1189090.6228
angora-mb	/home/tephra/experiments/int8_const_chain/tc_4096.c	/home/tephra/experiments/int8_const_chain/in_4096	60	0	0	0	1.0000	1742223.8333	1737283.1587	1747164.5080
angora-random	/home/tephra/experiments/int8_const_chain/tc_0011.c	/home/tephra/experiments/int8_const_chain/in_0011	60	0	0	0	1.0000	7840.0667	7814.3292	7865.8041
angora-random	/home/tephra/experiments/int8_const_chain/tc_0012.c	/home/tephra/experiments/int8_const_chain/in_0012	60	0	0	0	1.0000	9676.6000	9652.3109	9700.8891
angora-random	/home/tephra/experiments/int8_const_chain/tc_0013.c	/home/tephra/experiments/int8_const_chain/in_0013	60	0	0	0	1.0000	9576.0333	9547.3271	9604.7395
angora-random	/home/tephra/experiments/int8_const_chain/tc_0014.c	/home/tephra/experiments/int8_const_chain/in_0014	60	0	0	0	1.0000	8555.7167	8533.1716	8578.2617
angora-random	/home/tephra/experiments/int8_const_chain/tc_0015.c	/home/tephra/experiments/int8_const_chain/in_0015	60	0	0	0	1.0000	13693.4667	13652.4483	13734.4850
angora-random	/home/tephra/experiments/int8_const_chain/tc_0016.c	/home/tephra/experiments/int8_const_chain/in_0016	59	0	0	1	0.9833	11552.1695	11518.6723	11585.6666
angora-random	/home/tephra/experiments/int8_const_chain/tc_0032.c	/home/tephra/experiments/int8_const_chain/in_0032	60	0	0	0	1.0000	24405.0500	24330.7726	24479.3274
angora-random	/home/tephra/experiments/int8_const_chain/tc_0064.c	/home/tephra/experiments/int8_const_chain/in_0064	60	0	0	0	1.0000	35839.8667	35735.7596	35943.9738
angora-random	/home/tephra/experiments/int8_const_chain/tc_0128.c	/home/tephra/experiments/int8_const_chain/in_0128	60	0	0	0	1.0000	64022.0333	63855.9480	64188.1186
angora-random	/home/tephra/experiments/int8_const_chain/tc_0256.c	/home/tephra/experiments/int8_const_chain/in_0256	60	0	0	0	1.0000	139437.2833	139236.0473	139638.5194
angora-random	/home/tephra/experiments/int8_const_chain/tc_0512.c	/home/tephra/experiments/int8_const_chain/in_0512	60	0	0	0	1.0000	287099.6500	286777.1796	287422.1204
angora-random	/home/tephra/experiments/int8_const_chain/tc_1024.c	/home/tephra/experiments/int8_const_chain/in_1024	60	0	0	0	1.0000	561744.1833	561400.2516	562088.1150
angora-random	/home/tephra/experiments/int8_const_chain/tc_2048.c	/home/tephra/experiments/int8_const_chain/in_2048	60	0	0	0	1.0000	863404.1333	861814.5072	864993.7595
angora-random	/home/tephra/experiments/int8_const_chain/tc_4096.c	/home/tephra/experiments/int8_const_chain/in_4096	60	0	0	0	1.0000	1286290.1500	1282783.9944	1289796.3056
aflgo	/home/tephra/experiments/int8_const_chain/tc_0001.c	/home/tephra/experiments/int8_const_chain/in_0001	60	0	0	0	1.0000	256.9500	256.3275	257.5725
aflgo	/home/tephra/experiments/int8_const_chain/tc_0002.c	/home/tephra/experiments/int8_const_chain/in_0002	60	0	0	0	1.0000	12446.6333	12338.3036	12554.9630
aflgo	/home/tephra/experiments/int8_const_chain/tc_0003.c	/home/tephra/experiments/int8_const_chain/in_0003	21	39	0	0	0.3500	-	-	-
aflgo	/home/tephra/experiments/int8_const_chain/tc_0004.c	/home/tephra/experiments/int8_const_chain/in_0004	1	59	0	0	0.0167	-	-	-
aflgo	/home/tephra/experiments/int8_const_chain/tc_0005.c	/home/tephra/experiments/int8_const_chain/in_0005	0	60	0	0	0.0000	-	-	-
aflgo	/home/tephra/experiments/int8_const_chain/tc_0006.c	/home/tephra/experiments/int8_const_chain/in_0006	0	60	0	0	0.0000	-	-	-
aflgo	/home/tephra/experiments/int8_const_chain/tc_0007.c	/home/tephra/experiments/int8_const_chain/in_0007	0	60	0	0	0.0000	-	-	-
aflgo	/home/tephra/experiments/int8_const_chain/tc_0008.c	/home/tephra/experiments/int8_const_chain/in_0008	0	60	0	0	0.0000	-	-	-
aflgo	/home/tephra/experiments/int8_const_chain/tc_0009.c	/home/tephra/experiments/int8_const_chain/in_0009	0	60	0	0	0.0000	-	-	-
aflgo	/home/tephra/experiments/int8_const_chain/tc_0010.c	/home/tephra/experiments/int8_const_chain/in_0010	0	60	0	0	0.0000	-	-	-
afl++-qemu-cmplog	/home/tephra/experiments/int8_const_chain/tc_0001.c	/home/tephra/experiments/int8_const_chain/in_0001	60	0	0	0	1.0000	309.7833	309.6366	309.9301
afl++-qemu-cmplog	/home/tephra/experiments/int8_const_chain/tc_0002.c	/home/tephra/experiments/int8_const_chain/in_0002	60	0	0	0	1.0000	1045.9167	1039.6452	1052.1881
afl++-qemu-cmplog	/home/tephra/experiments/int8_const_chain/tc_0003.c	/home/tephra/experiments/int8_const_chain/in_0003	60	0	0	0	1.0000	1484.9667	1478.3813	1491.5520
afl++-qemu-cmplog	/home/tephra/experiments/int8_const_chain/tc_0004.c	/home/tephra/experiments/int8_const_chain/in_0004	0	60	0	0	0.0000	-	-	-
afl++-qemu-cmplog	/home/tephra/experiments/int8_const_chain/tc_0005.c	/home/tephra/experiments/int8_const_chain/in_0005	0	60	0	0	0.0000	-	-	-
afl++-qemu-cmplog	/home/tephra/experiments/int8_const_chain/tc_0006.c	/home/tephra/experiments/int8_const_chain/in_0006	0	60	0	0	0.0000	-	-	-
afl++-qemu-cmplog	/home/tephra/experiments/int8_const_chain/tc_0007.c	/home/tephra/experiments/int8_const_chain/in_0007	0	60	0	0	0.0000	-	-	-
afl++-qemu-cmplog	/home/tephra/experiments/int8_const_chain/tc_0008.c	/home/tephra/experiments/int8_const_chain/in_0008	0	60	0	0	0.0000	-	-	-
afl++-qemu-cmplog	/home/tephra/experiments/int8_const_chain/tc_0009.c	/home/tephra/experiments/int8_const_chain/in_0009	0	60	0	0	0.0000	-	-	-
afl++-qemu-cmplog	/home/tephra/experiments/int8_const_chain/tc_0010.c	/home/tephra/experiments/int8_const_chain/in_0010	0	60	0	0	0.0000	-	-	-
afl++-qemu-compcov	/home/tephra/experiments/int8_const_chain/tc_0001.c	/home/tephra/experiments/int8_const_chain/in_0001	60	0	0	0	1.0000	309.6167	309.5832	309.6501
afl++-qemu-compcov	/home/tephra/experiments/int8_const_chain/tc_0002.c	/home/tephra/experiments/int8_const_chain/in_0002	60	0	0	0	1.0000	1235.1667	1227.2239	1243.1095
afl++-qemu-compcov	/home/tephra/experiments/int8_const_chain/tc_0003.c	/home/tephra/experiments/int8_const_chain/in_0003	60	0	0	0	1.0000	2642.1333	2622.6717	2661.5950
afl++-qemu-compcov	/home/tephra/experiments/int8_const_chain/tc_0004.c	/home/tephra/experiments/int8_const_chain/in_0004	60	0	0	0	1.0000	9768.4833	9700.4446	9836.5221
afl++-qemu-compcov	/home/tephra/experiments/int8_const_chain/tc_0005.c	/home/tephra/experiments/int8_const_chain/in_0005	60	0	0	0	1.0000	17194.3000	17095.0621	17293.5379
afl++-qemu-compcov	/home/tephra/experiments/int8_const_chain/tc_0006.c	/home/tephra/experiments/int8_const_chain/in_0006	60	0	0	0	1.0000	26183.7833	26034.6181	26332.9486
afl++-qemu-compcov	/home/tephra/experiments/int8_const_chain/tc_0007.c	/home/tephra/experiments/int8_const_chain/in_0007	60	0	0	0	1.0000	42160.4667	41912.8678	42408.0656
afl++-qemu-compcov	/home/tephra/experiments/int8_const_chain/tc_0008.c	/home/tephra/experiments/int8_const_chain/in_0008	60	0	0	0	1.0000	83586.2833	83215.3222	83957.2445
afl++-qemu-compcov	/home/tephra/experiments/int8_const_chain/tc_0009.c	/home/tephra/experiments/int8_const_chain/in_0009	60	0	0	0	1.0000	82579.0167	82172.7271	82985.3062
afl++-qemu-compcov	/home/tephra/experiments/int8_const_chain/tc_0010.c	/home/tephra/experiments/int8_const_chain/in_0010	60	0	0	0	1.0000	116882.1167	116399.6610	117364.5723
honggfuzz-qemu	/home/tephra/experiments/int8_const_chain/tc_0001.c	/home/tephra/experiments/int8_const_chain/in_0001	60	0	0	0	1.0000	3667.6500	3642.8196	3692.4804
honggfuzz-qemu	/home/tephra/experiments/int8_const_chain/tc_0002.c	/home/tephra/experiments/int8_const_chain/in_0002	60	0	0	0	1.0000	14454.5333	14352.1596	14556.9071
honggfuzz-qemu	/home/tephra/experiments/int8_const_chain/tc_0003.c	/home/tephra/experiments/int8_const_chain/in_0003	60	0	0	0	1.0000	50414.9667	50034.2354	50795.6979
honggfuzz-qemu	/home/tephra/experiments/int8_const_chain/tc_0004.c	/home/tephra/experiments/int8_const_chain/in_0004	60	0	0	0	1.0000	117201.6833	116557.7252	117845.6415
honggfuzz-qemu	/home/tephra/experiments/int8_const_chain/tc_0005.c	/home/tephra/experiments/int8_const_chain/in_0005	60	0	0	0	1.0000	262208.6833	260179.6015	264237.7652
honggfuzz-qemu	/home/tephra/experiments/int8_const_chain/tc_0006.c	/home/tephra/experiments/int8_const_chain/in_0006	60	0	0	0	1.0000	533062.1333	529947.1993	536177.0673
honggfuzz-qemu	/home/tephra/experiments/int8_const_chain/tc_0007.c	/home/tephra/experiments/int8_const_chain/in_0007	60	0	0	0	1.0000	767572.1500	763031.3428	772112.9572
honggfuzz-qemu	/home/tephra/experiments/int8_const_chain/tc_0008.c	/home/tephra/experiments/int8_const_chain/in_0008	59	1	0	0	0.9833	741652.8475	738051.5169	745254.1781
honggfuzz-qemu	/home/tephra/experiments/int8_const_chain/tc_0009.c	/home/tephra/experiments/int8_const_chain/in_0009	59	1	0	0	0.9833	964107.3051	959372.9635	968841.6467
honggfuzz-qemu	/home/tephra/experiments/int8_const_chain/tc_0010.c	/home/tephra/experiments/int8_const_chain/in_0010	59	1	0	0	0.9833	1483805.4068	1477637.8981	1489972.9154
dataflow	/home/tephra/experiments/int8_const_chain/tc_0001.c	/home/tephra/experiments/int8_const_chain/in_0001	60	0	0	0	1.0000	2347.8333	2346.4807	2349.1859
dataflow	/home/tephra/experiments/int8_const_chain/tc_0002.c	/home/tephra/experiments/int8_const_chain/in_0002	60	0	0	0	1.0000	10172.3500	10115.6988	10229.0012
dataflow	/home/tephra/experiments/int8_const_chain/tc_0003.c	/home/tephra/experiments/int8_const_chain/in_0003	24	36	0	0	0.4000	-	-	-
dataflow	/home/tephra/experiments/int8_const_chain/tc_0004.c	/home/tephra/experiments/int8_const_chain/in_0004	1	59	0	0	0.0167	-	-	-
dataflow	/home/tephra/experiments/int8_const_chain/tc_0005.c	/home/tephra/experiments/int8_const_chain/in_0005	0	60	0	0	0.0000	-	-	-
dataflow	/home/tephra/experiments/int8_const_chain/tc_0006.c	/home/tephra/experiments/int8_const_chain/in_0006	0	60	0	0	0.0000	-	-	-
dataflow	/home/tephra/experiments/int8_const_chain/tc_0007.c	/home/tephra/experiments/int8_const_chain/in_0007	0	60	0	0	0.0000	-	-	-
dataflow	/home/tephra/experiments/int8_const_chain/tc_0008.c	/home/tephra/experiments/int8_const_chain/in_0008	0	60	0	0	0.0000	-	-	-
dataflow	/home/tephra/experiments/int8_const_chain/tc_0009.c	/home/tephra/experiments/int8_const_chain/in_0009	0	60	0	0	0.0000	-	-	-
dataflow	/home/tephra/experiments/int8_const_chain/tc_0010.c	/home/tephra/experiments/int8_const_chain/in_0010	0	60	0	0	0.0000	-	-	-
klee	/home/tephra/experiments/int8_const_chain/tc_0001.c	/home/tephra/experiments/int8_const_chain/in_0001	60	0	0	0	1.0000	662.5167	662.2107	662.8226
klee	/home/tephra/experiments/int8_const_chain/tc_0002.c	/home/tephra/experiments/int8_const_chain/in_0002	60	0	0	0	1.0000	698.8000	698.6515	698.9485
klee	/home/tephra/experiments/int8_const_chain/tc_0003.c	/home/tephra/experiments/int8_const_chain/in_0003	60	0	0	0	1.0000	724.1167	723.9771	724.2562
klee	/home/tephra/experiments/int8_const_chain/tc_0004.c	/home/tephra/experiments/int8_const_chain/in_0004	60	0	0	0	1.0000	746.5167	746.3690	746.6643
klee	/home/tephra/experiments/int8_const_chain/tc_0005.c	/home/tephra/experiments/int8_const_chain/in_0005	60	0	0	0	1.0000	776.7000	776.5263	776.8737
klee	/home/tephra/experiments/int8_const_chain/tc_0006.c	/home/tephra/experiments/int8_const_chain/in_0006	60	0	0	0	1.0000	801.3667	801.1948	801.5385
klee	/home/tephra/experiments/int8_const_chain/tc_0007.c	/home/tephra/experiments/int8_const_chain/in_0007	60	0	0	0	1.0000	821.7667	821.6168	821.9166
klee	/home/tephra/experiments/int8_const_chain/tc_0008.c	/home/tephra/experiments/int8_const_chain/in_0008	60	0	0	0	1.0000	855.8500	855.6757	856.0243
klee	/home/tephra/experiments/int8_const_chain/tc_0009.c	/home/tephra/experiments/int8_const_chain/in_0009	60	0	0	0	1.0000	881.1000	880.9198	881.2802
klee	/home/tephra/experiments/int8_const_chain/tc_0010.c	/home/tephra/experiments/int8_const_chain/in_0010	60	0	0	0	1.0000	914.7333	914.5873	914.8793
symcc	/home/tephra/experiments/int8_const_chain/tc_0001.c	/home/tephra/experiments/int8_const_chain/in_0001	60	0	0	0	1.0000	1832.1500	1829.6285	1834.6715
symcc	/home/tephra/experiments/int8_const_chain/tc_0002.c	/home/tephra/experiments/int8_const_chain/in_0002	60	0	0	0	1.0000	3261.7167	3259.0203	3264.4130
symcc	/home/tephra/experiments/int8_const_chain/tc_0003.c	/home/tephra/experiments/int8_const_chain/in_0003	60	0	0	0	1.0000	10111.6333	10094.9972	10128.2694
symcc	/home/tephra/experiments/int8_const_chain/tc_0004.c	/home/tephra/experiments/int8_const_chain/in_0004	60	0	0	0	1.0000	23518.8833	23479.6560	23558.1107
symcc	/home/tephra/experiments/int8_const_chain/tc_0005.c	/home/tephra/experiments/int8_const_chain/in_0005	60	0	0	0	1.0000	51157.9500	51054.2618	51261.6382
symcc	/home/tephra/experiments/int8_const_chain/tc_0006.c	/home/tephra/experiments/int8_const_chain/in_0006	60	0	0	0	1.0000	119207.1833	118931.6682	119482.6985
symcc	/home/tephra/experiments/int8_const_chain/tc_0007.c	/home/tephra/experiments/int8_const_chain/in_0007	60	0	0	0	1.0000	351883.3833	351139.0441	352627.7225
symcc	/home/tephra/experiments/int8_const_chain/tc_0008.c	/home/tephra/experiments/int8_const_chain/in_0008	60	0	0	0	1.0000	947828.0333	945642.9631	950013.1036
symcc	/home/tephra/experiments/int8_const_chain/tc_0009.c	/home/tephra/experiments/int8_const_chain/in_0009	60	0	0	0	1.0000	1939436.5333	1934798.6033	1944074.4634
symcc	/home/tephra/experiments/int8_const_chain/tc_0010.c	/home/tephra/experiments/int8_const_chain/in_0010	27	33	0	0	0.4500	-	-	-
afl-clang-fast	/home/tephra/experiments/int8_const_chain/tc_0011.c	/home/tephra/experiments/int8_const_chain/in_0011	48	12	0	0	0.8000	1526037.0833	1519220.1067	1532854.0600
afl-clang-fast	/home/tephra/experiments/int8_const_chain/tc_0012.c	/home/tephra/experiments/int8_const_chain/in_0012	52	8	0	0	0.8667	1885757.3269	1879128.5365	1892386.1173
afl-clang-fast	/home/tephra/experiments/int8_const_chain/tc_0013.c	/home/tephra/experiments/int8_const_chain/in_0013	53	7	0	0	0.8833	1519883.6226	1512768.9117	1526998.3336
afl-clang-fast	/home/tephra/experiments/int8_const_chain/tc_0014.c	/home/tephra/experiments/int8_const_chain/in_0014	44	16	0	0	0.7333	2326280.8864	2318178.8537	2334382.9190
afl-clang-fast	/home/tephra/experiments/int8_const_chain/tc_0015.c	/home/tephra/experiments/int8_const_chain/in_0015	21	39	0	0	0.3500	-	-	-
afl-libtokencap	/home/tephra/experiments/int8_const_chain/tc_0011.c	/home/tephra/experiments/int8_const_chain/in_0011	53	7	0	0	0.8833	1430259.5660	1422696.8262	1437822.3058
afl-libtokencap	/home/tephra/experiments/int8_const_chain/tc_0012.c	/home/tephra/experiments/int8_const_chain/in_0012	52	8	0	0	0.8667	1568680.3846	1561687.8475	1575672.9217
afl-libtokencap	/home/tephra/experiments/int8_const_chain/tc_0013.c	/home/tephra/experiments/int8_const_chain/in_0013	56	4	0	0	0.9333	1408642.4643	1401937.3741	1415347.5545
afl-libtokencap	/home/tephra/experiments/int8_const_chain/tc_0014.c	/home/tephra/experiments/int8_const_chain/in_0014	55	5	0	0	0.9167	1736460.6364	1729149.8930	1743771.3797
afl-libtokencap	/home/tephra/experiments/int8_const_chain/tc_0015.c	/home/tephra/experiments/int8_const_chain/in_0015	52	8	0	0	0.8667	1788607.7500	1780467.9776	1796747.5224
libfuzzer	/home/tephra/experiments/int8_const_chain/tc_0011.c	/home/tephra/experiments/int8_const_chain/in_0011	60	0	0	0	1.0000	693.0833	690.6657	695.5010
libfuzzer	/home/tephra/experiments/int8_const_chain/tc_0012.c	/home/tephra/experiments/int8_const_chain/in_0012	60	0	0	0	1.0000	611.0667	609.2104	612.9230
libfuzzer	/home/tephra/experiments/int8_const_chain/tc_0013.c	/home/tephra/experiments/int8_const_chain/in_0013	60	0	0	0	1.0000	941.3833	938.8243	943.9424
libfuzzer	/home/tephra/experiments/int8_const_chain/tc_0014.c	/home/tephra/experiments/int8_const_chain/in_0014	60	0	0	0	1.0000	1078.7500	1075.8743	1081.6257
libfuzzer	/home/tephra/experiments/int8_const_chain/tc_0015.c	/home/tephra/experiments/int8_const_chain/in_0015	60	0	0	0	1.0000	1569.8333	1565.9789	1573.6878
libfuzzer-entropic	/home/tephra/experiments/int8_const_chain/tc_0011.c	/home/tephra/experiments/int8_const_chain/in_0011	60	0	0	0	1.0000	943.9167	940.2534	947.5799
libfuzzer-entropic	/home/tephra/experiments/int8_const_chain/tc_0012.c	/home/tephra/experiments/int8_const_chain/in_0012	60	0	0	0	1.0000	789.6500	786.9020	792.3980
libfuzzer-entropic	/home/tephra/experiments/int8_const_chain/tc_0013.c	/home/tephra/experiments/int8_const_chain/in_0013	60	0	0	0	1.0000	1613.2333	1608.9128	1617.5538
libfuzzer-entropic	/home/tephra/experiments/int8_const_chain/tc_0014.c	/home/tephra/experiments/int8_const_chain/in_0014	60	0	0	0	1.0000	1945.3667	1939.5047	1951.2286
libfuzzer-entropic	/home/tephra/experiments/int8_const_chain/tc_0015.c	/home/tephra/experiments/int8_const_chain/in_0015	60	0	0	0	1.0000	2209.0167	2203.0067	2215.0266
afl++	/home/tephra/experiments/int8_const_chain/tc_0011.c	/home/tephra/experiments/int8_const_chain/in_0011	43	17	0	0	0.7167	1199640.2093	1189702.2940	1209578.1246
afl++	/home/tephra/experiments/int8_const_chain/tc_0012.c	/home/tephra/experiments/int8_const_chain/in_0012	60	0	0	0	1.0000	536.2167	533.1646	539.2687
afl++	/home/tephra/experiments/int8_const_chain/tc_0013.c	/home/tephra/experiments/int8_const_chain/in_0013	60	0	0	0	1.0000	7316.1500	7254.5505	7377.7495
afl++	/home/tephra/experiments/int8_const_chain/tc_0014.c	/home/tephra/experiments/int8_const_chain/in_0014	55	5	0	0	0.9167	772569.5455	764712.1561	780426.9348
afl++	/home/tephra/experiments/int8_const_chain/tc_0015.c	/home/tephra/experiments/int8_const_chain/in_0015	0	60	0	0	0.0000	-	-	-
afl++-cmplog	/home/tephra/experiments/int8_const_chain/tc_0011.c	/home/tephra/experiments/int8_const_chain/in_0011	25	35	0	0	0.4167	-	-	-
afl++-cmplog	/home/tephra/experiments/int8_const_chain/tc_0012.c	/home/tephra/experiments/int8_const_chain/in_0012	60	0	0	0	1.0000	1306.2000	1297.3421	1315.0579
afl++-cmplog	/home/tephra/experiments/int8_const_chain/tc_0013.c	/home/tephra/experiments/int8_const_chain/in_0013	60	0	0	0	1.0000	17581.2500	17411.6024	17750.8976
afl++-cmplog	/home/tephra/experiments/int8_const_chain/tc_0014.c	/home/tephra/experiments/int8_const_chain/in_0014	47	13	0	0	0.7833	1383361.4255	1373885.9559	1392836.8951
afl++-cmplog	/home/tephra/experiments/int8_const_chain/tc_0015.c	/home/tephra/experiments/int8_const_chain/in_0015	0	60	0	0	0.0000	-	-	-
afl++-laf	/home/tephra/experiments/int8_const_chain/tc_0011.c	/home/tephra/experiments/int8_const_chain/in_0011	9	51	0	0	0.1500	-	-	-
afl++-laf	/home/tephra/experiments/int8_const_chain/tc_0012.c	/home/tephra/experiments/int8_const_chain/in_0012	60	0	0	0	1.0000	1165.2667	1157.0128	1173.5205
afl++-laf	/home/tephra/experiments/int8_const_chain/tc_0013.c	/home/tephra/experiments/int8_const_chain/in_0013	60	0	0	0	1.0000	15941.2833	15748.3951	16134.1716
afl++-laf	/home/tephra/experiments/int8_const_chain/tc_0014.c	/home/tephra/experiments/int8_const_chain/in_0014	27	33	0	0	0.4500	-	-	-
afl++-laf	/home/tephra/experiments/int8_const_chain/tc_0015.c	/home/tephra/experiments/int8_const_chain/in_0015	0	60	0	0	0.0000	-	-	-
afl++-mopt	/home/tephra/experiments/int8_const_chain/tc_0011.c	/home/tephra/experiments/int8_const_chain/in_0011	53	7	0	0	0.8833	1223109.6792	1214806.9424	1231412.4161
afl++-mopt	/home/tephra/experiments/int8_const_chain/tc_0012.c	/home/tephra/experiments/int8_const_chain/in_0012	60	0	0	0	1.0000	623.5667	620.1194	627.0139
afl++-mopt	/home/tephra/experiments/int8_const_chain/tc_0013.c	/home/tephra/experiments/int8_const_chain/in_0013	60	0	0	0	1.0000	37910.2333	37546.3144	38274.1522
afl++-mopt	/home/tephra/experiments/int8_const_chain/tc_0014.c	/home/tephra/experiments/int8_const_chain/in_0014	58	2	0	0	0.9667	854178.5345	848163.2376	860193.8313
afl++-mopt	/home/tephra/experiments/int8_const_chain/tc_0015.c	/home/tephra/experiments/int8_const_chain/in_0015	1	59	0	0	0.0167	-	-	-
afl++-qemu-cmplog	/home/tephra/experiments/int8_const_chain/tc_0011.c	/home/tephra/experiments/int8_const_chain/in_0011	0	60	0	0	0.0000	-	-	-
afl++-qemu-cmplog	/home/tephra/experiments/int8_const_chain/tc_0012.c	/home/tephra/experiments/int8_const_chain/in_0012	0	60	0	0	0.0000	-	-	-
afl++-qemu-cmplog	/home/tephra/experiments/int8_const_chain/tc_0013.c	/home/tephra/experiments/int8_const_chain/in_0013	0	60	0	0	0.0000	-	-	-
afl++-qemu-cmplog	/home/tephra/experiments/int8_const_chain/tc_0014.c	/home/tephra/experiments/int8_const_chain/in_0014	0	60	0	0	0.0000	-	-	-
afl++-qemu-cmplog	/home/tephra/experiments/int8_const_chain/tc_0015.c	/home/tephra/experiments/int8_const_chain/in_0015	0	60	0	0	0.0000	-	-	-
afl++-qemu-compcov	/home/tephra/experiments/int8_const_chain/tc_0011.c	/home/tephra/experiments/int8_const_chain/in_0011	60	0	0	0	1.0000	128431.3333	127933.7642	128928.9025
afl++-qemu-compcov	/home/tephra/experiments/int8_const_chain/tc_0012.c	/home/tephra/experiments/int8_const_chain/in_0012	60	0	0	0	1.0000	149909.6667	149463.3732	150355.9602
afl++-qemu-compcov	/home/tephra/experiments/int8_const_chain/tc_0013.c	/home/tephra/experiments/int8_const_chain/in_0013	60	0	0	0	1.0000	144119.8000	143479.7411	144759.8589
afl++-qemu-compcov	/home/tephra/experiments/int8_const_chain/tc_0014.c	/home/tephra/experiments/int8_const_chain/in_0014	60	0	0	0	1.0000	170765.7833	170159.6415	171371.9251
afl++-qemu-compcov	/home/tephra/experiments/int8_const_chain/tc_0015.c	/home/tephra/experiments/int8_const_chain/in_0015	60	0	0	0	1.0000	232315.8500	231498.8568	233132.8432
honggfuzz	/home/tephra/experiments/int8_const_chain/tc_0011.c	/home/tephra/experiments/int8_const_chain/in_0011	0	60	0	0	0.0000	-	-	-
honggfuzz	/home/tephra/experiments/int8_const_chain/tc_0012.c	/home/tephra/experiments/int8_const_chain/in_0012	0	60	0	0	0.0000	-	-	-
honggfuzz	/home/tephra/experiments/int8_const_chain/tc_0013.c	/home/tephra/experiments/int8_const_chain/in_0013	0	60	0	0	0.0000	-	-	-
honggfuzz	/home/tephra/experiments/int8_const_chain/tc_0014.c	/home/tephra/experiments/int8_const_chain/in_0014	0	60	0	0	0.0000	-	-	-
honggfuzz	/home/tephra/experiments/int8_const_chain/tc_0015.c	/home/tephra/experiments/int8_const_chain/in_0015	0	60	0	0	0.0000	-	-	-
wingfuzz	/home/tephra/experiments/int8_const_chain/tc_0011.c	/home/tephra/experiments/int8_const_chain/in_0011	60	0	0	0	1.0000	324.6833	322.4980	326.8687
wingfuzz	/home/tephra/experiments/int8_const_chain/tc_0012.c	/home/tephra/experiments/int8_const_chain/in_0012	60	0	0	0	1.0000	382.4333	380.3370	384.5296
wingfuzz	/home/tephra/experiments/int8_const_chain/tc_0013.c	/home/tephra/experiments/int8_const_chain/in_0013	60	0	0	0	1.0000	612.3833	607.6276	617.1391
wingfuzz	/home/tephra/experiments/int8_const_chain/tc_0014.c	/home/tephra/experiments/int8_const_chain/in_0014	60	0	0	0	1.0000	860.3500	854.7905	865.9095
wingfuzz	/home/tephra/experiments/int8_const_chain/tc_0015.c	/home/tephra/experiments/int8_const_chain/in_0015	60	0	0	0	1.0000	954.5833	948.3131	960.8536
libafl	/home/tephra/experiments/int8_const_chain/tc_0011.c	/home/tephra/experiments/int8_const_chain/in_0011	60	0	0	0	1.0000	11.7167	11.6838	11.7495
libafl	/home/tephra/experiments/int8_const_chain/tc_0012.c	/home/tephra/experiments/int8_const_chain/in_0012	60	0	0	0	1.0000	11.0500	11.0275	11.0725
libafl	/home/tephra/experiments/int8_const_chain/tc_0013.c	/home/tephra/experiments/int8_const_chain/in_0013	60	0	0	0	1.0000	50.1000	48.8892	51.3108
libafl	/home/tephra/experiments/int8_const_chain/tc_0014.c	/home/tephra/experiments/int8_const_chain/in_0014	60	0	0	0	1.0000	11.1833	11.1722	11.1944
libafl	/home/tephra/experiments/int8_const_chain/tc_0015.c	/home/tephra/experiments/int8_const_chain/in_0015	60	0	0	0	1.0000	12.4500	12.4307	12.4693
libafl-libfuzzer	/home/tephra/experiments/int8_const_chain/tc_0011.c	/home/tephra/experiments/int8_const_chain/in_0011	60	0	0	0	1.0000	32501.4167	32376.8739	32625.9594
libafl-libfuzzer	/home/tephra/experiments/int8_const_chain/tc_0012.c	/home/tephra/experiments/int8_const_chain/in_0012	60	0	0	0	1.0000	31349.7500	31187.1780	31512.3220
libafl-libfuzzer	/home/tephra/experiments/int8_const_chain/tc_0013.c	/home/tephra/experiments/int8_const_chain/in_0013	60	0	0	0	1.0000	18922.0167	18829.8377	19014.1957
libafl-libfuzzer	/home/tephra/experiments/int8_const_chain/tc_0014.c	/home/tephra/experiments/int8_const_chain/in_0014	60	0	0	0	1.0000	65253.4667	64972.5461	65534.3873
libafl-libfuzzer	/home/tephra/experiments/int8_const_chain/tc_0015.c	/home/tephra/experiments/int8_const_chain/in_0015	60	0	0	0	1.0000	61845.8167	61597.6809	62093.9524
ddfuzz	/home/tephra/experiments/int8_const_chain/tc_0011.c	/home/tephra/experiments/int8_const_chain/in_0011	0	60	0	0	0.0000	-	-	-
ddfuzz	/home/tephra/experiments/int8_const_chain/tc_0012.c	/home/tephra/experiments/int8_const_chain/in_0012	0	60	0	0	0.0000	-	-	-
ddfuzz	/home/tephra/experiments/int8_const_chain/tc_0013.c	/home/tephra/experiments/int8_const_chain/in_0013	0	60	0	0	0.0000	-	-	-
ddfuzz	/home/tephra/experiments/int8_const_chain/tc_0014.c	/home/tephra/experiments/int8_const_chain/in_0014	0	60	0	0	0.0000	-	-	-
ddfuzz	/home/tephra/experiments/int8_const_chain/tc_0015.c	/home/tephra/experiments/int8_const_chain/in_0015	0	60	0	0	0.0000	-	-	-
fairfuzz	/home/tephra/experiments/int8_const_chain/tc_0011.c	/home/tephra/experiments/int8_const_chain/in_0011	60	0	0	0	1.0000	22307.8333	22251.9967	22363.6699
fairfuzz	/home/tephra/experiments/int8_const_chain/tc_0012.c	/home/tephra/experiments/int8_const_chain/in_0012	60	0	0	0	1.0000	20225.5333	20156.5041	20294.5626
fairfuzz	/home/tephra/experiments/int8_const_chain/tc_0013.c	/home/tephra/experiments/int8_const_chain/in_0013	60	0	0	0	1.0000	30124.3500	30037.1926	30211.5074
fairfuzz	/home/tephra/experiments/int8_const_chain/tc_0014.c	/home/tephra/experiments/int8_const_chain/in_0014	60	0	0	0	1.0000	37041.2833	36951.2385	37131.3281
fairfuzz	/home/tephra/experiments/int8_const_chain/tc_0015.c	/home/tephra/experiments/int8_const_chain/in_0015	60	0	0	0	1.0000	42786.3000	42681.0712	42891.5288
ecofuzz	/home/tephra/experiments/int8_const_chain/tc_0011.c	/home/tephra/experiments/int8_const_chain/in_0011	55	5	0	0	0.9167	911365.1636	904171.6362	918558.6911
ecofuzz	/home/tephra/experiments/int8_const_chain/tc_0012.c	/home/tephra/experiments/int8_const_chain/in_0012	56	4	0	0	0.9333	803702.9286	796911.1393	810494.7179
ecofuzz	/home/tephra/experiments/int8_const_chain/tc_0013.c	/home/tephra/experiments/int8_const_chain/in_0013	48	12	0	0	0.8000	1181154.5625	1174065.1890	1188243.9360
ecofuzz	/home/tephra/experiments/int8_const_chain/tc_0014.c	/home/tephra/experiments/int8_const_chain/in_0014	53	7	0	0	0.8833	1335497.6038	1327459.9609	1343535.2466
ecofuzz	/home/tephra/experiments/int8_const_chain/tc_0015.c	/home/tephra/experiments/int8_const_chain/in_0015	52	8	0	0	0.8667	1456281.2500	1449239.5955	1463322.9045
fafuzz	/home/tephra/experiments/int8_const_chain/tc_0011.c	/home/tephra/experiments/int8_const_chain/in_0011	37	23	0	0	0.6167	2069910.3784	2060466.4201	2079354.3366
fafuzz	/home/tephra/experiments/int8_const_chain/tc_0012.c	/home/tephra/experiments/int8_const_chain/in_0012	39	21	0	0	0.6500	2091092.0769	2082628.8514	2099555.3024
fafuzz	/home/tephra/experiments/int8_const_chain/tc_0013.c	/home/tephra/experiments/int8_const_chain/in_0013	31	29	0	0	0.5167	2334494.2903	2325322.9660	2343665.6146
fafuzz	/home/tephra/experiments/int8_const_chain/tc_0014.c	/home/tephra/experiments/int8_const_chain/in_0014	10	50	0	0	0.1667	-	-	-
fafuzz	/home/tephra/experiments/int8_const_chain/tc_0015.c	/home/tephra/experiments/int8_const_chain/in_0015	2	58	0	0	0.0333	-	-	-
darwin	/home/tephra/experiments/int8_const_chain/tc_0011.c	/home/tephra/experiments/int8_const_chain/in_0011	57	3	0	0	0.9500	1249658.2632	1242536.1069	1256780.4194
darwin	/home/tephra/experiments/int8_const_chain/tc_0012.c	/home/tephra/experiments/int8_const_chain/in_0012	54	6	0	0	0.9000	1501023.7222	1493806.7184	1508240.7261
darwin	/home/tephra/experiments/int8_const_chain/tc_0013.c	/home/tephra/experiments/int8_const_chain/in_0013	54	6	0	0	0.9000	1235980.3333	1228806.9551	1243153.7115
darwin	/home/tephra/experiments/int8_const_chain/tc_0014.c	/home/tephra/experiments/int8_const_chain/in_0014	49	11	0	0	0.8167	1231470.0000	1223948.0655	1238991.9345
darwin	/home/tephra/experiments/int8_const_chain/tc_0015.c	/home/tephra/experiments/int8_const_chain/in_0015	54	6	0	0	0.9000	1624330.8519	1616704.4427	1631957.2610
afl-qemu	/home/tephra/experiments/int8_const_chain/tc_0001.c	/home/tephra/experiments/int8_const_chain/in_0001	60	0	0	0	1.0000	1001.5667	997.1253	1006.0080
afl-qemu	/home/tephra/experiments/int8_const_chain/tc_0002.c	/home/tephra/experiments/int8_const_chain/in_0002	60	0	0	0	1.0000	99472.3667	98771.8158	100172.9175
afl-qemu	/home/tephra/experiments/int8_const_chain/tc_0003.c	/home/tephra/experiments/int8_const_chain/in_0003	60	0	0	0	1.0000	381806.6500	377886.2480	385727.0520
afl-qemu	/home/tephra/experiments/int8_const_chain/tc_0004.c	/home/tephra/experiments/int8_const_chain/in_0004	57	3	0	0	0.9500	843957.9825	836136.1725	851779.7924
afl-qemu	/home/tephra/experiments/int8_const_chain/tc_0005.c	/home/tephra/experiments/int8_const_chain/in_0005	0	60	0	0	0.0000	-	-	-
afl-qemu	/home/tephra/experiments/int8_const_chain/tc_0006.c	/home/tephra/experiments/int8_const_chain/in_0006	0	60	0	0	0.0000	-	-	-
afl-qemu	/home/tephra/experiments/int8_const_chain/tc_0007.c	/home/tephra/experiments/int8_const_chain/in_0007	0	60	0	0	0.0000	-	-	-
afl-qemu	/home/tephra/experiments/int8_const_chain/tc_0008.c	/home/tephra/experiments/int8_const_chain/in_0008	0	60	0	0	0.0000	-	-	-
afl-qemu	/home/tephra/experiments/int8_const_chain/tc_0009.c	/home/tephra/experiments/int8_const_chain/in_0009	0	60	0	0	0.0000	-	-	-
afl-qemu	/home/tephra/experiments/int8_const_chain/tc_0010.c	/home/tephra/experiments/int8_const_chain/in_0010	0	60	0	0	0.0000	-	-	-
klee	/home/tephra/experiments/int8_const_chain/tc_0011.c	/home/tephra/experiments/int8_const_chain/in_0011	60	0	0	0	1.0000	963.6333	962.9796	964.2871
klee	/home/tephra/experiments/int8_const_chain/tc_0012.c	/home/tephra/experiments/int8_const_chain/in_0012	60	0	0	0	1.0000	984.1167	983.3960	984.8373
klee	/home/tephra/experiments/int8_const_chain/tc_0013.c	/home/tephra/experiments/int8_const_chain/in_0013	60	0	0	0	1.0000	1019.6333	1018.8412	1020.4255
klee	/home/tephra/experiments/int8_const_chain/tc_0014.c	/home/tephra/experiments/int8_const_chain/in_0014	60	0	0	0	1.0000	1027.9167	1027.0120	1028.8213
klee	/home/tephra/experiments/int8_const_chain/tc_0015.c	/home/tephra/experiments/int8_const_chain/in_0015	60	0	0	0	1.0000	1095.8500	1094.3838	1097.3162
klee	/home/tephra/experiments/int8_const_chain/tc_0016.c	/home/tephra/experiments/int8_const_chain/in_0016	60	0	0	0	1.0000	1161.9833	1159.7979	1164.1688
klee	/home/tephra/experiments/int8_const_chain/tc_0032.c	/home/tephra/experiments/int8_const_chain/in_0032	60	0	0	0	1.0000	1517.7833	1514.4094	1521.1573
klee	/home/tephra/experiments/int8_const_chain/tc_0064.c	/home/tephra/experiments/int8_const_chain/in_0064	60	0	0	0	1.0000	2244.0667	2239.7353	2248.3981
klee	/home/tephra/experiments/int8_const_chain/tc_0128.c	/home/tephra/experiments/int8_const_chain/in_0128	60	0	0	0	1.0000	3550.4333	3542.9535	3557.9132
klee	/home/tephra/experiments/int8_const_chain/tc_0256.c	/home/tephra/experiments/int8_const_chain/in_0256	0	0	60	0	0.0000	-	-	-
klee	/home/tephra/experiments/int8_const_chain/tc_0512.c	/home/tephra/experiments/int8_const_chain/in_0512	0	0	60	0	0.0000	-	-	-
klee	/home/tephra/experiments/int8_const_chain/tc_1024.c	/home/tephra/experiments/int8_const_chain/in_1024	0	0	60	0	0.0000	-	-	-
klee	/home/tephra/experiments/int8_const_chain/tc_2048.c	/home/tephra/experiments/int8_const_chain/in_2048	0	0	60	0	0.0000	-	-	-
klee	/home/tephra/experiments/int8_const_chain/tc_4096.c	/home/tephra/experiments/int8_const_chain/in_4096	0	0	60	0	0.0000	-	-	-
angora	/home/tephra/experiments/int8_const_chain/tc_16384.c	/home/tephra/experiments/int8_const_chain/in_16384	0	0	0	60	0.0000	-	-	-
angora	/home/tephra/experiments/int8_const_chain/tc_32768.c	/home/tephra/experiments/int8_const_chain/in_32768	0	0	0	60	0.0000	-	-	-
angora	/home/tephra/experiments/int8_const_chain/tc_8192.c	/home/tephra/experiments/int8_const_chain/in_8192	60	0	0	0	1.0000	2511496.4000	2511292.7231	2511700.0769
angora-mb	/home/tephra/experiments/int8_const_chain/tc_16384.c	/home/tephra/experiments/int8_const_chain/in_16384	0	0	0	60	0.0000	-	-	-
angora-mb	/home/tephra/experiments/int8_const_chain/tc_32768.c	/home/tephra/experiments/int8_const_chain/in_32768	0	0	0	60	0.0000	-	-	-
angora-mb	/home/tephra/experiments/int8_const_chain/tc_8192.c	/home/tephra/experiments/int8_const_chain/in_8192	60	0	0	0	1.0000	2458878.0833	2458089.8790	2459666.2877
angora-random	/home/tephra/experiments/int8_const_chain/tc_8192.c	/home/tephra/experiments/int8_const_chain/in_8192	60	0	0	0	1.0000	2350859.3333	2350739.1612	2350979.5054
angora-random	/home/tephra/experiments/int8_const_chain/tc_16384.c	/home/tephra/experiments/int8_const_chain/in_16384	0	0	0	60	0.0000	-	-	-
angora-random	/home/tephra/experiments/int8_const_chain/tc_32768.c	/home/tephra/experiments/int8_const_chain/in_32768	0	0	0	60	0.0000	-	-	-
afl++-qemu-compcov	/home/tephra/experiments/int8_const_chain/tc_0016.c	/home/tephra/experiments/int8_const_chain/in_0016	0	60	0	0	0.0000	-	-	-
afl++-qemu-compcov	/home/tephra/experiments/int8_const_chain/tc_0032.c	/home/tephra/experiments/int8_const_chain/in_0032	0	60	0	0	0.0000	-	-	-
afl++-qemu-compcov	/home/tephra/experiments/int8_const_chain/tc_0064.c	/home/tephra/experiments/int8_const_chain/in_0064	0	60	0	0	0.0000	-	-	-
afl++-qemu-compcov	/home/tephra/experiments/int8_const_chain/tc_0128.c	/home/tephra/experiments/int8_const_chain/in_0128	0	60	0	0	0.0000	-	-	-
afl++-qemu-compcov	/home/tephra/experiments/int8_const_chain/tc_0256.c	/home/tephra/experiments/int8_const_chain/in_0256	0	60	0	0	0.0000	-	-	-
afl++-qemu-compcov	/home/tephra/experiments/int8_const_chain/tc_0512.c	/home/tephra/experiments/int8_const_chain/in_0512	0	60	0	0	0.0000	-	-	-
afl++-qemu-compcov	/home/tephra/experiments/int8_const_chain/tc_1024.c	/home/tephra/experiments/int8_const_chain/in_1024	0	60	0	0	0.0000	-	-	-
honggfuzz-qemu	/home/tephra/experiments/int8_const_chain/tc_0011.c	/home/tephra/experiments/int8_const_chain/in_0011	43	17	0	0	0.7167	1947957.2791	1939446.2250	1956468.3331
honggfuzz-qemu	/home/tephra/experiments/int8_const_chain/tc_0012.c	/home/tephra/experiments/int8_const_chain/in_0012	38	22	0	0	0.6333	1903080.8947	1895070.7237	1911091.0658
honggfuzz-qemu	/home/tephra/experiments/int8_const_chain/tc_0013.c	/home/tephra/experiments/int8_const_chain/in_0013	35	25	0	0	0.5833	2355647.5429	2348951.3802	2362343.7055
honggfuzz-qemu	/home/tephra/experiments/int8_const_chain/tc_0014.c	/home/tephra/experiments/int8_const_chain/in_0014	27	33	0	0	0.4500	-	-	-
honggfuzz-qemu	/home/tephra/experiments/int8_const_chain/tc_0015.c	/home/tephra/experiments/int8_const_chain/in_0015	7	53	0	0	0.1167	-	-	-
honggfuzz-qemu	/home/tephra/experiments/int8_const_chain/tc_0016.c	/home/tephra/experiments/int8_const_chain/in_0016	0	60	0	0	0.0000	-	-	-
honggfuzz-qemu	/home/tephra/experiments/int8_const_chain/tc_0032.c	/home/tephra/experiments/int8_const_chain/in_0032	0	60	0	0	0.0000	-	-	-
honggfuzz-qemu	/home/tephra/experiments/int8_const_chain/tc_0064.c	/home/tephra/experiments/int8_const_chain/in_0064	0	60	0	0	0.0000	-	-	-
honggfuzz-qemu	/home/tephra/experiments/int8_const_chain/tc_0128.c	/home/tephra/experiments/int8_const_chain/in_0128	0	60	0	0	0.0000	-	-	-
honggfuzz-qemu	/home/tephra/experiments/int8_const_chain/tc_0256.c	/home/tephra/experiments/int8_const_chain/in_0256	0	60	0	0	0.0000	-	-	-
honggfuzz-qemu	/home/tephra/experiments/int8_const_chain/tc_0512.c	/home/tephra/experiments/int8_const_chain/in_0512	0	60	0	0	0.0000	-	-	-
honggfuzz-qemu	/home/tephra/experiments/int8_const_chain/tc_1024.c	/home/tephra/experiments/int8_const_chain/in_1024	0	60	0	0	0.0000	-	-	-
symcc	/home/tephra/experiments/int8_const_chain/tc_0011.c	/home/tephra/experiments/int8_const_chain/in_0011	0	60	0	0	0.0000	-	-	-
symcc	/home/tephra/experiments/int8_const_chain/tc_0012.c	/home/tephra/experiments/int8_const_chain/in_0012	0	60	0	0	0.0000	-	-	-
symcc	/home/tephra/experiments/int8_const_chain/tc_0013.c	/home/tephra/experiments/int8_const_chain/in_0013	0	60	0	0	0.0000	-	-	-
symcc	/home/tephra/experiments/int8_const_chain/tc_0014.c	/home/tephra/experiments/int8_const_chain/in_0014	0	60	0	0	0.0000	-	-	-
symcc	/home/tephra/experiments/int8_const_chain/tc_0015.c	/home/tephra/experiments/int8_const_chain/in_0015	0	60	0	0	0.0000	-	-	-
symcc	/home/tephra/experiments/int8_const_chain/tc_0016.c	/home/tephra/experiments/int8_const_chain/in_0016	0	60	0	0	0.0000	-	-	-
symcc	/home/tephra/experiments/int8_const_chain/tc_0032.c	/home/tephra/experiments/int8_const_chain/in_0032	0	60	0	0	0.0000	-	-	-
symcc	/home/tephra/experiments/int8_const_chain/tc_0064.c	/home/tephra/experiments/int8_const_chain/in_0064	0	60	0	0	0.0000	-	-	-
symcc	/home/tephra/experiments/int8_const_chain/tc_0128.c	/home/tephra/experiments/int8_const_chain/in_0128	0	60	0	0	0.0000	-	-	-
symcc	/home/tephra/experiments/int8_const_chain/tc_0256.c	/home/tephra/experiments/int8_const_chain/in_0256	0	60	0	0	0.0000	-	-	-
symcc	/home/tephra/experiments/int8_const_chain/tc_0512.c	/home/tephra/experiments/int8_const_chain/in_0512	0	60	0	0	0.0000	-	-	-
symcc	/home/tephra/experiments/int8_const_chain/tc_1024.c	/home/tephra/experiments/int8_const_chain/in_1024	0	60	0	0	0.0000	-	-	-
