fuzzer	put	corpus	success	timeout	invalid	error	ratio	ttt	cleft	cright
afl-gcc	/home/tephra/experiments/signed_ints_chain/tc_0001.c	/home/tephra/experiments/signed_ints_chain/in_0001	60	0	0	0	1.0000	393.0667	391.3488	394.7846
afl-gcc	/home/tephra/experiments/signed_ints_chain/tc_0002.c	/home/tephra/experiments/signed_ints_chain/in_0002	0	60	0	0	0.0000	-	-	-
afl-gcc	/home/tephra/experiments/signed_ints_chain/tc_0003.c	/home/tephra/experiments/signed_ints_chain/in_0003	0	60	0	0	0.0000	-	-	-
afl-gcc	/home/tephra/experiments/signed_ints_chain/tc_0004.c	/home/tephra/experiments/signed_ints_chain/in_0004	0	60	0	0	0.0000	-	-	-
afl-gcc	/home/tephra/experiments/signed_ints_chain/tc_0005.c	/home/tephra/experiments/signed_ints_chain/in_0005	0	60	0	0	0.0000	-	-	-
afl-gcc	/home/tephra/experiments/signed_ints_chain/tc_0006.c	/home/tephra/experiments/signed_ints_chain/in_0006	0	60	0	0	0.0000	-	-	-
afl-gcc	/home/tephra/experiments/signed_ints_chain/tc_0007.c	/home/tephra/experiments/signed_ints_chain/in_0007	0	60	0	0	0.0000	-	-	-
afl-gcc	/home/tephra/experiments/signed_ints_chain/tc_0008.c	/home/tephra/experiments/signed_ints_chain/in_0008	0	60	0	0	0.0000	-	-	-
afl-gcc	/home/tephra/experiments/signed_ints_chain/tc_0009.c	/home/tephra/experiments/signed_ints_chain/in_0009	0	60	0	0	0.0000	-	-	-
afl-gcc	/home/tephra/experiments/signed_ints_chain/tc_0010.c	/home/tephra/experiments/signed_ints_chain/in_0010	0	60	0	0	0.0000	-	-	-
afl-clang-fast	/home/tephra/experiments/signed_ints_chain/tc_0001.c	/home/tephra/experiments/signed_ints_chain/in_0001	60	0	0	0	1.0000	357.4000	355.8559	358.9441
afl-clang-fast	/home/tephra/experiments/signed_ints_chain/tc_0002.c	/home/tephra/experiments/signed_ints_chain/in_0002	0	60	0	0	0.0000	-	-	-
afl-clang-fast	/home/tephra/experiments/signed_ints_chain/tc_0003.c	/home/tephra/experiments/signed_ints_chain/in_0003	0	60	0	0	0.0000	-	-	-
afl-clang-fast	/home/tephra/experiments/signed_ints_chain/tc_0004.c	/home/tephra/experiments/signed_ints_chain/in_0004	0	60	0	0	0.0000	-	-	-
afl-clang-fast	/home/tephra/experiments/signed_ints_chain/tc_0005.c	/home/tephra/experiments/signed_ints_chain/in_0005	0	60	0	0	0.0000	-	-	-
afl-clang-fast	/home/tephra/experiments/signed_ints_chain/tc_0006.c	/home/tephra/experiments/signed_ints_chain/in_0006	0	60	0	0	0.0000	-	-	-
afl-clang-fast	/home/tephra/experiments/signed_ints_chain/tc_0007.c	/home/tephra/experiments/signed_ints_chain/in_0007	0	60	0	0	0.0000	-	-	-
afl-clang-fast	/home/tephra/experiments/signed_ints_chain/tc_0008.c	/home/tephra/experiments/signed_ints_chain/in_0008	0	60	0	0	0.0000	-	-	-
afl-clang-fast	/home/tephra/experiments/signed_ints_chain/tc_0009.c	/home/tephra/experiments/signed_ints_chain/in_0009	0	60	0	0	0.0000	-	-	-
afl-clang-fast	/home/tephra/experiments/signed_ints_chain/tc_0010.c	/home/tephra/experiments/signed_ints_chain/in_0010	0	60	0	0	0.0000	-	-	-
afl-libtokencap	/home/tephra/experiments/signed_ints_chain/tc_0001.c	/home/tephra/experiments/signed_ints_chain/in_0001	60	0	0	0	1.0000	555.7833	553.9119	557.6548
afl-libtokencap	/home/tephra/experiments/signed_ints_chain/tc_0002.c	/home/tephra/experiments/signed_ints_chain/in_0002	0	60	0	0	0.0000	-	-	-
afl-libtokencap	/home/tephra/experiments/signed_ints_chain/tc_0003.c	/home/tephra/experiments/signed_ints_chain/in_0003	0	60	0	0	0.0000	-	-	-
afl-libtokencap	/home/tephra/experiments/signed_ints_chain/tc_0004.c	/home/tephra/experiments/signed_ints_chain/in_0004	0	60	0	0	0.0000	-	-	-
afl-libtokencap	/home/tephra/experiments/signed_ints_chain/tc_0005.c	/home/tephra/experiments/signed_ints_chain/in_0005	0	60	0	0	0.0000	-	-	-
afl-libtokencap	/home/tephra/experiments/signed_ints_chain/tc_0006.c	/home/tephra/experiments/signed_ints_chain/in_0006	0	60	0	0	0.0000	-	-	-
afl-libtokencap	/home/tephra/experiments/signed_ints_chain/tc_0007.c	/home/tephra/experiments/signed_ints_chain/in_0007	0	60	0	0	0.0000	-	-	-
afl-libtokencap	/home/tephra/experiments/signed_ints_chain/tc_0008.c	/home/tephra/experiments/signed_ints_chain/in_0008	0	60	0	0	0.0000	-	-	-
afl-libtokencap	/home/tephra/experiments/signed_ints_chain/tc_0009.c	/home/tephra/experiments/signed_ints_chain/in_0009	0	60	0	0	0.0000	-	-	-
afl-libtokencap	/home/tephra/experiments/signed_ints_chain/tc_0010.c	/home/tephra/experiments/signed_ints_chain/in_0010	0	60	0	0	0.0000	-	-	-
radamsa	/home/tephra/experiments/signed_ints_chain/tc_0001.c	/home/tephra/experiments/signed_ints_chain/in_0001	60	0	0	0	1.0000	1000.1667	992.1709	1008.1625
radamsa	/home/tephra/experiments/signed_ints_chain/tc_0002.c	/home/tephra/experiments/signed_ints_chain/in_0002	0	59	1	0	0.0000	-	-	-
radamsa	/home/tephra/experiments/signed_ints_chain/tc_0003.c	/home/tephra/experiments/signed_ints_chain/in_0003	0	53	7	0	0.0000	-	-	-
radamsa	/home/tephra/experiments/signed_ints_chain/tc_0004.c	/home/tephra/experiments/signed_ints_chain/in_0004	0	58	2	0	0.0000	-	-	-
radamsa	/home/tephra/experiments/signed_ints_chain/tc_0005.c	/home/tephra/experiments/signed_ints_chain/in_0005	0	56	4	0	0.0000	-	-	-
radamsa	/home/tephra/experiments/signed_ints_chain/tc_0006.c	/home/tephra/experiments/signed_ints_chain/in_0006	0	58	2	0	0.0000	-	-	-
radamsa	/home/tephra/experiments/signed_ints_chain/tc_0007.c	/home/tephra/experiments/signed_ints_chain/in_0007	0	57	3	0	0.0000	-	-	-
radamsa	/home/tephra/experiments/signed_ints_chain/tc_0008.c	/home/tephra/experiments/signed_ints_chain/in_0008	0	58	2	0	0.0000	-	-	-
radamsa	/home/tephra/experiments/signed_ints_chain/tc_0009.c	/home/tephra/experiments/signed_ints_chain/in_0009	0	60	0	0	0.0000	-	-	-
radamsa	/home/tephra/experiments/signed_ints_chain/tc_0010.c	/home/tephra/experiments/signed_ints_chain/in_0010	0	60	0	0	0.0000	-	-	-
libfuzzer	/home/tephra/experiments/signed_ints_chain/tc_0001.c	/home/tephra/experiments/signed_ints_chain/in_0001	60	0	0	0	1.0000	168.3500	168.3331	168.3669
libfuzzer	/home/tephra/experiments/signed_ints_chain/tc_0002.c	/home/tephra/experiments/signed_ints_chain/in_0002	60	0	0	0	1.0000	191.3667	191.2233	191.5100
libfuzzer	/home/tephra/experiments/signed_ints_chain/tc_0003.c	/home/tephra/experiments/signed_ints_chain/in_0003	60	0	0	0	1.0000	221.7833	221.4600	222.1067
libfuzzer	/home/tephra/experiments/signed_ints_chain/tc_0004.c	/home/tephra/experiments/signed_ints_chain/in_0004	60	0	0	0	1.0000	372.1500	371.0756	373.2244
libfuzzer	/home/tephra/experiments/signed_ints_chain/tc_0005.c	/home/tephra/experiments/signed_ints_chain/in_0005	60	0	0	0	1.0000	1675.2500	1665.7158	1684.7842
libfuzzer	/home/tephra/experiments/signed_ints_chain/tc_0006.c	/home/tephra/experiments/signed_ints_chain/in_0006	60	0	0	0	1.0000	731.6333	729.4718	733.7948
libfuzzer	/home/tephra/experiments/signed_ints_chain/tc_0007.c	/home/tephra/experiments/signed_ints_chain/in_0007	60	0	0	0	1.0000	1201.5833	1196.8747	1206.2920
libfuzzer	/home/tephra/experiments/signed_ints_chain/tc_0008.c	/home/tephra/experiments/signed_ints_chain/in_0008	60	0	0	0	1.0000	3192.7167	3176.5710	3208.8624
libfuzzer	/home/tephra/experiments/signed_ints_chain/tc_0009.c	/home/tephra/experiments/signed_ints_chain/in_0009	60	0	0	0	1.0000	1436.1333	1430.3420	1441.9246
libfuzzer	/home/tephra/experiments/signed_ints_chain/tc_0010.c	/home/tephra/experiments/signed_ints_chain/in_0010	60	0	0	0	1.0000	7588.2167	7558.7645	7617.6688
libfuzzer-entropic	/home/tephra/experiments/signed_ints_chain/tc_0001.c	/home/tephra/experiments/signed_ints_chain/in_0001	60	0	0	0	1.0000	168.5167	168.5027	168.5306
libfuzzer-entropic	/home/tephra/experiments/signed_ints_chain/tc_0002.c	/home/tephra/experiments/signed_ints_chain/in_0002	60	0	0	0	1.0000	193.3167	193.2003	193.4330
libfuzzer-entropic	/home/tephra/experiments/signed_ints_chain/tc_0003.c	/home/tephra/experiments/signed_ints_chain/in_0003	60	0	0	0	1.0000	235.6833	235.2778	236.0889
libfuzzer-entropic	/home/tephra/experiments/signed_ints_chain/tc_0004.c	/home/tephra/experiments/signed_ints_chain/in_0004	60	0	0	0	1.0000	462.7333	461.0712	464.3954
libfuzzer-entropic	/home/tephra/experiments/signed_ints_chain/tc_0005.c	/home/tephra/experiments/signed_ints_chain/in_0005	60	0	0	0	1.0000	2649.7333	2635.8235	2663.6432
libfuzzer-entropic	/home/tephra/experiments/signed_ints_chain/tc_0006.c	/home/tephra/experiments/signed_ints_chain/in_0006	60	0	0	0	1.0000	1138.7667	1134.2431	1143.2902
libfuzzer-entropic	/home/tephra/experiments/signed_ints_chain/tc_0007.c	/home/tephra/experiments/signed_ints_chain/in_0007	60	0	0	0	1.0000	1688.7667	1682.3269	1695.2064
libfuzzer-entropic	/home/tephra/experiments/signed_ints_chain/tc_0008.c	/home/tephra/experiments/signed_ints_chain/in_0008	60	0	0	0	1.0000	4291.5333	4271.8539	4311.2128
libfuzzer-entropic	/home/tephra/experiments/signed_ints_chain/tc_0009.c	/home/tephra/experiments/signed_ints_chain/in_0009	60	0	0	0	1.0000	2699.0500	2683.9102	2714.1898
libfuzzer-entropic	/home/tephra/experiments/signed_ints_chain/tc_0010.c	/home/tephra/experiments/signed_ints_chain/in_0010	60	0	0	0	1.0000	10056.3500	10007.7151	10104.9849
dev-urandom	/home/tephra/experiments/signed_ints_chain/tc_0001.c	/home/tephra/experiments/signed_ints_chain/in_0001	60	0	0	0	1.0000	11.9833	11.9025	12.0642
dev-urandom	/home/tephra/experiments/signed_ints_chain/tc_0002.c	/home/tephra/experiments/signed_ints_chain/in_0002	0	60	0	0	0.0000	-	-	-
dev-urandom	/home/tephra/experiments/signed_ints_chain/tc_0003.c	/home/tephra/experiments/signed_ints_chain/in_0003	0	60	0	0	0.0000	-	-	-
dev-urandom	/home/tephra/experiments/signed_ints_chain/tc_0004.c	/home/tephra/experiments/signed_ints_chain/in_0004	0	60	0	0	0.0000	-	-	-
dev-urandom	/home/tephra/experiments/signed_ints_chain/tc_0005.c	/home/tephra/experiments/signed_ints_chain/in_0005	0	60	0	0	0.0000	-	-	-
dev-urandom	/home/tephra/experiments/signed_ints_chain/tc_0006.c	/home/tephra/experiments/signed_ints_chain/in_0006	0	60	0	0	0.0000	-	-	-
dev-urandom	/home/tephra/experiments/signed_ints_chain/tc_0007.c	/home/tephra/experiments/signed_ints_chain/in_0007	0	60	0	0	0.0000	-	-	-
dev-urandom	/home/tephra/experiments/signed_ints_chain/tc_0008.c	/home/tephra/experiments/signed_ints_chain/in_0008	0	60	0	0	0.0000	-	-	-
dev-urandom	/home/tephra/experiments/signed_ints_chain/tc_0009.c	/home/tephra/experiments/signed_ints_chain/in_0009	0	60	0	0	0.0000	-	-	-
dev-urandom	/home/tephra/experiments/signed_ints_chain/tc_0010.c	/home/tephra/experiments/signed_ints_chain/in_0010	0	60	0	0	0.0000	-	-	-
afl++	/home/tephra/experiments/signed_ints_chain/tc_0001.c	/home/tephra/experiments/signed_ints_chain/in_0001	60	0	0	0	1.0000	213.5167	213.5030	213.5303
afl++	/home/tephra/experiments/signed_ints_chain/tc_0002.c	/home/tephra/experiments/signed_ints_chain/in_0002	60	0	0	0	1.0000	213.4833	213.4714	213.4953
afl++	/home/tephra/experiments/signed_ints_chain/tc_0003.c	/home/tephra/experiments/signed_ints_chain/in_0003	60	0	0	0	1.0000	4508.8833	4471.8138	4545.9528
afl++	/home/tephra/experiments/signed_ints_chain/tc_0004.c	/home/tephra/experiments/signed_ints_chain/in_0004	33	27	0	0	0.5500	1446507.7273	1434936.9721	1458078.4824
afl++	/home/tephra/experiments/signed_ints_chain/tc_0005.c	/home/tephra/experiments/signed_ints_chain/in_0005	1	59	0	0	0.0167	-	-	-
afl++	/home/tephra/experiments/signed_ints_chain/tc_0006.c	/home/tephra/experiments/signed_ints_chain/in_0006	56	4	0	0	0.9333	1212827.2679	1206316.7211	1219337.8146
afl++	/home/tephra/experiments/signed_ints_chain/tc_0007.c	/home/tephra/experiments/signed_ints_chain/in_0007	0	60	0	0	0.0000	-	-	-
afl++	/home/tephra/experiments/signed_ints_chain/tc_0008.c	/home/tephra/experiments/signed_ints_chain/in_0008	2	58	0	0	0.0333	-	-	-
afl++	/home/tephra/experiments/signed_ints_chain/tc_0009.c	/home/tephra/experiments/signed_ints_chain/in_0009	5	55	0	0	0.0833	-	-	-
afl++	/home/tephra/experiments/signed_ints_chain/tc_0010.c	/home/tephra/experiments/signed_ints_chain/in_0010	0	60	0	0	0.0000	-	-	-
afl++-cmplog	/home/tephra/experiments/signed_ints_chain/tc_0001.c	/home/tephra/experiments/signed_ints_chain/in_0001	60	0	0	0	1.0000	215.8333	215.6263	216.0403
afl++-cmplog	/home/tephra/experiments/signed_ints_chain/tc_0002.c	/home/tephra/experiments/signed_ints_chain/in_0002	60	0	0	0	1.0000	341.8167	340.5760	343.0573
afl++-cmplog	/home/tephra/experiments/signed_ints_chain/tc_0003.c	/home/tephra/experiments/signed_ints_chain/in_0003	60	0	0	0	1.0000	16647.1667	16502.0765	16792.2569
afl++-cmplog	/home/tephra/experiments/signed_ints_chain/tc_0004.c	/home/tephra/experiments/signed_ints_chain/in_0004	60	0	0	0	1.0000	287.6333	287.0097	288.2569
afl++-cmplog	/home/tephra/experiments/signed_ints_chain/tc_0005.c	/home/tephra/experiments/signed_ints_chain/in_0005	60	0	0	0	1.0000	428.5500	427.9738	429.1262
afl++-cmplog	/home/tephra/experiments/signed_ints_chain/tc_0006.c	/home/tephra/experiments/signed_ints_chain/in_0006	60	0	0	0	1.0000	144403.0333	143381.8246	145424.2421
afl++-cmplog	/home/tephra/experiments/signed_ints_chain/tc_0007.c	/home/tephra/experiments/signed_ints_chain/in_0007	0	60	0	0	0.0000	-	-	-
afl++-cmplog	/home/tephra/experiments/signed_ints_chain/tc_0008.c	/home/tephra/experiments/signed_ints_chain/in_0008	60	0	0	0	1.0000	1604.9167	1593.2109	1616.6225
afl++-cmplog	/home/tephra/experiments/signed_ints_chain/tc_0009.c	/home/tephra/experiments/signed_ints_chain/in_0009	60	0	0	0	1.0000	120734.2333	119996.5030	121471.9636
afl++-cmplog	/home/tephra/experiments/signed_ints_chain/tc_0010.c	/home/tephra/experiments/signed_ints_chain/in_0010	0	60	0	0	0.0000	-	-	-
afl++-laf	/home/tephra/experiments/signed_ints_chain/tc_0001.c	/home/tephra/experiments/signed_ints_chain/in_0001	60	0	0	0	1.0000	214.4333	214.2219	214.6448
afl++-laf	/home/tephra/experiments/signed_ints_chain/tc_0002.c	/home/tephra/experiments/signed_ints_chain/in_0002	8	52	0	0	0.1333	-	-	-
afl++-laf	/home/tephra/experiments/signed_ints_chain/tc_0003.c	/home/tephra/experiments/signed_ints_chain/in_0003	0	60	0	0	0.0000	-	-	-
afl++-laf	/home/tephra/experiments/signed_ints_chain/tc_0004.c	/home/tephra/experiments/signed_ints_chain/in_0004	0	60	0	0	0.0000	-	-	-
afl++-laf	/home/tephra/experiments/signed_ints_chain/tc_0005.c	/home/tephra/experiments/signed_ints_chain/in_0005	0	60	0	0	0.0000	-	-	-
afl++-laf	/home/tephra/experiments/signed_ints_chain/tc_0006.c	/home/tephra/experiments/signed_ints_chain/in_0006	0	60	0	0	0.0000	-	-	-
afl++-laf	/home/tephra/experiments/signed_ints_chain/tc_0007.c	/home/tephra/experiments/signed_ints_chain/in_0007	0	60	0	0	0.0000	-	-	-
afl++-laf	/home/tephra/experiments/signed_ints_chain/tc_0008.c	/home/tephra/experiments/signed_ints_chain/in_0008	0	60	0	0	0.0000	-	-	-
afl++-laf	/home/tephra/experiments/signed_ints_chain/tc_0009.c	/home/tephra/experiments/signed_ints_chain/in_0009	0	60	0	0	0.0000	-	-	-
afl++-laf	/home/tephra/experiments/signed_ints_chain/tc_0010.c	/home/tephra/experiments/signed_ints_chain/in_0010	0	60	0	0	0.0000	-	-	-
afl++-mopt	/home/tephra/experiments/signed_ints_chain/tc_0001.c	/home/tephra/experiments/signed_ints_chain/in_0001	60	0	0	0	1.0000	216.9333	216.8984	216.9683
afl++-mopt	/home/tephra/experiments/signed_ints_chain/tc_0002.c	/home/tephra/experiments/signed_ints_chain/in_0002	60	0	0	0	1.0000	258.2833	257.4771	259.0896
afl++-mopt	/home/tephra/experiments/signed_ints_chain/tc_0003.c	/home/tephra/experiments/signed_ints_chain/in_0003	60	0	0	0	1.0000	19957.9667	19791.8702	20124.0631
afl++-mopt	/home/tephra/experiments/signed_ints_chain/tc_0004.c	/home/tephra/experiments/signed_ints_chain/in_0004	44	16	0	0	0.7333	1517156.8864	1506439.6293	1527874.1434
afl++-mopt	/home/tephra/experiments/signed_ints_chain/tc_0005.c	/home/tephra/experiments/signed_ints_chain/in_0005	0	60	0	0	0.0000	-	-	-
afl++-mopt	/home/tephra/experiments/signed_ints_chain/tc_0006.c	/home/tephra/experiments/signed_ints_chain/in_0006	29	31	0	0	0.4833	-	-	-
afl++-mopt	/home/tephra/experiments/signed_ints_chain/tc_0007.c	/home/tephra/experiments/signed_ints_chain/in_0007	0	60	0	0	0.0000	-	-	-
afl++-mopt	/home/tephra/experiments/signed_ints_chain/tc_0008.c	/home/tephra/experiments/signed_ints_chain/in_0008	3	57	0	0	0.0500	-	-	-
afl++-mopt	/home/tephra/experiments/signed_ints_chain/tc_0009.c	/home/tephra/experiments/signed_ints_chain/in_0009	3	57	0	0	0.0500	-	-	-
afl++-mopt	/home/tephra/experiments/signed_ints_chain/tc_0010.c	/home/tephra/experiments/signed_ints_chain/in_0010	0	60	0	0	0.0000	-	-	-
honggfuzz	/home/tephra/experiments/signed_ints_chain/tc_0001.c	/home/tephra/experiments/signed_ints_chain/in_0001	60	0	0	0	1.0000	1005.2333	1005.2285	1005.2381
honggfuzz	/home/tephra/experiments/signed_ints_chain/tc_0002.c	/home/tephra/experiments/signed_ints_chain/in_0002	60	0	0	0	1.0000	1058.3667	1056.2199	1060.5135
honggfuzz	/home/tephra/experiments/signed_ints_chain/tc_0003.c	/home/tephra/experiments/signed_ints_chain/in_0003	60	0	0	0	1.0000	1708.2333	1701.7862	1714.6805
honggfuzz	/home/tephra/experiments/signed_ints_chain/tc_0004.c	/home/tephra/experiments/signed_ints_chain/in_0004	60	0	0	0	1.0000	5585.1667	5563.9820	5606.3513
honggfuzz	/home/tephra/experiments/signed_ints_chain/tc_0005.c	/home/tephra/experiments/signed_ints_chain/in_0005	60	0	0	0	1.0000	5741.9333	5721.8616	5762.0050
honggfuzz	/home/tephra/experiments/signed_ints_chain/tc_0006.c	/home/tephra/experiments/signed_ints_chain/in_0006	60	0	0	0	1.0000	11465.4000	11427.1417	11503.6583
honggfuzz	/home/tephra/experiments/signed_ints_chain/tc_0007.c	/home/tephra/experiments/signed_ints_chain/in_0007	60	0	0	0	1.0000	10828.7167	10801.0943	10856.3390
honggfuzz	/home/tephra/experiments/signed_ints_chain/tc_0008.c	/home/tephra/experiments/signed_ints_chain/in_0008	60	0	0	0	1.0000	30311.9500	30200.1369	30423.7631
honggfuzz	/home/tephra/experiments/signed_ints_chain/tc_0009.c	/home/tephra/experiments/signed_ints_chain/in_0009	60	0	0	0	1.0000	20885.3167	20815.0801	20955.5532
honggfuzz	/home/tephra/experiments/signed_ints_chain/tc_0010.c	/home/tephra/experiments/signed_ints_chain/in_0010	60	0	0	0	1.0000	60609.0167	59967.4068	61250.6266
wingfuzz	/home/tephra/experiments/signed_ints_chain/tc_0001.c	/home/tephra/experiments/signed_ints_chain/in_0001	60	0	0	0	1.0000	8.2500	8.2398	8.2602
wingfuzz	/home/tephra/experiments/signed_ints_chain/tc_0002.c	/home/tephra/experiments/signed_ints_chain/in_0002	60	0	0	0	1.0000	484.9667	480.1532	489.7801
wingfuzz	/home/tephra/experiments/signed_ints_chain/tc_0003.c	/home/tephra/experiments/signed_ints_chain/in_0003	60	0	0	0	1.0000	120.1667	119.2822	121.0512
wingfuzz	/home/tephra/experiments/signed_ints_chain/tc_0004.c	/home/tephra/experiments/signed_ints_chain/in_0004	60	0	0	0	1.0000	1822.0667	1807.1201	1837.0132
wingfuzz	/home/tephra/experiments/signed_ints_chain/tc_0005.c	/home/tephra/experiments/signed_ints_chain/in_0005	60	0	0	0	1.0000	4331.8833	4268.6185	4395.1482
wingfuzz	/home/tephra/experiments/signed_ints_chain/tc_0006.c	/home/tephra/experiments/signed_ints_chain/in_0006	60	0	0	0	1.0000	1664.9000	1648.9045	1680.8955
wingfuzz	/home/tephra/experiments/signed_ints_chain/tc_0007.c	/home/tephra/experiments/signed_ints_chain/in_0007	60	0	0	0	1.0000	3239.4500	3210.0717	3268.8283
wingfuzz	/home/tephra/experiments/signed_ints_chain/tc_0008.c	/home/tephra/experiments/signed_ints_chain/in_0008	60	0	0	0	1.0000	3949.0000	3881.5915	4016.4085
wingfuzz	/home/tephra/experiments/signed_ints_chain/tc_0009.c	/home/tephra/experiments/signed_ints_chain/in_0009	60	0	0	0	1.0000	4130.4167	4054.3737	4206.4597
wingfuzz	/home/tephra/experiments/signed_ints_chain/tc_0010.c	/home/tephra/experiments/signed_ints_chain/in_0010	54	6	0	0	0.9000	18712.9815	18524.9480	18901.0150
libafl	/home/tephra/experiments/signed_ints_chain/tc_0001.c	/home/tephra/experiments/signed_ints_chain/in_0001	60	0	0	0	1.0000	11.4833	11.4659	11.5007
libafl	/home/tephra/experiments/signed_ints_chain/tc_0002.c	/home/tephra/experiments/signed_ints_chain/in_0002	60	0	0	0	1.0000	11.1167	11.1016	11.1317
libafl	/home/tephra/experiments/signed_ints_chain/tc_0003.c	/home/tephra/experiments/signed_ints_chain/in_0003	60	0	0	0	1.0000	11.3333	11.3175	11.3492
libafl	/home/tephra/experiments/signed_ints_chain/tc_0004.c	/home/tephra/experiments/signed_ints_chain/in_0004	60	0	0	0	1.0000	11.3667	11.3525	11.3809
libafl	/home/tephra/experiments/signed_ints_chain/tc_0005.c	/home/tephra/experiments/signed_ints_chain/in_0005	60	0	0	0	1.0000	12.3167	12.2996	12.3338
libafl	/home/tephra/experiments/signed_ints_chain/tc_0006.c	/home/tephra/experiments/signed_ints_chain/in_0006	60	0	0	0	1.0000	14.7000	14.6717	14.7283
libafl	/home/tephra/experiments/signed_ints_chain/tc_0007.c	/home/tephra/experiments/signed_ints_chain/in_0007	60	0	0	0	1.0000	22.0833	22.0050	22.1617
libafl	/home/tephra/experiments/signed_ints_chain/tc_0008.c	/home/tephra/experiments/signed_ints_chain/in_0008	60	0	0	0	1.0000	45.7167	45.4101	46.0232
libafl	/home/tephra/experiments/signed_ints_chain/tc_0009.c	/home/tephra/experiments/signed_ints_chain/in_0009	60	0	0	0	1.0000	67.0000	66.5516	67.4484
libafl	/home/tephra/experiments/signed_ints_chain/tc_0010.c	/home/tephra/experiments/signed_ints_chain/in_0010	60	0	0	0	1.0000	28.5333	28.3995	28.6672
libafl-libfuzzer	/home/tephra/experiments/signed_ints_chain/tc_0001.c	/home/tephra/experiments/signed_ints_chain/in_0001	60	0	0	0	1.0000	140.8333	140.7969	140.8698
libafl-libfuzzer	/home/tephra/experiments/signed_ints_chain/tc_0002.c	/home/tephra/experiments/signed_ints_chain/in_0002	60	0	0	0	1.0000	140.2667	140.2370	140.2964
libafl-libfuzzer	/home/tephra/experiments/signed_ints_chain/tc_0003.c	/home/tephra/experiments/signed_ints_chain/in_0003	60	0	0	0	1.0000	7780.6667	7687.8415	7873.4918
libafl-libfuzzer	/home/tephra/experiments/signed_ints_chain/tc_0004.c	/home/tephra/experiments/signed_ints_chain/in_0004	31	29	0	0	0.5167	1495178.1290	1483149.9640	1507206.2941
libafl-libfuzzer	/home/tephra/experiments/signed_ints_chain/tc_0005.c	/home/tephra/experiments/signed_ints_chain/in_0005	2	58	0	0	0.0333	-	-	-
libafl-libfuzzer	/home/tephra/experiments/signed_ints_chain/tc_0006.c	/home/tephra/experiments/signed_ints_chain/in_0006	16	44	0	0	0.2667	-	-	-
libafl-libfuzzer	/home/tephra/experiments/signed_ints_chain/tc_0007.c	/home/tephra/experiments/signed_ints_chain/in_0007	3	57	0	0	0.0500	-	-	-
libafl-libfuzzer	/home/tephra/experiments/signed_ints_chain/tc_0008.c	/home/tephra/experiments/signed_ints_chain/in_0008	5	55	0	0	0.0833	-	-	-
libafl-libfuzzer	/home/tephra/experiments/signed_ints_chain/tc_0009.c	/home/tephra/experiments/signed_ints_chain/in_0009	13	47	0	0	0.2167	-	-	-
libafl-libfuzzer	/home/tephra/experiments/signed_ints_chain/tc_0010.c	/home/tephra/experiments/signed_ints_chain/in_0010	0	60	0	0	0.0000	-	-	-
ddfuzz	/home/tephra/experiments/signed_ints_chain/tc_0001.c	/home/tephra/experiments/signed_ints_chain/in_0001	60	0	0	0	1.0000	240.5833	240.5451	240.6215
ddfuzz	/home/tephra/experiments/signed_ints_chain/tc_0002.c	/home/tephra/experiments/signed_ints_chain/in_0002	60	0	0	0	1.0000	741.1500	735.3094	746.9906
ddfuzz	/home/tephra/experiments/signed_ints_chain/tc_0003.c	/home/tephra/experiments/signed_ints_chain/in_0003	60	0	0	0	1.0000	17415.1333	17267.2796	17562.9870
ddfuzz	/home/tephra/experiments/signed_ints_chain/tc_0004.c	/home/tephra/experiments/signed_ints_chain/in_0004	0	60	0	0	0.0000	-	-	-
ddfuzz	/home/tephra/experiments/signed_ints_chain/tc_0005.c	/home/tephra/experiments/signed_ints_chain/in_0005	0	60	0	0	0.0000	-	-	-
ddfuzz	/home/tephra/experiments/signed_ints_chain/tc_0006.c	/home/tephra/experiments/signed_ints_chain/in_0006	0	60	0	0	0.0000	-	-	-
ddfuzz	/home/tephra/experiments/signed_ints_chain/tc_0007.c	/home/tephra/experiments/signed_ints_chain/in_0007	0	60	0	0	0.0000	-	-	-
ddfuzz	/home/tephra/experiments/signed_ints_chain/tc_0008.c	/home/tephra/experiments/signed_ints_chain/in_0008	0	60	0	0	0.0000	-	-	-
ddfuzz	/home/tephra/experiments/signed_ints_chain/tc_0009.c	/home/tephra/experiments/signed_ints_chain/in_0009	0	60	0	0	0.0000	-	-	-
ddfuzz	/home/tephra/experiments/signed_ints_chain/tc_0010.c	/home/tephra/experiments/signed_ints_chain/in_0010	0	60	0	0	0.0000	-	-	-
fairfuzz	/home/tephra/experiments/signed_ints_chain/tc_0001.c	/home/tephra/experiments/signed_ints_chain/in_0001	60	0	0	0	1.0000	215.4833	215.4630	215.5037
fairfuzz	/home/tephra/experiments/signed_ints_chain/tc_0002.c	/home/tephra/experiments/signed_ints_chain/in_0002	0	60	0	0	0.0000	-	-	-
fairfuzz	/home/tephra/experiments/signed_ints_chain/tc_0003.c	/home/tephra/experiments/signed_ints_chain/in_0003	0	60	0	0	0.0000	-	-	-
fairfuzz	/home/tephra/experiments/signed_ints_chain/tc_0004.c	/home/tephra/experiments/signed_ints_chain/in_0004	0	60	0	0	0.0000	-	-	-
fairfuzz	/home/tephra/experiments/signed_ints_chain/tc_0005.c	/home/tephra/experiments/signed_ints_chain/in_0005	0	60	0	0	0.0000	-	-	-
fairfuzz	/home/tephra/experiments/signed_ints_chain/tc_0006.c	/home/tephra/experiments/signed_ints_chain/in_0006	0	60	0	0	0.0000	-	-	-
fairfuzz	/home/tephra/experiments/signed_ints_chain/tc_0007.c	/home/tephra/experiments/signed_ints_chain/in_0007	0	60	0	0	0.0000	-	-	-
fairfuzz	/home/tephra/experiments/signed_ints_chain/tc_0008.c	/home/tephra/experiments/signed_ints_chain/in_0008	0	60	0	0	0.0000	-	-	-
fairfuzz	/home/tephra/experiments/signed_ints_chain/tc_0009.c	/home/tephra/experiments/signed_ints_chain/in_0009	0	60	0	0	0.0000	-	-	-
fairfuzz	/home/tephra/experiments/signed_ints_chain/tc_0010.c	/home/tephra/experiments/signed_ints_chain/in_0010	0	60	0	0	0.0000	-	-	-
ecofuzz	/home/tephra/experiments/signed_ints_chain/tc_0001.c	/home/tephra/experiments/signed_ints_chain/in_0001	60	0	0	0	1.0000	275.6833	274.6203	276.7463
ecofuzz	/home/tephra/experiments/signed_ints_chain/tc_0002.c	/home/tephra/experiments/signed_ints_chain/in_0002	0	60	0	0	0.0000	-	-	-
ecofuzz	/home/tephra/experiments/signed_ints_chain/tc_0003.c	/home/tephra/experiments/signed_ints_chain/in_0003	0	60	0	0	0.0000	-	-	-
ecofuzz	/home/tephra/experiments/signed_ints_chain/tc_0004.c	/home/tephra/experiments/signed_ints_chain/in_0004	0	60	0	0	0.0000	-	-	-
ecofuzz	/home/tephra/experiments/signed_ints_chain/tc_0005.c	/home/tephra/experiments/signed_ints_chain/in_0005	1	59	0	0	0.0167	-	-	-
ecofuzz	/home/tephra/experiments/signed_ints_chain/tc_0006.c	/home/tephra/experiments/signed_ints_chain/in_0006	0	60	0	0	0.0000	-	-	-
ecofuzz	/home/tephra/experiments/signed_ints_chain/tc_0007.c	/home/tephra/experiments/signed_ints_chain/in_0007	55	5	0	0	0.9167	807829.8000	801935.4551	813724.1449
ecofuzz	/home/tephra/experiments/signed_ints_chain/tc_0008.c	/home/tephra/experiments/signed_ints_chain/in_0008	0	60	0	0	0.0000	-	-	-
ecofuzz	/home/tephra/experiments/signed_ints_chain/tc_0009.c	/home/tephra/experiments/signed_ints_chain/in_0009	0	60	0	0	0.0000	-	-	-
ecofuzz	/home/tephra/experiments/signed_ints_chain/tc_0010.c	/home/tephra/experiments/signed_ints_chain/in_0010	0	60	0	0	0.0000	-	-	-
fafuzz	/home/tephra/experiments/signed_ints_chain/tc_0001.c	/home/tephra/experiments/signed_ints_chain/in_0001	60	0	0	0	1.0000	253.7667	253.0775	254.4558
fafuzz	/home/tephra/experiments/signed_ints_chain/tc_0002.c	/home/tephra/experiments/signed_ints_chain/in_0002	0	60	0	0	0.0000	-	-	-
fafuzz	/home/tephra/experiments/signed_ints_chain/tc_0003.c	/home/tephra/experiments/signed_ints_chain/in_0003	0	60	0	0	0.0000	-	-	-
fafuzz	/home/tephra/experiments/signed_ints_chain/tc_0004.c	/home/tephra/experiments/signed_ints_chain/in_0004	0	60	0	0	0.0000	-	-	-
fafuzz	/home/tephra/experiments/signed_ints_chain/tc_0005.c	/home/tephra/experiments/signed_ints_chain/in_0005	0	60	0	0	0.0000	-	-	-
fafuzz	/home/tephra/experiments/signed_ints_chain/tc_0006.c	/home/tephra/experiments/signed_ints_chain/in_0006	0	60	0	0	0.0000	-	-	-
fafuzz	/home/tephra/experiments/signed_ints_chain/tc_0007.c	/home/tephra/experiments/signed_ints_chain/in_0007	0	60	0	0	0.0000	-	-	-
fafuzz	/home/tephra/experiments/signed_ints_chain/tc_0008.c	/home/tephra/experiments/signed_ints_chain/in_0008	0	60	0	0	0.0000	-	-	-
fafuzz	/home/tephra/experiments/signed_ints_chain/tc_0009.c	/home/tephra/experiments/signed_ints_chain/in_0009	0	60	0	0	0.0000	-	-	-
fafuzz	/home/tephra/experiments/signed_ints_chain/tc_0010.c	/home/tephra/experiments/signed_ints_chain/in_0010	0	60	0	0	0.0000	-	-	-
darwin	/home/tephra/experiments/signed_ints_chain/tc_0001.c	/home/tephra/experiments/signed_ints_chain/in_0001	60	0	0	0	1.0000	285.5167	284.7272	286.3062
darwin	/home/tephra/experiments/signed_ints_chain/tc_0002.c	/home/tephra/experiments/signed_ints_chain/in_0002	0	60	0	0	0.0000	-	-	-
darwin	/home/tephra/experiments/signed_ints_chain/tc_0003.c	/home/tephra/experiments/signed_ints_chain/in_0003	0	60	0	0	0.0000	-	-	-
darwin	/home/tephra/experiments/signed_ints_chain/tc_0004.c	/home/tephra/experiments/signed_ints_chain/in_0004	0	60	0	0	0.0000	-	-	-
darwin	/home/tephra/experiments/signed_ints_chain/tc_0005.c	/home/tephra/experiments/signed_ints_chain/in_0005	0	60	0	0	0.0000	-	-	-
darwin	/home/tephra/experiments/signed_ints_chain/tc_0006.c	/home/tephra/experiments/signed_ints_chain/in_0006	0	60	0	0	0.0000	-	-	-
darwin	/home/tephra/experiments/signed_ints_chain/tc_0007.c	/home/tephra/experiments/signed_ints_chain/in_0007	0	60	0	0	0.0000	-	-	-
darwin	/home/tephra/experiments/signed_ints_chain/tc_0008.c	/home/tephra/experiments/signed_ints_chain/in_0008	0	60	0	0	0.0000	-	-	-
darwin	/home/tephra/experiments/signed_ints_chain/tc_0009.c	/home/tephra/experiments/signed_ints_chain/in_0009	0	60	0	0	0.0000	-	-	-
darwin	/home/tephra/experiments/signed_ints_chain/tc_0010.c	/home/tephra/experiments/signed_ints_chain/in_0010	0	60	0	0	0.0000	-	-	-
angora	/home/tephra/experiments/signed_ints_chain/tc_0001.c	/home/tephra/experiments/signed_ints_chain/in_0001	59	0	0	1	0.9833	1400.3559	1386.7387	1413.9732
angora	/home/tephra/experiments/signed_ints_chain/tc_0002.c	/home/tephra/experiments/signed_ints_chain/in_0002	60	0	0	0	1.0000	4116.2833	4072.1953	4160.3714
angora	/home/tephra/experiments/signed_ints_chain/tc_0003.c	/home/tephra/experiments/signed_ints_chain/in_0003	60	0	0	0	1.0000	10135.9000	10050.4309	10221.3691
angora	/home/tephra/experiments/signed_ints_chain/tc_0004.c	/home/tephra/experiments/signed_ints_chain/in_0004	60	0	0	0	1.0000	13837.5000	13749.2749	13925.7251
angora	/home/tephra/experiments/signed_ints_chain/tc_0005.c	/home/tephra/experiments/signed_ints_chain/in_0005	59	0	0	1	0.9833	10946.1017	10852.1139	11040.0894
angora	/home/tephra/experiments/signed_ints_chain/tc_0006.c	/home/tephra/experiments/signed_ints_chain/in_0006	60	0	0	0	1.0000	6504.2667	6470.7981	6537.7352
angora	/home/tephra/experiments/signed_ints_chain/tc_0007.c	/home/tephra/experiments/signed_ints_chain/in_0007	60	0	0	0	1.0000	5636.5333	5606.3730	5666.6937
angora	/home/tephra/experiments/signed_ints_chain/tc_0008.c	/home/tephra/experiments/signed_ints_chain/in_0008	60	0	0	0	1.0000	5586.0167	5562.2778	5609.7555
angora	/home/tephra/experiments/signed_ints_chain/tc_0009.c	/home/tephra/experiments/signed_ints_chain/in_0009	60	0	0	0	1.0000	6019.8833	6005.1601	6034.6065
angora	/home/tephra/experiments/signed_ints_chain/tc_0010.c	/home/tephra/experiments/signed_ints_chain/in_0010	60	0	0	0	1.0000	8205.4500	8161.9299	8248.9701
angora	/home/tephra/experiments/signed_ints_chain/tc_0011.c	/home/tephra/experiments/signed_ints_chain/in_0011	60	0	0	0	1.0000	8338.5667	8278.3033	8398.8301
angora	/home/tephra/experiments/signed_ints_chain/tc_0012.c	/home/tephra/experiments/signed_ints_chain/in_0012	60	0	0	0	1.0000	9922.4500	9867.8715	9977.0285
angora	/home/tephra/experiments/signed_ints_chain/tc_0013.c	/home/tephra/experiments/signed_ints_chain/in_0013	60	0	0	0	1.0000	10641.6167	10592.1297	10691.1036
angora	/home/tephra/experiments/signed_ints_chain/tc_0014.c	/home/tephra/experiments/signed_ints_chain/in_0014	60	0	0	0	1.0000	7671.7500	7630.4249	7713.0751
angora	/home/tephra/experiments/signed_ints_chain/tc_0015.c	/home/tephra/experiments/signed_ints_chain/in_0015	59	0	0	1	0.9833	10786.8644	10750.2882	10823.4406
angora	/home/tephra/experiments/signed_ints_chain/tc_0016.c	/home/tephra/experiments/signed_ints_chain/in_0016	59	0	0	1	0.9833	12788.4237	12726.3678	12850.4796
angora	/home/tephra/experiments/signed_ints_chain/tc_0032.c	/home/tephra/experiments/signed_ints_chain/in_0032	59	0	0	1	0.9833	17181.6949	17087.5877	17275.8022
angora	/home/tephra/experiments/signed_ints_chain/tc_0064.c	/home/tephra/experiments/signed_ints_chain/in_0064	60	0	0	0	1.0000	56938.2500	56713.5359	57162.9641
angora	/home/tephra/experiments/signed_ints_chain/tc_0128.c	/home/tephra/experiments/signed_ints_chain/in_0128	60	0	0	0	1.0000	83921.2833	83372.4080	84470.1587
angora	/home/tephra/experiments/signed_ints_chain/tc_0256.c	/home/tephra/experiments/signed_ints_chain/in_0256	60	0	0	0	1.0000	98205.8833	97756.7914	98654.9752
angora	/home/tephra/experiments/signed_ints_chain/tc_0512.c	/home/tephra/experiments/signed_ints_chain/in_0512	60	0	0	0	1.0000	168146.2500	167562.8505	168729.6495
angora	/home/tephra/experiments/signed_ints_chain/tc_1024.c	/home/tephra/experiments/signed_ints_chain/in_1024	60	0	0	0	1.0000	308856.4167	308218.3783	309494.4551
angora	/home/tephra/experiments/signed_ints_chain/tc_16384.c	/home/tephra/experiments/signed_ints_chain/in_16384	0	0	0	60	0.0000	-	-	-
angora	/home/tephra/experiments/signed_ints_chain/tc_2048.c	/home/tephra/experiments/signed_ints_chain/in_2048	60	0	0	0	1.0000	735154.3333	733955.0371	736353.6295
angora	/home/tephra/experiments/signed_ints_chain/tc_32768.c	/home/tephra/experiments/signed_ints_chain/in_32768	0	0	0	60	0.0000	-	-	-
angora	/home/tephra/experiments/signed_ints_chain/tc_4096.c	/home/tephra/experiments/signed_ints_chain/in_4096	0	0	0	60	0.0000	-	-	-
angora	/home/tephra/experiments/signed_ints_chain/tc_8192.c	/home/tephra/experiments/signed_ints_chain/in_8192	0	0	0	60	0.0000	-	-	-
angora-mb	/home/tephra/experiments/signed_ints_chain/tc_0001.c	/home/tephra/experiments/signed_ints_chain/in_0001	60	0	0	0	1.0000	1046.3000	1046.2832	1046.3168
angora-mb	/home/tephra/experiments/signed_ints_chain/tc_0002.c	/home/tephra/experiments/signed_ints_chain/in_0002	60	0	0	0	1.0000	1045.6667	1045.6433	1045.6901
angora-mb	/home/tephra/experiments/signed_ints_chain/tc_0003.c	/home/tephra/experiments/signed_ints_chain/in_0003	60	0	0	0	1.0000	1628.7000	1624.4067	1632.9933
angora-mb	/home/tephra/experiments/signed_ints_chain/tc_0004.c	/home/tephra/experiments/signed_ints_chain/in_0004	60	0	0	0	1.0000	2178.8000	2171.4157	2186.1843
angora-mb	/home/tephra/experiments/signed_ints_chain/tc_0005.c	/home/tephra/experiments/signed_ints_chain/in_0005	60	0	0	0	1.0000	1777.9500	1772.1950	1783.7050
angora-mb	/home/tephra/experiments/signed_ints_chain/tc_0006.c	/home/tephra/experiments/signed_ints_chain/in_0006	60	0	0	0	1.0000	3045.4833	3036.9069	3054.0598
angora-mb	/home/tephra/experiments/signed_ints_chain/tc_0007.c	/home/tephra/experiments/signed_ints_chain/in_0007	60	0	0	0	1.0000	2628.8833	2623.0486	2634.7181
angora-mb	/home/tephra/experiments/signed_ints_chain/tc_0008.c	/home/tephra/experiments/signed_ints_chain/in_0008	60	0	0	0	1.0000	3647.3167	3630.6221	3664.0112
angora-mb	/home/tephra/experiments/signed_ints_chain/tc_0009.c	/home/tephra/experiments/signed_ints_chain/in_0009	60	0	0	0	1.0000	3597.2167	3584.4379	3609.9954
angora-mb	/home/tephra/experiments/signed_ints_chain/tc_0010.c	/home/tephra/experiments/signed_ints_chain/in_0010	60	0	0	0	1.0000	6648.8667	6621.6013	6676.1320
angora-mb	/home/tephra/experiments/signed_ints_chain/tc_0011.c	/home/tephra/experiments/signed_ints_chain/in_0011	60	0	0	0	1.0000	4996.0500	4980.4506	5011.6494
angora-mb	/home/tephra/experiments/signed_ints_chain/tc_0012.c	/home/tephra/experiments/signed_ints_chain/in_0012	60	0	0	0	1.0000	5628.5333	5609.8878	5647.1789
angora-mb	/home/tephra/experiments/signed_ints_chain/tc_0013.c	/home/tephra/experiments/signed_ints_chain/in_0013	60	0	0	0	1.0000	6112.9333	6091.2801	6134.5865
angora-mb	/home/tephra/experiments/signed_ints_chain/tc_0014.c	/home/tephra/experiments/signed_ints_chain/in_0014	60	0	0	0	1.0000	7329.3833	7304.2047	7354.5620
angora-mb	/home/tephra/experiments/signed_ints_chain/tc_0015.c	/home/tephra/experiments/signed_ints_chain/in_0015	60	0	0	0	1.0000	7428.7333	7401.2289	7456.2378
angora-mb	/home/tephra/experiments/signed_ints_chain/tc_0016.c	/home/tephra/experiments/signed_ints_chain/in_0016	60	0	0	0	1.0000	6712.8833	6690.8823	6734.8844
angora-mb	/home/tephra/experiments/signed_ints_chain/tc_0032.c	/home/tephra/experiments/signed_ints_chain/in_0032	60	0	0	0	1.0000	14086.8000	14012.6443	14160.9557
angora-mb	/home/tephra/experiments/signed_ints_chain/tc_0064.c	/home/tephra/experiments/signed_ints_chain/in_0064	60	0	0	0	1.0000	25463.2333	25390.9081	25535.5586
angora-mb	/home/tephra/experiments/signed_ints_chain/tc_0128.c	/home/tephra/experiments/signed_ints_chain/in_0128	60	0	0	0	1.0000	40177.7333	40078.3744	40277.0922
angora-mb	/home/tephra/experiments/signed_ints_chain/tc_0256.c	/home/tephra/experiments/signed_ints_chain/in_0256	60	0	0	0	1.0000	83695.5167	83577.4087	83813.6246
angora-mb	/home/tephra/experiments/signed_ints_chain/tc_0512.c	/home/tephra/experiments/signed_ints_chain/in_0512	58	2	0	0	0.9667	152715.6034	152602.4591	152828.7478
angora-mb	/home/tephra/experiments/signed_ints_chain/tc_1024.c	/home/tephra/experiments/signed_ints_chain/in_1024	58	1	0	1	0.9667	303396.3276	303055.8992	303736.7560
angora-mb	/home/tephra/experiments/signed_ints_chain/tc_16384.c	/home/tephra/experiments/signed_ints_chain/in_16384	0	0	0	60	0.0000	-	-	-
angora-mb	/home/tephra/experiments/signed_ints_chain/tc_2048.c	/home/tephra/experiments/signed_ints_chain/in_2048	59	1	0	0	0.9833	828419.5932	826594.4810	830244.7054
angora-mb	/home/tephra/experiments/signed_ints_chain/tc_32768.c	/home/tephra/experiments/signed_ints_chain/in_32768	0	0	0	60	0.0000	-	-	-
angora-mb	/home/tephra/experiments/signed_ints_chain/tc_4096.c	/home/tephra/experiments/signed_ints_chain/in_4096	0	0	0	60	0.0000	-	-	-
angora-mb	/home/tephra/experiments/signed_ints_chain/tc_8192.c	/home/tephra/experiments/signed_ints_chain/in_8192	0	0	0	60	0.0000	-	-	-
angora-random	/home/tephra/experiments/signed_ints_chain/tc_0001.c	/home/tephra/experiments/signed_ints_chain/in_0001	60	0	0	0	1.0000	1046.7500	1046.7267	1046.7733
angora-random	/home/tephra/experiments/signed_ints_chain/tc_0002.c	/home/tephra/experiments/signed_ints_chain/in_0002	0	60	0	0	0.0000	-	-	-
angora-random	/home/tephra/experiments/signed_ints_chain/tc_0003.c	/home/tephra/experiments/signed_ints_chain/in_0003	0	60	0	0	0.0000	-	-	-
angora-random	/home/tephra/experiments/signed_ints_chain/tc_0004.c	/home/tephra/experiments/signed_ints_chain/in_0004	0	60	0	0	0.0000	-	-	-
angora-random	/home/tephra/experiments/signed_ints_chain/tc_0005.c	/home/tephra/experiments/signed_ints_chain/in_0005	0	60	0	0	0.0000	-	-	-
angora-random	/home/tephra/experiments/signed_ints_chain/tc_0006.c	/home/tephra/experiments/signed_ints_chain/in_0006	0	60	0	0	0.0000	-	-	-
angora-random	/home/tephra/experiments/signed_ints_chain/tc_0007.c	/home/tephra/experiments/signed_ints_chain/in_0007	0	60	0	0	0.0000	-	-	-
angora-random	/home/tephra/experiments/signed_ints_chain/tc_0008.c	/home/tephra/experiments/signed_ints_chain/in_0008	0	60	0	0	0.0000	-	-	-
angora-random	/home/tephra/experiments/signed_ints_chain/tc_0009.c	/home/tephra/experiments/signed_ints_chain/in_0009	0	60	0	0	0.0000	-	-	-
angora-random	/home/tephra/experiments/signed_ints_chain/tc_0010.c	/home/tephra/experiments/signed_ints_chain/in_0010	0	59	0	1	0.0000	-	-	-
angora-random	/home/tephra/experiments/signed_ints_chain/tc_0011.c	/home/tephra/experiments/signed_ints_chain/in_0011	0	60	0	0	0.0000	-	-	-
angora-random	/home/tephra/experiments/signed_ints_chain/tc_0012.c	/home/tephra/experiments/signed_ints_chain/in_0012	0	60	0	0	0.0000	-	-	-
angora-random	/home/tephra/experiments/signed_ints_chain/tc_0013.c	/home/tephra/experiments/signed_ints_chain/in_0013	0	60	0	0	0.0000	-	-	-
angora-random	/home/tephra/experiments/signed_ints_chain/tc_0014.c	/home/tephra/experiments/signed_ints_chain/in_0014	0	60	0	0	0.0000	-	-	-
angora-random	/home/tephra/experiments/signed_ints_chain/tc_0015.c	/home/tephra/experiments/signed_ints_chain/in_0015	0	60	0	0	0.0000	-	-	-
angora-random	/home/tephra/experiments/signed_ints_chain/tc_0016.c	/home/tephra/experiments/signed_ints_chain/in_0016	0	60	0	0	0.0000	-	-	-
angora-random	/home/tephra/experiments/signed_ints_chain/tc_0032.c	/home/tephra/experiments/signed_ints_chain/in_0032	0	60	0	0	0.0000	-	-	-
angora-random	/home/tephra/experiments/signed_ints_chain/tc_0064.c	/home/tephra/experiments/signed_ints_chain/in_0064	0	60	0	0	0.0000	-	-	-
angora-random	/home/tephra/experiments/signed_ints_chain/tc_0128.c	/home/tephra/experiments/signed_ints_chain/in_0128	0	60	0	0	0.0000	-	-	-
angora-random	/home/tephra/experiments/signed_ints_chain/tc_0256.c	/home/tephra/experiments/signed_ints_chain/in_0256	0	60	0	0	0.0000	-	-	-
angora-random	/home/tephra/experiments/signed_ints_chain/tc_0512.c	/home/tephra/experiments/signed_ints_chain/in_0512	0	60	0	0	0.0000	-	-	-
angora-random	/home/tephra/experiments/signed_ints_chain/tc_1024.c	/home/tephra/experiments/signed_ints_chain/in_1024	0	60	0	0	0.0000	-	-	-
angora-random	/home/tephra/experiments/signed_ints_chain/tc_16384.c	/home/tephra/experiments/signed_ints_chain/in_16384	0	0	0	60	0.0000	-	-	-
angora-random	/home/tephra/experiments/signed_ints_chain/tc_2048.c	/home/tephra/experiments/signed_ints_chain/in_2048	0	59	0	1	0.0000	-	-	-
angora-random	/home/tephra/experiments/signed_ints_chain/tc_32768.c	/home/tephra/experiments/signed_ints_chain/in_32768	0	0	0	60	0.0000	-	-	-
angora-random	/home/tephra/experiments/signed_ints_chain/tc_4096.c	/home/tephra/experiments/signed_ints_chain/in_4096	0	0	0	60	0.0000	-	-	-
angora-random	/home/tephra/experiments/signed_ints_chain/tc_8192.c	/home/tephra/experiments/signed_ints_chain/in_8192	0	0	0	60	0.0000	-	-	-
libfuzzer	/home/tephra/experiments/signed_ints_chain/tc_0011.c	/home/tephra/experiments/signed_ints_chain/in_0011	60	0	0	0	1.0000	2270.4500	2261.5446	2279.3554
libfuzzer	/home/tephra/experiments/signed_ints_chain/tc_0012.c	/home/tephra/experiments/signed_ints_chain/in_0012	60	0	0	0	1.0000	6329.5833	6300.9403	6358.2264
libfuzzer	/home/tephra/experiments/signed_ints_chain/tc_0013.c	/home/tephra/experiments/signed_ints_chain/in_0013	60	0	0	0	1.0000	6307.3833	6280.6944	6334.0722
libfuzzer	/home/tephra/experiments/signed_ints_chain/tc_0014.c	/home/tephra/experiments/signed_ints_chain/in_0014	60	0	0	0	1.0000	13452.9500	13387.2415	13518.6585
libfuzzer	/home/tephra/experiments/signed_ints_chain/tc_0015.c	/home/tephra/experiments/signed_ints_chain/in_0015	57	3	0	0	0.9500	45118.4211	44871.2799	45365.5622
libfuzzer	/home/tephra/experiments/signed_ints_chain/tc_0016.c	/home/tephra/experiments/signed_ints_chain/in_0016	56	4	0	0	0.9333	36680.7857	36477.8034	36883.7681
libfuzzer	/home/tephra/experiments/signed_ints_chain/tc_0032.c	/home/tephra/experiments/signed_ints_chain/in_0032	53	7	0	0	0.8833	125672.4340	125240.1998	126104.6681
libfuzzer	/home/tephra/experiments/signed_ints_chain/tc_0064.c	/home/tephra/experiments/signed_ints_chain/in_0064	1	59	0	0	0.0167	-	-	-
libfuzzer-entropic	/home/tephra/experiments/signed_ints_chain/tc_0011.c	/home/tephra/experiments/signed_ints_chain/in_0011	60	0	0	0	1.0000	3929.5667	3914.7555	3944.3779
libfuzzer-entropic	/home/tephra/experiments/signed_ints_chain/tc_0012.c	/home/tephra/experiments/signed_ints_chain/in_0012	60	0	0	0	1.0000	9538.3167	9499.4095	9577.2239
libfuzzer-entropic	/home/tephra/experiments/signed_ints_chain/tc_0013.c	/home/tephra/experiments/signed_ints_chain/in_0013	60	0	0	0	1.0000	10092.3000	10034.3974	10150.2026
libfuzzer-entropic	/home/tephra/experiments/signed_ints_chain/tc_0014.c	/home/tephra/experiments/signed_ints_chain/in_0014	60	0	0	0	1.0000	28802.7000	28647.1928	28958.2072
libfuzzer-entropic	/home/tephra/experiments/signed_ints_chain/tc_0015.c	/home/tephra/experiments/signed_ints_chain/in_0015	50	10	0	0	0.8333	57174.9000	56695.8887	57653.9113
libfuzzer-entropic	/home/tephra/experiments/signed_ints_chain/tc_0016.c	/home/tephra/experiments/signed_ints_chain/in_0016	53	7	0	0	0.8833	53032.9057	52668.5419	53397.2694
libfuzzer-entropic	/home/tephra/experiments/signed_ints_chain/tc_0032.c	/home/tephra/experiments/signed_ints_chain/in_0032	53	7	0	0	0.8833	135931.4340	135170.1016	136692.7663
libfuzzer-entropic	/home/tephra/experiments/signed_ints_chain/tc_0064.c	/home/tephra/experiments/signed_ints_chain/in_0064	4	56	0	0	0.0667	-	-	-
afl++	/home/tephra/experiments/signed_ints_chain/tc_0011.c	/home/tephra/experiments/signed_ints_chain/in_0011	1	59	0	0	0.0167	-	-	-
afl++	/home/tephra/experiments/signed_ints_chain/tc_0012.c	/home/tephra/experiments/signed_ints_chain/in_0012	0	60	0	0	0.0000	-	-	-
afl++	/home/tephra/experiments/signed_ints_chain/tc_0013.c	/home/tephra/experiments/signed_ints_chain/in_0013	8	52	0	0	0.1333	-	-	-
afl++	/home/tephra/experiments/signed_ints_chain/tc_0014.c	/home/tephra/experiments/signed_ints_chain/in_0014	0	60	0	0	0.0000	-	-	-
afl++	/home/tephra/experiments/signed_ints_chain/tc_0015.c	/home/tephra/experiments/signed_ints_chain/in_0015	0	60	0	0	0.0000	-	-	-
afl++	/home/tephra/experiments/signed_ints_chain/tc_0016.c	/home/tephra/experiments/signed_ints_chain/in_0016	0	60	0	0	0.0000	-	-	-
afl++	/home/tephra/experiments/signed_ints_chain/tc_0032.c	/home/tephra/experiments/signed_ints_chain/in_0032	0	60	0	0	0.0000	-	-	-
afl++	/home/tephra/experiments/signed_ints_chain/tc_0064.c	/home/tephra/experiments/signed_ints_chain/in_0064	0	60	0	0	0.0000	-	-	-
afl++-cmplog	/home/tephra/experiments/signed_ints_chain/tc_0011.c	/home/tephra/experiments/signed_ints_chain/in_0011	60	0	0	0	1.0000	315403.8000	313399.7061	317407.8939
afl++-cmplog	/home/tephra/experiments/signed_ints_chain/tc_0012.c	/home/tephra/experiments/signed_ints_chain/in_0012	60	0	0	0	1.0000	54731.4833	54015.1909	55447.7758
afl++-cmplog	/home/tephra/experiments/signed_ints_chain/tc_0013.c	/home/tephra/experiments/signed_ints_chain/in_0013	60	0	0	0	1.0000	39232.4667	38968.1287	39496.8046
afl++-cmplog	/home/tephra/experiments/signed_ints_chain/tc_0014.c	/home/tephra/experiments/signed_ints_chain/in_0014	60	0	0	0	1.0000	170558.6667	169525.7958	171591.5375
afl++-cmplog	/home/tephra/experiments/signed_ints_chain/tc_0015.c	/home/tephra/experiments/signed_ints_chain/in_0015	60	0	0	0	1.0000	65280.7333	64607.9399	65953.5268
afl++-cmplog	/home/tephra/experiments/signed_ints_chain/tc_0016.c	/home/tephra/experiments/signed_ints_chain/in_0016	60	0	0	0	1.0000	169216.5667	168273.3715	170159.7618
afl++-cmplog	/home/tephra/experiments/signed_ints_chain/tc_0032.c	/home/tephra/experiments/signed_ints_chain/in_0032	0	60	0	0	0.0000	-	-	-
afl++-cmplog	/home/tephra/experiments/signed_ints_chain/tc_0064.c	/home/tephra/experiments/signed_ints_chain/in_0064	0	60	0	0	0.0000	-	-	-
honggfuzz	/home/tephra/experiments/signed_ints_chain/tc_0011.c	/home/tephra/experiments/signed_ints_chain/in_0011	60	0	0	0	1.0000	66536.2667	66388.8504	66683.6829
honggfuzz	/home/tephra/experiments/signed_ints_chain/tc_0012.c	/home/tephra/experiments/signed_ints_chain/in_0012	60	0	0	0	1.0000	62099.8167	61875.9424	62323.6909
honggfuzz	/home/tephra/experiments/signed_ints_chain/tc_0013.c	/home/tephra/experiments/signed_ints_chain/in_0013	60	0	0	0	1.0000	153492.8333	152502.5563	154483.1104
honggfuzz	/home/tephra/experiments/signed_ints_chain/tc_0014.c	/home/tephra/experiments/signed_ints_chain/in_0014	60	0	0	0	1.0000	190872.8333	189323.1136	192422.5531
honggfuzz	/home/tephra/experiments/signed_ints_chain/tc_0015.c	/home/tephra/experiments/signed_ints_chain/in_0015	60	0	0	0	1.0000	139956.5500	139486.9470	140426.1530
honggfuzz	/home/tephra/experiments/signed_ints_chain/tc_0016.c	/home/tephra/experiments/signed_ints_chain/in_0016	60	0	0	0	1.0000	250686.2667	248210.0628	253162.4705
honggfuzz	/home/tephra/experiments/signed_ints_chain/tc_0032.c	/home/tephra/experiments/signed_ints_chain/in_0032	45	15	0	0	0.7500	2366691.2667	2359181.2416	2374201.2917
honggfuzz	/home/tephra/experiments/signed_ints_chain/tc_0064.c	/home/tephra/experiments/signed_ints_chain/in_0064	0	60	0	0	0.0000	-	-	-
wingfuzz	/home/tephra/experiments/signed_ints_chain/tc_0011.c	/home/tephra/experiments/signed_ints_chain/in_0011	60	0	0	0	1.0000	4953.5167	4928.7797	4978.2536
wingfuzz	/home/tephra/experiments/signed_ints_chain/tc_0012.c	/home/tephra/experiments/signed_ints_chain/in_0012	60	0	0	0	1.0000	18998.4000	18809.9919	19186.8081
wingfuzz	/home/tephra/experiments/signed_ints_chain/tc_0013.c	/home/tephra/experiments/signed_ints_chain/in_0013	60	0	0	0	1.0000	20522.2333	20350.6327	20693.8339
wingfuzz	/home/tephra/experiments/signed_ints_chain/tc_0014.c	/home/tephra/experiments/signed_ints_chain/in_0014	59	1	0	0	0.9833	25214.5254	24928.2941	25500.7568
wingfuzz	/home/tephra/experiments/signed_ints_chain/tc_0015.c	/home/tephra/experiments/signed_ints_chain/in_0015	54	6	0	0	0.9000	32793.2778	32434.3328	33152.2227
wingfuzz	/home/tephra/experiments/signed_ints_chain/tc_0016.c	/home/tephra/experiments/signed_ints_chain/in_0016	54	6	0	0	0.9000	21130.8333	20835.4873	21426.1794
wingfuzz	/home/tephra/experiments/signed_ints_chain/tc_0032.c	/home/tephra/experiments/signed_ints_chain/in_0032	58	2	0	0	0.9667	82989.0172	82404.8909	83573.1436
wingfuzz	/home/tephra/experiments/signed_ints_chain/tc_0064.c	/home/tephra/experiments/signed_ints_chain/in_0064	44	16	0	0	0.7333	207863.1136	204777.7817	210948.4456
libafl	/home/tephra/experiments/signed_ints_chain/tc_0011.c	/home/tephra/experiments/signed_ints_chain/in_0011	60	0	0	0	1.0000	703.1500	698.6274	707.6726
libafl	/home/tephra/experiments/signed_ints_chain/tc_0012.c	/home/tephra/experiments/signed_ints_chain/in_0012	60	0	0	0	1.0000	1223.8167	1213.1167	1234.5167
libafl	/home/tephra/experiments/signed_ints_chain/tc_0013.c	/home/tephra/experiments/signed_ints_chain/in_0013	60	0	0	0	1.0000	17564.6000	17424.8580	17704.3420
libafl	/home/tephra/experiments/signed_ints_chain/tc_0014.c	/home/tephra/experiments/signed_ints_chain/in_0014	60	0	0	0	1.0000	6422.0000	6368.0669	6475.9331
libafl	/home/tephra/experiments/signed_ints_chain/tc_0015.c	/home/tephra/experiments/signed_ints_chain/in_0015	60	0	0	0	1.0000	60177.4500	59812.3636	60542.5364
libafl	/home/tephra/experiments/signed_ints_chain/tc_0016.c	/home/tephra/experiments/signed_ints_chain/in_0016	60	0	0	0	1.0000	53669.9667	53258.7315	54081.2018
libafl	/home/tephra/experiments/signed_ints_chain/tc_0032.c	/home/tephra/experiments/signed_ints_chain/in_0032	0	60	0	0	0.0000	-	-	-
libafl	/home/tephra/experiments/signed_ints_chain/tc_0064.c	/home/tephra/experiments/signed_ints_chain/in_0064	0	60	0	0	0.0000	-	-	-
libafl-libfuzzer	/home/tephra/experiments/signed_ints_chain/tc_0011.c	/home/tephra/experiments/signed_ints_chain/in_0011	0	60	0	0	0.0000	-	-	-
libafl-libfuzzer	/home/tephra/experiments/signed_ints_chain/tc_0012.c	/home/tephra/experiments/signed_ints_chain/in_0012	0	60	0	0	0.0000	-	-	-
libafl-libfuzzer	/home/tephra/experiments/signed_ints_chain/tc_0013.c	/home/tephra/experiments/signed_ints_chain/in_0013	11	49	0	0	0.1833	-	-	-
libafl-libfuzzer	/home/tephra/experiments/signed_ints_chain/tc_0014.c	/home/tephra/experiments/signed_ints_chain/in_0014	0	60	0	0	0.0000	-	-	-
libafl-libfuzzer	/home/tephra/experiments/signed_ints_chain/tc_0015.c	/home/tephra/experiments/signed_ints_chain/in_0015	0	60	0	0	0.0000	-	-	-
libafl-libfuzzer	/home/tephra/experiments/signed_ints_chain/tc_0016.c	/home/tephra/experiments/signed_ints_chain/in_0016	0	60	0	0	0.0000	-	-	-
libafl-libfuzzer	/home/tephra/experiments/signed_ints_chain/tc_0032.c	/home/tephra/experiments/signed_ints_chain/in_0032	0	60	0	0	0.0000	-	-	-
libafl-libfuzzer	/home/tephra/experiments/signed_ints_chain/tc_0064.c	/home/tephra/experiments/signed_ints_chain/in_0064	0	60	0	0	0.0000	-	-	-
aflgo	/home/tephra/experiments/signed_ints_chain/tc_0001.c	/home/tephra/experiments/signed_ints_chain/in_0001	60	0	0	0	1.0000	266.7000	265.9923	267.4077
aflgo	/home/tephra/experiments/signed_ints_chain/tc_0002.c	/home/tephra/experiments/signed_ints_chain/in_0002	0	60	0	0	0.0000	-	-	-
aflgo	/home/tephra/experiments/signed_ints_chain/tc_0003.c	/home/tephra/experiments/signed_ints_chain/in_0003	0	60	0	0	0.0000	-	-	-
aflgo	/home/tephra/experiments/signed_ints_chain/tc_0004.c	/home/tephra/experiments/signed_ints_chain/in_0004	0	60	0	0	0.0000	-	-	-
aflgo	/home/tephra/experiments/signed_ints_chain/tc_0005.c	/home/tephra/experiments/signed_ints_chain/in_0005	0	60	0	0	0.0000	-	-	-
aflgo	/home/tephra/experiments/signed_ints_chain/tc_0006.c	/home/tephra/experiments/signed_ints_chain/in_0006	0	60	0	0	0.0000	-	-	-
aflgo	/home/tephra/experiments/signed_ints_chain/tc_0007.c	/home/tephra/experiments/signed_ints_chain/in_0007	0	60	0	0	0.0000	-	-	-
aflgo	/home/tephra/experiments/signed_ints_chain/tc_0008.c	/home/tephra/experiments/signed_ints_chain/in_0008	0	60	0	0	0.0000	-	-	-
aflgo	/home/tephra/experiments/signed_ints_chain/tc_0009.c	/home/tephra/experiments/signed_ints_chain/in_0009	0	60	0	0	0.0000	-	-	-
aflgo	/home/tephra/experiments/signed_ints_chain/tc_0010.c	/home/tephra/experiments/signed_ints_chain/in_0010	0	60	0	0	0.0000	-	-	-
afl++-qemu-cmplog	/home/tephra/experiments/signed_ints_chain/tc_0001.c	/home/tephra/experiments/signed_ints_chain/in_0001	60	0	0	0	1.0000	325.7167	325.4259	326.0074
afl++-qemu-cmplog	/home/tephra/experiments/signed_ints_chain/tc_0002.c	/home/tephra/experiments/signed_ints_chain/in_0002	0	60	0	0	0.0000	-	-	-
afl++-qemu-cmplog	/home/tephra/experiments/signed_ints_chain/tc_0003.c	/home/tephra/experiments/signed_ints_chain/in_0003	0	60	0	0	0.0000	-	-	-
afl++-qemu-cmplog	/home/tephra/experiments/signed_ints_chain/tc_0004.c	/home/tephra/experiments/signed_ints_chain/in_0004	0	60	0	0	0.0000	-	-	-
afl++-qemu-cmplog	/home/tephra/experiments/signed_ints_chain/tc_0005.c	/home/tephra/experiments/signed_ints_chain/in_0005	0	60	0	0	0.0000	-	-	-
afl++-qemu-cmplog	/home/tephra/experiments/signed_ints_chain/tc_0006.c	/home/tephra/experiments/signed_ints_chain/in_0006	0	60	0	0	0.0000	-	-	-
afl++-qemu-cmplog	/home/tephra/experiments/signed_ints_chain/tc_0007.c	/home/tephra/experiments/signed_ints_chain/in_0007	0	60	0	0	0.0000	-	-	-
afl++-qemu-cmplog	/home/tephra/experiments/signed_ints_chain/tc_0008.c	/home/tephra/experiments/signed_ints_chain/in_0008	0	60	0	0	0.0000	-	-	-
afl++-qemu-cmplog	/home/tephra/experiments/signed_ints_chain/tc_0009.c	/home/tephra/experiments/signed_ints_chain/in_0009	0	60	0	0	0.0000	-	-	-
afl++-qemu-cmplog	/home/tephra/experiments/signed_ints_chain/tc_0010.c	/home/tephra/experiments/signed_ints_chain/in_0010	0	60	0	0	0.0000	-	-	-
afl++-qemu-compcov	/home/tephra/experiments/signed_ints_chain/tc_0001.c	/home/tephra/experiments/signed_ints_chain/in_0001	60	0	0	0	1.0000	315.7333	315.5228	315.9439
afl++-qemu-compcov	/home/tephra/experiments/signed_ints_chain/tc_0002.c	/home/tephra/experiments/signed_ints_chain/in_0002	60	0	0	0	1.0000	138401.9333	137768.5414	139035.3253
afl++-qemu-compcov	/home/tephra/experiments/signed_ints_chain/tc_0003.c	/home/tephra/experiments/signed_ints_chain/in_0003	60	0	0	0	1.0000	108626.5333	108126.4890	109126.5776
afl++-qemu-compcov	/home/tephra/experiments/signed_ints_chain/tc_0004.c	/home/tephra/experiments/signed_ints_chain/in_0004	60	0	0	0	1.0000	408910.8167	407415.0111	410406.6222
afl++-qemu-compcov	/home/tephra/experiments/signed_ints_chain/tc_0005.c	/home/tephra/experiments/signed_ints_chain/in_0005	60	0	0	0	1.0000	301851.9667	300472.5490	303231.3844
afl++-qemu-compcov	/home/tephra/experiments/signed_ints_chain/tc_0006.c	/home/tephra/experiments/signed_ints_chain/in_0006	60	0	0	0	1.0000	617964.5833	615787.8019	620141.3647
afl++-qemu-compcov	/home/tephra/experiments/signed_ints_chain/tc_0007.c	/home/tephra/experiments/signed_ints_chain/in_0007	0	60	0	0	0.0000	-	-	-
afl++-qemu-compcov	/home/tephra/experiments/signed_ints_chain/tc_0008.c	/home/tephra/experiments/signed_ints_chain/in_0008	60	0	0	0	1.0000	1766421.0167	1761439.1460	1771402.8874
afl++-qemu-compcov	/home/tephra/experiments/signed_ints_chain/tc_0009.c	/home/tephra/experiments/signed_ints_chain/in_0009	60	0	0	0	1.0000	572146.2500	570403.1223	573889.3777
afl++-qemu-compcov	/home/tephra/experiments/signed_ints_chain/tc_0010.c	/home/tephra/experiments/signed_ints_chain/in_0010	60	0	0	0	1.0000	1387563.0833	1383414.1728	1391711.9939
honggfuzz-qemu	/home/tephra/experiments/signed_ints_chain/tc_0001.c	/home/tephra/experiments/signed_ints_chain/in_0001	60	0	0	0	1.0000	2857.4500	2839.7942	2875.1058
honggfuzz-qemu	/home/tephra/experiments/signed_ints_chain/tc_0002.c	/home/tephra/experiments/signed_ints_chain/in_0002	45	15	0	0	0.7500	1760627.4444	1753841.0927	1767413.7962
honggfuzz-qemu	/home/tephra/experiments/signed_ints_chain/tc_0003.c	/home/tephra/experiments/signed_ints_chain/in_0003	53	7	0	0	0.8833	1507922.7358	1502051.6793	1513793.7924
honggfuzz-qemu	/home/tephra/experiments/signed_ints_chain/tc_0004.c	/home/tephra/experiments/signed_ints_chain/in_0004	5	55	0	0	0.0833	-	-	-
honggfuzz-qemu	/home/tephra/experiments/signed_ints_chain/tc_0005.c	/home/tephra/experiments/signed_ints_chain/in_0005	5	55	0	0	0.0833	-	-	-
honggfuzz-qemu	/home/tephra/experiments/signed_ints_chain/tc_0006.c	/home/tephra/experiments/signed_ints_chain/in_0006	0	60	0	0	0.0000	-	-	-
honggfuzz-qemu	/home/tephra/experiments/signed_ints_chain/tc_0007.c	/home/tephra/experiments/signed_ints_chain/in_0007	0	60	0	0	0.0000	-	-	-
honggfuzz-qemu	/home/tephra/experiments/signed_ints_chain/tc_0008.c	/home/tephra/experiments/signed_ints_chain/in_0008	0	60	0	0	0.0000	-	-	-
honggfuzz-qemu	/home/tephra/experiments/signed_ints_chain/tc_0009.c	/home/tephra/experiments/signed_ints_chain/in_0009	1	59	0	0	0.0167	-	-	-
honggfuzz-qemu	/home/tephra/experiments/signed_ints_chain/tc_0010.c	/home/tephra/experiments/signed_ints_chain/in_0010	0	60	0	0	0.0000	-	-	-
dataflow	/home/tephra/experiments/signed_ints_chain/tc_0001.c	/home/tephra/experiments/signed_ints_chain/in_0001	60	0	0	0	1.0000	2294.4333	2293.6499	2295.2168
dataflow	/home/tephra/experiments/signed_ints_chain/tc_0002.c	/home/tephra/experiments/signed_ints_chain/in_0002	0	60	0	0	0.0000	-	-	-
dataflow	/home/tephra/experiments/signed_ints_chain/tc_0003.c	/home/tephra/experiments/signed_ints_chain/in_0003	0	60	0	0	0.0000	-	-	-
dataflow	/home/tephra/experiments/signed_ints_chain/tc_0004.c	/home/tephra/experiments/signed_ints_chain/in_0004	0	60	0	0	0.0000	-	-	-
dataflow	/home/tephra/experiments/signed_ints_chain/tc_0005.c	/home/tephra/experiments/signed_ints_chain/in_0005	0	60	0	0	0.0000	-	-	-
dataflow	/home/tephra/experiments/signed_ints_chain/tc_0006.c	/home/tephra/experiments/signed_ints_chain/in_0006	0	60	0	0	0.0000	-	-	-
dataflow	/home/tephra/experiments/signed_ints_chain/tc_0007.c	/home/tephra/experiments/signed_ints_chain/in_0007	0	60	0	0	0.0000	-	-	-
dataflow	/home/tephra/experiments/signed_ints_chain/tc_0008.c	/home/tephra/experiments/signed_ints_chain/in_0008	0	60	0	0	0.0000	-	-	-
dataflow	/home/tephra/experiments/signed_ints_chain/tc_0009.c	/home/tephra/experiments/signed_ints_chain/in_0009	0	60	0	0	0.0000	-	-	-
dataflow	/home/tephra/experiments/signed_ints_chain/tc_0010.c	/home/tephra/experiments/signed_ints_chain/in_0010	0	60	0	0	0.0000	-	-	-
klee	/home/tephra/experiments/signed_ints_chain/tc_0001.c	/home/tephra/experiments/signed_ints_chain/in_0001	60	0	0	0	1.0000	677.4167	677.2684	677.5649
klee	/home/tephra/experiments/signed_ints_chain/tc_0002.c	/home/tephra/experiments/signed_ints_chain/in_0002	60	0	0	0	1.0000	679.2000	679.0661	679.3339
klee	/home/tephra/experiments/signed_ints_chain/tc_0003.c	/home/tephra/experiments/signed_ints_chain/in_0003	60	0	0	0	1.0000	705.9333	705.7954	706.0713
klee	/home/tephra/experiments/signed_ints_chain/tc_0004.c	/home/tephra/experiments/signed_ints_chain/in_0004	60	0	0	0	1.0000	705.4833	705.3341	705.6326
klee	/home/tephra/experiments/signed_ints_chain/tc_0005.c	/home/tephra/experiments/signed_ints_chain/in_0005	60	0	0	0	1.0000	730.7000	730.5377	730.8623
klee	/home/tephra/experiments/signed_ints_chain/tc_0006.c	/home/tephra/experiments/signed_ints_chain/in_0006	60	0	0	0	1.0000	755.5000	755.3479	755.6521
klee	/home/tephra/experiments/signed_ints_chain/tc_0007.c	/home/tephra/experiments/signed_ints_chain/in_0007	60	0	0	0	1.0000	756.4833	756.3463	756.6204
klee	/home/tephra/experiments/signed_ints_chain/tc_0008.c	/home/tephra/experiments/signed_ints_chain/in_0008	60	0	0	0	1.0000	726.2500	726.0967	726.4033
klee	/home/tephra/experiments/signed_ints_chain/tc_0009.c	/home/tephra/experiments/signed_ints_chain/in_0009	60	0	0	0	1.0000	840.4333	840.2828	840.5839
klee	/home/tephra/experiments/signed_ints_chain/tc_0010.c	/home/tephra/experiments/signed_ints_chain/in_0010	60	0	0	0	1.0000	813.8833	813.6664	814.1002
symcc	/home/tephra/experiments/signed_ints_chain/tc_0001.c	/home/tephra/experiments/signed_ints_chain/in_0001	60	0	0	0	1.0000	1894.0833	1892.2609	1895.9058
symcc	/home/tephra/experiments/signed_ints_chain/tc_0002.c	/home/tephra/experiments/signed_ints_chain/in_0002	60	0	0	0	1.0000	4232.3667	4231.4626	4233.2708
symcc	/home/tephra/experiments/signed_ints_chain/tc_0003.c	/home/tephra/experiments/signed_ints_chain/in_0003	60	0	0	0	1.0000	10257.4833	10249.6808	10265.2859
symcc	/home/tephra/experiments/signed_ints_chain/tc_0004.c	/home/tephra/experiments/signed_ints_chain/in_0004	60	0	0	0	1.0000	22368.1000	22362.0129	22374.1871
symcc	/home/tephra/experiments/signed_ints_chain/tc_0005.c	/home/tephra/experiments/signed_ints_chain/in_0005	60	0	0	0	1.0000	56692.6167	56676.9514	56708.2819
symcc	/home/tephra/experiments/signed_ints_chain/tc_0006.c	/home/tephra/experiments/signed_ints_chain/in_0006	60	0	0	0	1.0000	114230.0833	114101.2222	114358.9444
symcc	/home/tephra/experiments/signed_ints_chain/tc_0007.c	/home/tephra/experiments/signed_ints_chain/in_0007	60	0	0	0	1.0000	322123.9667	321819.8359	322428.0975
symcc	/home/tephra/experiments/signed_ints_chain/tc_0008.c	/home/tephra/experiments/signed_ints_chain/in_0008	60	0	0	0	1.0000	821937.0500	820730.8659	823143.2341
symcc	/home/tephra/experiments/signed_ints_chain/tc_0009.c	/home/tephra/experiments/signed_ints_chain/in_0009	60	0	0	0	1.0000	1860869.4333	1856634.3124	1865104.5542
symcc	/home/tephra/experiments/signed_ints_chain/tc_0010.c	/home/tephra/experiments/signed_ints_chain/in_0010	29	31	0	0	0.4833	-	-	-
libfuzzer	/home/tephra/experiments/signed_ints_chain/tc_0128.c	/home/tephra/experiments/signed_ints_chain/in_0128	0	60	0	0	0.0000	-	-	-
libfuzzer	/home/tephra/experiments/signed_ints_chain/tc_0256.c	/home/tephra/experiments/signed_ints_chain/in_0256	0	60	0	0	0.0000	-	-	-
libfuzzer	/home/tephra/experiments/signed_ints_chain/tc_0512.c	/home/tephra/experiments/signed_ints_chain/in_0512	0	60	0	0	0.0000	-	-	-
libfuzzer	/home/tephra/experiments/signed_ints_chain/tc_1024.c	/home/tephra/experiments/signed_ints_chain/in_1024	0	60	0	0	0.0000	-	-	-
libfuzzer-entropic	/home/tephra/experiments/signed_ints_chain/tc_0128.c	/home/tephra/experiments/signed_ints_chain/in_0128	0	60	0	0	0.0000	-	-	-
libfuzzer-entropic	/home/tephra/experiments/signed_ints_chain/tc_0256.c	/home/tephra/experiments/signed_ints_chain/in_0256	0	60	0	0	0.0000	-	-	-
libfuzzer-entropic	/home/tephra/experiments/signed_ints_chain/tc_0512.c	/home/tephra/experiments/signed_ints_chain/in_0512	0	60	0	0	0.0000	-	-	-
libfuzzer-entropic	/home/tephra/experiments/signed_ints_chain/tc_1024.c	/home/tephra/experiments/signed_ints_chain/in_1024	0	60	0	0	0.0000	-	-	-
afl++-cmplog	/home/tephra/experiments/signed_ints_chain/tc_0128.c	/home/tephra/experiments/signed_ints_chain/in_0128	0	60	0	0	0.0000	-	-	-
afl++-cmplog	/home/tephra/experiments/signed_ints_chain/tc_0256.c	/home/tephra/experiments/signed_ints_chain/in_0256	0	60	0	0	0.0000	-	-	-
afl++-cmplog	/home/tephra/experiments/signed_ints_chain/tc_0512.c	/home/tephra/experiments/signed_ints_chain/in_0512	0	60	0	0	0.0000	-	-	-
afl++-cmplog	/home/tephra/experiments/signed_ints_chain/tc_1024.c	/home/tephra/experiments/signed_ints_chain/in_1024	0	60	0	0	0.0000	-	-	-
honggfuzz	/home/tephra/experiments/signed_ints_chain/tc_0128.c	/home/tephra/experiments/signed_ints_chain/in_0128	0	60	0	0	0.0000	-	-	-
honggfuzz	/home/tephra/experiments/signed_ints_chain/tc_0256.c	/home/tephra/experiments/signed_ints_chain/in_0256	0	60	0	0	0.0000	-	-	-
honggfuzz	/home/tephra/experiments/signed_ints_chain/tc_0512.c	/home/tephra/experiments/signed_ints_chain/in_0512	0	60	0	0	0.0000	-	-	-
honggfuzz	/home/tephra/experiments/signed_ints_chain/tc_1024.c	/home/tephra/experiments/signed_ints_chain/in_1024	0	60	0	0	0.0000	-	-	-
wingfuzz	/home/tephra/experiments/signed_ints_chain/tc_0128.c	/home/tephra/experiments/signed_ints_chain/in_0128	35	25	0	0	0.5833	825762.1429	822572.8112	828951.4745
wingfuzz	/home/tephra/experiments/signed_ints_chain/tc_0256.c	/home/tephra/experiments/signed_ints_chain/in_0256	5	55	0	0	0.0833	-	-	-
wingfuzz	/home/tephra/experiments/signed_ints_chain/tc_0512.c	/home/tephra/experiments/signed_ints_chain/in_0512	0	60	0	0	0.0000	-	-	-
wingfuzz	/home/tephra/experiments/signed_ints_chain/tc_1024.c	/home/tephra/experiments/signed_ints_chain/in_1024	0	60	0	0	0.0000	-	-	-
libafl	/home/tephra/experiments/signed_ints_chain/tc_0128.c	/home/tephra/experiments/signed_ints_chain/in_0128	0	60	0	0	0.0000	-	-	-
libafl	/home/tephra/experiments/signed_ints_chain/tc_0256.c	/home/tephra/experiments/signed_ints_chain/in_0256	0	60	0	0	0.0000	-	-	-
libafl	/home/tephra/experiments/signed_ints_chain/tc_0512.c	/home/tephra/experiments/signed_ints_chain/in_0512	0	60	0	0	0.0000	-	-	-
libafl	/home/tephra/experiments/signed_ints_chain/tc_1024.c	/home/tephra/experiments/signed_ints_chain/in_1024	0	60	0	0	0.0000	-	-	-
afl-qemu	/home/tephra/experiments/signed_ints_chain/tc_0001.c	/home/tephra/experiments/signed_ints_chain/in_0001	60	0	0	0	1.0000	830.9833	827.0062	834.9605
afl-qemu	/home/tephra/experiments/signed_ints_chain/tc_0002.c	/home/tephra/experiments/signed_ints_chain/in_0002	0	60	0	0	0.0000	-	-	-
afl-qemu	/home/tephra/experiments/signed_ints_chain/tc_0003.c	/home/tephra/experiments/signed_ints_chain/in_0003	0	60	0	0	0.0000	-	-	-
afl-qemu	/home/tephra/experiments/signed_ints_chain/tc_0004.c	/home/tephra/experiments/signed_ints_chain/in_0004	0	60	0	0	0.0000	-	-	-
afl-qemu	/home/tephra/experiments/signed_ints_chain/tc_0005.c	/home/tephra/experiments/signed_ints_chain/in_0005	0	60	0	0	0.0000	-	-	-
afl-qemu	/home/tephra/experiments/signed_ints_chain/tc_0006.c	/home/tephra/experiments/signed_ints_chain/in_0006	0	60	0	0	0.0000	-	-	-
afl-qemu	/home/tephra/experiments/signed_ints_chain/tc_0007.c	/home/tephra/experiments/signed_ints_chain/in_0007	0	60	0	0	0.0000	-	-	-
afl-qemu	/home/tephra/experiments/signed_ints_chain/tc_0008.c	/home/tephra/experiments/signed_ints_chain/in_0008	0	60	0	0	0.0000	-	-	-
afl-qemu	/home/tephra/experiments/signed_ints_chain/tc_0009.c	/home/tephra/experiments/signed_ints_chain/in_0009	0	60	0	0	0.0000	-	-	-
afl-qemu	/home/tephra/experiments/signed_ints_chain/tc_0010.c	/home/tephra/experiments/signed_ints_chain/in_0010	0	60	0	0	0.0000	-	-	-
afl++-qemu-compcov	/home/tephra/experiments/signed_ints_chain/tc_0011.c	/home/tephra/experiments/signed_ints_chain/in_0011	22	38	0	0	0.3667	-	-	-
afl++-qemu-compcov	/home/tephra/experiments/signed_ints_chain/tc_0012.c	/home/tephra/experiments/signed_ints_chain/in_0012	0	60	0	0	0.0000	-	-	-
afl++-qemu-compcov	/home/tephra/experiments/signed_ints_chain/tc_0013.c	/home/tephra/experiments/signed_ints_chain/in_0013	0	60	0	0	0.0000	-	-	-
afl++-qemu-compcov	/home/tephra/experiments/signed_ints_chain/tc_0014.c	/home/tephra/experiments/signed_ints_chain/in_0014	0	60	0	0	0.0000	-	-	-
afl++-qemu-compcov	/home/tephra/experiments/signed_ints_chain/tc_0015.c	/home/tephra/experiments/signed_ints_chain/in_0015	0	60	0	0	0.0000	-	-	-
afl++-qemu-compcov	/home/tephra/experiments/signed_ints_chain/tc_0016.c	/home/tephra/experiments/signed_ints_chain/in_0016	9	51	0	0	0.1500	-	-	-
afl++-qemu-compcov	/home/tephra/experiments/signed_ints_chain/tc_0032.c	/home/tephra/experiments/signed_ints_chain/in_0032	0	60	0	0	0.0000	-	-	-
afl++-qemu-compcov	/home/tephra/experiments/signed_ints_chain/tc_0064.c	/home/tephra/experiments/signed_ints_chain/in_0064	0	60	0	0	0.0000	-	-	-
afl++-qemu-compcov	/home/tephra/experiments/signed_ints_chain/tc_0128.c	/home/tephra/experiments/signed_ints_chain/in_0128	0	60	0	0	0.0000	-	-	-
afl++-qemu-compcov	/home/tephra/experiments/signed_ints_chain/tc_0256.c	/home/tephra/experiments/signed_ints_chain/in_0256	0	60	0	0	0.0000	-	-	-
afl++-qemu-compcov	/home/tephra/experiments/signed_ints_chain/tc_0512.c	/home/tephra/experiments/signed_ints_chain/in_0512	0	60	0	0	0.0000	-	-	-
afl++-qemu-compcov	/home/tephra/experiments/signed_ints_chain/tc_1024.c	/home/tephra/experiments/signed_ints_chain/in_1024	0	60	0	0	0.0000	-	-	-
klee	/home/tephra/experiments/signed_ints_chain/tc_0011.c	/home/tephra/experiments/signed_ints_chain/in_0011	60	0	0	0	1.0000	686.7333	686.2731	687.1936
klee	/home/tephra/experiments/signed_ints_chain/tc_0012.c	/home/tephra/experiments/signed_ints_chain/in_0012	60	0	0	0	1.0000	751.7500	751.2069	752.2931
klee	/home/tephra/experiments/signed_ints_chain/tc_0013.c	/home/tephra/experiments/signed_ints_chain/in_0013	60	0	0	0	1.0000	779.0333	778.4890	779.5777
klee	/home/tephra/experiments/signed_ints_chain/tc_0014.c	/home/tephra/experiments/signed_ints_chain/in_0014	60	0	0	0	1.0000	854.1667	853.6896	854.6438
klee	/home/tephra/experiments/signed_ints_chain/tc_0015.c	/home/tephra/experiments/signed_ints_chain/in_0015	60	0	0	0	1.0000	797.2000	796.7310	797.6690
klee	/home/tephra/experiments/signed_ints_chain/tc_0016.c	/home/tephra/experiments/signed_ints_chain/in_0016	60	0	0	0	1.0000	817.3333	815.6931	818.9736
klee	/home/tephra/experiments/signed_ints_chain/tc_0032.c	/home/tephra/experiments/signed_ints_chain/in_0032	0	0	60	0	0.0000	-	-	-
klee	/home/tephra/experiments/signed_ints_chain/tc_0064.c	/home/tephra/experiments/signed_ints_chain/in_0064	0	0	60	0	0.0000	-	-	-
klee	/home/tephra/experiments/signed_ints_chain/tc_0128.c	/home/tephra/experiments/signed_ints_chain/in_0128	0	0	60	0	0.0000	-	-	-
klee	/home/tephra/experiments/signed_ints_chain/tc_0256.c	/home/tephra/experiments/signed_ints_chain/in_0256	0	0	60	0	0.0000	-	-	-
klee	/home/tephra/experiments/signed_ints_chain/tc_0512.c	/home/tephra/experiments/signed_ints_chain/in_0512	0	0	60	0	0.0000	-	-	-
klee	/home/tephra/experiments/signed_ints_chain/tc_1024.c	/home/tephra/experiments/signed_ints_chain/in_1024	0	0	60	0	0.0000	-	-	-
symcc	/home/tephra/experiments/signed_ints_chain/tc_0011.c	/home/tephra/experiments/signed_ints_chain/in_0011	0	60	0	0	0.0000	-	-	-
symcc	/home/tephra/experiments/signed_ints_chain/tc_0012.c	/home/tephra/experiments/signed_ints_chain/in_0012	0	60	0	0	0.0000	-	-	-
symcc	/home/tephra/experiments/signed_ints_chain/tc_0013.c	/home/tephra/experiments/signed_ints_chain/in_0013	0	60	0	0	0.0000	-	-	-
symcc	/home/tephra/experiments/signed_ints_chain/tc_0014.c	/home/tephra/experiments/signed_ints_chain/in_0014	0	60	0	0	0.0000	-	-	-
symcc	/home/tephra/experiments/signed_ints_chain/tc_0015.c	/home/tephra/experiments/signed_ints_chain/in_0015	0	60	0	0	0.0000	-	-	-
symcc	/home/tephra/experiments/signed_ints_chain/tc_0016.c	/home/tephra/experiments/signed_ints_chain/in_0016	0	60	0	0	0.0000	-	-	-
symcc	/home/tephra/experiments/signed_ints_chain/tc_0032.c	/home/tephra/experiments/signed_ints_chain/in_0032	0	60	0	0	0.0000	-	-	-
symcc	/home/tephra/experiments/signed_ints_chain/tc_0064.c	/home/tephra/experiments/signed_ints_chain/in_0064	0	60	0	0	0.0000	-	-	-
symcc	/home/tephra/experiments/signed_ints_chain/tc_0128.c	/home/tephra/experiments/signed_ints_chain/in_0128	0	60	0	0	0.0000	-	-	-
symcc	/home/tephra/experiments/signed_ints_chain/tc_0256.c	/home/tephra/experiments/signed_ints_chain/in_0256	0	60	0	0	0.0000	-	-	-
symcc	/home/tephra/experiments/signed_ints_chain/tc_0512.c	/home/tephra/experiments/signed_ints_chain/in_0512	0	60	0	0	0.0000	-	-	-
symcc	/home/tephra/experiments/signed_ints_chain/tc_1024.c	/home/tephra/experiments/signed_ints_chain/in_1024	0	60	0	0	0.0000	-	-	-
