fuzzer	put	corpus	success	timeout	invalid	error	ratio	ttt	cleft	cright
afl-gcc	/home/tephra/experiments/int32_simple_intervals/tc_0000000000.c	/home/tephra/experiments/int32_simple_intervals/in_0000000000	0	60	0	0	0.0000	-	-	-
afl-gcc	/home/tephra/experiments/int32_simple_intervals/tc_0000000001.c	/home/tephra/experiments/int32_simple_intervals/in_0000000001	0	60	0	0	0.0000	-	-	-
afl-gcc	/home/tephra/experiments/int32_simple_intervals/tc_0000000002.c	/home/tephra/experiments/int32_simple_intervals/in_0000000002	0	60	0	0	0.0000	-	-	-
afl-gcc	/home/tephra/experiments/int32_simple_intervals/tc_0000000003.c	/home/tephra/experiments/int32_simple_intervals/in_0000000003	8	52	0	0	0.1333	-	-	-
afl-gcc	/home/tephra/experiments/int32_simple_intervals/tc_0000000004.c	/home/tephra/experiments/int32_simple_intervals/in_0000000004	35	25	0	0	0.5833	1467578.5429	1455580.7565	1479576.3292
afl-gcc	/home/tephra/experiments/int32_simple_intervals/tc_0000000005.c	/home/tephra/experiments/int32_simple_intervals/in_0000000005	60	0	0	0	1.0000	308772.2333	306249.9751	311294.4915
afl-gcc	/home/tephra/experiments/int32_simple_intervals/tc_0000000006.c	/home/tephra/experiments/int32_simple_intervals/in_0000000006	60	0	0	0	1.0000	27149.8500	26908.6155	27391.0845
afl-gcc	/home/tephra/experiments/int32_simple_intervals/tc_0000000007.c	/home/tephra/experiments/int32_simple_intervals/in_0000000007	60	0	0	0	1.0000	1785.4833	1774.9060	1796.0607
afl-gcc	/home/tephra/experiments/int32_simple_intervals/tc_0000000008.c	/home/tephra/experiments/int32_simple_intervals/in_0000000008	60	0	0	0	1.0000	428.7500	428.5346	428.9654
afl-clang-fast	/home/tephra/experiments/int32_simple_intervals/tc_0000000000.c	/home/tephra/experiments/int32_simple_intervals/in_0000000000	0	60	0	0	0.0000	-	-	-
afl-clang-fast	/home/tephra/experiments/int32_simple_intervals/tc_0000000001.c	/home/tephra/experiments/int32_simple_intervals/in_0000000001	0	60	0	0	0.0000	-	-	-
afl-clang-fast	/home/tephra/experiments/int32_simple_intervals/tc_0000000002.c	/home/tephra/experiments/int32_simple_intervals/in_0000000002	1	59	0	0	0.0167	-	-	-
afl-clang-fast	/home/tephra/experiments/int32_simple_intervals/tc_0000000003.c	/home/tephra/experiments/int32_simple_intervals/in_0000000003	4	56	0	0	0.0667	-	-	-
afl-clang-fast	/home/tephra/experiments/int32_simple_intervals/tc_0000000004.c	/home/tephra/experiments/int32_simple_intervals/in_0000000004	41	19	0	0	0.6833	1184879.0244	1175040.0221	1194718.0267
afl-clang-fast	/home/tephra/experiments/int32_simple_intervals/tc_0000000005.c	/home/tephra/experiments/int32_simple_intervals/in_0000000005	60	0	0	0	1.0000	165887.2333	164061.7583	167712.7084
afl-clang-fast	/home/tephra/experiments/int32_simple_intervals/tc_0000000006.c	/home/tephra/experiments/int32_simple_intervals/in_0000000006	60	0	0	0	1.0000	22544.7000	22382.9194	22706.4806
afl-clang-fast	/home/tephra/experiments/int32_simple_intervals/tc_0000000007.c	/home/tephra/experiments/int32_simple_intervals/in_0000000007	60	0	0	0	1.0000	1479.2000	1471.7091	1486.6909
afl-clang-fast	/home/tephra/experiments/int32_simple_intervals/tc_0000000008.c	/home/tephra/experiments/int32_simple_intervals/in_0000000008	60	0	0	0	1.0000	442.1500	441.8527	442.4473
afl-libtokencap	/home/tephra/experiments/int32_simple_intervals/tc_0000000000.c	/home/tephra/experiments/int32_simple_intervals/in_0000000000	0	60	0	0	0.0000	-	-	-
afl-libtokencap	/home/tephra/experiments/int32_simple_intervals/tc_0000000001.c	/home/tephra/experiments/int32_simple_intervals/in_0000000001	0	60	0	0	0.0000	-	-	-
afl-libtokencap	/home/tephra/experiments/int32_simple_intervals/tc_0000000002.c	/home/tephra/experiments/int32_simple_intervals/in_0000000002	0	60	0	0	0.0000	-	-	-
afl-libtokencap	/home/tephra/experiments/int32_simple_intervals/tc_0000000003.c	/home/tephra/experiments/int32_simple_intervals/in_0000000003	6	54	0	0	0.1000	-	-	-
afl-libtokencap	/home/tephra/experiments/int32_simple_intervals/tc_0000000004.c	/home/tephra/experiments/int32_simple_intervals/in_0000000004	53	7	0	0	0.8833	1147337.1321	1140085.8261	1154588.4380
afl-libtokencap	/home/tephra/experiments/int32_simple_intervals/tc_0000000005.c	/home/tephra/experiments/int32_simple_intervals/in_0000000005	60	0	0	0	1.0000	138096.8167	137114.5418	139079.0915
afl-libtokencap	/home/tephra/experiments/int32_simple_intervals/tc_0000000006.c	/home/tephra/experiments/int32_simple_intervals/in_0000000006	60	0	0	0	1.0000	18429.5333	18291.7584	18567.3083
afl-libtokencap	/home/tephra/experiments/int32_simple_intervals/tc_0000000007.c	/home/tephra/experiments/int32_simple_intervals/in_0000000007	60	0	0	0	1.0000	1179.1167	1174.0410	1184.1924
afl-libtokencap	/home/tephra/experiments/int32_simple_intervals/tc_0000000008.c	/home/tephra/experiments/int32_simple_intervals/in_0000000008	60	0	0	0	1.0000	434.5667	433.4817	435.6517
radamsa	/home/tephra/experiments/int32_simple_intervals/tc_0000000000.c	/home/tephra/experiments/int32_simple_intervals/in_0000000000	0	56	4	0	0.0000	-	-	-
radamsa	/home/tephra/experiments/int32_simple_intervals/tc_0000000001.c	/home/tephra/experiments/int32_simple_intervals/in_0000000001	0	55	5	0	0.0000	-	-	-
radamsa	/home/tephra/experiments/int32_simple_intervals/tc_0000000002.c	/home/tephra/experiments/int32_simple_intervals/in_0000000002	0	57	3	0	0.0000	-	-	-
radamsa	/home/tephra/experiments/int32_simple_intervals/tc_0000000003.c	/home/tephra/experiments/int32_simple_intervals/in_0000000003	2	54	4	0	0.0333	-	-	-
radamsa	/home/tephra/experiments/int32_simple_intervals/tc_0000000004.c	/home/tephra/experiments/int32_simple_intervals/in_0000000004	53	5	2	0	0.8833	1195807.2264	1188484.8087	1203129.6442
radamsa	/home/tephra/experiments/int32_simple_intervals/tc_0000000005.c	/home/tephra/experiments/int32_simple_intervals/in_0000000005	59	0	1	0	0.9833	282021.5424	280084.8232	283958.2616
radamsa	/home/tephra/experiments/int32_simple_intervals/tc_0000000006.c	/home/tephra/experiments/int32_simple_intervals/in_0000000006	60	0	0	0	1.0000	51656.8333	51319.1790	51994.4877
radamsa	/home/tephra/experiments/int32_simple_intervals/tc_0000000007.c	/home/tephra/experiments/int32_simple_intervals/in_0000000007	60	0	0	0	1.0000	2429.9167	2408.2808	2451.5525
radamsa	/home/tephra/experiments/int32_simple_intervals/tc_0000000008.c	/home/tephra/experiments/int32_simple_intervals/in_0000000008	60	0	0	0	1.0000	176.3833	173.2569	179.5098
libfuzzer	/home/tephra/experiments/int32_simple_intervals/tc_0000000000.c	/home/tephra/experiments/int32_simple_intervals/in_0000000000	60	0	0	0	1.0000	168.2833	168.2609	168.3058
libfuzzer	/home/tephra/experiments/int32_simple_intervals/tc_0000000001.c	/home/tephra/experiments/int32_simple_intervals/in_0000000001	60	0	0	0	1.0000	164.1000	164.0753	164.1247
libfuzzer	/home/tephra/experiments/int32_simple_intervals/tc_0000000002.c	/home/tephra/experiments/int32_simple_intervals/in_0000000002	60	0	0	0	1.0000	165.2000	165.1762	165.2238
libfuzzer	/home/tephra/experiments/int32_simple_intervals/tc_0000000003.c	/home/tephra/experiments/int32_simple_intervals/in_0000000003	60	0	0	0	1.0000	166.0333	165.9854	166.0812
libfuzzer	/home/tephra/experiments/int32_simple_intervals/tc_0000000004.c	/home/tephra/experiments/int32_simple_intervals/in_0000000004	60	0	0	0	1.0000	166.6333	166.5969	166.6698
libfuzzer	/home/tephra/experiments/int32_simple_intervals/tc_0000000005.c	/home/tephra/experiments/int32_simple_intervals/in_0000000005	60	0	0	0	1.0000	166.1167	166.0862	166.1471
libfuzzer	/home/tephra/experiments/int32_simple_intervals/tc_0000000006.c	/home/tephra/experiments/int32_simple_intervals/in_0000000006	60	0	0	0	1.0000	165.7167	165.6930	165.7403
libfuzzer	/home/tephra/experiments/int32_simple_intervals/tc_0000000007.c	/home/tephra/experiments/int32_simple_intervals/in_0000000007	60	0	0	0	1.0000	165.5833	165.5582	165.6084
libfuzzer	/home/tephra/experiments/int32_simple_intervals/tc_0000000008.c	/home/tephra/experiments/int32_simple_intervals/in_0000000008	60	0	0	0	1.0000	164.6667	164.6354	164.6980
libfuzzer-entropic	/home/tephra/experiments/int32_simple_intervals/tc_0000000000.c	/home/tephra/experiments/int32_simple_intervals/in_0000000000	60	0	0	0	1.0000	165.0667	165.0296	165.1037
libfuzzer-entropic	/home/tephra/experiments/int32_simple_intervals/tc_0000000001.c	/home/tephra/experiments/int32_simple_intervals/in_0000000001	60	0	0	0	1.0000	164.2167	164.1900	164.2433
libfuzzer-entropic	/home/tephra/experiments/int32_simple_intervals/tc_0000000002.c	/home/tephra/experiments/int32_simple_intervals/in_0000000002	60	0	0	0	1.0000	164.3500	164.3234	164.3766
libfuzzer-entropic	/home/tephra/experiments/int32_simple_intervals/tc_0000000003.c	/home/tephra/experiments/int32_simple_intervals/in_0000000003	60	0	0	0	1.0000	163.8000	163.7766	163.8234
libfuzzer-entropic	/home/tephra/experiments/int32_simple_intervals/tc_0000000004.c	/home/tephra/experiments/int32_simple_intervals/in_0000000004	60	0	0	0	1.0000	164.6833	164.6528	164.7139
libfuzzer-entropic	/home/tephra/experiments/int32_simple_intervals/tc_0000000005.c	/home/tephra/experiments/int32_simple_intervals/in_0000000005	60	0	0	0	1.0000	162.3667	162.3368	162.3965
libfuzzer-entropic	/home/tephra/experiments/int32_simple_intervals/tc_0000000006.c	/home/tephra/experiments/int32_simple_intervals/in_0000000006	60	0	0	0	1.0000	163.4833	163.4494	163.5172
libfuzzer-entropic	/home/tephra/experiments/int32_simple_intervals/tc_0000000007.c	/home/tephra/experiments/int32_simple_intervals/in_0000000007	60	0	0	0	1.0000	161.9667	161.9299	162.0034
libfuzzer-entropic	/home/tephra/experiments/int32_simple_intervals/tc_0000000008.c	/home/tephra/experiments/int32_simple_intervals/in_0000000008	60	0	0	0	1.0000	164.0667	164.0326	164.1007
dev-urandom	/home/tephra/experiments/int32_simple_intervals/tc_0000000000.c	/home/tephra/experiments/int32_simple_intervals/in_0000000000	3	57	0	0	0.0500	-	-	-
dev-urandom	/home/tephra/experiments/int32_simple_intervals/tc_0000000001.c	/home/tephra/experiments/int32_simple_intervals/in_0000000001	9	51	0	0	0.1500	-	-	-
dev-urandom	/home/tephra/experiments/int32_simple_intervals/tc_0000000002.c	/home/tephra/experiments/int32_simple_intervals/in_0000000002	40	20	0	0	0.6667	1325687.2250	1315211.5942	1336162.8558
dev-urandom	/home/tephra/experiments/int32_simple_intervals/tc_0000000003.c	/home/tephra/experiments/int32_simple_intervals/in_0000000003	60	0	0	0	1.0000	343053.5667	339890.0968	346217.0365
dev-urandom	/home/tephra/experiments/int32_simple_intervals/tc_0000000004.c	/home/tephra/experiments/int32_simple_intervals/in_0000000004	60	0	0	0	1.0000	47074.2167	46579.3550	47569.0784
dev-urandom	/home/tephra/experiments/int32_simple_intervals/tc_0000000005.c	/home/tephra/experiments/int32_simple_intervals/in_0000000005	60	0	0	0	1.0000	4156.7833	4124.8138	4188.7529
dev-urandom	/home/tephra/experiments/int32_simple_intervals/tc_0000000006.c	/home/tephra/experiments/int32_simple_intervals/in_0000000006	60	0	0	0	1.0000	446.5000	443.2130	449.7870
dev-urandom	/home/tephra/experiments/int32_simple_intervals/tc_0000000007.c	/home/tephra/experiments/int32_simple_intervals/in_0000000007	60	0	0	0	1.0000	46.4667	46.0896	46.8437
dev-urandom	/home/tephra/experiments/int32_simple_intervals/tc_0000000008.c	/home/tephra/experiments/int32_simple_intervals/in_0000000008	60	0	0	0	1.0000	5.0167	4.9893	5.0440
afl++	/home/tephra/experiments/int32_simple_intervals/tc_0000000000.c	/home/tephra/experiments/int32_simple_intervals/in_0000000000	0	60	0	0	0.0000	-	-	-
afl++	/home/tephra/experiments/int32_simple_intervals/tc_0000000001.c	/home/tephra/experiments/int32_simple_intervals/in_0000000001	1	59	0	0	0.0167	-	-	-
afl++	/home/tephra/experiments/int32_simple_intervals/tc_0000000002.c	/home/tephra/experiments/int32_simple_intervals/in_0000000002	3	57	0	0	0.0500	-	-	-
afl++	/home/tephra/experiments/int32_simple_intervals/tc_0000000003.c	/home/tephra/experiments/int32_simple_intervals/in_0000000003	24	36	0	0	0.4000	-	-	-
afl++	/home/tephra/experiments/int32_simple_intervals/tc_0000000004.c	/home/tephra/experiments/int32_simple_intervals/in_0000000004	60	0	0	0	1.0000	186621.6333	185194.5710	188048.6957
afl++	/home/tephra/experiments/int32_simple_intervals/tc_0000000005.c	/home/tephra/experiments/int32_simple_intervals/in_0000000005	60	0	0	0	1.0000	23244.7333	23080.7946	23408.6720
afl++	/home/tephra/experiments/int32_simple_intervals/tc_0000000006.c	/home/tephra/experiments/int32_simple_intervals/in_0000000006	60	0	0	0	1.0000	2721.1000	2702.6755	2739.5245
afl++	/home/tephra/experiments/int32_simple_intervals/tc_0000000007.c	/home/tephra/experiments/int32_simple_intervals/in_0000000007	60	0	0	0	1.0000	247.2667	246.5851	247.9483
afl++	/home/tephra/experiments/int32_simple_intervals/tc_0000000008.c	/home/tephra/experiments/int32_simple_intervals/in_0000000008	60	0	0	0	1.0000	224.3833	224.3694	224.3972
afl++-cmplog	/home/tephra/experiments/int32_simple_intervals/tc_0000000000.c	/home/tephra/experiments/int32_simple_intervals/in_0000000000	0	60	0	0	0.0000	-	-	-
afl++-cmplog	/home/tephra/experiments/int32_simple_intervals/tc_0000000001.c	/home/tephra/experiments/int32_simple_intervals/in_0000000001	1	59	0	0	0.0167	-	-	-
afl++-cmplog	/home/tephra/experiments/int32_simple_intervals/tc_0000000002.c	/home/tephra/experiments/int32_simple_intervals/in_0000000002	1	59	0	0	0.0167	-	-	-
afl++-cmplog	/home/tephra/experiments/int32_simple_intervals/tc_0000000003.c	/home/tephra/experiments/int32_simple_intervals/in_0000000003	19	41	0	0	0.3167	-	-	-
afl++-cmplog	/home/tephra/experiments/int32_simple_intervals/tc_0000000004.c	/home/tephra/experiments/int32_simple_intervals/in_0000000004	60	0	0	0	1.0000	228651.6167	226941.2146	230362.0187
afl++-cmplog	/home/tephra/experiments/int32_simple_intervals/tc_0000000005.c	/home/tephra/experiments/int32_simple_intervals/in_0000000005	60	0	0	0	1.0000	51787.8833	51459.3199	52116.4468
afl++-cmplog	/home/tephra/experiments/int32_simple_intervals/tc_0000000006.c	/home/tephra/experiments/int32_simple_intervals/in_0000000006	60	0	0	0	1.0000	4195.3000	4170.5891	4220.0109
afl++-cmplog	/home/tephra/experiments/int32_simple_intervals/tc_0000000007.c	/home/tephra/experiments/int32_simple_intervals/in_0000000007	60	0	0	0	1.0000	390.6000	389.4800	391.7200
afl++-cmplog	/home/tephra/experiments/int32_simple_intervals/tc_0000000008.c	/home/tephra/experiments/int32_simple_intervals/in_0000000008	60	0	0	0	1.0000	250.6333	250.6149	250.6518
afl++-laf	/home/tephra/experiments/int32_simple_intervals/tc_0000000000.c	/home/tephra/experiments/int32_simple_intervals/in_0000000000	50	10	0	0	0.8333	1087227.2000	1078060.9974	1096393.4026
afl++-laf	/home/tephra/experiments/int32_simple_intervals/tc_0000000001.c	/home/tephra/experiments/int32_simple_intervals/in_0000000001	60	0	0	0	1.0000	163880.0667	161441.1993	166318.9340
afl++-laf	/home/tephra/experiments/int32_simple_intervals/tc_0000000002.c	/home/tephra/experiments/int32_simple_intervals/in_0000000002	60	0	0	0	1.0000	326433.7833	323061.5736	329805.9931
afl++-laf	/home/tephra/experiments/int32_simple_intervals/tc_0000000003.c	/home/tephra/experiments/int32_simple_intervals/in_0000000003	60	0	0	0	1.0000	55170.2333	54791.6567	55548.8100
afl++-laf	/home/tephra/experiments/int32_simple_intervals/tc_0000000004.c	/home/tephra/experiments/int32_simple_intervals/in_0000000004	60	0	0	0	1.0000	62967.3667	62530.4819	63404.2514
afl++-laf	/home/tephra/experiments/int32_simple_intervals/tc_0000000005.c	/home/tephra/experiments/int32_simple_intervals/in_0000000005	60	0	0	0	1.0000	29020.6500	28810.4520	29230.8480
afl++-laf	/home/tephra/experiments/int32_simple_intervals/tc_0000000006.c	/home/tephra/experiments/int32_simple_intervals/in_0000000006	60	0	0	0	1.0000	3040.0500	3016.7304	3063.3696
afl++-laf	/home/tephra/experiments/int32_simple_intervals/tc_0000000007.c	/home/tephra/experiments/int32_simple_intervals/in_0000000007	60	0	0	0	1.0000	277.2500	276.2400	278.2600
afl++-laf	/home/tephra/experiments/int32_simple_intervals/tc_0000000008.c	/home/tephra/experiments/int32_simple_intervals/in_0000000008	60	0	0	0	1.0000	221.7500	221.7201	221.7799
afl++-mopt	/home/tephra/experiments/int32_simple_intervals/tc_0000000000.c	/home/tephra/experiments/int32_simple_intervals/in_0000000000	0	60	0	0	0.0000	-	-	-
afl++-mopt	/home/tephra/experiments/int32_simple_intervals/tc_0000000001.c	/home/tephra/experiments/int32_simple_intervals/in_0000000001	4	56	0	0	0.0667	-	-	-
afl++-mopt	/home/tephra/experiments/int32_simple_intervals/tc_0000000002.c	/home/tephra/experiments/int32_simple_intervals/in_0000000002	10	50	0	0	0.1667	-	-	-
afl++-mopt	/home/tephra/experiments/int32_simple_intervals/tc_0000000003.c	/home/tephra/experiments/int32_simple_intervals/in_0000000003	45	15	0	0	0.7500	1216373.9556	1206992.3735	1225755.5376
afl++-mopt	/home/tephra/experiments/int32_simple_intervals/tc_0000000004.c	/home/tephra/experiments/int32_simple_intervals/in_0000000004	60	0	0	0	1.0000	81863.1667	81230.8508	82495.4825
afl++-mopt	/home/tephra/experiments/int32_simple_intervals/tc_0000000005.c	/home/tephra/experiments/int32_simple_intervals/in_0000000005	60	0	0	0	1.0000	17158.1333	17004.6445	17311.6221
afl++-mopt	/home/tephra/experiments/int32_simple_intervals/tc_0000000006.c	/home/tephra/experiments/int32_simple_intervals/in_0000000006	60	0	0	0	1.0000	2247.1167	2229.3081	2264.9252
afl++-mopt	/home/tephra/experiments/int32_simple_intervals/tc_0000000007.c	/home/tephra/experiments/int32_simple_intervals/in_0000000007	60	0	0	0	1.0000	249.4667	248.7651	250.1683
afl++-mopt	/home/tephra/experiments/int32_simple_intervals/tc_0000000008.c	/home/tephra/experiments/int32_simple_intervals/in_0000000008	60	0	0	0	1.0000	215.1500	215.1311	215.1689
honggfuzz	/home/tephra/experiments/int32_simple_intervals/tc_0000000000.c	/home/tephra/experiments/int32_simple_intervals/in_0000000000	60	0	0	0	1.0000	7435.3667	7310.9908	7559.7426
honggfuzz	/home/tephra/experiments/int32_simple_intervals/tc_0000000001.c	/home/tephra/experiments/int32_simple_intervals/in_0000000001	60	0	0	0	1.0000	6365.5000	6322.3714	6408.6286
honggfuzz	/home/tephra/experiments/int32_simple_intervals/tc_0000000002.c	/home/tephra/experiments/int32_simple_intervals/in_0000000002	60	0	0	0	1.0000	7478.9333	7438.3310	7519.5357
honggfuzz	/home/tephra/experiments/int32_simple_intervals/tc_0000000003.c	/home/tephra/experiments/int32_simple_intervals/in_0000000003	60	0	0	0	1.0000	3948.8833	3929.4605	3968.3061
honggfuzz	/home/tephra/experiments/int32_simple_intervals/tc_0000000004.c	/home/tephra/experiments/int32_simple_intervals/in_0000000004	60	0	0	0	1.0000	4772.1333	4750.3776	4793.8891
honggfuzz	/home/tephra/experiments/int32_simple_intervals/tc_0000000005.c	/home/tephra/experiments/int32_simple_intervals/in_0000000005	60	0	0	0	1.0000	3612.2500	3590.1644	3634.3356
honggfuzz	/home/tephra/experiments/int32_simple_intervals/tc_0000000006.c	/home/tephra/experiments/int32_simple_intervals/in_0000000006	60	0	0	0	1.0000	1792.2833	1783.1337	1801.4329
honggfuzz	/home/tephra/experiments/int32_simple_intervals/tc_0000000007.c	/home/tephra/experiments/int32_simple_intervals/in_0000000007	60	0	0	0	1.0000	1018.3500	1017.9427	1018.7573
honggfuzz	/home/tephra/experiments/int32_simple_intervals/tc_0000000008.c	/home/tephra/experiments/int32_simple_intervals/in_0000000008	60	0	0	0	1.0000	1005.1833	1005.1795	1005.1871
wingfuzz	/home/tephra/experiments/int32_simple_intervals/tc_0000000000.c	/home/tephra/experiments/int32_simple_intervals/in_0000000000	60	0	0	0	1.0000	18.3000	18.2356	18.3644
wingfuzz	/home/tephra/experiments/int32_simple_intervals/tc_0000000001.c	/home/tephra/experiments/int32_simple_intervals/in_0000000001	60	0	0	0	1.0000	17.5500	17.4962	17.6038
wingfuzz	/home/tephra/experiments/int32_simple_intervals/tc_0000000002.c	/home/tephra/experiments/int32_simple_intervals/in_0000000002	60	0	0	0	1.0000	16.8833	16.8076	16.9590
wingfuzz	/home/tephra/experiments/int32_simple_intervals/tc_0000000003.c	/home/tephra/experiments/int32_simple_intervals/in_0000000003	60	0	0	0	1.0000	15.5333	15.4960	15.5707
wingfuzz	/home/tephra/experiments/int32_simple_intervals/tc_0000000004.c	/home/tephra/experiments/int32_simple_intervals/in_0000000004	60	0	0	0	1.0000	17.1667	17.1096	17.2238
wingfuzz	/home/tephra/experiments/int32_simple_intervals/tc_0000000005.c	/home/tephra/experiments/int32_simple_intervals/in_0000000005	60	0	0	0	1.0000	11.8500	11.8313	11.8687
wingfuzz	/home/tephra/experiments/int32_simple_intervals/tc_0000000006.c	/home/tephra/experiments/int32_simple_intervals/in_0000000006	60	0	0	0	1.0000	12.2000	12.1739	12.2261
wingfuzz	/home/tephra/experiments/int32_simple_intervals/tc_0000000007.c	/home/tephra/experiments/int32_simple_intervals/in_0000000007	60	0	0	0	1.0000	10.7333	10.7176	10.7491
wingfuzz	/home/tephra/experiments/int32_simple_intervals/tc_0000000008.c	/home/tephra/experiments/int32_simple_intervals/in_0000000008	60	0	0	0	1.0000	9.9833	9.9683	9.9983
libafl	/home/tephra/experiments/int32_simple_intervals/tc_0000000000.c	/home/tephra/experiments/int32_simple_intervals/in_0000000000	1	59	0	0	0.0167	-	-	-
libafl	/home/tephra/experiments/int32_simple_intervals/tc_0000000001.c	/home/tephra/experiments/int32_simple_intervals/in_0000000001	23	37	0	0	0.3833	-	-	-
libafl	/home/tephra/experiments/int32_simple_intervals/tc_0000000002.c	/home/tephra/experiments/int32_simple_intervals/in_0000000002	45	15	0	0	0.7500	1746673.0000	1736374.2616	1756971.7384
libafl	/home/tephra/experiments/int32_simple_intervals/tc_0000000003.c	/home/tephra/experiments/int32_simple_intervals/in_0000000003	60	0	0	0	1.0000	471476.9500	467474.6274	475479.2726
libafl	/home/tephra/experiments/int32_simple_intervals/tc_0000000004.c	/home/tephra/experiments/int32_simple_intervals/in_0000000004	60	0	0	0	1.0000	3111.9833	3085.9969	3137.9698
libafl	/home/tephra/experiments/int32_simple_intervals/tc_0000000005.c	/home/tephra/experiments/int32_simple_intervals/in_0000000005	60	0	0	0	1.0000	1567.8167	1553.8081	1581.8252
libafl	/home/tephra/experiments/int32_simple_intervals/tc_0000000006.c	/home/tephra/experiments/int32_simple_intervals/in_0000000006	60	0	0	0	1.0000	160.5000	159.4548	161.5452
libafl	/home/tephra/experiments/int32_simple_intervals/tc_0000000007.c	/home/tephra/experiments/int32_simple_intervals/in_0000000007	60	0	0	0	1.0000	14.3833	14.3475	14.4192
libafl	/home/tephra/experiments/int32_simple_intervals/tc_0000000008.c	/home/tephra/experiments/int32_simple_intervals/in_0000000008	60	0	0	0	1.0000	10.8000	10.7795	10.8205
libafl-libfuzzer	/home/tephra/experiments/int32_simple_intervals/tc_0000000000.c	/home/tephra/experiments/int32_simple_intervals/in_0000000000	60	0	0	0	1.0000	145.8167	145.7607	145.8726
libafl-libfuzzer	/home/tephra/experiments/int32_simple_intervals/tc_0000000001.c	/home/tephra/experiments/int32_simple_intervals/in_0000000001	60	0	0	0	1.0000	141.7167	141.6623	141.7710
libafl-libfuzzer	/home/tephra/experiments/int32_simple_intervals/tc_0000000002.c	/home/tephra/experiments/int32_simple_intervals/in_0000000002	60	0	0	0	1.0000	146.8833	146.8275	146.9392
libafl-libfuzzer	/home/tephra/experiments/int32_simple_intervals/tc_0000000003.c	/home/tephra/experiments/int32_simple_intervals/in_0000000003	60	0	0	0	1.0000	148.8333	148.7686	148.8980
libafl-libfuzzer	/home/tephra/experiments/int32_simple_intervals/tc_0000000004.c	/home/tephra/experiments/int32_simple_intervals/in_0000000004	60	0	0	0	1.0000	146.8667	146.7710	146.9623
libafl-libfuzzer	/home/tephra/experiments/int32_simple_intervals/tc_0000000005.c	/home/tephra/experiments/int32_simple_intervals/in_0000000005	60	0	0	0	1.0000	146.2000	146.1254	146.2746
libafl-libfuzzer	/home/tephra/experiments/int32_simple_intervals/tc_0000000006.c	/home/tephra/experiments/int32_simple_intervals/in_0000000006	60	0	0	0	1.0000	145.9167	145.8231	146.0102
libafl-libfuzzer	/home/tephra/experiments/int32_simple_intervals/tc_0000000007.c	/home/tephra/experiments/int32_simple_intervals/in_0000000007	60	0	0	0	1.0000	144.5833	144.4987	144.6679
libafl-libfuzzer	/home/tephra/experiments/int32_simple_intervals/tc_0000000008.c	/home/tephra/experiments/int32_simple_intervals/in_0000000008	60	0	0	0	1.0000	140.0667	140.0139	140.1194
ddfuzz	/home/tephra/experiments/int32_simple_intervals/tc_0000000000.c	/home/tephra/experiments/int32_simple_intervals/in_0000000000	0	60	0	0	0.0000	-	-	-
ddfuzz	/home/tephra/experiments/int32_simple_intervals/tc_0000000001.c	/home/tephra/experiments/int32_simple_intervals/in_0000000001	1	59	0	0	0.0167	-	-	-
ddfuzz	/home/tephra/experiments/int32_simple_intervals/tc_0000000002.c	/home/tephra/experiments/int32_simple_intervals/in_0000000002	2	58	0	0	0.0333	-	-	-
ddfuzz	/home/tephra/experiments/int32_simple_intervals/tc_0000000003.c	/home/tephra/experiments/int32_simple_intervals/in_0000000003	18	42	0	0	0.3000	-	-	-
ddfuzz	/home/tephra/experiments/int32_simple_intervals/tc_0000000004.c	/home/tephra/experiments/int32_simple_intervals/in_0000000004	60	0	0	0	1.0000	227210.3667	225078.6798	229342.0536
ddfuzz	/home/tephra/experiments/int32_simple_intervals/tc_0000000005.c	/home/tephra/experiments/int32_simple_intervals/in_0000000005	60	0	0	0	1.0000	22003.7833	21818.6569	22188.9098
ddfuzz	/home/tephra/experiments/int32_simple_intervals/tc_0000000006.c	/home/tephra/experiments/int32_simple_intervals/in_0000000006	60	0	0	0	1.0000	2152.0000	2140.0448	2163.9552
ddfuzz	/home/tephra/experiments/int32_simple_intervals/tc_0000000007.c	/home/tephra/experiments/int32_simple_intervals/in_0000000007	60	0	0	0	1.0000	313.6500	312.8543	314.4457
ddfuzz	/home/tephra/experiments/int32_simple_intervals/tc_0000000008.c	/home/tephra/experiments/int32_simple_intervals/in_0000000008	60	0	0	0	1.0000	267.8833	267.6294	268.1373
fairfuzz	/home/tephra/experiments/int32_simple_intervals/tc_0000000000.c	/home/tephra/experiments/int32_simple_intervals/in_0000000000	0	60	0	0	0.0000	-	-	-
fairfuzz	/home/tephra/experiments/int32_simple_intervals/tc_0000000001.c	/home/tephra/experiments/int32_simple_intervals/in_0000000001	1	59	0	0	0.0167	-	-	-
fairfuzz	/home/tephra/experiments/int32_simple_intervals/tc_0000000002.c	/home/tephra/experiments/int32_simple_intervals/in_0000000002	2	58	0	0	0.0333	-	-	-
fairfuzz	/home/tephra/experiments/int32_simple_intervals/tc_0000000003.c	/home/tephra/experiments/int32_simple_intervals/in_0000000003	10	50	0	0	0.1667	-	-	-
fairfuzz	/home/tephra/experiments/int32_simple_intervals/tc_0000000004.c	/home/tephra/experiments/int32_simple_intervals/in_0000000004	58	2	0	0	0.9667	811356.2931	806464.8828	816247.7034
fairfuzz	/home/tephra/experiments/int32_simple_intervals/tc_0000000005.c	/home/tephra/experiments/int32_simple_intervals/in_0000000005	60	0	0	0	1.0000	54772.7333	54343.1720	55202.2947
fairfuzz	/home/tephra/experiments/int32_simple_intervals/tc_0000000006.c	/home/tephra/experiments/int32_simple_intervals/in_0000000006	60	0	0	0	1.0000	5794.0333	5748.5976	5839.4691
fairfuzz	/home/tephra/experiments/int32_simple_intervals/tc_0000000007.c	/home/tephra/experiments/int32_simple_intervals/in_0000000007	60	0	0	0	1.0000	741.7833	737.8351	745.7315
fairfuzz	/home/tephra/experiments/int32_simple_intervals/tc_0000000008.c	/home/tephra/experiments/int32_simple_intervals/in_0000000008	60	0	0	0	1.0000	218.4667	218.4414	218.4919
ecofuzz	/home/tephra/experiments/int32_simple_intervals/tc_0000000000.c	/home/tephra/experiments/int32_simple_intervals/in_0000000000	60	0	0	0	1.0000	597.9000	594.1072	601.6928
ecofuzz	/home/tephra/experiments/int32_simple_intervals/tc_0000000001.c	/home/tephra/experiments/int32_simple_intervals/in_0000000001	60	0	0	0	1.0000	447.0833	445.2889	448.8777
ecofuzz	/home/tephra/experiments/int32_simple_intervals/tc_0000000002.c	/home/tephra/experiments/int32_simple_intervals/in_0000000002	60	0	0	0	1.0000	451.0333	448.5097	453.5570
ecofuzz	/home/tephra/experiments/int32_simple_intervals/tc_0000000003.c	/home/tephra/experiments/int32_simple_intervals/in_0000000003	60	0	0	0	1.0000	451.2667	448.5716	453.9618
ecofuzz	/home/tephra/experiments/int32_simple_intervals/tc_0000000004.c	/home/tephra/experiments/int32_simple_intervals/in_0000000004	60	0	0	0	1.0000	426.9000	424.7163	429.0837
ecofuzz	/home/tephra/experiments/int32_simple_intervals/tc_0000000005.c	/home/tephra/experiments/int32_simple_intervals/in_0000000005	60	0	0	0	1.0000	412.7833	411.1132	414.4535
ecofuzz	/home/tephra/experiments/int32_simple_intervals/tc_0000000006.c	/home/tephra/experiments/int32_simple_intervals/in_0000000006	60	0	0	0	1.0000	361.7833	360.1225	363.4441
ecofuzz	/home/tephra/experiments/int32_simple_intervals/tc_0000000007.c	/home/tephra/experiments/int32_simple_intervals/in_0000000007	60	0	0	0	1.0000	268.8833	268.0948	269.6719
ecofuzz	/home/tephra/experiments/int32_simple_intervals/tc_0000000008.c	/home/tephra/experiments/int32_simple_intervals/in_0000000008	60	0	0	0	1.0000	217.4667	217.4269	217.5064
fafuzz	/home/tephra/experiments/int32_simple_intervals/tc_0000000000.c	/home/tephra/experiments/int32_simple_intervals/in_0000000000	0	60	0	0	0.0000	-	-	-
fafuzz	/home/tephra/experiments/int32_simple_intervals/tc_0000000001.c	/home/tephra/experiments/int32_simple_intervals/in_0000000001	1	59	0	0	0.0167	-	-	-
fafuzz	/home/tephra/experiments/int32_simple_intervals/tc_0000000002.c	/home/tephra/experiments/int32_simple_intervals/in_0000000002	1	59	0	0	0.0167	-	-	-
fafuzz	/home/tephra/experiments/int32_simple_intervals/tc_0000000003.c	/home/tephra/experiments/int32_simple_intervals/in_0000000003	15	45	0	0	0.2500	-	-	-
fafuzz	/home/tephra/experiments/int32_simple_intervals/tc_0000000004.c	/home/tephra/experiments/int32_simple_intervals/in_0000000004	60	0	0	0	1.0000	374232.5000	371231.2818	377233.7182
fafuzz	/home/tephra/experiments/int32_simple_intervals/tc_0000000005.c	/home/tephra/experiments/int32_simple_intervals/in_0000000005	60	0	0	0	1.0000	47456.4167	47038.1544	47874.6790
fafuzz	/home/tephra/experiments/int32_simple_intervals/tc_0000000006.c	/home/tephra/experiments/int32_simple_intervals/in_0000000006	60	0	0	0	1.0000	4879.0000	4827.8525	4930.1475
fafuzz	/home/tephra/experiments/int32_simple_intervals/tc_0000000007.c	/home/tephra/experiments/int32_simple_intervals/in_0000000007	60	0	0	0	1.0000	399.4000	397.4198	401.3802
fafuzz	/home/tephra/experiments/int32_simple_intervals/tc_0000000008.c	/home/tephra/experiments/int32_simple_intervals/in_0000000008	60	0	0	0	1.0000	218.2500	218.2145	218.2855
darwin	/home/tephra/experiments/int32_simple_intervals/tc_0000000000.c	/home/tephra/experiments/int32_simple_intervals/in_0000000000	0	60	0	0	0.0000	-	-	-
darwin	/home/tephra/experiments/int32_simple_intervals/tc_0000000001.c	/home/tephra/experiments/int32_simple_intervals/in_0000000001	4	56	0	0	0.0667	-	-	-
darwin	/home/tephra/experiments/int32_simple_intervals/tc_0000000002.c	/home/tephra/experiments/int32_simple_intervals/in_0000000002	17	43	0	0	0.2833	-	-	-
darwin	/home/tephra/experiments/int32_simple_intervals/tc_0000000003.c	/home/tephra/experiments/int32_simple_intervals/in_0000000003	46	14	0	0	0.7667	1274187.9348	1264769.9565	1283605.9131
darwin	/home/tephra/experiments/int32_simple_intervals/tc_0000000004.c	/home/tephra/experiments/int32_simple_intervals/in_0000000004	60	0	0	0	1.0000	356579.9500	353250.9175	359908.9825
darwin	/home/tephra/experiments/int32_simple_intervals/tc_0000000005.c	/home/tephra/experiments/int32_simple_intervals/in_0000000005	60	0	0	0	1.0000	22287.9833	22103.9936	22471.9730
darwin	/home/tephra/experiments/int32_simple_intervals/tc_0000000006.c	/home/tephra/experiments/int32_simple_intervals/in_0000000006	60	0	0	0	1.0000	3707.5000	3681.2551	3733.7449
darwin	/home/tephra/experiments/int32_simple_intervals/tc_0000000007.c	/home/tephra/experiments/int32_simple_intervals/in_0000000007	60	0	0	0	1.0000	880.3167	878.3327	882.3006
darwin	/home/tephra/experiments/int32_simple_intervals/tc_0000000008.c	/home/tephra/experiments/int32_simple_intervals/in_0000000008	60	0	0	0	1.0000	510.4333	508.5550	512.3117
aflgo	/home/tephra/experiments/int32_simple_intervals/tc_0000000000.c	/home/tephra/experiments/int32_simple_intervals/in_0000000000	0	60	0	0	0.0000	-	-	-
aflgo	/home/tephra/experiments/int32_simple_intervals/tc_0000000001.c	/home/tephra/experiments/int32_simple_intervals/in_0000000001	0	60	0	0	0.0000	-	-	-
aflgo	/home/tephra/experiments/int32_simple_intervals/tc_0000000002.c	/home/tephra/experiments/int32_simple_intervals/in_0000000002	0	60	0	0	0.0000	-	-	-
aflgo	/home/tephra/experiments/int32_simple_intervals/tc_0000000003.c	/home/tephra/experiments/int32_simple_intervals/in_0000000003	3	57	0	0	0.0500	-	-	-
aflgo	/home/tephra/experiments/int32_simple_intervals/tc_0000000004.c	/home/tephra/experiments/int32_simple_intervals/in_0000000004	54	6	0	0	0.9000	896137.6296	889435.2748	902839.9844
aflgo	/home/tephra/experiments/int32_simple_intervals/tc_0000000005.c	/home/tephra/experiments/int32_simple_intervals/in_0000000005	60	0	0	0	1.0000	127039.4167	126274.7305	127804.1028
aflgo	/home/tephra/experiments/int32_simple_intervals/tc_0000000006.c	/home/tephra/experiments/int32_simple_intervals/in_0000000006	60	0	0	0	1.0000	10947.5000	10879.4547	11015.5453
aflgo	/home/tephra/experiments/int32_simple_intervals/tc_0000000007.c	/home/tephra/experiments/int32_simple_intervals/in_0000000007	60	0	0	0	1.0000	774.2500	769.2419	779.2581
aflgo	/home/tephra/experiments/int32_simple_intervals/tc_0000000008.c	/home/tephra/experiments/int32_simple_intervals/in_0000000008	60	0	0	0	1.0000	218.3833	218.3456	218.4211
afl++-qemu-cmplog	/home/tephra/experiments/int32_simple_intervals/tc_0000000000.c	/home/tephra/experiments/int32_simple_intervals/in_0000000000	0	60	0	0	0.0000	-	-	-
afl++-qemu-cmplog	/home/tephra/experiments/int32_simple_intervals/tc_0000000001.c	/home/tephra/experiments/int32_simple_intervals/in_0000000001	1	59	0	0	0.0167	-	-	-
afl++-qemu-cmplog	/home/tephra/experiments/int32_simple_intervals/tc_0000000002.c	/home/tephra/experiments/int32_simple_intervals/in_0000000002	6	54	0	0	0.1000	-	-	-
afl++-qemu-cmplog	/home/tephra/experiments/int32_simple_intervals/tc_0000000003.c	/home/tephra/experiments/int32_simple_intervals/in_0000000003	24	36	0	0	0.4000	-	-	-
afl++-qemu-cmplog	/home/tephra/experiments/int32_simple_intervals/tc_0000000004.c	/home/tephra/experiments/int32_simple_intervals/in_0000000004	60	0	0	0	1.0000	263874.1167	261711.5882	266036.6452
afl++-qemu-cmplog	/home/tephra/experiments/int32_simple_intervals/tc_0000000005.c	/home/tephra/experiments/int32_simple_intervals/in_0000000005	60	0	0	0	1.0000	31101.0167	30882.4676	31319.5657
afl++-qemu-cmplog	/home/tephra/experiments/int32_simple_intervals/tc_0000000006.c	/home/tephra/experiments/int32_simple_intervals/in_0000000006	60	0	0	0	1.0000	2860.1000	2837.4625	2882.7375
afl++-qemu-cmplog	/home/tephra/experiments/int32_simple_intervals/tc_0000000007.c	/home/tephra/experiments/int32_simple_intervals/in_0000000007	60	0	0	0	1.0000	481.2667	480.4030	482.1303
afl++-qemu-cmplog	/home/tephra/experiments/int32_simple_intervals/tc_0000000008.c	/home/tephra/experiments/int32_simple_intervals/in_0000000008	60	0	0	0	1.0000	361.7000	361.6695	361.7305
afl++-qemu-compcov	/home/tephra/experiments/int32_simple_intervals/tc_0000000000.c	/home/tephra/experiments/int32_simple_intervals/in_0000000000	60	0	0	0	1.0000	39487.7667	38945.7066	40029.8267
afl++-qemu-compcov	/home/tephra/experiments/int32_simple_intervals/tc_0000000001.c	/home/tephra/experiments/int32_simple_intervals/in_0000000001	60	0	0	0	1.0000	8225.5833	8134.1093	8317.0574
afl++-qemu-compcov	/home/tephra/experiments/int32_simple_intervals/tc_0000000002.c	/home/tephra/experiments/int32_simple_intervals/in_0000000002	60	0	0	0	1.0000	101780.7667	100873.0186	102688.5147
afl++-qemu-compcov	/home/tephra/experiments/int32_simple_intervals/tc_0000000003.c	/home/tephra/experiments/int32_simple_intervals/in_0000000003	60	0	0	0	1.0000	16412.2000	16271.4708	16552.9292
afl++-qemu-compcov	/home/tephra/experiments/int32_simple_intervals/tc_0000000004.c	/home/tephra/experiments/int32_simple_intervals/in_0000000004	60	0	0	0	1.0000	21484.6000	21271.9670	21697.2330
afl++-qemu-compcov	/home/tephra/experiments/int32_simple_intervals/tc_0000000005.c	/home/tephra/experiments/int32_simple_intervals/in_0000000005	60	0	0	0	1.0000	870.8000	864.7348	876.8652
afl++-qemu-compcov	/home/tephra/experiments/int32_simple_intervals/tc_0000000006.c	/home/tephra/experiments/int32_simple_intervals/in_0000000006	60	0	0	0	1.0000	450.4667	447.4812	453.4522
afl++-qemu-compcov	/home/tephra/experiments/int32_simple_intervals/tc_0000000007.c	/home/tephra/experiments/int32_simple_intervals/in_0000000007	60	0	0	0	1.0000	322.9333	322.7079	323.1587
afl++-qemu-compcov	/home/tephra/experiments/int32_simple_intervals/tc_0000000008.c	/home/tephra/experiments/int32_simple_intervals/in_0000000008	60	0	0	0	1.0000	318.9667	318.8765	319.0569
honggfuzz-qemu	/home/tephra/experiments/int32_simple_intervals/tc_0000000000.c	/home/tephra/experiments/int32_simple_intervals/in_0000000000	31	29	0	0	0.5167	690118.3871	681505.2145	698731.5597
honggfuzz-qemu	/home/tephra/experiments/int32_simple_intervals/tc_0000000001.c	/home/tephra/experiments/int32_simple_intervals/in_0000000001	59	1	0	0	0.9833	414733.9492	409490.7567	419977.1416
honggfuzz-qemu	/home/tephra/experiments/int32_simple_intervals/tc_0000000002.c	/home/tephra/experiments/int32_simple_intervals/in_0000000002	45	15	0	0	0.7500	541368.7333	534299.3650	548438.1016
honggfuzz-qemu	/home/tephra/experiments/int32_simple_intervals/tc_0000000003.c	/home/tephra/experiments/int32_simple_intervals/in_0000000003	17	43	0	0	0.2833	-	-	-
honggfuzz-qemu	/home/tephra/experiments/int32_simple_intervals/tc_0000000004.c	/home/tephra/experiments/int32_simple_intervals/in_0000000004	29	31	0	0	0.4833	-	-	-
honggfuzz-qemu	/home/tephra/experiments/int32_simple_intervals/tc_0000000005.c	/home/tephra/experiments/int32_simple_intervals/in_0000000005	60	0	0	0	1.0000	87006.1333	85988.3420	88023.9247
honggfuzz-qemu	/home/tephra/experiments/int32_simple_intervals/tc_0000000006.c	/home/tephra/experiments/int32_simple_intervals/in_0000000006	60	0	0	0	1.0000	79736.2333	78875.0198	80597.4469
honggfuzz-qemu	/home/tephra/experiments/int32_simple_intervals/tc_0000000007.c	/home/tephra/experiments/int32_simple_intervals/in_0000000007	60	0	0	0	1.0000	3892.7333	3851.7500	3933.7167
honggfuzz-qemu	/home/tephra/experiments/int32_simple_intervals/tc_0000000008.c	/home/tephra/experiments/int32_simple_intervals/in_0000000008	60	0	0	0	1.0000	2299.3000	2280.0326	2318.5674
dataflow	/home/tephra/experiments/int32_simple_intervals/tc_0000000000.c	/home/tephra/experiments/int32_simple_intervals/in_0000000000	0	60	0	0	0.0000	-	-	-
dataflow	/home/tephra/experiments/int32_simple_intervals/tc_0000000001.c	/home/tephra/experiments/int32_simple_intervals/in_0000000001	0	60	0	0	0.0000	-	-	-
dataflow	/home/tephra/experiments/int32_simple_intervals/tc_0000000002.c	/home/tephra/experiments/int32_simple_intervals/in_0000000002	1	59	0	0	0.0167	-	-	-
dataflow	/home/tephra/experiments/int32_simple_intervals/tc_0000000003.c	/home/tephra/experiments/int32_simple_intervals/in_0000000003	10	50	0	0	0.1667	-	-	-
dataflow	/home/tephra/experiments/int32_simple_intervals/tc_0000000004.c	/home/tephra/experiments/int32_simple_intervals/in_0000000004	54	6	0	0	0.9000	1196598.2593	1189337.5510	1203858.9675
dataflow	/home/tephra/experiments/int32_simple_intervals/tc_0000000005.c	/home/tephra/experiments/int32_simple_intervals/in_0000000005	60	0	0	0	1.0000	110054.0167	109221.8930	110886.1403
dataflow	/home/tephra/experiments/int32_simple_intervals/tc_0000000006.c	/home/tephra/experiments/int32_simple_intervals/in_0000000006	60	0	0	0	1.0000	12547.9167	12458.2912	12637.5421
dataflow	/home/tephra/experiments/int32_simple_intervals/tc_0000000007.c	/home/tephra/experiments/int32_simple_intervals/in_0000000007	60	0	0	0	1.0000	2709.3833	2705.3236	2713.4430
dataflow	/home/tephra/experiments/int32_simple_intervals/tc_0000000008.c	/home/tephra/experiments/int32_simple_intervals/in_0000000008	60	0	0	0	1.0000	2233.8667	2233.6016	2234.1317
klee	/home/tephra/experiments/int32_simple_intervals/tc_0000000000.c	/home/tephra/experiments/int32_simple_intervals/in_0000000000	60	0	0	0	1.0000	713.0333	712.8217	713.2449
klee	/home/tephra/experiments/int32_simple_intervals/tc_0000000001.c	/home/tephra/experiments/int32_simple_intervals/in_0000000001	60	0	0	0	1.0000	709.6833	709.4720	709.8947
klee	/home/tephra/experiments/int32_simple_intervals/tc_0000000002.c	/home/tephra/experiments/int32_simple_intervals/in_0000000002	60	0	0	0	1.0000	706.3500	706.1452	706.5548
klee	/home/tephra/experiments/int32_simple_intervals/tc_0000000003.c	/home/tephra/experiments/int32_simple_intervals/in_0000000003	60	0	0	0	1.0000	711.1500	710.9832	711.3168
klee	/home/tephra/experiments/int32_simple_intervals/tc_0000000004.c	/home/tephra/experiments/int32_simple_intervals/in_0000000004	60	0	0	0	1.0000	718.6833	718.4673	718.8994
klee	/home/tephra/experiments/int32_simple_intervals/tc_0000000005.c	/home/tephra/experiments/int32_simple_intervals/in_0000000005	60	0	0	0	1.0000	719.6500	719.4697	719.8303
klee	/home/tephra/experiments/int32_simple_intervals/tc_0000000006.c	/home/tephra/experiments/int32_simple_intervals/in_0000000006	60	0	0	0	1.0000	713.3000	713.1069	713.4931
klee	/home/tephra/experiments/int32_simple_intervals/tc_0000000007.c	/home/tephra/experiments/int32_simple_intervals/in_0000000007	60	0	0	0	1.0000	712.1000	711.8924	712.3076
klee	/home/tephra/experiments/int32_simple_intervals/tc_0000000008.c	/home/tephra/experiments/int32_simple_intervals/in_0000000008	60	0	0	0	1.0000	707.9500	707.7658	708.1342
symcc	/home/tephra/experiments/int32_simple_intervals/tc_0000000000.c	/home/tephra/experiments/int32_simple_intervals/in_0000000000	60	0	0	0	1.0000	2494.1500	2493.0588	2495.2412
symcc	/home/tephra/experiments/int32_simple_intervals/tc_0000000001.c	/home/tephra/experiments/int32_simple_intervals/in_0000000001	60	0	0	0	1.0000	2323.9000	2322.9233	2324.8767
symcc	/home/tephra/experiments/int32_simple_intervals/tc_0000000002.c	/home/tephra/experiments/int32_simple_intervals/in_0000000002	60	0	0	0	1.0000	2968.7500	2967.7872	2969.7128
symcc	/home/tephra/experiments/int32_simple_intervals/tc_0000000003.c	/home/tephra/experiments/int32_simple_intervals/in_0000000003	60	0	0	0	1.0000	2787.8500	2786.7356	2788.9644
symcc	/home/tephra/experiments/int32_simple_intervals/tc_0000000004.c	/home/tephra/experiments/int32_simple_intervals/in_0000000004	60	0	0	0	1.0000	2683.4667	2682.5659	2684.3675
symcc	/home/tephra/experiments/int32_simple_intervals/tc_0000000005.c	/home/tephra/experiments/int32_simple_intervals/in_0000000005	60	0	0	0	1.0000	2970.3333	2969.2493	2971.4173
symcc	/home/tephra/experiments/int32_simple_intervals/tc_0000000006.c	/home/tephra/experiments/int32_simple_intervals/in_0000000006	60	0	0	0	1.0000	2427.3000	2425.6293	2428.9707
symcc	/home/tephra/experiments/int32_simple_intervals/tc_0000000007.c	/home/tephra/experiments/int32_simple_intervals/in_0000000007	60	0	0	0	1.0000	2820.9833	2817.0986	2824.8680
symcc	/home/tephra/experiments/int32_simple_intervals/tc_0000000008.c	/home/tephra/experiments/int32_simple_intervals/in_0000000008	60	0	0	0	1.0000	1568.4833	1560.9662	1576.0005
afl-qemu	/home/tephra/experiments/int32_simple_intervals/tc_0000000000.c	/home/tephra/experiments/int32_simple_intervals/in_0000000000	0	60	0	0	0.0000	-	-	-
afl-qemu	/home/tephra/experiments/int32_simple_intervals/tc_0000000001.c	/home/tephra/experiments/int32_simple_intervals/in_0000000001	0	60	0	0	0.0000	-	-	-
afl-qemu	/home/tephra/experiments/int32_simple_intervals/tc_0000000002.c	/home/tephra/experiments/int32_simple_intervals/in_0000000002	0	60	0	0	0.0000	-	-	-
afl-qemu	/home/tephra/experiments/int32_simple_intervals/tc_0000000003.c	/home/tephra/experiments/int32_simple_intervals/in_0000000003	1	59	0	0	0.0167	-	-	-
afl-qemu	/home/tephra/experiments/int32_simple_intervals/tc_0000000004.c	/home/tephra/experiments/int32_simple_intervals/in_0000000004	25	35	0	0	0.4167	-	-	-
afl-qemu	/home/tephra/experiments/int32_simple_intervals/tc_0000000005.c	/home/tephra/experiments/int32_simple_intervals/in_0000000005	60	0	0	0	1.0000	404773.0500	401098.0158	408448.0842
afl-qemu	/home/tephra/experiments/int32_simple_intervals/tc_0000000006.c	/home/tephra/experiments/int32_simple_intervals/in_0000000006	60	0	0	0	1.0000	30097.8500	29872.4378	30323.2622
afl-qemu	/home/tephra/experiments/int32_simple_intervals/tc_0000000007.c	/home/tephra/experiments/int32_simple_intervals/in_0000000007	60	0	0	0	1.0000	2165.0500	2152.5677	2177.5323
afl-qemu	/home/tephra/experiments/int32_simple_intervals/tc_0000000008.c	/home/tephra/experiments/int32_simple_intervals/in_0000000008	60	0	0	0	1.0000	565.5167	564.6294	566.4039
angora	/home/tephra/experiments/int32_simple_intervals/tc_0000000000.c	/home/tephra/experiments/int32_simple_intervals/in_0000000000	60	0	0	0	1.0000	1074.3833	1074.2229	1074.5438
angora	/home/tephra/experiments/int32_simple_intervals/tc_0000000001.c	/home/tephra/experiments/int32_simple_intervals/in_0000000001	59	0	0	1	0.9833	1073.9492	1073.7988	1074.0995
angora	/home/tephra/experiments/int32_simple_intervals/tc_0000000002.c	/home/tephra/experiments/int32_simple_intervals/in_0000000002	60	0	0	0	1.0000	1073.4000	1073.2543	1073.5457
angora	/home/tephra/experiments/int32_simple_intervals/tc_0000000003.c	/home/tephra/experiments/int32_simple_intervals/in_0000000003	60	0	0	0	1.0000	1072.7833	1072.6379	1072.9288
angora	/home/tephra/experiments/int32_simple_intervals/tc_0000000004.c	/home/tephra/experiments/int32_simple_intervals/in_0000000004	60	0	0	0	1.0000	1067.3000	1067.1616	1067.4384
angora	/home/tephra/experiments/int32_simple_intervals/tc_0000000005.c	/home/tephra/experiments/int32_simple_intervals/in_0000000005	60	0	0	0	1.0000	1061.3167	1061.1424	1061.4909
angora	/home/tephra/experiments/int32_simple_intervals/tc_0000000006.c	/home/tephra/experiments/int32_simple_intervals/in_0000000006	59	0	0	1	0.9833	1061.4746	1061.2952	1061.6539
angora	/home/tephra/experiments/int32_simple_intervals/tc_0000000007.c	/home/tephra/experiments/int32_simple_intervals/in_0000000007	60	0	0	0	1.0000	1061.3333	1061.1716	1061.4951
angora	/home/tephra/experiments/int32_simple_intervals/tc_0000000008.c	/home/tephra/experiments/int32_simple_intervals/in_0000000008	60	0	0	0	1.0000	1058.1500	1058.0219	1058.2781
angora-mb	/home/tephra/experiments/int32_simple_intervals/tc_0000000000.c	/home/tephra/experiments/int32_simple_intervals/in_0000000000	0	60	0	0	0.0000	-	-	-
angora-mb	/home/tephra/experiments/int32_simple_intervals/tc_0000000001.c	/home/tephra/experiments/int32_simple_intervals/in_0000000001	1	58	0	1	0.0167	-	-	-
angora-mb	/home/tephra/experiments/int32_simple_intervals/tc_0000000002.c	/home/tephra/experiments/int32_simple_intervals/in_0000000002	5	54	0	1	0.0833	-	-	-
angora-mb	/home/tephra/experiments/int32_simple_intervals/tc_0000000003.c	/home/tephra/experiments/int32_simple_intervals/in_0000000003	60	0	0	0	1.0000	2815.1500	2779.2794	2851.0206
angora-mb	/home/tephra/experiments/int32_simple_intervals/tc_0000000004.c	/home/tephra/experiments/int32_simple_intervals/in_0000000004	60	0	0	0	1.0000	3064.6667	3028.2994	3101.0339
angora-mb	/home/tephra/experiments/int32_simple_intervals/tc_0000000005.c	/home/tephra/experiments/int32_simple_intervals/in_0000000005	59	0	0	1	0.9833	51730.8136	51137.7106	52323.9165
angora-mb	/home/tephra/experiments/int32_simple_intervals/tc_0000000006.c	/home/tephra/experiments/int32_simple_intervals/in_0000000006	60	0	0	0	1.0000	3693.5833	3666.7392	3720.4275
angora-mb	/home/tephra/experiments/int32_simple_intervals/tc_0000000007.c	/home/tephra/experiments/int32_simple_intervals/in_0000000007	60	0	0	0	1.0000	1259.2500	1255.5699	1262.9301
angora-mb	/home/tephra/experiments/int32_simple_intervals/tc_0000000008.c	/home/tephra/experiments/int32_simple_intervals/in_0000000008	60	0	0	0	1.0000	1041.7500	1041.7332	1041.7668
angora-random	/home/tephra/experiments/int32_simple_intervals/tc_0000000000.c	/home/tephra/experiments/int32_simple_intervals/in_0000000000	0	59	0	1	0.0000	-	-	-
angora-random	/home/tephra/experiments/int32_simple_intervals/tc_0000000001.c	/home/tephra/experiments/int32_simple_intervals/in_0000000001	0	60	0	0	0.0000	-	-	-
angora-random	/home/tephra/experiments/int32_simple_intervals/tc_0000000002.c	/home/tephra/experiments/int32_simple_intervals/in_0000000002	2	58	0	0	0.0333	-	-	-
angora-random	/home/tephra/experiments/int32_simple_intervals/tc_0000000003.c	/home/tephra/experiments/int32_simple_intervals/in_0000000003	27	33	0	0	0.4500	-	-	-
angora-random	/home/tephra/experiments/int32_simple_intervals/tc_0000000004.c	/home/tephra/experiments/int32_simple_intervals/in_0000000004	54	6	0	0	0.9000	457588.1296	450834.6301	464341.6292
angora-random	/home/tephra/experiments/int32_simple_intervals/tc_0000000005.c	/home/tephra/experiments/int32_simple_intervals/in_0000000005	60	0	0	0	1.0000	16837.9667	16715.5712	16960.3622
angora-random	/home/tephra/experiments/int32_simple_intervals/tc_0000000006.c	/home/tephra/experiments/int32_simple_intervals/in_0000000006	60	0	0	0	1.0000	1795.6833	1785.9445	1805.4222
angora-random	/home/tephra/experiments/int32_simple_intervals/tc_0000000007.c	/home/tephra/experiments/int32_simple_intervals/in_0000000007	60	0	0	0	1.0000	1044.2167	1044.2028	1044.2306
angora-random	/home/tephra/experiments/int32_simple_intervals/tc_0000000008.c	/home/tephra/experiments/int32_simple_intervals/in_0000000008	59	0	0	1	0.9833	1043.6780	1043.6609	1043.6951
