fuzzer	put	corpus	success	timeout	invalid	error	ratio	ttt	cleft	cright
afl-gcc	/home/tephra/experiments/uint32_const_chain/tc_0001.c	/home/tephra/experiments/uint32_const_chain/in_0001	0	60	0	0	0.0000	-	-	-
afl-gcc	/home/tephra/experiments/uint32_const_chain/tc_0002.c	/home/tephra/experiments/uint32_const_chain/in_0002	0	60	0	0	0.0000	-	-	-
afl-gcc	/home/tephra/experiments/uint32_const_chain/tc_0003.c	/home/tephra/experiments/uint32_const_chain/in_0003	0	60	0	0	0.0000	-	-	-
afl-gcc	/home/tephra/experiments/uint32_const_chain/tc_0004.c	/home/tephra/experiments/uint32_const_chain/in_0004	0	60	0	0	0.0000	-	-	-
afl-gcc	/home/tephra/experiments/uint32_const_chain/tc_0005.c	/home/tephra/experiments/uint32_const_chain/in_0005	0	60	0	0	0.0000	-	-	-
afl-gcc	/home/tephra/experiments/uint32_const_chain/tc_0006.c	/home/tephra/experiments/uint32_const_chain/in_0006	0	60	0	0	0.0000	-	-	-
afl-gcc	/home/tephra/experiments/uint32_const_chain/tc_0007.c	/home/tephra/experiments/uint32_const_chain/in_0007	0	60	0	0	0.0000	-	-	-
afl-gcc	/home/tephra/experiments/uint32_const_chain/tc_0008.c	/home/tephra/experiments/uint32_const_chain/in_0008	0	60	0	0	0.0000	-	-	-
afl-gcc	/home/tephra/experiments/uint32_const_chain/tc_0009.c	/home/tephra/experiments/uint32_const_chain/in_0009	0	60	0	0	0.0000	-	-	-
afl-gcc	/home/tephra/experiments/uint32_const_chain/tc_0010.c	/home/tephra/experiments/uint32_const_chain/in_0010	0	60	0	0	0.0000	-	-	-
radamsa	/home/tephra/experiments/uint32_const_chain/tc_0001.c	/home/tephra/experiments/uint32_const_chain/in_0001	0	55	5	0	0.0000	-	-	-
radamsa	/home/tephra/experiments/uint32_const_chain/tc_0002.c	/home/tephra/experiments/uint32_const_chain/in_0002	0	60	0	0	0.0000	-	-	-
radamsa	/home/tephra/experiments/uint32_const_chain/tc_0003.c	/home/tephra/experiments/uint32_const_chain/in_0003	0	59	1	0	0.0000	-	-	-
radamsa	/home/tephra/experiments/uint32_const_chain/tc_0004.c	/home/tephra/experiments/uint32_const_chain/in_0004	0	58	2	0	0.0000	-	-	-
radamsa	/home/tephra/experiments/uint32_const_chain/tc_0005.c	/home/tephra/experiments/uint32_const_chain/in_0005	0	58	2	0	0.0000	-	-	-
radamsa	/home/tephra/experiments/uint32_const_chain/tc_0006.c	/home/tephra/experiments/uint32_const_chain/in_0006	0	58	2	0	0.0000	-	-	-
radamsa	/home/tephra/experiments/uint32_const_chain/tc_0007.c	/home/tephra/experiments/uint32_const_chain/in_0007	0	58	2	0	0.0000	-	-	-
radamsa	/home/tephra/experiments/uint32_const_chain/tc_0008.c	/home/tephra/experiments/uint32_const_chain/in_0008	0	57	3	0	0.0000	-	-	-
radamsa	/home/tephra/experiments/uint32_const_chain/tc_0009.c	/home/tephra/experiments/uint32_const_chain/in_0009	0	58	2	0	0.0000	-	-	-
radamsa	/home/tephra/experiments/uint32_const_chain/tc_0010.c	/home/tephra/experiments/uint32_const_chain/in_0010	0	58	2	0	0.0000	-	-	-
dev-urandom	/home/tephra/experiments/uint32_const_chain/tc_0001.c	/home/tephra/experiments/uint32_const_chain/in_0001	0	60	0	0	0.0000	-	-	-
dev-urandom	/home/tephra/experiments/uint32_const_chain/tc_0002.c	/home/tephra/experiments/uint32_const_chain/in_0002	0	60	0	0	0.0000	-	-	-
dev-urandom	/home/tephra/experiments/uint32_const_chain/tc_0003.c	/home/tephra/experiments/uint32_const_chain/in_0003	0	60	0	0	0.0000	-	-	-
dev-urandom	/home/tephra/experiments/uint32_const_chain/tc_0004.c	/home/tephra/experiments/uint32_const_chain/in_0004	0	60	0	0	0.0000	-	-	-
dev-urandom	/home/tephra/experiments/uint32_const_chain/tc_0005.c	/home/tephra/experiments/uint32_const_chain/in_0005	0	60	0	0	0.0000	-	-	-
dev-urandom	/home/tephra/experiments/uint32_const_chain/tc_0006.c	/home/tephra/experiments/uint32_const_chain/in_0006	0	60	0	0	0.0000	-	-	-
dev-urandom	/home/tephra/experiments/uint32_const_chain/tc_0007.c	/home/tephra/experiments/uint32_const_chain/in_0007	0	60	0	0	0.0000	-	-	-
dev-urandom	/home/tephra/experiments/uint32_const_chain/tc_0008.c	/home/tephra/experiments/uint32_const_chain/in_0008	0	60	0	0	0.0000	-	-	-
dev-urandom	/home/tephra/experiments/uint32_const_chain/tc_0009.c	/home/tephra/experiments/uint32_const_chain/in_0009	0	60	0	0	0.0000	-	-	-
dev-urandom	/home/tephra/experiments/uint32_const_chain/tc_0010.c	/home/tephra/experiments/uint32_const_chain/in_0010	0	60	0	0	0.0000	-	-	-
afl++	/home/tephra/experiments/uint32_const_chain/tc_0001.c	/home/tephra/experiments/uint32_const_chain/in_0001	60	0	0	0	1.0000	193.6833	193.1957	194.1710
afl++	/home/tephra/experiments/uint32_const_chain/tc_0002.c	/home/tephra/experiments/uint32_const_chain/in_0002	60	0	0	0	1.0000	214.1167	214.0810	214.1524
afl++	/home/tephra/experiments/uint32_const_chain/tc_0003.c	/home/tephra/experiments/uint32_const_chain/in_0003	60	0	0	0	1.0000	217.2167	217.0048	217.4285
afl++	/home/tephra/experiments/uint32_const_chain/tc_0004.c	/home/tephra/experiments/uint32_const_chain/in_0004	60	0	0	0	1.0000	272.1667	271.2936	273.0397
afl++	/home/tephra/experiments/uint32_const_chain/tc_0005.c	/home/tephra/experiments/uint32_const_chain/in_0005	60	0	0	0	1.0000	497.8500	495.8823	499.8177
afl++	/home/tephra/experiments/uint32_const_chain/tc_0006.c	/home/tephra/experiments/uint32_const_chain/in_0006	60	0	0	0	1.0000	1022.6333	1018.1292	1027.1375
afl++	/home/tephra/experiments/uint32_const_chain/tc_0007.c	/home/tephra/experiments/uint32_const_chain/in_0007	60	0	0	0	1.0000	1635.9833	1630.3227	1641.6439
afl++	/home/tephra/experiments/uint32_const_chain/tc_0008.c	/home/tephra/experiments/uint32_const_chain/in_0008	60	0	0	0	1.0000	2825.7500	2815.2778	2836.2222
afl++	/home/tephra/experiments/uint32_const_chain/tc_0009.c	/home/tephra/experiments/uint32_const_chain/in_0009	60	0	0	0	1.0000	4012.1833	3998.1999	4026.1667
afl++	/home/tephra/experiments/uint32_const_chain/tc_0010.c	/home/tephra/experiments/uint32_const_chain/in_0010	60	0	0	0	1.0000	5116.4167	5102.3188	5130.5146
afl++-cmplog	/home/tephra/experiments/uint32_const_chain/tc_0001.c	/home/tephra/experiments/uint32_const_chain/in_0001	60	0	0	0	1.0000	241.5667	241.4806	241.6527
afl++-cmplog	/home/tephra/experiments/uint32_const_chain/tc_0002.c	/home/tephra/experiments/uint32_const_chain/in_0002	60	0	0	0	1.0000	244.3667	244.2477	244.4857
afl++-cmplog	/home/tephra/experiments/uint32_const_chain/tc_0003.c	/home/tephra/experiments/uint32_const_chain/in_0003	60	0	0	0	1.0000	252.1500	251.8241	252.4759
afl++-cmplog	/home/tephra/experiments/uint32_const_chain/tc_0004.c	/home/tephra/experiments/uint32_const_chain/in_0004	60	0	0	0	1.0000	265.4167	264.8243	266.0091
afl++-cmplog	/home/tephra/experiments/uint32_const_chain/tc_0005.c	/home/tephra/experiments/uint32_const_chain/in_0005	60	0	0	0	1.0000	269.3167	268.7974	269.8359
afl++-cmplog	/home/tephra/experiments/uint32_const_chain/tc_0006.c	/home/tephra/experiments/uint32_const_chain/in_0006	60	0	0	0	1.0000	391.4500	390.6682	392.2318
afl++-cmplog	/home/tephra/experiments/uint32_const_chain/tc_0007.c	/home/tephra/experiments/uint32_const_chain/in_0007	60	0	0	0	1.0000	334.6000	333.7182	335.4818
afl++-cmplog	/home/tephra/experiments/uint32_const_chain/tc_0008.c	/home/tephra/experiments/uint32_const_chain/in_0008	60	0	0	0	1.0000	438.8667	438.4292	439.3041
afl++-cmplog	/home/tephra/experiments/uint32_const_chain/tc_0009.c	/home/tephra/experiments/uint32_const_chain/in_0009	60	0	0	0	1.0000	451.3333	451.2401	451.4266
afl++-cmplog	/home/tephra/experiments/uint32_const_chain/tc_0010.c	/home/tephra/experiments/uint32_const_chain/in_0010	60	0	0	0	1.0000	456.3667	455.9401	456.7932
afl++-laf	/home/tephra/experiments/uint32_const_chain/tc_0001.c	/home/tephra/experiments/uint32_const_chain/in_0001	60	0	0	0	1.0000	204.7333	204.3146	205.1521
afl++-laf	/home/tephra/experiments/uint32_const_chain/tc_0002.c	/home/tephra/experiments/uint32_const_chain/in_0002	60	0	0	0	1.0000	219.0667	218.9986	219.1348
afl++-laf	/home/tephra/experiments/uint32_const_chain/tc_0003.c	/home/tephra/experiments/uint32_const_chain/in_0003	60	0	0	0	1.0000	234.2667	233.7864	234.7469
afl++-laf	/home/tephra/experiments/uint32_const_chain/tc_0004.c	/home/tephra/experiments/uint32_const_chain/in_0004	60	0	0	0	1.0000	283.6167	282.7638	284.4695
afl++-laf	/home/tephra/experiments/uint32_const_chain/tc_0005.c	/home/tephra/experiments/uint32_const_chain/in_0005	60	0	0	0	1.0000	577.8500	575.4577	580.2423
afl++-laf	/home/tephra/experiments/uint32_const_chain/tc_0006.c	/home/tephra/experiments/uint32_const_chain/in_0006	60	0	0	0	1.0000	893.0333	890.0386	896.0281
afl++-laf	/home/tephra/experiments/uint32_const_chain/tc_0007.c	/home/tephra/experiments/uint32_const_chain/in_0007	0	60	0	0	0.0000	-	-	-
afl++-laf	/home/tephra/experiments/uint32_const_chain/tc_0008.c	/home/tephra/experiments/uint32_const_chain/in_0008	60	0	0	0	1.0000	3258.8833	3244.7871	3272.9795
afl++-laf	/home/tephra/experiments/uint32_const_chain/tc_0009.c	/home/tephra/experiments/uint32_const_chain/in_0009	60	0	0	0	1.0000	5327.5167	5309.4104	5345.6230
afl++-laf	/home/tephra/experiments/uint32_const_chain/tc_0010.c	/home/tephra/experiments/uint32_const_chain/in_0010	60	0	0	0	1.0000	6194.4667	6176.1976	6212.7358
afl++-mopt	/home/tephra/experiments/uint32_const_chain/tc_0001.c	/home/tephra/experiments/uint32_const_chain/in_0001	60	0	0	0	1.0000	199.0167	198.5300	199.5033
afl++-mopt	/home/tephra/experiments/uint32_const_chain/tc_0002.c	/home/tephra/experiments/uint32_const_chain/in_0002	60	0	0	0	1.0000	223.6167	223.4877	223.7456
afl++-mopt	/home/tephra/experiments/uint32_const_chain/tc_0003.c	/home/tephra/experiments/uint32_const_chain/in_0003	60	0	0	0	1.0000	401.6500	399.2385	404.0615
afl++-mopt	/home/tephra/experiments/uint32_const_chain/tc_0004.c	/home/tephra/experiments/uint32_const_chain/in_0004	60	0	0	0	1.0000	785.2167	780.7693	789.6640
afl++-mopt	/home/tephra/experiments/uint32_const_chain/tc_0005.c	/home/tephra/experiments/uint32_const_chain/in_0005	60	0	0	0	1.0000	2177.7500	2165.1686	2190.3314
afl++-mopt	/home/tephra/experiments/uint32_const_chain/tc_0006.c	/home/tephra/experiments/uint32_const_chain/in_0006	60	0	0	0	1.0000	4081.0167	4061.8146	4100.2188
afl++-mopt	/home/tephra/experiments/uint32_const_chain/tc_0007.c	/home/tephra/experiments/uint32_const_chain/in_0007	60	0	0	0	1.0000	6987.5500	6954.3069	7020.7931
afl++-mopt	/home/tephra/experiments/uint32_const_chain/tc_0008.c	/home/tephra/experiments/uint32_const_chain/in_0008	60	0	0	0	1.0000	10327.4167	10282.7457	10372.0876
afl++-mopt	/home/tephra/experiments/uint32_const_chain/tc_0009.c	/home/tephra/experiments/uint32_const_chain/in_0009	60	0	0	0	1.0000	17295.8833	17222.1621	17369.6045
afl++-mopt	/home/tephra/experiments/uint32_const_chain/tc_0010.c	/home/tephra/experiments/uint32_const_chain/in_0010	60	0	0	0	1.0000	17340.8000	17274.4003	17407.1997
honggfuzz	/home/tephra/experiments/uint32_const_chain/tc_0001.c	/home/tephra/experiments/uint32_const_chain/in_0001	60	0	0	0	1.0000	1003.8167	1003.8123	1003.8210
honggfuzz	/home/tephra/experiments/uint32_const_chain/tc_0002.c	/home/tephra/experiments/uint32_const_chain/in_0002	60	0	0	0	1.0000	1003.8500	1003.8451	1003.8549
honggfuzz	/home/tephra/experiments/uint32_const_chain/tc_0003.c	/home/tephra/experiments/uint32_const_chain/in_0003	60	0	0	0	1.0000	1110.3333	1107.6753	1112.9913
honggfuzz	/home/tephra/experiments/uint32_const_chain/tc_0004.c	/home/tephra/experiments/uint32_const_chain/in_0004	60	0	0	0	1.0000	2938.0000	2928.1411	2947.8589
honggfuzz	/home/tephra/experiments/uint32_const_chain/tc_0005.c	/home/tephra/experiments/uint32_const_chain/in_0005	60	0	0	0	1.0000	7499.5667	7461.8995	7537.2338
honggfuzz	/home/tephra/experiments/uint32_const_chain/tc_0006.c	/home/tephra/experiments/uint32_const_chain/in_0006	60	0	0	0	1.0000	28875.8833	28759.8611	28991.9056
honggfuzz	/home/tephra/experiments/uint32_const_chain/tc_0007.c	/home/tephra/experiments/uint32_const_chain/in_0007	60	0	0	0	1.0000	30379.9167	30242.4084	30517.4249
honggfuzz	/home/tephra/experiments/uint32_const_chain/tc_0008.c	/home/tephra/experiments/uint32_const_chain/in_0008	60	0	0	0	1.0000	44696.9500	44561.2523	44832.6477
honggfuzz	/home/tephra/experiments/uint32_const_chain/tc_0009.c	/home/tephra/experiments/uint32_const_chain/in_0009	60	0	0	0	1.0000	66735.1000	65822.4570	67647.7430
honggfuzz	/home/tephra/experiments/uint32_const_chain/tc_0010.c	/home/tephra/experiments/uint32_const_chain/in_0010	60	0	0	0	1.0000	92373.0500	91880.0069	92866.0931
angora	/home/tephra/experiments/uint32_const_chain/tc_0001.c	/home/tephra/experiments/uint32_const_chain/in_0001	59	0	0	1	0.9833	1893.6610	1882.7376	1904.5845
angora	/home/tephra/experiments/uint32_const_chain/tc_0002.c	/home/tephra/experiments/uint32_const_chain/in_0002	60	0	0	0	1.0000	3245.2667	3218.8806	3271.6528
angora	/home/tephra/experiments/uint32_const_chain/tc_0003.c	/home/tephra/experiments/uint32_const_chain/in_0003	60	0	0	0	1.0000	7347.2333	7300.7046	7393.7620
angora	/home/tephra/experiments/uint32_const_chain/tc_0004.c	/home/tephra/experiments/uint32_const_chain/in_0004	60	0	0	0	1.0000	9164.8500	9109.5941	9220.1059
angora	/home/tephra/experiments/uint32_const_chain/tc_0005.c	/home/tephra/experiments/uint32_const_chain/in_0005	60	0	0	0	1.0000	9610.5833	9545.3810	9675.7856
angora	/home/tephra/experiments/uint32_const_chain/tc_0006.c	/home/tephra/experiments/uint32_const_chain/in_0006	60	0	0	0	1.0000	5419.7167	5400.9063	5438.5271
angora	/home/tephra/experiments/uint32_const_chain/tc_0007.c	/home/tephra/experiments/uint32_const_chain/in_0007	60	0	0	0	1.0000	7654.8667	7626.0197	7683.7136
angora	/home/tephra/experiments/uint32_const_chain/tc_0008.c	/home/tephra/experiments/uint32_const_chain/in_0008	60	0	0	0	1.0000	6670.4833	6651.3854	6689.5812
angora	/home/tephra/experiments/uint32_const_chain/tc_0009.c	/home/tephra/experiments/uint32_const_chain/in_0009	59	0	0	1	0.9833	5289.9661	5270.1574	5309.7748
angora	/home/tephra/experiments/uint32_const_chain/tc_0010.c	/home/tephra/experiments/uint32_const_chain/in_0010	60	0	0	0	1.0000	9204.1333	9157.0177	9251.2490
angora-mb	/home/tephra/experiments/uint32_const_chain/tc_0001.c	/home/tephra/experiments/uint32_const_chain/in_0001	59	0	0	1	0.9833	1407.1356	1403.1408	1411.1304
angora-mb	/home/tephra/experiments/uint32_const_chain/tc_0002.c	/home/tephra/experiments/uint32_const_chain/in_0002	60	0	0	0	1.0000	1766.6667	1758.7782	1774.5552
angora-mb	/home/tephra/experiments/uint32_const_chain/tc_0003.c	/home/tephra/experiments/uint32_const_chain/in_0003	60	0	0	0	1.0000	2967.5667	2956.3144	2978.8190
angora-mb	/home/tephra/experiments/uint32_const_chain/tc_0004.c	/home/tephra/experiments/uint32_const_chain/in_0004	60	0	0	0	1.0000	3484.4167	3469.5419	3499.2915
angora-mb	/home/tephra/experiments/uint32_const_chain/tc_0005.c	/home/tephra/experiments/uint32_const_chain/in_0005	59	0	0	1	0.9833	4544.0169	4524.6856	4563.3483
angora-mb	/home/tephra/experiments/uint32_const_chain/tc_0006.c	/home/tephra/experiments/uint32_const_chain/in_0006	59	0	0	1	0.9833	5069.7797	5050.1178	5089.4416
angora-mb	/home/tephra/experiments/uint32_const_chain/tc_0007.c	/home/tephra/experiments/uint32_const_chain/in_0007	60	0	0	0	1.0000	5002.4667	4983.0254	5021.9079
angora-mb	/home/tephra/experiments/uint32_const_chain/tc_0008.c	/home/tephra/experiments/uint32_const_chain/in_0008	60	0	0	0	1.0000	5836.4500	5819.3973	5853.5027
angora-mb	/home/tephra/experiments/uint32_const_chain/tc_0009.c	/home/tephra/experiments/uint32_const_chain/in_0009	57	0	0	3	0.9500	8003.0351	7971.4264	8034.6438
angora-mb	/home/tephra/experiments/uint32_const_chain/tc_0010.c	/home/tephra/experiments/uint32_const_chain/in_0010	59	0	0	1	0.9833	6969.9322	6933.1006	7006.7638
angora-random	/home/tephra/experiments/uint32_const_chain/tc_0001.c	/home/tephra/experiments/uint32_const_chain/in_0001	0	56	0	4	0.0000	-	-	-
angora-random	/home/tephra/experiments/uint32_const_chain/tc_0002.c	/home/tephra/experiments/uint32_const_chain/in_0002	0	60	0	0	0.0000	-	-	-
angora-random	/home/tephra/experiments/uint32_const_chain/tc_0003.c	/home/tephra/experiments/uint32_const_chain/in_0003	0	60	0	0	0.0000	-	-	-
angora-random	/home/tephra/experiments/uint32_const_chain/tc_0004.c	/home/tephra/experiments/uint32_const_chain/in_0004	0	60	0	0	0.0000	-	-	-
angora-random	/home/tephra/experiments/uint32_const_chain/tc_0005.c	/home/tephra/experiments/uint32_const_chain/in_0005	0	60	0	0	0.0000	-	-	-
angora-random	/home/tephra/experiments/uint32_const_chain/tc_0006.c	/home/tephra/experiments/uint32_const_chain/in_0006	0	57	0	3	0.0000	-	-	-
angora-random	/home/tephra/experiments/uint32_const_chain/tc_0007.c	/home/tephra/experiments/uint32_const_chain/in_0007	0	58	0	2	0.0000	-	-	-
angora-random	/home/tephra/experiments/uint32_const_chain/tc_0008.c	/home/tephra/experiments/uint32_const_chain/in_0008	0	59	0	1	0.0000	-	-	-
angora-random	/home/tephra/experiments/uint32_const_chain/tc_0009.c	/home/tephra/experiments/uint32_const_chain/in_0009	0	60	0	0	0.0000	-	-	-
angora-random	/home/tephra/experiments/uint32_const_chain/tc_0010.c	/home/tephra/experiments/uint32_const_chain/in_0010	0	57	0	3	0.0000	-	-	-
afl-clang-fast	/home/tephra/experiments/uint32_const_chain/tc_0001.c	/home/tephra/experiments/uint32_const_chain/in_0001	0	60	0	0	0.0000	-	-	-
afl-clang-fast	/home/tephra/experiments/uint32_const_chain/tc_0002.c	/home/tephra/experiments/uint32_const_chain/in_0002	0	60	0	0	0.0000	-	-	-
afl-clang-fast	/home/tephra/experiments/uint32_const_chain/tc_0003.c	/home/tephra/experiments/uint32_const_chain/in_0003	0	60	0	0	0.0000	-	-	-
afl-clang-fast	/home/tephra/experiments/uint32_const_chain/tc_0004.c	/home/tephra/experiments/uint32_const_chain/in_0004	0	60	0	0	0.0000	-	-	-
afl-clang-fast	/home/tephra/experiments/uint32_const_chain/tc_0005.c	/home/tephra/experiments/uint32_const_chain/in_0005	0	60	0	0	0.0000	-	-	-
afl-clang-fast	/home/tephra/experiments/uint32_const_chain/tc_0006.c	/home/tephra/experiments/uint32_const_chain/in_0006	0	60	0	0	0.0000	-	-	-
afl-clang-fast	/home/tephra/experiments/uint32_const_chain/tc_0007.c	/home/tephra/experiments/uint32_const_chain/in_0007	0	60	0	0	0.0000	-	-	-
afl-clang-fast	/home/tephra/experiments/uint32_const_chain/tc_0008.c	/home/tephra/experiments/uint32_const_chain/in_0008	0	60	0	0	0.0000	-	-	-
afl-clang-fast	/home/tephra/experiments/uint32_const_chain/tc_0009.c	/home/tephra/experiments/uint32_const_chain/in_0009	0	60	0	0	0.0000	-	-	-
afl-clang-fast	/home/tephra/experiments/uint32_const_chain/tc_0010.c	/home/tephra/experiments/uint32_const_chain/in_0010	0	60	0	0	0.0000	-	-	-
afl-libtokencap	/home/tephra/experiments/uint32_const_chain/tc_0001.c	/home/tephra/experiments/uint32_const_chain/in_0001	0	60	0	0	0.0000	-	-	-
afl-libtokencap	/home/tephra/experiments/uint32_const_chain/tc_0002.c	/home/tephra/experiments/uint32_const_chain/in_0002	0	60	0	0	0.0000	-	-	-
afl-libtokencap	/home/tephra/experiments/uint32_const_chain/tc_0003.c	/home/tephra/experiments/uint32_const_chain/in_0003	0	60	0	0	0.0000	-	-	-
afl-libtokencap	/home/tephra/experiments/uint32_const_chain/tc_0004.c	/home/tephra/experiments/uint32_const_chain/in_0004	0	60	0	0	0.0000	-	-	-
afl-libtokencap	/home/tephra/experiments/uint32_const_chain/tc_0005.c	/home/tephra/experiments/uint32_const_chain/in_0005	0	60	0	0	0.0000	-	-	-
afl-libtokencap	/home/tephra/experiments/uint32_const_chain/tc_0006.c	/home/tephra/experiments/uint32_const_chain/in_0006	0	60	0	0	0.0000	-	-	-
afl-libtokencap	/home/tephra/experiments/uint32_const_chain/tc_0007.c	/home/tephra/experiments/uint32_const_chain/in_0007	0	60	0	0	0.0000	-	-	-
afl-libtokencap	/home/tephra/experiments/uint32_const_chain/tc_0008.c	/home/tephra/experiments/uint32_const_chain/in_0008	0	60	0	0	0.0000	-	-	-
afl-libtokencap	/home/tephra/experiments/uint32_const_chain/tc_0009.c	/home/tephra/experiments/uint32_const_chain/in_0009	0	60	0	0	0.0000	-	-	-
afl-libtokencap	/home/tephra/experiments/uint32_const_chain/tc_0010.c	/home/tephra/experiments/uint32_const_chain/in_0010	0	60	0	0	0.0000	-	-	-
libfuzzer	/home/tephra/experiments/uint32_const_chain/tc_0001.c	/home/tephra/experiments/uint32_const_chain/in_0001	60	0	0	0	1.0000	172.0167	171.9441	172.0893
libfuzzer	/home/tephra/experiments/uint32_const_chain/tc_0002.c	/home/tephra/experiments/uint32_const_chain/in_0002	60	0	0	0	1.0000	299.3167	298.0667	300.5667
libfuzzer	/home/tephra/experiments/uint32_const_chain/tc_0003.c	/home/tephra/experiments/uint32_const_chain/in_0003	60	0	0	0	1.0000	927.1667	921.2971	933.0362
libfuzzer	/home/tephra/experiments/uint32_const_chain/tc_0004.c	/home/tephra/experiments/uint32_const_chain/in_0004	60	0	0	0	1.0000	2133.3167	2118.4757	2148.1577
libfuzzer	/home/tephra/experiments/uint32_const_chain/tc_0005.c	/home/tephra/experiments/uint32_const_chain/in_0005	60	0	0	0	1.0000	1007.0167	1002.3107	1011.7226
libfuzzer	/home/tephra/experiments/uint32_const_chain/tc_0006.c	/home/tephra/experiments/uint32_const_chain/in_0006	60	0	0	0	1.0000	7298.5500	7258.3270	7338.7730
libfuzzer	/home/tephra/experiments/uint32_const_chain/tc_0007.c	/home/tephra/experiments/uint32_const_chain/in_0007	60	0	0	0	1.0000	8591.7667	8534.6620	8648.8713
libfuzzer	/home/tephra/experiments/uint32_const_chain/tc_0008.c	/home/tephra/experiments/uint32_const_chain/in_0008	60	0	0	0	1.0000	5868.5833	5837.1248	5900.0418
libfuzzer	/home/tephra/experiments/uint32_const_chain/tc_0009.c	/home/tephra/experiments/uint32_const_chain/in_0009	60	0	0	0	1.0000	18630.3667	18538.5977	18722.1357
libfuzzer	/home/tephra/experiments/uint32_const_chain/tc_0010.c	/home/tephra/experiments/uint32_const_chain/in_0010	60	0	0	0	1.0000	25252.7333	25118.4568	25387.0099
libfuzzer-entropic	/home/tephra/experiments/uint32_const_chain/tc_0001.c	/home/tephra/experiments/uint32_const_chain/in_0001	60	0	0	0	1.0000	160.5333	160.4864	160.5803
libfuzzer-entropic	/home/tephra/experiments/uint32_const_chain/tc_0002.c	/home/tephra/experiments/uint32_const_chain/in_0002	60	0	0	0	1.0000	317.3500	316.2362	318.4638
libfuzzer-entropic	/home/tephra/experiments/uint32_const_chain/tc_0003.c	/home/tephra/experiments/uint32_const_chain/in_0003	60	0	0	0	1.0000	1153.6333	1146.5387	1160.7279
libfuzzer-entropic	/home/tephra/experiments/uint32_const_chain/tc_0004.c	/home/tephra/experiments/uint32_const_chain/in_0004	60	0	0	0	1.0000	3392.7167	3368.4262	3417.0071
libfuzzer-entropic	/home/tephra/experiments/uint32_const_chain/tc_0005.c	/home/tephra/experiments/uint32_const_chain/in_0005	60	0	0	0	1.0000	1723.5167	1715.3184	1731.7150
libfuzzer-entropic	/home/tephra/experiments/uint32_const_chain/tc_0006.c	/home/tephra/experiments/uint32_const_chain/in_0006	60	0	0	0	1.0000	10158.9500	10105.0652	10212.8348
libfuzzer-entropic	/home/tephra/experiments/uint32_const_chain/tc_0007.c	/home/tephra/experiments/uint32_const_chain/in_0007	60	0	0	0	1.0000	15853.2167	15735.5700	15970.8634
libfuzzer-entropic	/home/tephra/experiments/uint32_const_chain/tc_0008.c	/home/tephra/experiments/uint32_const_chain/in_0008	60	0	0	0	1.0000	8211.2333	8173.1224	8249.3443
libfuzzer-entropic	/home/tephra/experiments/uint32_const_chain/tc_0009.c	/home/tephra/experiments/uint32_const_chain/in_0009	59	1	0	0	0.9833	43684.1186	43458.6668	43909.5705
libfuzzer-entropic	/home/tephra/experiments/uint32_const_chain/tc_0010.c	/home/tephra/experiments/uint32_const_chain/in_0010	59	1	0	0	0.9833	32769.6441	32573.0214	32966.2667
wingfuzz	/home/tephra/experiments/uint32_const_chain/tc_0001.c	/home/tephra/experiments/uint32_const_chain/in_0001	60	0	0	0	1.0000	40.0000	39.5406	40.4594
wingfuzz	/home/tephra/experiments/uint32_const_chain/tc_0002.c	/home/tephra/experiments/uint32_const_chain/in_0002	60	0	0	0	1.0000	804.0667	794.8213	813.3121
wingfuzz	/home/tephra/experiments/uint32_const_chain/tc_0003.c	/home/tephra/experiments/uint32_const_chain/in_0003	60	0	0	0	1.0000	3115.2500	3083.8085	3146.6915
wingfuzz	/home/tephra/experiments/uint32_const_chain/tc_0004.c	/home/tephra/experiments/uint32_const_chain/in_0004	60	0	0	0	1.0000	5078.5000	5024.0389	5132.9611
wingfuzz	/home/tephra/experiments/uint32_const_chain/tc_0005.c	/home/tephra/experiments/uint32_const_chain/in_0005	60	0	0	0	1.0000	2984.8500	2961.1300	3008.5700
wingfuzz	/home/tephra/experiments/uint32_const_chain/tc_0006.c	/home/tephra/experiments/uint32_const_chain/in_0006	60	0	0	0	1.0000	8858.4500	8768.8338	8948.0662
wingfuzz	/home/tephra/experiments/uint32_const_chain/tc_0007.c	/home/tephra/experiments/uint32_const_chain/in_0007	60	0	0	0	1.0000	18317.6167	18130.8969	18504.3364
wingfuzz	/home/tephra/experiments/uint32_const_chain/tc_0008.c	/home/tephra/experiments/uint32_const_chain/in_0008	60	0	0	0	1.0000	8695.3000	8633.0576	8757.5424
wingfuzz	/home/tephra/experiments/uint32_const_chain/tc_0009.c	/home/tephra/experiments/uint32_const_chain/in_0009	59	1	0	0	0.9833	33314.6271	33050.2178	33579.0365
wingfuzz	/home/tephra/experiments/uint32_const_chain/tc_0010.c	/home/tephra/experiments/uint32_const_chain/in_0010	60	0	0	0	1.0000	28078.2000	27844.8561	28311.5439
libafl	/home/tephra/experiments/uint32_const_chain/tc_0001.c	/home/tephra/experiments/uint32_const_chain/in_0001	60	0	0	0	1.0000	9.6000	9.5811	9.6189
libafl	/home/tephra/experiments/uint32_const_chain/tc_0002.c	/home/tephra/experiments/uint32_const_chain/in_0002	60	0	0	0	1.0000	10.3167	10.3021	10.3312
libafl	/home/tephra/experiments/uint32_const_chain/tc_0003.c	/home/tephra/experiments/uint32_const_chain/in_0003	60	0	0	0	1.0000	10.2000	10.1845	10.2155
libafl	/home/tephra/experiments/uint32_const_chain/tc_0004.c	/home/tephra/experiments/uint32_const_chain/in_0004	0	60	0	0	0.0000	-	-	-
libafl	/home/tephra/experiments/uint32_const_chain/tc_0005.c	/home/tephra/experiments/uint32_const_chain/in_0005	0	60	0	0	0.0000	-	-	-
libafl	/home/tephra/experiments/uint32_const_chain/tc_0006.c	/home/tephra/experiments/uint32_const_chain/in_0006	0	60	0	0	0.0000	-	-	-
libafl	/home/tephra/experiments/uint32_const_chain/tc_0007.c	/home/tephra/experiments/uint32_const_chain/in_0007	0	60	0	0	0.0000	-	-	-
libafl	/home/tephra/experiments/uint32_const_chain/tc_0008.c	/home/tephra/experiments/uint32_const_chain/in_0008	0	60	0	0	0.0000	-	-	-
libafl	/home/tephra/experiments/uint32_const_chain/tc_0009.c	/home/tephra/experiments/uint32_const_chain/in_0009	0	60	0	0	0.0000	-	-	-
libafl	/home/tephra/experiments/uint32_const_chain/tc_0010.c	/home/tephra/experiments/uint32_const_chain/in_0010	0	60	0	0	0.0000	-	-	-
libafl-libfuzzer	/home/tephra/experiments/uint32_const_chain/tc_0001.c	/home/tephra/experiments/uint32_const_chain/in_0001	0	60	0	0	0.0000	-	-	-
libafl-libfuzzer	/home/tephra/experiments/uint32_const_chain/tc_0002.c	/home/tephra/experiments/uint32_const_chain/in_0002	0	60	0	0	0.0000	-	-	-
libafl-libfuzzer	/home/tephra/experiments/uint32_const_chain/tc_0003.c	/home/tephra/experiments/uint32_const_chain/in_0003	0	60	0	0	0.0000	-	-	-
libafl-libfuzzer	/home/tephra/experiments/uint32_const_chain/tc_0004.c	/home/tephra/experiments/uint32_const_chain/in_0004	0	60	0	0	0.0000	-	-	-
libafl-libfuzzer	/home/tephra/experiments/uint32_const_chain/tc_0005.c	/home/tephra/experiments/uint32_const_chain/in_0005	0	60	0	0	0.0000	-	-	-
libafl-libfuzzer	/home/tephra/experiments/uint32_const_chain/tc_0006.c	/home/tephra/experiments/uint32_const_chain/in_0006	0	60	0	0	0.0000	-	-	-
libafl-libfuzzer	/home/tephra/experiments/uint32_const_chain/tc_0007.c	/home/tephra/experiments/uint32_const_chain/in_0007	0	60	0	0	0.0000	-	-	-
libafl-libfuzzer	/home/tephra/experiments/uint32_const_chain/tc_0008.c	/home/tephra/experiments/uint32_const_chain/in_0008	0	60	0	0	0.0000	-	-	-
libafl-libfuzzer	/home/tephra/experiments/uint32_const_chain/tc_0009.c	/home/tephra/experiments/uint32_const_chain/in_0009	0	60	0	0	0.0000	-	-	-
libafl-libfuzzer	/home/tephra/experiments/uint32_const_chain/tc_0010.c	/home/tephra/experiments/uint32_const_chain/in_0010	0	60	0	0	0.0000	-	-	-
ddfuzz	/home/tephra/experiments/uint32_const_chain/tc_0001.c	/home/tephra/experiments/uint32_const_chain/in_0001	60	0	0	0	1.0000	271.0500	270.5406	271.5594
ddfuzz	/home/tephra/experiments/uint32_const_chain/tc_0002.c	/home/tephra/experiments/uint32_const_chain/in_0002	60	0	0	0	1.0000	369.5167	368.0156	371.0177
ddfuzz	/home/tephra/experiments/uint32_const_chain/tc_0003.c	/home/tephra/experiments/uint32_const_chain/in_0003	60	0	0	0	1.0000	376792.4667	372984.6158	380600.3175
ddfuzz	/home/tephra/experiments/uint32_const_chain/tc_0004.c	/home/tephra/experiments/uint32_const_chain/in_0004	58	2	0	0	0.9667	491334.6207	487615.1030	495054.1383
ddfuzz	/home/tephra/experiments/uint32_const_chain/tc_0005.c	/home/tephra/experiments/uint32_const_chain/in_0005	18	42	0	0	0.3000	-	-	-
ddfuzz	/home/tephra/experiments/uint32_const_chain/tc_0006.c	/home/tephra/experiments/uint32_const_chain/in_0006	0	60	0	0	0.0000	-	-	-
ddfuzz	/home/tephra/experiments/uint32_const_chain/tc_0007.c	/home/tephra/experiments/uint32_const_chain/in_0007	0	60	0	0	0.0000	-	-	-
ddfuzz	/home/tephra/experiments/uint32_const_chain/tc_0008.c	/home/tephra/experiments/uint32_const_chain/in_0008	0	60	0	0	0.0000	-	-	-
ddfuzz	/home/tephra/experiments/uint32_const_chain/tc_0009.c	/home/tephra/experiments/uint32_const_chain/in_0009	0	60	0	0	0.0000	-	-	-
ddfuzz	/home/tephra/experiments/uint32_const_chain/tc_0010.c	/home/tephra/experiments/uint32_const_chain/in_0010	0	60	0	0	0.0000	-	-	-
fairfuzz	/home/tephra/experiments/uint32_const_chain/tc_0001.c	/home/tephra/experiments/uint32_const_chain/in_0001	0	60	0	0	0.0000	-	-	-
fairfuzz	/home/tephra/experiments/uint32_const_chain/tc_0002.c	/home/tephra/experiments/uint32_const_chain/in_0002	0	60	0	0	0.0000	-	-	-
fairfuzz	/home/tephra/experiments/uint32_const_chain/tc_0003.c	/home/tephra/experiments/uint32_const_chain/in_0003	0	60	0	0	0.0000	-	-	-
fairfuzz	/home/tephra/experiments/uint32_const_chain/tc_0004.c	/home/tephra/experiments/uint32_const_chain/in_0004	0	60	0	0	0.0000	-	-	-
fairfuzz	/home/tephra/experiments/uint32_const_chain/tc_0005.c	/home/tephra/experiments/uint32_const_chain/in_0005	0	60	0	0	0.0000	-	-	-
fairfuzz	/home/tephra/experiments/uint32_const_chain/tc_0006.c	/home/tephra/experiments/uint32_const_chain/in_0006	0	60	0	0	0.0000	-	-	-
fairfuzz	/home/tephra/experiments/uint32_const_chain/tc_0007.c	/home/tephra/experiments/uint32_const_chain/in_0007	0	60	0	0	0.0000	-	-	-
fairfuzz	/home/tephra/experiments/uint32_const_chain/tc_0008.c	/home/tephra/experiments/uint32_const_chain/in_0008	0	60	0	0	0.0000	-	-	-
fairfuzz	/home/tephra/experiments/uint32_const_chain/tc_0009.c	/home/tephra/experiments/uint32_const_chain/in_0009	0	60	0	0	0.0000	-	-	-
fairfuzz	/home/tephra/experiments/uint32_const_chain/tc_0010.c	/home/tephra/experiments/uint32_const_chain/in_0010	0	60	0	0	0.0000	-	-	-
ecofuzz	/home/tephra/experiments/uint32_const_chain/tc_0001.c	/home/tephra/experiments/uint32_const_chain/in_0001	60	0	0	0	1.0000	665.8500	660.6000	671.1000
ecofuzz	/home/tephra/experiments/uint32_const_chain/tc_0002.c	/home/tephra/experiments/uint32_const_chain/in_0002	60	0	0	0	1.0000	24269.8333	24057.2258	24482.4409
ecofuzz	/home/tephra/experiments/uint32_const_chain/tc_0003.c	/home/tephra/experiments/uint32_const_chain/in_0003	60	0	0	0	1.0000	159751.9833	158590.6072	160913.3595
ecofuzz	/home/tephra/experiments/uint32_const_chain/tc_0004.c	/home/tephra/experiments/uint32_const_chain/in_0004	60	0	0	0	1.0000	371599.6000	367782.9161	375416.2839
ecofuzz	/home/tephra/experiments/uint32_const_chain/tc_0005.c	/home/tephra/experiments/uint32_const_chain/in_0005	60	0	0	0	1.0000	691785.8667	687259.8092	696311.9242
ecofuzz	/home/tephra/experiments/uint32_const_chain/tc_0006.c	/home/tephra/experiments/uint32_const_chain/in_0006	59	1	0	0	0.9833	924027.6610	917396.1542	930659.1678
ecofuzz	/home/tephra/experiments/uint32_const_chain/tc_0007.c	/home/tephra/experiments/uint32_const_chain/in_0007	48	12	0	0	0.8000	1364808.0625	1356455.3605	1373160.7645
ecofuzz	/home/tephra/experiments/uint32_const_chain/tc_0008.c	/home/tephra/experiments/uint32_const_chain/in_0008	37	23	0	0	0.6167	1542792.1081	1534163.4552	1551420.7610
ecofuzz	/home/tephra/experiments/uint32_const_chain/tc_0009.c	/home/tephra/experiments/uint32_const_chain/in_0009	51	9	0	0	0.8500	1959284.9608	1952028.1259	1966541.7957
ecofuzz	/home/tephra/experiments/uint32_const_chain/tc_0010.c	/home/tephra/experiments/uint32_const_chain/in_0010	0	60	0	0	0.0000	-	-	-
fafuzz	/home/tephra/experiments/uint32_const_chain/tc_0001.c	/home/tephra/experiments/uint32_const_chain/in_0001	0	60	0	0	0.0000	-	-	-
fafuzz	/home/tephra/experiments/uint32_const_chain/tc_0002.c	/home/tephra/experiments/uint32_const_chain/in_0002	0	60	0	0	0.0000	-	-	-
fafuzz	/home/tephra/experiments/uint32_const_chain/tc_0003.c	/home/tephra/experiments/uint32_const_chain/in_0003	0	60	0	0	0.0000	-	-	-
fafuzz	/home/tephra/experiments/uint32_const_chain/tc_0004.c	/home/tephra/experiments/uint32_const_chain/in_0004	0	60	0	0	0.0000	-	-	-
fafuzz	/home/tephra/experiments/uint32_const_chain/tc_0005.c	/home/tephra/experiments/uint32_const_chain/in_0005	0	60	0	0	0.0000	-	-	-
fafuzz	/home/tephra/experiments/uint32_const_chain/tc_0006.c	/home/tephra/experiments/uint32_const_chain/in_0006	0	60	0	0	0.0000	-	-	-
fafuzz	/home/tephra/experiments/uint32_const_chain/tc_0007.c	/home/tephra/experiments/uint32_const_chain/in_0007	0	60	0	0	0.0000	-	-	-
fafuzz	/home/tephra/experiments/uint32_const_chain/tc_0008.c	/home/tephra/experiments/uint32_const_chain/in_0008	0	60	0	0	0.0000	-	-	-
fafuzz	/home/tephra/experiments/uint32_const_chain/tc_0009.c	/home/tephra/experiments/uint32_const_chain/in_0009	0	60	0	0	0.0000	-	-	-
fafuzz	/home/tephra/experiments/uint32_const_chain/tc_0010.c	/home/tephra/experiments/uint32_const_chain/in_0010	0	60	0	0	0.0000	-	-	-
darwin	/home/tephra/experiments/uint32_const_chain/tc_0001.c	/home/tephra/experiments/uint32_const_chain/in_0001	0	60	0	0	0.0000	-	-	-
darwin	/home/tephra/experiments/uint32_const_chain/tc_0002.c	/home/tephra/experiments/uint32_const_chain/in_0002	0	60	0	0	0.0000	-	-	-
darwin	/home/tephra/experiments/uint32_const_chain/tc_0003.c	/home/tephra/experiments/uint32_const_chain/in_0003	0	60	0	0	0.0000	-	-	-
darwin	/home/tephra/experiments/uint32_const_chain/tc_0004.c	/home/tephra/experiments/uint32_const_chain/in_0004	0	60	0	0	0.0000	-	-	-
darwin	/home/tephra/experiments/uint32_const_chain/tc_0005.c	/home/tephra/experiments/uint32_const_chain/in_0005	0	60	0	0	0.0000	-	-	-
darwin	/home/tephra/experiments/uint32_const_chain/tc_0006.c	/home/tephra/experiments/uint32_const_chain/in_0006	0	60	0	0	0.0000	-	-	-
darwin	/home/tephra/experiments/uint32_const_chain/tc_0007.c	/home/tephra/experiments/uint32_const_chain/in_0007	0	60	0	0	0.0000	-	-	-
darwin	/home/tephra/experiments/uint32_const_chain/tc_0008.c	/home/tephra/experiments/uint32_const_chain/in_0008	0	60	0	0	0.0000	-	-	-
darwin	/home/tephra/experiments/uint32_const_chain/tc_0009.c	/home/tephra/experiments/uint32_const_chain/in_0009	0	60	0	0	0.0000	-	-	-
darwin	/home/tephra/experiments/uint32_const_chain/tc_0010.c	/home/tephra/experiments/uint32_const_chain/in_0010	0	60	0	0	0.0000	-	-	-
libfuzzer	/home/tephra/experiments/uint32_const_chain_exp/tc_0016.c	/home/tephra/experiments/uint32_const_chain_exp/in_0016	53	7	0	0	0.8833	156899.7736	156184.9021	157614.6451
libfuzzer	/home/tephra/experiments/uint32_const_chain_exp/tc_0032.c	/home/tephra/experiments/uint32_const_chain_exp/in_0032	4	56	0	0	0.0667	-	-	-
libfuzzer	/home/tephra/experiments/uint32_const_chain_exp/tc_0064.c	/home/tephra/experiments/uint32_const_chain_exp/in_0064	0	60	0	0	0.0000	-	-	-
libfuzzer	/home/tephra/experiments/uint32_const_chain_exp/tc_0128.c	/home/tephra/experiments/uint32_const_chain_exp/in_0128	0	60	0	0	0.0000	-	-	-
libfuzzer	/home/tephra/experiments/uint32_const_chain_exp/tc_0256.c	/home/tephra/experiments/uint32_const_chain_exp/in_0256	0	60	0	0	0.0000	-	-	-
libfuzzer	/home/tephra/experiments/uint32_const_chain_exp/tc_0512.c	/home/tephra/experiments/uint32_const_chain_exp/in_0512	0	60	0	0	0.0000	-	-	-
libfuzzer	/home/tephra/experiments/uint32_const_chain_exp/tc_1024.c	/home/tephra/experiments/uint32_const_chain_exp/in_1024	0	60	0	0	0.0000	-	-	-
libfuzzer	/home/tephra/experiments/uint32_const_chain_exp/tc_2048.c	/home/tephra/experiments/uint32_const_chain_exp/in_2048	0	60	0	0	0.0000	-	-	-
libfuzzer	/home/tephra/experiments/uint32_const_chain_exp/tc_4096.c	/home/tephra/experiments/uint32_const_chain_exp/in_4096	0	60	0	0	0.0000	-	-	-
afl++	/home/tephra/experiments/uint32_const_chain_exp/tc_0016.c	/home/tephra/experiments/uint32_const_chain_exp/in_0016	60	0	0	0	1.0000	27092.2000	27019.4925	27164.9075
afl++	/home/tephra/experiments/uint32_const_chain_exp/tc_0032.c	/home/tephra/experiments/uint32_const_chain_exp/in_0032	60	0	0	0	1.0000	249565.6000	249089.8768	250041.3232
afl++	/home/tephra/experiments/uint32_const_chain_exp/tc_0064.c	/home/tephra/experiments/uint32_const_chain_exp/in_0064	50	10	0	0	0.8333	2958666.3000	2955237.7116	2962094.8884
afl++	/home/tephra/experiments/uint32_const_chain_exp/tc_0128.c	/home/tephra/experiments/uint32_const_chain_exp/in_0128	0	60	0	0	0.0000	-	-	-
afl++	/home/tephra/experiments/uint32_const_chain_exp/tc_0256.c	/home/tephra/experiments/uint32_const_chain_exp/in_0256	0	60	0	0	0.0000	-	-	-
afl++	/home/tephra/experiments/uint32_const_chain_exp/tc_0512.c	/home/tephra/experiments/uint32_const_chain_exp/in_0512	0	60	0	0	0.0000	-	-	-
afl++	/home/tephra/experiments/uint32_const_chain_exp/tc_1024.c	/home/tephra/experiments/uint32_const_chain_exp/in_1024	0	60	0	0	0.0000	-	-	-
afl++	/home/tephra/experiments/uint32_const_chain_exp/tc_2048.c	/home/tephra/experiments/uint32_const_chain_exp/in_2048	0	60	0	0	0.0000	-	-	-
afl++	/home/tephra/experiments/uint32_const_chain_exp/tc_4096.c	/home/tephra/experiments/uint32_const_chain_exp/in_4096	0	0	0	60	0.0000	-	-	-
afl++-cmplog	/home/tephra/experiments/uint32_const_chain_exp/tc_0016.c	/home/tephra/experiments/uint32_const_chain_exp/in_0016	60	0	0	0	1.0000	685.1833	685.1003	685.2664
afl++-cmplog	/home/tephra/experiments/uint32_const_chain_exp/tc_0032.c	/home/tephra/experiments/uint32_const_chain_exp/in_0032	60	0	0	0	1.0000	1246.1500	1245.2671	1247.0329
afl++-cmplog	/home/tephra/experiments/uint32_const_chain_exp/tc_0064.c	/home/tephra/experiments/uint32_const_chain_exp/in_0064	60	0	0	0	1.0000	2916.0167	2914.9479	2917.0854
afl++-cmplog	/home/tephra/experiments/uint32_const_chain_exp/tc_0128.c	/home/tephra/experiments/uint32_const_chain_exp/in_0128	0	60	0	0	0.0000	-	-	-
afl++-cmplog	/home/tephra/experiments/uint32_const_chain_exp/tc_0256.c	/home/tephra/experiments/uint32_const_chain_exp/in_0256	0	60	0	0	0.0000	-	-	-
afl++-cmplog	/home/tephra/experiments/uint32_const_chain_exp/tc_0512.c	/home/tephra/experiments/uint32_const_chain_exp/in_0512	0	60	0	0	0.0000	-	-	-
afl++-cmplog	/home/tephra/experiments/uint32_const_chain_exp/tc_1024.c	/home/tephra/experiments/uint32_const_chain_exp/in_1024	0	60	0	0	0.0000	-	-	-
afl++-cmplog	/home/tephra/experiments/uint32_const_chain_exp/tc_2048.c	/home/tephra/experiments/uint32_const_chain_exp/in_2048	0	60	0	0	0.0000	-	-	-
afl++-cmplog	/home/tephra/experiments/uint32_const_chain_exp/tc_4096.c	/home/tephra/experiments/uint32_const_chain_exp/in_4096	0	0	0	60	0.0000	-	-	-
afl++-laf	/home/tephra/experiments/uint32_const_chain_exp/tc_0016.c	/home/tephra/experiments/uint32_const_chain_exp/in_0016	60	0	0	0	1.0000	36643.6333	36571.2285	36716.0382
afl++-laf	/home/tephra/experiments/uint32_const_chain_exp/tc_0032.c	/home/tephra/experiments/uint32_const_chain_exp/in_0032	0	60	0	0	0.0000	-	-	-
afl++-laf	/home/tephra/experiments/uint32_const_chain_exp/tc_0064.c	/home/tephra/experiments/uint32_const_chain_exp/in_0064	25	35	0	0	0.4167	-	-	-
afl++-laf	/home/tephra/experiments/uint32_const_chain_exp/tc_0128.c	/home/tephra/experiments/uint32_const_chain_exp/in_0128	0	60	0	0	0.0000	-	-	-
afl++-laf	/home/tephra/experiments/uint32_const_chain_exp/tc_0256.c	/home/tephra/experiments/uint32_const_chain_exp/in_0256	0	60	0	0	0.0000	-	-	-
afl++-laf	/home/tephra/experiments/uint32_const_chain_exp/tc_0512.c	/home/tephra/experiments/uint32_const_chain_exp/in_0512	0	60	0	0	0.0000	-	-	-
afl++-laf	/home/tephra/experiments/uint32_const_chain_exp/tc_1024.c	/home/tephra/experiments/uint32_const_chain_exp/in_1024	0	60	0	0	0.0000	-	-	-
afl++-laf	/home/tephra/experiments/uint32_const_chain_exp/tc_2048.c	/home/tephra/experiments/uint32_const_chain_exp/in_2048	0	60	0	0	0.0000	-	-	-
afl++-laf	/home/tephra/experiments/uint32_const_chain_exp/tc_4096.c	/home/tephra/experiments/uint32_const_chain_exp/in_4096	0	0	0	60	0.0000	-	-	-
afl++-mopt	/home/tephra/experiments/uint32_const_chain_exp/tc_0016.c	/home/tephra/experiments/uint32_const_chain_exp/in_0016	60	0	0	0	1.0000	86571.6667	86321.7368	86821.5965
afl++-mopt	/home/tephra/experiments/uint32_const_chain_exp/tc_0032.c	/home/tephra/experiments/uint32_const_chain_exp/in_0032	60	0	0	0	1.0000	706317.7333	705055.7165	707579.7502
afl++-mopt	/home/tephra/experiments/uint32_const_chain_exp/tc_0064.c	/home/tephra/experiments/uint32_const_chain_exp/in_0064	0	60	0	0	0.0000	-	-	-
afl++-mopt	/home/tephra/experiments/uint32_const_chain_exp/tc_0128.c	/home/tephra/experiments/uint32_const_chain_exp/in_0128	0	60	0	0	0.0000	-	-	-
afl++-mopt	/home/tephra/experiments/uint32_const_chain_exp/tc_0256.c	/home/tephra/experiments/uint32_const_chain_exp/in_0256	0	60	0	0	0.0000	-	-	-
afl++-mopt	/home/tephra/experiments/uint32_const_chain_exp/tc_0512.c	/home/tephra/experiments/uint32_const_chain_exp/in_0512	0	60	0	0	0.0000	-	-	-
afl++-mopt	/home/tephra/experiments/uint32_const_chain_exp/tc_1024.c	/home/tephra/experiments/uint32_const_chain_exp/in_1024	0	60	0	0	0.0000	-	-	-
afl++-mopt	/home/tephra/experiments/uint32_const_chain_exp/tc_2048.c	/home/tephra/experiments/uint32_const_chain_exp/in_2048	0	60	0	0	0.0000	-	-	-
afl++-mopt	/home/tephra/experiments/uint32_const_chain_exp/tc_4096.c	/home/tephra/experiments/uint32_const_chain_exp/in_4096	0	0	0	60	0.0000	-	-	-
honggfuzz	/home/tephra/experiments/uint32_const_chain_exp/tc_0016.c	/home/tephra/experiments/uint32_const_chain_exp/in_0016	60	0	0	0	1.0000	362714.4167	359337.1045	366091.7289
honggfuzz	/home/tephra/experiments/uint32_const_chain_exp/tc_0032.c	/home/tephra/experiments/uint32_const_chain_exp/in_0032	5	55	0	0	0.0833	-	-	-
honggfuzz	/home/tephra/experiments/uint32_const_chain_exp/tc_0064.c	/home/tephra/experiments/uint32_const_chain_exp/in_0064	0	60	0	0	0.0000	-	-	-
honggfuzz	/home/tephra/experiments/uint32_const_chain_exp/tc_0128.c	/home/tephra/experiments/uint32_const_chain_exp/in_0128	0	60	0	0	0.0000	-	-	-
honggfuzz	/home/tephra/experiments/uint32_const_chain_exp/tc_0256.c	/home/tephra/experiments/uint32_const_chain_exp/in_0256	0	60	0	0	0.0000	-	-	-
honggfuzz	/home/tephra/experiments/uint32_const_chain_exp/tc_0512.c	/home/tephra/experiments/uint32_const_chain_exp/in_0512	0	60	0	0	0.0000	-	-	-
honggfuzz	/home/tephra/experiments/uint32_const_chain_exp/tc_1024.c	/home/tephra/experiments/uint32_const_chain_exp/in_1024	0	60	0	0	0.0000	-	-	-
honggfuzz	/home/tephra/experiments/uint32_const_chain_exp/tc_2048.c	/home/tephra/experiments/uint32_const_chain_exp/in_2048	0	60	0	0	0.0000	-	-	-
honggfuzz	/home/tephra/experiments/uint32_const_chain_exp/tc_4096.c	/home/tephra/experiments/uint32_const_chain_exp/in_4096	0	60	0	0	0.0000	-	-	-
angora	/home/tephra/experiments/uint32_const_chain_exp/tc_0016.c	/home/tephra/experiments/uint32_const_chain_exp/in_0016	59	0	0	1	0.9833	28275.4068	28100.4216	28450.3920
angora	/home/tephra/experiments/uint32_const_chain_exp/tc_0032.c	/home/tephra/experiments/uint32_const_chain_exp/in_0032	60	0	0	0	1.0000	32169.8167	32073.1752	32266.4581
angora	/home/tephra/experiments/uint32_const_chain_exp/tc_0064.c	/home/tephra/experiments/uint32_const_chain_exp/in_0064	60	0	0	0	1.0000	41093.4000	40904.9905	41281.8095
angora	/home/tephra/experiments/uint32_const_chain_exp/tc_0128.c	/home/tephra/experiments/uint32_const_chain_exp/in_0128	60	0	0	0	1.0000	66712.7667	66418.7379	67006.7954
angora	/home/tephra/experiments/uint32_const_chain_exp/tc_0256.c	/home/tephra/experiments/uint32_const_chain_exp/in_0256	60	0	0	0	1.0000	86566.7167	86239.5996	86893.8337
angora	/home/tephra/experiments/uint32_const_chain_exp/tc_0512.c	/home/tephra/experiments/uint32_const_chain_exp/in_0512	60	0	0	0	1.0000	276062.1833	274130.2080	277994.1587
angora	/home/tephra/experiments/uint32_const_chain_exp/tc_1024.c	/home/tephra/experiments/uint32_const_chain_exp/in_1024	60	0	0	0	1.0000	343015.1333	342469.9854	343560.2813
angora	/home/tephra/experiments/uint32_const_chain_exp/tc_2048.c	/home/tephra/experiments/uint32_const_chain_exp/in_2048	60	0	0	0	1.0000	626957.1000	625137.8377	628776.3623
angora	/home/tephra/experiments/uint32_const_chain_exp/tc_4096.c	/home/tephra/experiments/uint32_const_chain_exp/in_4096	0	0	0	60	0.0000	-	-	-
angora-mb	/home/tephra/experiments/uint32_const_chain_exp/tc_0016.c	/home/tephra/experiments/uint32_const_chain_exp/in_0016	59	0	0	1	0.9833	8220.8814	8187.4979	8254.2648
angora-mb	/home/tephra/experiments/uint32_const_chain_exp/tc_0032.c	/home/tephra/experiments/uint32_const_chain_exp/in_0032	59	0	0	1	0.9833	12291.2712	12240.5730	12341.9693
angora-mb	/home/tephra/experiments/uint32_const_chain_exp/tc_0064.c	/home/tephra/experiments/uint32_const_chain_exp/in_0064	60	0	0	0	1.0000	24299.1167	24204.9658	24393.2675
angora-mb	/home/tephra/experiments/uint32_const_chain_exp/tc_0128.c	/home/tephra/experiments/uint32_const_chain_exp/in_0128	60	0	0	0	1.0000	45664.2500	45536.8572	45791.6428
angora-mb	/home/tephra/experiments/uint32_const_chain_exp/tc_0256.c	/home/tephra/experiments/uint32_const_chain_exp/in_0256	60	0	0	0	1.0000	87280.2333	87042.7214	87517.7452
angora-mb	/home/tephra/experiments/uint32_const_chain_exp/tc_0512.c	/home/tephra/experiments/uint32_const_chain_exp/in_0512	59	0	0	1	0.9833	166506.8475	166404.9240	166608.7709
angora-mb	/home/tephra/experiments/uint32_const_chain_exp/tc_1024.c	/home/tephra/experiments/uint32_const_chain_exp/in_1024	60	0	0	0	1.0000	305318.1167	304402.4354	306233.7979
angora-mb	/home/tephra/experiments/uint32_const_chain_exp/tc_2048.c	/home/tephra/experiments/uint32_const_chain_exp/in_2048	60	0	0	0	1.0000	508574.8000	507597.1434	509552.4566
angora-mb	/home/tephra/experiments/uint32_const_chain_exp/tc_4096.c	/home/tephra/experiments/uint32_const_chain_exp/in_4096	0	0	0	60	0.0000	-	-	-
libfuzzer-entropic	/home/tephra/experiments/uint32_const_chain/tc_0016.c	/home/tephra/experiments/uint32_const_chain/in_0016	51	9	0	0	0.8500	117805.0588	117407.2930	118202.8247
libfuzzer-entropic	/home/tephra/experiments/uint32_const_chain/tc_0032.c	/home/tephra/experiments/uint32_const_chain/in_0032	6	54	0	0	0.1000	-	-	-
libfuzzer-entropic	/home/tephra/experiments/uint32_const_chain/tc_0064.c	/home/tephra/experiments/uint32_const_chain/in_0064	0	60	0	0	0.0000	-	-	-
libfuzzer-entropic	/home/tephra/experiments/uint32_const_chain/tc_0128.c	/home/tephra/experiments/uint32_const_chain/in_0128	0	60	0	0	0.0000	-	-	-
libfuzzer-entropic	/home/tephra/experiments/uint32_const_chain/tc_0256.c	/home/tephra/experiments/uint32_const_chain/in_0256	0	60	0	0	0.0000	-	-	-
libfuzzer-entropic	/home/tephra/experiments/uint32_const_chain/tc_0512.c	/home/tephra/experiments/uint32_const_chain/in_0512	0	60	0	0	0.0000	-	-	-
libfuzzer-entropic	/home/tephra/experiments/uint32_const_chain/tc_1024.c	/home/tephra/experiments/uint32_const_chain/in_1024	0	60	0	0	0.0000	-	-	-
libfuzzer-entropic	/home/tephra/experiments/uint32_const_chain/tc_2048.c	/home/tephra/experiments/uint32_const_chain/in_2048	0	60	0	0	0.0000	-	-	-
libfuzzer-entropic	/home/tephra/experiments/uint32_const_chain/tc_4096.c	/home/tephra/experiments/uint32_const_chain/in_4096	0	60	0	0	0.0000	-	-	-
wingfuzz	/home/tephra/experiments/uint32_const_chain/tc_0016.c	/home/tephra/experiments/uint32_const_chain/in_0016	52	8	0	0	0.8667	94502.7692	93740.2766	95265.2619
wingfuzz	/home/tephra/experiments/uint32_const_chain/tc_0032.c	/home/tephra/experiments/uint32_const_chain/in_0032	35	25	0	0	0.5833	296678.8286	293023.2949	300334.3622
wingfuzz	/home/tephra/experiments/uint32_const_chain/tc_0064.c	/home/tephra/experiments/uint32_const_chain/in_0064	15	45	0	0	0.2500	-	-	-
wingfuzz	/home/tephra/experiments/uint32_const_chain/tc_0128.c	/home/tephra/experiments/uint32_const_chain/in_0128	2	58	0	0	0.0333	-	-	-
wingfuzz	/home/tephra/experiments/uint32_const_chain/tc_0256.c	/home/tephra/experiments/uint32_const_chain/in_0256	0	60	0	0	0.0000	-	-	-
wingfuzz	/home/tephra/experiments/uint32_const_chain/tc_0512.c	/home/tephra/experiments/uint32_const_chain/in_0512	0	60	0	0	0.0000	-	-	-
wingfuzz	/home/tephra/experiments/uint32_const_chain/tc_1024.c	/home/tephra/experiments/uint32_const_chain/in_1024	0	60	0	0	0.0000	-	-	-
wingfuzz	/home/tephra/experiments/uint32_const_chain/tc_2048.c	/home/tephra/experiments/uint32_const_chain/in_2048	0	60	0	0	0.0000	-	-	-
wingfuzz	/home/tephra/experiments/uint32_const_chain/tc_4096.c	/home/tephra/experiments/uint32_const_chain/in_4096	0	60	0	0	0.0000	-	-	-
ecofuzz	/home/tephra/experiments/uint32_const_chain/tc_0016.c	/home/tephra/experiments/uint32_const_chain/in_0016	7	53	0	0	0.1167	-	-	-
ecofuzz	/home/tephra/experiments/uint32_const_chain/tc_0032.c	/home/tephra/experiments/uint32_const_chain/in_0032	0	60	0	0	0.0000	-	-	-
ecofuzz	/home/tephra/experiments/uint32_const_chain/tc_0064.c	/home/tephra/experiments/uint32_const_chain/in_0064	0	60	0	0	0.0000	-	-	-
ecofuzz	/home/tephra/experiments/uint32_const_chain/tc_0128.c	/home/tephra/experiments/uint32_const_chain/in_0128	0	60	0	0	0.0000	-	-	-
ecofuzz	/home/tephra/experiments/uint32_const_chain/tc_0256.c	/home/tephra/experiments/uint32_const_chain/in_0256	0	60	0	0	0.0000	-	-	-
ecofuzz	/home/tephra/experiments/uint32_const_chain/tc_0512.c	/home/tephra/experiments/uint32_const_chain/in_0512	0	60	0	0	0.0000	-	-	-
ecofuzz	/home/tephra/experiments/uint32_const_chain/tc_1024.c	/home/tephra/experiments/uint32_const_chain/in_1024	0	60	0	0	0.0000	-	-	-
ecofuzz	/home/tephra/experiments/uint32_const_chain/tc_2048.c	/home/tephra/experiments/uint32_const_chain/in_2048	0	60	0	0	0.0000	-	-	-
ecofuzz	/home/tephra/experiments/uint32_const_chain/tc_4096.c	/home/tephra/experiments/uint32_const_chain/in_4096	0	60	0	0	0.0000	-	-	-
aflgo	/home/tephra/experiments/uint32_const_chain/tc_0001.c	/home/tephra/experiments/uint32_const_chain/in_0001	0	60	0	0	0.0000	-	-	-
aflgo	/home/tephra/experiments/uint32_const_chain/tc_0002.c	/home/tephra/experiments/uint32_const_chain/in_0002	0	60	0	0	0.0000	-	-	-
aflgo	/home/tephra/experiments/uint32_const_chain/tc_0003.c	/home/tephra/experiments/uint32_const_chain/in_0003	0	60	0	0	0.0000	-	-	-
aflgo	/home/tephra/experiments/uint32_const_chain/tc_0004.c	/home/tephra/experiments/uint32_const_chain/in_0004	0	60	0	0	0.0000	-	-	-
aflgo	/home/tephra/experiments/uint32_const_chain/tc_0005.c	/home/tephra/experiments/uint32_const_chain/in_0005	0	60	0	0	0.0000	-	-	-
aflgo	/home/tephra/experiments/uint32_const_chain/tc_0006.c	/home/tephra/experiments/uint32_const_chain/in_0006	0	60	0	0	0.0000	-	-	-
aflgo	/home/tephra/experiments/uint32_const_chain/tc_0007.c	/home/tephra/experiments/uint32_const_chain/in_0007	0	60	0	0	0.0000	-	-	-
aflgo	/home/tephra/experiments/uint32_const_chain/tc_0008.c	/home/tephra/experiments/uint32_const_chain/in_0008	0	60	0	0	0.0000	-	-	-
aflgo	/home/tephra/experiments/uint32_const_chain/tc_0009.c	/home/tephra/experiments/uint32_const_chain/in_0009	0	60	0	0	0.0000	-	-	-
aflgo	/home/tephra/experiments/uint32_const_chain/tc_0010.c	/home/tephra/experiments/uint32_const_chain/in_0010	0	60	0	0	0.0000	-	-	-
afl++-qemu-cmplog	/home/tephra/experiments/uint32_const_chain/tc_0001.c	/home/tephra/experiments/uint32_const_chain/in_0001	0	60	0	0	0.0000	-	-	-
afl++-qemu-cmplog	/home/tephra/experiments/uint32_const_chain/tc_0002.c	/home/tephra/experiments/uint32_const_chain/in_0002	0	60	0	0	0.0000	-	-	-
afl++-qemu-cmplog	/home/tephra/experiments/uint32_const_chain/tc_0003.c	/home/tephra/experiments/uint32_const_chain/in_0003	0	60	0	0	0.0000	-	-	-
afl++-qemu-cmplog	/home/tephra/experiments/uint32_const_chain/tc_0004.c	/home/tephra/experiments/uint32_const_chain/in_0004	0	60	0	0	0.0000	-	-	-
afl++-qemu-cmplog	/home/tephra/experiments/uint32_const_chain/tc_0005.c	/home/tephra/experiments/uint32_const_chain/in_0005	0	60	0	0	0.0000	-	-	-
afl++-qemu-cmplog	/home/tephra/experiments/uint32_const_chain/tc_0006.c	/home/tephra/experiments/uint32_const_chain/in_0006	0	60	0	0	0.0000	-	-	-
afl++-qemu-cmplog	/home/tephra/experiments/uint32_const_chain/tc_0007.c	/home/tephra/experiments/uint32_const_chain/in_0007	0	60	0	0	0.0000	-	-	-
afl++-qemu-cmplog	/home/tephra/experiments/uint32_const_chain/tc_0008.c	/home/tephra/experiments/uint32_const_chain/in_0008	0	60	0	0	0.0000	-	-	-
afl++-qemu-cmplog	/home/tephra/experiments/uint32_const_chain/tc_0009.c	/home/tephra/experiments/uint32_const_chain/in_0009	0	60	0	0	0.0000	-	-	-
afl++-qemu-cmplog	/home/tephra/experiments/uint32_const_chain/tc_0010.c	/home/tephra/experiments/uint32_const_chain/in_0010	0	60	0	0	0.0000	-	-	-
afl++-qemu-compcov	/home/tephra/experiments/uint32_const_chain/tc_0001.c	/home/tephra/experiments/uint32_const_chain/in_0001	60	0	0	0	1.0000	9187.3167	9128.5807	9246.0527
afl++-qemu-compcov	/home/tephra/experiments/uint32_const_chain/tc_0002.c	/home/tephra/experiments/uint32_const_chain/in_0002	60	0	0	0	1.0000	59968.8167	59666.3226	60271.3108
afl++-qemu-compcov	/home/tephra/experiments/uint32_const_chain/tc_0003.c	/home/tephra/experiments/uint32_const_chain/in_0003	60	0	0	0	1.0000	145406.6167	144779.2031	146034.0302
afl++-qemu-compcov	/home/tephra/experiments/uint32_const_chain/tc_0004.c	/home/tephra/experiments/uint32_const_chain/in_0004	0	60	0	0	0.0000	-	-	-
afl++-qemu-compcov	/home/tephra/experiments/uint32_const_chain/tc_0005.c	/home/tephra/experiments/uint32_const_chain/in_0005	0	60	0	0	0.0000	-	-	-
afl++-qemu-compcov	/home/tephra/experiments/uint32_const_chain/tc_0006.c	/home/tephra/experiments/uint32_const_chain/in_0006	0	60	0	0	0.0000	-	-	-
afl++-qemu-compcov	/home/tephra/experiments/uint32_const_chain/tc_0007.c	/home/tephra/experiments/uint32_const_chain/in_0007	0	60	0	0	0.0000	-	-	-
afl++-qemu-compcov	/home/tephra/experiments/uint32_const_chain/tc_0008.c	/home/tephra/experiments/uint32_const_chain/in_0008	0	60	0	0	0.0000	-	-	-
afl++-qemu-compcov	/home/tephra/experiments/uint32_const_chain/tc_0009.c	/home/tephra/experiments/uint32_const_chain/in_0009	0	60	0	0	0.0000	-	-	-
afl++-qemu-compcov	/home/tephra/experiments/uint32_const_chain/tc_0010.c	/home/tephra/experiments/uint32_const_chain/in_0010	0	60	0	0	0.0000	-	-	-
honggfuzz-qemu	/home/tephra/experiments/uint32_const_chain/tc_0001.c	/home/tephra/experiments/uint32_const_chain/in_0001	60	0	0	0	1.0000	133145.3500	132408.4880	133882.2120
honggfuzz-qemu	/home/tephra/experiments/uint32_const_chain/tc_0002.c	/home/tephra/experiments/uint32_const_chain/in_0002	60	0	0	0	1.0000	845562.1167	840503.4752	850620.7582
honggfuzz-qemu	/home/tephra/experiments/uint32_const_chain/tc_0003.c	/home/tephra/experiments/uint32_const_chain/in_0003	45	15	0	0	0.7500	2043284.5556	2035625.6223	2050943.4888
honggfuzz-qemu	/home/tephra/experiments/uint32_const_chain/tc_0004.c	/home/tephra/experiments/uint32_const_chain/in_0004	0	60	0	0	0.0000	-	-	-
honggfuzz-qemu	/home/tephra/experiments/uint32_const_chain/tc_0005.c	/home/tephra/experiments/uint32_const_chain/in_0005	0	60	0	0	0.0000	-	-	-
honggfuzz-qemu	/home/tephra/experiments/uint32_const_chain/tc_0006.c	/home/tephra/experiments/uint32_const_chain/in_0006	0	60	0	0	0.0000	-	-	-
honggfuzz-qemu	/home/tephra/experiments/uint32_const_chain/tc_0007.c	/home/tephra/experiments/uint32_const_chain/in_0007	0	60	0	0	0.0000	-	-	-
honggfuzz-qemu	/home/tephra/experiments/uint32_const_chain/tc_0008.c	/home/tephra/experiments/uint32_const_chain/in_0008	0	60	0	0	0.0000	-	-	-
honggfuzz-qemu	/home/tephra/experiments/uint32_const_chain/tc_0009.c	/home/tephra/experiments/uint32_const_chain/in_0009	0	60	0	0	0.0000	-	-	-
honggfuzz-qemu	/home/tephra/experiments/uint32_const_chain/tc_0010.c	/home/tephra/experiments/uint32_const_chain/in_0010	0	60	0	0	0.0000	-	-	-
dataflow	/home/tephra/experiments/uint32_const_chain/tc_0001.c	/home/tephra/experiments/uint32_const_chain/in_0001	0	60	0	0	0.0000	-	-	-
dataflow	/home/tephra/experiments/uint32_const_chain/tc_0002.c	/home/tephra/experiments/uint32_const_chain/in_0002	0	60	0	0	0.0000	-	-	-
dataflow	/home/tephra/experiments/uint32_const_chain/tc_0003.c	/home/tephra/experiments/uint32_const_chain/in_0003	0	60	0	0	0.0000	-	-	-
dataflow	/home/tephra/experiments/uint32_const_chain/tc_0004.c	/home/tephra/experiments/uint32_const_chain/in_0004	0	60	0	0	0.0000	-	-	-
dataflow	/home/tephra/experiments/uint32_const_chain/tc_0005.c	/home/tephra/experiments/uint32_const_chain/in_0005	0	60	0	0	0.0000	-	-	-
dataflow	/home/tephra/experiments/uint32_const_chain/tc_0006.c	/home/tephra/experiments/uint32_const_chain/in_0006	0	60	0	0	0.0000	-	-	-
dataflow	/home/tephra/experiments/uint32_const_chain/tc_0007.c	/home/tephra/experiments/uint32_const_chain/in_0007	0	60	0	0	0.0000	-	-	-
dataflow	/home/tephra/experiments/uint32_const_chain/tc_0008.c	/home/tephra/experiments/uint32_const_chain/in_0008	0	60	0	0	0.0000	-	-	-
dataflow	/home/tephra/experiments/uint32_const_chain/tc_0009.c	/home/tephra/experiments/uint32_const_chain/in_0009	0	60	0	0	0.0000	-	-	-
dataflow	/home/tephra/experiments/uint32_const_chain/tc_0010.c	/home/tephra/experiments/uint32_const_chain/in_0010	0	60	0	0	0.0000	-	-	-
klee	/home/tephra/experiments/uint32_const_chain/tc_0001.c	/home/tephra/experiments/uint32_const_chain/in_0001	60	0	0	0	1.0000	616.8833	616.4411	617.3256
klee	/home/tephra/experiments/uint32_const_chain/tc_0002.c	/home/tephra/experiments/uint32_const_chain/in_0002	60	0	0	0	1.0000	673.1500	672.7940	673.5060
klee	/home/tephra/experiments/uint32_const_chain/tc_0003.c	/home/tephra/experiments/uint32_const_chain/in_0003	60	0	0	0	1.0000	710.0833	709.8888	710.2778
klee	/home/tephra/experiments/uint32_const_chain/tc_0004.c	/home/tephra/experiments/uint32_const_chain/in_0004	60	0	0	0	1.0000	703.0167	702.6493	703.3840
klee	/home/tephra/experiments/uint32_const_chain/tc_0005.c	/home/tephra/experiments/uint32_const_chain/in_0005	60	0	0	0	1.0000	658.4667	658.1359	658.7975
klee	/home/tephra/experiments/uint32_const_chain/tc_0006.c	/home/tephra/experiments/uint32_const_chain/in_0006	60	0	0	0	1.0000	738.9000	738.5443	739.2557
klee	/home/tephra/experiments/uint32_const_chain/tc_0007.c	/home/tephra/experiments/uint32_const_chain/in_0007	60	0	0	0	1.0000	716.9333	716.6060	717.2606
klee	/home/tephra/experiments/uint32_const_chain/tc_0008.c	/home/tephra/experiments/uint32_const_chain/in_0008	60	0	0	0	1.0000	722.3000	721.9399	722.6601
klee	/home/tephra/experiments/uint32_const_chain/tc_0009.c	/home/tephra/experiments/uint32_const_chain/in_0009	60	0	0	0	1.0000	713.8000	713.4993	714.1007
klee	/home/tephra/experiments/uint32_const_chain/tc_0010.c	/home/tephra/experiments/uint32_const_chain/in_0010	60	0	0	0	1.0000	806.2167	805.8915	806.5418
symcc	/home/tephra/experiments/uint32_const_chain/tc_0001.c	/home/tephra/experiments/uint32_const_chain/in_0001	60	0	0	0	1.0000	1943.2500	1942.2373	1944.2627
symcc	/home/tephra/experiments/uint32_const_chain/tc_0002.c	/home/tephra/experiments/uint32_const_chain/in_0002	60	0	0	0	1.0000	4858.4167	4857.2222	4859.6111
symcc	/home/tephra/experiments/uint32_const_chain/tc_0003.c	/home/tephra/experiments/uint32_const_chain/in_0003	60	0	0	0	1.0000	12045.3167	12041.6670	12048.9664
symcc	/home/tephra/experiments/uint32_const_chain/tc_0004.c	/home/tephra/experiments/uint32_const_chain/in_0004	60	0	0	0	1.0000	28109.5833	28101.7331	28117.4336
symcc	/home/tephra/experiments/uint32_const_chain/tc_0005.c	/home/tephra/experiments/uint32_const_chain/in_0005	60	0	0	0	1.0000	63546.8833	63529.1119	63564.6548
symcc	/home/tephra/experiments/uint32_const_chain/tc_0006.c	/home/tephra/experiments/uint32_const_chain/in_0006	60	0	0	0	1.0000	141505.0667	141459.7400	141550.3934
symcc	/home/tephra/experiments/uint32_const_chain/tc_0007.c	/home/tephra/experiments/uint32_const_chain/in_0007	60	0	0	0	1.0000	382572.8333	382409.1115	382736.5552
symcc	/home/tephra/experiments/uint32_const_chain/tc_0008.c	/home/tephra/experiments/uint32_const_chain/in_0008	60	0	0	0	1.0000	1060022.5000	1059526.2579	1060518.7421
symcc	/home/tephra/experiments/uint32_const_chain/tc_0009.c	/home/tephra/experiments/uint32_const_chain/in_0009	60	0	0	0	1.0000	2044868.0500	2042270.2486	2047465.8514
symcc	/home/tephra/experiments/uint32_const_chain/tc_0010.c	/home/tephra/experiments/uint32_const_chain/in_0010	12	48	0	0	0.2000	-	-	-
afl-qemu	/home/tephra/experiments/uint32_const_chain/tc_0001.c	/home/tephra/experiments/uint32_const_chain/in_0001	0	60	0	0	0.0000	-	-	-
afl-qemu	/home/tephra/experiments/uint32_const_chain/tc_0002.c	/home/tephra/experiments/uint32_const_chain/in_0002	0	60	0	0	0.0000	-	-	-
afl-qemu	/home/tephra/experiments/uint32_const_chain/tc_0003.c	/home/tephra/experiments/uint32_const_chain/in_0003	0	60	0	0	0.0000	-	-	-
afl-qemu	/home/tephra/experiments/uint32_const_chain/tc_0004.c	/home/tephra/experiments/uint32_const_chain/in_0004	0	60	0	0	0.0000	-	-	-
afl-qemu	/home/tephra/experiments/uint32_const_chain/tc_0005.c	/home/tephra/experiments/uint32_const_chain/in_0005	0	60	0	0	0.0000	-	-	-
afl-qemu	/home/tephra/experiments/uint32_const_chain/tc_0006.c	/home/tephra/experiments/uint32_const_chain/in_0006	0	60	0	0	0.0000	-	-	-
afl-qemu	/home/tephra/experiments/uint32_const_chain/tc_0007.c	/home/tephra/experiments/uint32_const_chain/in_0007	0	60	0	0	0.0000	-	-	-
afl-qemu	/home/tephra/experiments/uint32_const_chain/tc_0008.c	/home/tephra/experiments/uint32_const_chain/in_0008	0	60	0	0	0.0000	-	-	-
afl-qemu	/home/tephra/experiments/uint32_const_chain/tc_0009.c	/home/tephra/experiments/uint32_const_chain/in_0009	0	60	0	0	0.0000	-	-	-
afl-qemu	/home/tephra/experiments/uint32_const_chain/tc_0010.c	/home/tephra/experiments/uint32_const_chain/in_0010	0	60	0	0	0.0000	-	-	-
symcc	/home/tephra/experiments/uint32_const_chain/tc_0016.c	/home/tephra/experiments/uint32_const_chain/in_0016	0	60	0	0	0.0000	-	-	-
symcc	/home/tephra/experiments/uint32_const_chain/tc_0032.c	/home/tephra/experiments/uint32_const_chain/in_0032	0	60	0	0	0.0000	-	-	-
symcc	/home/tephra/experiments/uint32_const_chain/tc_0064.c	/home/tephra/experiments/uint32_const_chain/in_0064	0	60	0	0	0.0000	-	-	-
symcc	/home/tephra/experiments/uint32_const_chain/tc_0128.c	/home/tephra/experiments/uint32_const_chain/in_0128	0	60	0	0	0.0000	-	-	-
klee	/home/tephra/experiments/uint32_const_chain/tc_0016.c	/home/tephra/experiments/uint32_const_chain/in_0016	60	0	0	0	1.0000	1013.9167	1012.4909	1015.3424
klee	/home/tephra/experiments/uint32_const_chain/tc_0032.c	/home/tephra/experiments/uint32_const_chain/in_0032	60	0	0	0	1.0000	1127.0833	1124.8865	1129.2802
klee	/home/tephra/experiments/uint32_const_chain/tc_0064.c	/home/tephra/experiments/uint32_const_chain/in_0064	0	0	60	0	0.0000	-	-	-
klee	/home/tephra/experiments/uint32_const_chain/tc_0128.c	/home/tephra/experiments/uint32_const_chain/in_0128	0	0	60	0	0.0000	-	-	-
klee	/home/tephra/experiments/uint32_const_chain/tc_0256.c	/home/tephra/experiments/uint32_const_chain/in_0256	0	0	60	0	0.0000	-	-	-
klee	/home/tephra/experiments/uint32_const_chain/tc_0512.c	/home/tephra/experiments/uint32_const_chain/in_0512	0	0	60	0	0.0000	-	-	-
klee	/home/tephra/experiments/uint32_const_chain/tc_1024.c	/home/tephra/experiments/uint32_const_chain/in_1024	0	0	60	0	0.0000	-	-	-
klee	/home/tephra/experiments/uint32_const_chain/tc_2048.c	/home/tephra/experiments/uint32_const_chain/in_2048	0	0	60	0	0.0000	-	-	-
klee	/home/tephra/experiments/uint32_const_chain/tc_4096.c	/home/tephra/experiments/uint32_const_chain/in_4096	0	0	60	0	0.0000	-	-	-
