fuzzer	put	corpus	success	timeout	invalid	error	ratio	ttt	cleft	cright
afl-gcc	/home/tephra/experiments/int16_simple_intervals/tc_0000000000.c	/home/tephra/experiments/int16_simple_intervals/in_0000000000	60	0	0	0	1.0000	60134.0333	59606.0251	60662.0415
afl-gcc	/home/tephra/experiments/int16_simple_intervals/tc_0000000001.c	/home/tephra/experiments/int16_simple_intervals/in_0000000001	60	0	0	0	1.0000	2387.6500	2366.8759	2408.4241
afl-gcc	/home/tephra/experiments/int16_simple_intervals/tc_0000000002.c	/home/tephra/experiments/int16_simple_intervals/in_0000000002	60	0	0	0	1.0000	388.3000	386.3930	390.2070
afl-gcc	/home/tephra/experiments/int16_simple_intervals/tc_0000000003.c	/home/tephra/experiments/int16_simple_intervals/in_0000000003	60	0	0	0	1.0000	261.7333	261.0337	262.4330
afl-clang-fast	/home/tephra/experiments/int16_simple_intervals/tc_0000000000.c	/home/tephra/experiments/int16_simple_intervals/in_0000000000	60	0	0	0	1.0000	39600.3333	39327.2728	39873.3939
afl-clang-fast	/home/tephra/experiments/int16_simple_intervals/tc_0000000001.c	/home/tephra/experiments/int16_simple_intervals/in_0000000001	60	0	0	0	1.0000	2304.9000	2288.2664	2321.5336
afl-clang-fast	/home/tephra/experiments/int16_simple_intervals/tc_0000000002.c	/home/tephra/experiments/int16_simple_intervals/in_0000000002	60	0	0	0	1.0000	542.7333	540.0175	545.4491
afl-clang-fast	/home/tephra/experiments/int16_simple_intervals/tc_0000000003.c	/home/tephra/experiments/int16_simple_intervals/in_0000000003	60	0	0	0	1.0000	244.6000	243.9990	245.2010
afl-libtokencap	/home/tephra/experiments/int16_simple_intervals/tc_0000000000.c	/home/tephra/experiments/int16_simple_intervals/in_0000000000	60	0	0	0	1.0000	25628.1000	25386.4001	25869.7999
afl-libtokencap	/home/tephra/experiments/int16_simple_intervals/tc_0000000001.c	/home/tephra/experiments/int16_simple_intervals/in_0000000001	60	0	0	0	1.0000	2309.6167	2293.9911	2325.2422
afl-libtokencap	/home/tephra/experiments/int16_simple_intervals/tc_0000000002.c	/home/tephra/experiments/int16_simple_intervals/in_0000000002	60	0	0	0	1.0000	655.4833	652.6885	658.2781
afl-libtokencap	/home/tephra/experiments/int16_simple_intervals/tc_0000000003.c	/home/tephra/experiments/int16_simple_intervals/in_0000000003	60	0	0	0	1.0000	395.8000	394.9271	396.6729
radamsa	/home/tephra/experiments/int16_simple_intervals/tc_0000000000.c	/home/tephra/experiments/int16_simple_intervals/in_0000000000	0	49	11	0	0.0000	-	-	-
radamsa	/home/tephra/experiments/int16_simple_intervals/tc_0000000001.c	/home/tephra/experiments/int16_simple_intervals/in_0000000001	0	56	4	0	0.0000	-	-	-
radamsa	/home/tephra/experiments/int16_simple_intervals/tc_0000000002.c	/home/tephra/experiments/int16_simple_intervals/in_0000000002	0	54	6	0	0.0000	-	-	-
radamsa	/home/tephra/experiments/int16_simple_intervals/tc_0000000003.c	/home/tephra/experiments/int16_simple_intervals/in_0000000003	0	55	5	0	0.0000	-	-	-
libfuzzer	/home/tephra/experiments/int16_simple_intervals/tc_0000000000.c	/home/tephra/experiments/int16_simple_intervals/in_0000000000	60	0	0	0	1.0000	172.5500	172.4935	172.6065
libfuzzer	/home/tephra/experiments/int16_simple_intervals/tc_0000000001.c	/home/tephra/experiments/int16_simple_intervals/in_0000000001	60	0	0	0	1.0000	171.4333	171.4003	171.4663
libfuzzer	/home/tephra/experiments/int16_simple_intervals/tc_0000000002.c	/home/tephra/experiments/int16_simple_intervals/in_0000000002	60	0	0	0	1.0000	170.0000	169.9726	170.0274
libfuzzer	/home/tephra/experiments/int16_simple_intervals/tc_0000000003.c	/home/tephra/experiments/int16_simple_intervals/in_0000000003	60	0	0	0	1.0000	169.1833	169.1576	169.2091
libfuzzer-entropic	/home/tephra/experiments/int16_simple_intervals/tc_0000000000.c	/home/tephra/experiments/int16_simple_intervals/in_0000000000	60	0	0	0	1.0000	169.0500	169.0194	169.0806
libfuzzer-entropic	/home/tephra/experiments/int16_simple_intervals/tc_0000000001.c	/home/tephra/experiments/int16_simple_intervals/in_0000000001	60	0	0	0	1.0000	171.6333	171.5606	171.7060
libfuzzer-entropic	/home/tephra/experiments/int16_simple_intervals/tc_0000000002.c	/home/tephra/experiments/int16_simple_intervals/in_0000000002	60	0	0	0	1.0000	168.2000	168.1676	168.2324
libfuzzer-entropic	/home/tephra/experiments/int16_simple_intervals/tc_0000000003.c	/home/tephra/experiments/int16_simple_intervals/in_0000000003	60	0	0	0	1.0000	168.5167	168.4777	168.5557
dev-urandom	/home/tephra/experiments/int16_simple_intervals/tc_0000000000.c	/home/tephra/experiments/int16_simple_intervals/in_0000000000	60	0	0	0	1.0000	1724.8667	1709.6158	1740.1176
dev-urandom	/home/tephra/experiments/int16_simple_intervals/tc_0000000001.c	/home/tephra/experiments/int16_simple_intervals/in_0000000001	60	0	0	0	1.0000	141.1000	139.7773	142.4227
dev-urandom	/home/tephra/experiments/int16_simple_intervals/tc_0000000002.c	/home/tephra/experiments/int16_simple_intervals/in_0000000002	60	0	0	0	1.0000	14.0000	13.9073	14.0927
dev-urandom	/home/tephra/experiments/int16_simple_intervals/tc_0000000003.c	/home/tephra/experiments/int16_simple_intervals/in_0000000003	60	0	0	0	1.0000	2.4500	2.4379	2.4621
afl++	/home/tephra/experiments/int16_simple_intervals/tc_0000000000.c	/home/tephra/experiments/int16_simple_intervals/in_0000000000	60	0	0	0	1.0000	3934.4500	3907.7947	3961.1053
afl++	/home/tephra/experiments/int16_simple_intervals/tc_0000000001.c	/home/tephra/experiments/int16_simple_intervals/in_0000000001	60	0	0	0	1.0000	287.6667	286.6239	288.7095
afl++	/home/tephra/experiments/int16_simple_intervals/tc_0000000002.c	/home/tephra/experiments/int16_simple_intervals/in_0000000002	60	0	0	0	1.0000	213.0667	213.0571	213.0762
afl++	/home/tephra/experiments/int16_simple_intervals/tc_0000000003.c	/home/tephra/experiments/int16_simple_intervals/in_0000000003	60	0	0	0	1.0000	213.0333	213.0241	213.0425
afl++-cmplog	/home/tephra/experiments/int16_simple_intervals/tc_0000000000.c	/home/tephra/experiments/int16_simple_intervals/in_0000000000	60	0	0	0	1.0000	4698.4000	4659.3254	4737.4746
afl++-cmplog	/home/tephra/experiments/int16_simple_intervals/tc_0000000001.c	/home/tephra/experiments/int16_simple_intervals/in_0000000001	60	0	0	0	1.0000	271.7667	270.9130	272.6203
afl++-cmplog	/home/tephra/experiments/int16_simple_intervals/tc_0000000002.c	/home/tephra/experiments/int16_simple_intervals/in_0000000002	60	0	0	0	1.0000	214.6000	214.5888	214.6112
afl++-cmplog	/home/tephra/experiments/int16_simple_intervals/tc_0000000003.c	/home/tephra/experiments/int16_simple_intervals/in_0000000003	60	0	0	0	1.0000	214.6333	214.6249	214.6418
afl++-laf	/home/tephra/experiments/int16_simple_intervals/tc_0000000000.c	/home/tephra/experiments/int16_simple_intervals/in_0000000000	60	0	0	0	1.0000	3150.3833	3124.6497	3176.1170
afl++-laf	/home/tephra/experiments/int16_simple_intervals/tc_0000000001.c	/home/tephra/experiments/int16_simple_intervals/in_0000000001	60	0	0	0	1.0000	276.7000	275.7709	277.6291
afl++-laf	/home/tephra/experiments/int16_simple_intervals/tc_0000000002.c	/home/tephra/experiments/int16_simple_intervals/in_0000000002	60	0	0	0	1.0000	213.8167	213.7922	213.8412
afl++-laf	/home/tephra/experiments/int16_simple_intervals/tc_0000000003.c	/home/tephra/experiments/int16_simple_intervals/in_0000000003	60	0	0	0	1.0000	213.1167	213.1078	213.1255
afl++-mopt	/home/tephra/experiments/int16_simple_intervals/tc_0000000000.c	/home/tephra/experiments/int16_simple_intervals/in_0000000000	60	0	0	0	1.0000	3932.6833	3903.5258	3961.8409
afl++-mopt	/home/tephra/experiments/int16_simple_intervals/tc_0000000001.c	/home/tephra/experiments/int16_simple_intervals/in_0000000001	60	0	0	0	1.0000	330.9333	329.7699	332.0967
afl++-mopt	/home/tephra/experiments/int16_simple_intervals/tc_0000000002.c	/home/tephra/experiments/int16_simple_intervals/in_0000000002	60	0	0	0	1.0000	213.9667	213.9518	213.9816
afl++-mopt	/home/tephra/experiments/int16_simple_intervals/tc_0000000003.c	/home/tephra/experiments/int16_simple_intervals/in_0000000003	60	0	0	0	1.0000	213.7167	213.6973	213.7360
honggfuzz	/home/tephra/experiments/int16_simple_intervals/tc_0000000000.c	/home/tephra/experiments/int16_simple_intervals/in_0000000000	60	0	0	0	1.0000	1407.7500	1401.3443	1414.1557
honggfuzz	/home/tephra/experiments/int16_simple_intervals/tc_0000000001.c	/home/tephra/experiments/int16_simple_intervals/in_0000000001	60	0	0	0	1.0000	1014.2500	1013.6232	1014.8768
honggfuzz	/home/tephra/experiments/int16_simple_intervals/tc_0000000002.c	/home/tephra/experiments/int16_simple_intervals/in_0000000002	60	0	0	0	1.0000	1008.0833	1007.8739	1008.2927
honggfuzz	/home/tephra/experiments/int16_simple_intervals/tc_0000000003.c	/home/tephra/experiments/int16_simple_intervals/in_0000000003	60	0	0	0	1.0000	1004.5500	1004.5447	1004.5553
wingfuzz	/home/tephra/experiments/int16_simple_intervals/tc_0000000000.c	/home/tephra/experiments/int16_simple_intervals/in_0000000000	60	0	0	0	1.0000	10.1333	10.1024	10.1643
wingfuzz	/home/tephra/experiments/int16_simple_intervals/tc_0000000001.c	/home/tephra/experiments/int16_simple_intervals/in_0000000001	60	0	0	0	1.0000	9.4667	9.4373	9.4960
wingfuzz	/home/tephra/experiments/int16_simple_intervals/tc_0000000002.c	/home/tephra/experiments/int16_simple_intervals/in_0000000002	60	0	0	0	1.0000	8.6667	8.6560	8.6774
wingfuzz	/home/tephra/experiments/int16_simple_intervals/tc_0000000003.c	/home/tephra/experiments/int16_simple_intervals/in_0000000003	60	0	0	0	1.0000	8.0667	8.0583	8.0751
libafl	/home/tephra/experiments/int16_simple_intervals/tc_0000000000.c	/home/tephra/experiments/int16_simple_intervals/in_0000000000	60	0	0	0	1.0000	401.0500	397.8921	404.2079
libafl	/home/tephra/experiments/int16_simple_intervals/tc_0000000001.c	/home/tephra/experiments/int16_simple_intervals/in_0000000001	60	0	0	0	1.0000	24.4333	24.2997	24.5670
libafl	/home/tephra/experiments/int16_simple_intervals/tc_0000000002.c	/home/tephra/experiments/int16_simple_intervals/in_0000000002	60	0	0	0	1.0000	10.9167	10.8980	10.9354
libafl	/home/tephra/experiments/int16_simple_intervals/tc_0000000003.c	/home/tephra/experiments/int16_simple_intervals/in_0000000003	60	0	0	0	1.0000	9.6167	9.6078	9.6255
libafl-libfuzzer	/home/tephra/experiments/int16_simple_intervals/tc_0000000000.c	/home/tephra/experiments/int16_simple_intervals/in_0000000000	60	0	0	0	1.0000	1250.6333	1239.8093	1261.4573
libafl-libfuzzer	/home/tephra/experiments/int16_simple_intervals/tc_0000000001.c	/home/tephra/experiments/int16_simple_intervals/in_0000000001	60	0	0	0	1.0000	156.5333	156.3780	156.6887
libafl-libfuzzer	/home/tephra/experiments/int16_simple_intervals/tc_0000000002.c	/home/tephra/experiments/int16_simple_intervals/in_0000000002	60	0	0	0	1.0000	135.4333	135.3546	135.5120
libafl-libfuzzer	/home/tephra/experiments/int16_simple_intervals/tc_0000000003.c	/home/tephra/experiments/int16_simple_intervals/in_0000000003	60	0	0	0	1.0000	135.8500	135.7613	135.9387
ddfuzz	/home/tephra/experiments/int16_simple_intervals/tc_0000000000.c	/home/tephra/experiments/int16_simple_intervals/in_0000000000	60	0	0	0	1.0000	3186.8333	3160.4711	3213.1956
ddfuzz	/home/tephra/experiments/int16_simple_intervals/tc_0000000001.c	/home/tephra/experiments/int16_simple_intervals/in_0000000001	60	0	0	0	1.0000	327.4000	326.3697	328.4303
ddfuzz	/home/tephra/experiments/int16_simple_intervals/tc_0000000002.c	/home/tephra/experiments/int16_simple_intervals/in_0000000002	60	0	0	0	1.0000	251.4833	251.2985	251.6682
ddfuzz	/home/tephra/experiments/int16_simple_intervals/tc_0000000003.c	/home/tephra/experiments/int16_simple_intervals/in_0000000003	60	0	0	0	1.0000	234.7833	234.4444	235.1223
fairfuzz	/home/tephra/experiments/int16_simple_intervals/tc_0000000000.c	/home/tephra/experiments/int16_simple_intervals/in_0000000000	60	0	0	0	1.0000	13061.2500	12933.2563	13189.2437
fairfuzz	/home/tephra/experiments/int16_simple_intervals/tc_0000000001.c	/home/tephra/experiments/int16_simple_intervals/in_0000000001	60	0	0	0	1.0000	939.2167	932.5503	945.8830
fairfuzz	/home/tephra/experiments/int16_simple_intervals/tc_0000000002.c	/home/tephra/experiments/int16_simple_intervals/in_0000000002	60	0	0	0	1.0000	247.1833	246.5632	247.8035
fairfuzz	/home/tephra/experiments/int16_simple_intervals/tc_0000000003.c	/home/tephra/experiments/int16_simple_intervals/in_0000000003	60	0	0	0	1.0000	213.1000	213.0782	213.1218
ecofuzz	/home/tephra/experiments/int16_simple_intervals/tc_0000000000.c	/home/tephra/experiments/int16_simple_intervals/in_0000000000	60	0	0	0	1.0000	10317.9000	10210.5717	10425.2283
ecofuzz	/home/tephra/experiments/int16_simple_intervals/tc_0000000001.c	/home/tephra/experiments/int16_simple_intervals/in_0000000001	60	0	0	0	1.0000	424.8833	422.6474	427.1193
ecofuzz	/home/tephra/experiments/int16_simple_intervals/tc_0000000002.c	/home/tephra/experiments/int16_simple_intervals/in_0000000002	60	0	0	0	1.0000	217.5333	217.3223	217.7443
ecofuzz	/home/tephra/experiments/int16_simple_intervals/tc_0000000003.c	/home/tephra/experiments/int16_simple_intervals/in_0000000003	60	0	0	0	1.0000	212.8500	212.8308	212.8692
fafuzz	/home/tephra/experiments/int16_simple_intervals/tc_0000000000.c	/home/tephra/experiments/int16_simple_intervals/in_0000000000	60	0	0	0	1.0000	11609.9000	11525.2823	11694.5177
fafuzz	/home/tephra/experiments/int16_simple_intervals/tc_0000000001.c	/home/tephra/experiments/int16_simple_intervals/in_0000000001	60	0	0	0	1.0000	1233.4167	1223.3308	1243.5025
fafuzz	/home/tephra/experiments/int16_simple_intervals/tc_0000000002.c	/home/tephra/experiments/int16_simple_intervals/in_0000000002	60	0	0	0	1.0000	238.8333	238.2933	239.3734
fafuzz	/home/tephra/experiments/int16_simple_intervals/tc_0000000003.c	/home/tephra/experiments/int16_simple_intervals/in_0000000003	60	0	0	0	1.0000	213.9000	213.8727	213.9273
darwin	/home/tephra/experiments/int16_simple_intervals/tc_0000000000.c	/home/tephra/experiments/int16_simple_intervals/in_0000000000	60	0	0	0	1.0000	7009.9000	6953.0335	7066.7665
darwin	/home/tephra/experiments/int16_simple_intervals/tc_0000000001.c	/home/tephra/experiments/int16_simple_intervals/in_0000000001	60	0	0	0	1.0000	1857.6667	1843.1010	1872.2323
darwin	/home/tephra/experiments/int16_simple_intervals/tc_0000000002.c	/home/tephra/experiments/int16_simple_intervals/in_0000000002	60	0	0	0	1.0000	324.7667	323.9443	325.5891
darwin	/home/tephra/experiments/int16_simple_intervals/tc_0000000003.c	/home/tephra/experiments/int16_simple_intervals/in_0000000003	60	0	0	0	1.0000	214.8000	214.5878	215.0122
angora	/home/tephra/experiments/int16_simple_intervals/tc_0000000000.c	/home/tephra/experiments/int16_simple_intervals/in_0000000000	60	0	0	0	1.0000	1747.7833	1738.6435	1756.9232
angora	/home/tephra/experiments/int16_simple_intervals/tc_0000000001.c	/home/tephra/experiments/int16_simple_intervals/in_0000000001	60	0	0	0	1.0000	1732.0167	1722.4971	1741.5362
angora	/home/tephra/experiments/int16_simple_intervals/tc_0000000002.c	/home/tephra/experiments/int16_simple_intervals/in_0000000002	60	0	0	0	1.0000	1053.0167	1052.9294	1053.1040
angora	/home/tephra/experiments/int16_simple_intervals/tc_0000000003.c	/home/tephra/experiments/int16_simple_intervals/in_0000000003	60	0	0	0	1.0000	1054.8000	1054.7089	1054.8911
angora-mb	/home/tephra/experiments/int16_simple_intervals/tc_0000000000.c	/home/tephra/experiments/int16_simple_intervals/in_0000000000	59	0	0	1	0.9833	11746.2542	11662.6257	11829.8827
angora-mb	/home/tephra/experiments/int16_simple_intervals/tc_0000000001.c	/home/tephra/experiments/int16_simple_intervals/in_0000000001	60	0	0	0	1.0000	2182.1333	2168.9414	2195.3253
angora-mb	/home/tephra/experiments/int16_simple_intervals/tc_0000000002.c	/home/tephra/experiments/int16_simple_intervals/in_0000000002	60	0	0	0	1.0000	1254.7333	1251.4586	1258.0081
angora-mb	/home/tephra/experiments/int16_simple_intervals/tc_0000000003.c	/home/tephra/experiments/int16_simple_intervals/in_0000000003	60	0	0	0	1.0000	1056.7167	1056.6360	1056.7974
aflgo	/home/tephra/experiments/int16_simple_intervals/tc_0000000000.c	/home/tephra/experiments/int16_simple_intervals/in_0000000000	60	0	0	0	1.0000	8916.9667	8834.3750	8999.5584
aflgo	/home/tephra/experiments/int16_simple_intervals/tc_0000000001.c	/home/tephra/experiments/int16_simple_intervals/in_0000000001	60	0	0	0	1.0000	748.2667	744.1591	752.3742
aflgo	/home/tephra/experiments/int16_simple_intervals/tc_0000000002.c	/home/tephra/experiments/int16_simple_intervals/in_0000000002	60	0	0	0	1.0000	259.5500	258.8788	260.2212
aflgo	/home/tephra/experiments/int16_simple_intervals/tc_0000000003.c	/home/tephra/experiments/int16_simple_intervals/in_0000000003	60	0	0	0	1.0000	222.5667	222.3581	222.7753
afl++-qemu-cmplog	/home/tephra/experiments/int16_simple_intervals/tc_0000000000.c	/home/tephra/experiments/int16_simple_intervals/in_0000000000	60	0	0	0	1.0000	3630.7333	3603.0289	3658.4378
afl++-qemu-cmplog	/home/tephra/experiments/int16_simple_intervals/tc_0000000001.c	/home/tephra/experiments/int16_simple_intervals/in_0000000001	60	0	0	0	1.0000	435.4500	434.3759	436.5241
afl++-qemu-cmplog	/home/tephra/experiments/int16_simple_intervals/tc_0000000002.c	/home/tephra/experiments/int16_simple_intervals/in_0000000002	60	0	0	0	1.0000	354.6000	354.4813	354.7187
afl++-qemu-cmplog	/home/tephra/experiments/int16_simple_intervals/tc_0000000003.c	/home/tephra/experiments/int16_simple_intervals/in_0000000003	60	0	0	0	1.0000	350.8667	350.7130	351.0203
afl++-qemu-compcov	/home/tephra/experiments/int16_simple_intervals/tc_0000000000.c	/home/tephra/experiments/int16_simple_intervals/in_0000000000	60	0	0	0	1.0000	630.2000	623.7778	636.6222
afl++-qemu-compcov	/home/tephra/experiments/int16_simple_intervals/tc_0000000001.c	/home/tephra/experiments/int16_simple_intervals/in_0000000001	60	0	0	0	1.0000	381.8000	381.0538	382.5462
afl++-qemu-compcov	/home/tephra/experiments/int16_simple_intervals/tc_0000000002.c	/home/tephra/experiments/int16_simple_intervals/in_0000000002	60	0	0	0	1.0000	353.0500	352.9408	353.1592
afl++-qemu-compcov	/home/tephra/experiments/int16_simple_intervals/tc_0000000003.c	/home/tephra/experiments/int16_simple_intervals/in_0000000003	60	0	0	0	1.0000	352.5000	352.3719	352.6281
honggfuzz-qemu	/home/tephra/experiments/int16_simple_intervals/tc_0000000000.c	/home/tephra/experiments/int16_simple_intervals/in_0000000000	57	3	0	0	0.9500	443502.8947	436826.7066	450179.0828
honggfuzz-qemu	/home/tephra/experiments/int16_simple_intervals/tc_0000000001.c	/home/tephra/experiments/int16_simple_intervals/in_0000000001	60	0	0	0	1.0000	39925.4667	39485.0732	40365.8601
honggfuzz-qemu	/home/tephra/experiments/int16_simple_intervals/tc_0000000002.c	/home/tephra/experiments/int16_simple_intervals/in_0000000002	60	0	0	0	1.0000	18163.5167	17927.4617	18399.5716
honggfuzz-qemu	/home/tephra/experiments/int16_simple_intervals/tc_0000000003.c	/home/tephra/experiments/int16_simple_intervals/in_0000000003	60	0	0	0	1.0000	1847.3333	1834.5147	1860.1519
arvin	/home/tephra/experiments/int16_simple_intervals/tc_0000000000.c	/home/tephra/experiments/int16_simple_intervals/in_0000000000	54	0	0	6	0.9000	30069.6667	29841.9326	30297.4007
arvin	/home/tephra/experiments/int16_simple_intervals/tc_0000000001.c	/home/tephra/experiments/int16_simple_intervals/in_0000000001	56	0	0	4	0.9333	5653.8929	5621.2178	5686.5679
arvin	/home/tephra/experiments/int16_simple_intervals/tc_0000000002.c	/home/tephra/experiments/int16_simple_intervals/in_0000000002	54	0	0	6	0.9000	2039.6852	2029.0629	2050.3075
arvin	/home/tephra/experiments/int16_simple_intervals/tc_0000000003.c	/home/tephra/experiments/int16_simple_intervals/in_0000000003	53	0	0	7	0.8833	1430.8302	1421.8834	1439.7770
dataflow	/home/tephra/experiments/int16_simple_intervals/tc_0000000000.c	/home/tephra/experiments/int16_simple_intervals/in_0000000000	60	0	0	0	1.0000	33250.3833	32996.0596	33504.7071
dataflow	/home/tephra/experiments/int16_simple_intervals/tc_0000000001.c	/home/tephra/experiments/int16_simple_intervals/in_0000000001	60	0	0	0	1.0000	3857.3833	3846.8067	3867.9600
dataflow	/home/tephra/experiments/int16_simple_intervals/tc_0000000002.c	/home/tephra/experiments/int16_simple_intervals/in_0000000002	60	0	0	0	1.0000	2441.2500	2439.1897	2443.3103
dataflow	/home/tephra/experiments/int16_simple_intervals/tc_0000000003.c	/home/tephra/experiments/int16_simple_intervals/in_0000000003	60	0	0	0	1.0000	2237.5333	2237.2006	2237.8660
symcc	/home/tephra/experiments/int16_simple_intervals/tc_0000000000.c	/home/tephra/experiments/int16_simple_intervals/in_0000000000	60	0	0	0	1.0000	3970.2167	3963.1276	3977.3057
symcc	/home/tephra/experiments/int16_simple_intervals/tc_0000000001.c	/home/tephra/experiments/int16_simple_intervals/in_0000000001	60	0	0	0	1.0000	4022.8500	4020.0915	4025.6085
symcc	/home/tephra/experiments/int16_simple_intervals/tc_0000000002.c	/home/tephra/experiments/int16_simple_intervals/in_0000000002	60	0	0	0	1.0000	3391.8333	3386.6481	3397.0186
symcc	/home/tephra/experiments/int16_simple_intervals/tc_0000000003.c	/home/tephra/experiments/int16_simple_intervals/in_0000000003	60	0	0	0	1.0000	2114.1667	2103.9857	2124.3476
afl-qemu	/home/tephra/experiments/int16_simple_intervals/tc_0000000000.c	/home/tephra/experiments/int16_simple_intervals/in_0000000000	60	0	0	0	1.0000	86862.5333	86231.0894	87493.9772
afl-qemu	/home/tephra/experiments/int16_simple_intervals/tc_0000000001.c	/home/tephra/experiments/int16_simple_intervals/in_0000000001	60	0	0	0	1.0000	5168.7167	5132.2128	5205.2205
afl-qemu	/home/tephra/experiments/int16_simple_intervals/tc_0000000002.c	/home/tephra/experiments/int16_simple_intervals/in_0000000002	60	0	0	0	1.0000	1038.0000	1033.4205	1042.5795
afl-qemu	/home/tephra/experiments/int16_simple_intervals/tc_0000000003.c	/home/tephra/experiments/int16_simple_intervals/in_0000000003	60	0	0	0	1.0000	445.8833	444.2272	447.5395
angora-random	/home/tephra/experiments/int16_simple_intervals/tc_0000000000.c	/home/tephra/experiments/int16_simple_intervals/in_0000000000	60	0	0	0	1.0000	15402.5833	15252.9514	15552.2152
angora-random	/home/tephra/experiments/int16_simple_intervals/tc_0000000001.c	/home/tephra/experiments/int16_simple_intervals/in_0000000001	60	0	0	0	1.0000	3646.4333	3610.7014	3682.1653
angora-random	/home/tephra/experiments/int16_simple_intervals/tc_0000000002.c	/home/tephra/experiments/int16_simple_intervals/in_0000000002	59	0	0	1	0.9833	1707.4576	1694.2177	1720.6976
angora-random	/home/tephra/experiments/int16_simple_intervals/tc_0000000003.c	/home/tephra/experiments/int16_simple_intervals/in_0000000003	60	0	0	0	1.0000	1081.5000	1080.0056	1082.9944
klee	/home/tephra/experiments/int16_simple_intervals/tc_0000000000.c	/home/tephra/experiments/int16_simple_intervals/in_0000000000	60	0	0	0	1.0000	788.2833	786.6595	789.9072
klee	/home/tephra/experiments/int16_simple_intervals/tc_0000000001.c	/home/tephra/experiments/int16_simple_intervals/in_0000000001	60	0	0	0	1.0000	786.6333	784.8577	788.4089
klee	/home/tephra/experiments/int16_simple_intervals/tc_0000000002.c	/home/tephra/experiments/int16_simple_intervals/in_0000000002	60	0	0	0	1.0000	800.9500	799.0804	802.8196
klee	/home/tephra/experiments/int16_simple_intervals/tc_0000000003.c	/home/tephra/experiments/int16_simple_intervals/in_0000000003	60	0	0	0	1.0000	792.0667	790.3802	793.7532
