fuzzer	put	corpus	success	timeout	invalid	error	ratio	ttt	cleft	cright
afl-gcc	/home/tephra/experiments/uint16_simple_intervals/tc_0000000000.c	/home/tephra/experiments/uint16_simple_intervals/in_0000000000	60	0	0	0	1.0000	55148.4333	54788.6435	55508.2232
afl-gcc	/home/tephra/experiments/uint16_simple_intervals/tc_0000000001.c	/home/tephra/experiments/uint16_simple_intervals/in_0000000001	60	0	0	0	1.0000	12494.3500	12389.3301	12599.3699
afl-gcc	/home/tephra/experiments/uint16_simple_intervals/tc_0000000002.c	/home/tephra/experiments/uint16_simple_intervals/in_0000000002	60	0	0	0	1.0000	825.3833	820.6828	830.0839
afl-gcc	/home/tephra/experiments/uint16_simple_intervals/tc_0000000003.c	/home/tephra/experiments/uint16_simple_intervals/in_0000000003	60	0	0	0	1.0000	264.1333	263.4733	264.7933
afl-clang-fast	/home/tephra/experiments/uint16_simple_intervals/tc_0000000000.c	/home/tephra/experiments/uint16_simple_intervals/in_0000000000	60	0	0	0	1.0000	56918.7333	56569.2365	57268.2302
afl-clang-fast	/home/tephra/experiments/uint16_simple_intervals/tc_0000000001.c	/home/tephra/experiments/uint16_simple_intervals/in_0000000001	60	0	0	0	1.0000	10586.8333	10495.1839	10678.4828
afl-clang-fast	/home/tephra/experiments/uint16_simple_intervals/tc_0000000002.c	/home/tephra/experiments/uint16_simple_intervals/in_0000000002	60	0	0	0	1.0000	882.2500	876.7087	887.7913
afl-clang-fast	/home/tephra/experiments/uint16_simple_intervals/tc_0000000003.c	/home/tephra/experiments/uint16_simple_intervals/in_0000000003	60	0	0	0	1.0000	251.8833	251.3373	252.4294
afl-libtokencap	/home/tephra/experiments/uint16_simple_intervals/tc_0000000000.c	/home/tephra/experiments/uint16_simple_intervals/in_0000000000	60	0	0	0	1.0000	41937.6500	41593.5888	42281.7112
afl-libtokencap	/home/tephra/experiments/uint16_simple_intervals/tc_0000000001.c	/home/tephra/experiments/uint16_simple_intervals/in_0000000001	60	0	0	0	1.0000	11469.1500	11389.9928	11548.3072
afl-libtokencap	/home/tephra/experiments/uint16_simple_intervals/tc_0000000002.c	/home/tephra/experiments/uint16_simple_intervals/in_0000000002	60	0	0	0	1.0000	1022.1167	1016.4995	1027.7338
afl-libtokencap	/home/tephra/experiments/uint16_simple_intervals/tc_0000000003.c	/home/tephra/experiments/uint16_simple_intervals/in_0000000003	60	0	0	0	1.0000	401.3833	400.4993	402.2674
radamsa	/home/tephra/experiments/uint16_simple_intervals/tc_0000000000.c	/home/tephra/experiments/uint16_simple_intervals/in_0000000000	0	51	9	0	0.0000	-	-	-
radamsa	/home/tephra/experiments/uint16_simple_intervals/tc_0000000001.c	/home/tephra/experiments/uint16_simple_intervals/in_0000000001	0	56	4	0	0.0000	-	-	-
radamsa	/home/tephra/experiments/uint16_simple_intervals/tc_0000000002.c	/home/tephra/experiments/uint16_simple_intervals/in_0000000002	0	54	6	0	0.0000	-	-	-
radamsa	/home/tephra/experiments/uint16_simple_intervals/tc_0000000003.c	/home/tephra/experiments/uint16_simple_intervals/in_0000000003	0	49	11	0	0.0000	-	-	-
libfuzzer	/home/tephra/experiments/uint16_simple_intervals/tc_0000000000.c	/home/tephra/experiments/uint16_simple_intervals/in_0000000000	60	0	0	0	1.0000	171.0167	170.9617	171.0716
libfuzzer	/home/tephra/experiments/uint16_simple_intervals/tc_0000000001.c	/home/tephra/experiments/uint16_simple_intervals/in_0000000001	60	0	0	0	1.0000	171.7500	171.7141	171.7859
libfuzzer	/home/tephra/experiments/uint16_simple_intervals/tc_0000000002.c	/home/tephra/experiments/uint16_simple_intervals/in_0000000002	60	0	0	0	1.0000	170.4500	170.4239	170.4761
libfuzzer	/home/tephra/experiments/uint16_simple_intervals/tc_0000000003.c	/home/tephra/experiments/uint16_simple_intervals/in_0000000003	60	0	0	0	1.0000	170.8000	170.7630	170.8370
libfuzzer-entropic	/home/tephra/experiments/uint16_simple_intervals/tc_0000000000.c	/home/tephra/experiments/uint16_simple_intervals/in_0000000000	60	0	0	0	1.0000	169.7667	169.7418	169.7915
libfuzzer-entropic	/home/tephra/experiments/uint16_simple_intervals/tc_0000000001.c	/home/tephra/experiments/uint16_simple_intervals/in_0000000001	60	0	0	0	1.0000	170.5667	170.5458	170.5875
libfuzzer-entropic	/home/tephra/experiments/uint16_simple_intervals/tc_0000000002.c	/home/tephra/experiments/uint16_simple_intervals/in_0000000002	60	0	0	0	1.0000	169.7667	169.7244	169.8089
libfuzzer-entropic	/home/tephra/experiments/uint16_simple_intervals/tc_0000000003.c	/home/tephra/experiments/uint16_simple_intervals/in_0000000003	60	0	0	0	1.0000	168.3333	168.3008	168.3658
dev-urandom	/home/tephra/experiments/uint16_simple_intervals/tc_0000000000.c	/home/tephra/experiments/uint16_simple_intervals/in_0000000000	60	0	0	0	1.0000	1679.7667	1665.3454	1694.1880
dev-urandom	/home/tephra/experiments/uint16_simple_intervals/tc_0000000001.c	/home/tephra/experiments/uint16_simple_intervals/in_0000000001	60	0	0	0	1.0000	173.0333	171.7094	174.3573
dev-urandom	/home/tephra/experiments/uint16_simple_intervals/tc_0000000002.c	/home/tephra/experiments/uint16_simple_intervals/in_0000000002	60	0	0	0	1.0000	17.4000	17.2694	17.5306
dev-urandom	/home/tephra/experiments/uint16_simple_intervals/tc_0000000003.c	/home/tephra/experiments/uint16_simple_intervals/in_0000000003	60	0	0	0	1.0000	2.8000	2.7859	2.8141
afl++	/home/tephra/experiments/uint16_simple_intervals/tc_0000000000.c	/home/tephra/experiments/uint16_simple_intervals/in_0000000000	60	0	0	0	1.0000	2133.7333	2117.2933	2150.1733
afl++	/home/tephra/experiments/uint16_simple_intervals/tc_0000000001.c	/home/tephra/experiments/uint16_simple_intervals/in_0000000001	60	0	0	0	1.0000	716.8500	713.1960	720.5040
afl++	/home/tephra/experiments/uint16_simple_intervals/tc_0000000002.c	/home/tephra/experiments/uint16_simple_intervals/in_0000000002	60	0	0	0	1.0000	212.8167	212.8090	212.8243
afl++	/home/tephra/experiments/uint16_simple_intervals/tc_0000000003.c	/home/tephra/experiments/uint16_simple_intervals/in_0000000003	60	0	0	0	1.0000	213.4833	213.4717	213.4949
afl++-cmplog	/home/tephra/experiments/uint16_simple_intervals/tc_0000000000.c	/home/tephra/experiments/uint16_simple_intervals/in_0000000000	60	0	0	0	1.0000	1920.5667	1903.2309	1937.9024
afl++-cmplog	/home/tephra/experiments/uint16_simple_intervals/tc_0000000001.c	/home/tephra/experiments/uint16_simple_intervals/in_0000000001	60	0	0	0	1.0000	774.8667	770.2271	779.5063
afl++-cmplog	/home/tephra/experiments/uint16_simple_intervals/tc_0000000002.c	/home/tephra/experiments/uint16_simple_intervals/in_0000000002	60	0	0	0	1.0000	214.0333	214.0231	214.0435
afl++-cmplog	/home/tephra/experiments/uint16_simple_intervals/tc_0000000003.c	/home/tephra/experiments/uint16_simple_intervals/in_0000000003	60	0	0	0	1.0000	214.1500	214.1407	214.1593
afl++-laf	/home/tephra/experiments/uint16_simple_intervals/tc_0000000000.c	/home/tephra/experiments/uint16_simple_intervals/in_0000000000	60	0	0	0	1.0000	1695.2333	1680.8158	1709.6508
afl++-laf	/home/tephra/experiments/uint16_simple_intervals/tc_0000000001.c	/home/tephra/experiments/uint16_simple_intervals/in_0000000001	60	0	0	0	1.0000	626.0500	622.1835	629.9165
afl++-laf	/home/tephra/experiments/uint16_simple_intervals/tc_0000000002.c	/home/tephra/experiments/uint16_simple_intervals/in_0000000002	60	0	0	0	1.0000	213.3667	213.3551	213.3782
afl++-laf	/home/tephra/experiments/uint16_simple_intervals/tc_0000000003.c	/home/tephra/experiments/uint16_simple_intervals/in_0000000003	60	0	0	0	1.0000	214.6833	214.6585	214.7082
afl++-mopt	/home/tephra/experiments/uint16_simple_intervals/tc_0000000000.c	/home/tephra/experiments/uint16_simple_intervals/in_0000000000	60	0	0	0	1.0000	1820.2500	1806.4059	1834.0941
afl++-mopt	/home/tephra/experiments/uint16_simple_intervals/tc_0000000001.c	/home/tephra/experiments/uint16_simple_intervals/in_0000000001	60	0	0	0	1.0000	550.0333	547.0846	552.9821
afl++-mopt	/home/tephra/experiments/uint16_simple_intervals/tc_0000000002.c	/home/tephra/experiments/uint16_simple_intervals/in_0000000002	60	0	0	0	1.0000	213.5333	213.5196	213.5470
afl++-mopt	/home/tephra/experiments/uint16_simple_intervals/tc_0000000003.c	/home/tephra/experiments/uint16_simple_intervals/in_0000000003	60	0	0	0	1.0000	213.8333	213.8175	213.8491
honggfuzz	/home/tephra/experiments/uint16_simple_intervals/tc_0000000000.c	/home/tephra/experiments/uint16_simple_intervals/in_0000000000	60	0	0	0	1.0000	1217.8833	1213.3137	1222.4529
honggfuzz	/home/tephra/experiments/uint16_simple_intervals/tc_0000000001.c	/home/tephra/experiments/uint16_simple_intervals/in_0000000001	60	0	0	0	1.0000	1154.7000	1151.1772	1158.2228
honggfuzz	/home/tephra/experiments/uint16_simple_intervals/tc_0000000002.c	/home/tephra/experiments/uint16_simple_intervals/in_0000000002	60	0	0	0	1.0000	1004.4000	1004.3942	1004.4058
honggfuzz	/home/tephra/experiments/uint16_simple_intervals/tc_0000000003.c	/home/tephra/experiments/uint16_simple_intervals/in_0000000003	60	0	0	0	1.0000	1005.2500	1005.2434	1005.2566
wingfuzz	/home/tephra/experiments/uint16_simple_intervals/tc_0000000000.c	/home/tephra/experiments/uint16_simple_intervals/in_0000000000	60	0	0	0	1.0000	7.9333	7.9221	7.9446
wingfuzz	/home/tephra/experiments/uint16_simple_intervals/tc_0000000001.c	/home/tephra/experiments/uint16_simple_intervals/in_0000000001	60	0	0	0	1.0000	16.3667	16.3271	16.4063
wingfuzz	/home/tephra/experiments/uint16_simple_intervals/tc_0000000002.c	/home/tephra/experiments/uint16_simple_intervals/in_0000000002	60	0	0	0	1.0000	12.4500	12.4025	12.4975
wingfuzz	/home/tephra/experiments/uint16_simple_intervals/tc_0000000003.c	/home/tephra/experiments/uint16_simple_intervals/in_0000000003	60	0	0	0	1.0000	8.4333	8.4183	8.4484
libafl	/home/tephra/experiments/uint16_simple_intervals/tc_0000000000.c	/home/tephra/experiments/uint16_simple_intervals/in_0000000000	60	0	0	0	1.0000	101.9500	101.2317	102.6683
libafl	/home/tephra/experiments/uint16_simple_intervals/tc_0000000001.c	/home/tephra/experiments/uint16_simple_intervals/in_0000000001	60	0	0	0	1.0000	51.9500	51.6093	52.2907
libafl	/home/tephra/experiments/uint16_simple_intervals/tc_0000000002.c	/home/tephra/experiments/uint16_simple_intervals/in_0000000002	60	0	0	0	1.0000	12.3500	12.3247	12.3753
libafl	/home/tephra/experiments/uint16_simple_intervals/tc_0000000003.c	/home/tephra/experiments/uint16_simple_intervals/in_0000000003	60	0	0	0	1.0000	9.9500	9.9389	9.9611
libafl-libfuzzer	/home/tephra/experiments/uint16_simple_intervals/tc_0000000000.c	/home/tephra/experiments/uint16_simple_intervals/in_0000000000	60	0	0	0	1.0000	455.2000	452.5437	457.8563
libafl-libfuzzer	/home/tephra/experiments/uint16_simple_intervals/tc_0000000001.c	/home/tephra/experiments/uint16_simple_intervals/in_0000000001	60	0	0	0	1.0000	241.8167	241.1192	242.5141
libafl-libfuzzer	/home/tephra/experiments/uint16_simple_intervals/tc_0000000002.c	/home/tephra/experiments/uint16_simple_intervals/in_0000000002	60	0	0	0	1.0000	157.1167	156.7431	157.4902
libafl-libfuzzer	/home/tephra/experiments/uint16_simple_intervals/tc_0000000003.c	/home/tephra/experiments/uint16_simple_intervals/in_0000000003	60	0	0	0	1.0000	168.3167	167.8955	168.7378
ddfuzz	/home/tephra/experiments/uint16_simple_intervals/tc_0000000000.c	/home/tephra/experiments/uint16_simple_intervals/in_0000000000	60	0	0	0	1.0000	3336.1667	3308.7317	3363.6016
ddfuzz	/home/tephra/experiments/uint16_simple_intervals/tc_0000000001.c	/home/tephra/experiments/uint16_simple_intervals/in_0000000001	60	0	0	0	1.0000	683.4667	679.9938	686.9395
ddfuzz	/home/tephra/experiments/uint16_simple_intervals/tc_0000000002.c	/home/tephra/experiments/uint16_simple_intervals/in_0000000002	60	0	0	0	1.0000	241.5833	241.4545	241.7122
ddfuzz	/home/tephra/experiments/uint16_simple_intervals/tc_0000000003.c	/home/tephra/experiments/uint16_simple_intervals/in_0000000003	60	0	0	0	1.0000	232.8500	232.8295	232.8705
fairfuzz	/home/tephra/experiments/uint16_simple_intervals/tc_0000000000.c	/home/tephra/experiments/uint16_simple_intervals/in_0000000000	60	0	0	0	1.0000	3630.6833	3605.2545	3656.1121
fairfuzz	/home/tephra/experiments/uint16_simple_intervals/tc_0000000001.c	/home/tephra/experiments/uint16_simple_intervals/in_0000000001	60	0	0	0	1.0000	1447.5833	1438.1118	1457.0548
fairfuzz	/home/tephra/experiments/uint16_simple_intervals/tc_0000000002.c	/home/tephra/experiments/uint16_simple_intervals/in_0000000002	60	0	0	0	1.0000	274.1000	273.2268	274.9732
fairfuzz	/home/tephra/experiments/uint16_simple_intervals/tc_0000000003.c	/home/tephra/experiments/uint16_simple_intervals/in_0000000003	60	0	0	0	1.0000	211.9667	211.9486	211.9847
ecofuzz	/home/tephra/experiments/uint16_simple_intervals/tc_0000000000.c	/home/tephra/experiments/uint16_simple_intervals/in_0000000000	60	0	0	0	1.0000	14724.0500	14598.7866	14849.3134
ecofuzz	/home/tephra/experiments/uint16_simple_intervals/tc_0000000001.c	/home/tephra/experiments/uint16_simple_intervals/in_0000000001	60	0	0	0	1.0000	1409.9167	1397.5579	1422.2755
ecofuzz	/home/tephra/experiments/uint16_simple_intervals/tc_0000000002.c	/home/tephra/experiments/uint16_simple_intervals/in_0000000002	60	0	0	0	1.0000	243.8000	243.2018	244.3982
ecofuzz	/home/tephra/experiments/uint16_simple_intervals/tc_0000000003.c	/home/tephra/experiments/uint16_simple_intervals/in_0000000003	60	0	0	0	1.0000	213.6500	213.6301	213.6699
fafuzz	/home/tephra/experiments/uint16_simple_intervals/tc_0000000000.c	/home/tephra/experiments/uint16_simple_intervals/in_0000000000	60	0	0	0	1.0000	11915.4500	11832.8535	11998.0465
fafuzz	/home/tephra/experiments/uint16_simple_intervals/tc_0000000001.c	/home/tephra/experiments/uint16_simple_intervals/in_0000000001	60	0	0	0	1.0000	2153.1167	2134.8807	2171.3526
fafuzz	/home/tephra/experiments/uint16_simple_intervals/tc_0000000002.c	/home/tephra/experiments/uint16_simple_intervals/in_0000000002	60	0	0	0	1.0000	295.8167	294.5862	297.0471
fafuzz	/home/tephra/experiments/uint16_simple_intervals/tc_0000000003.c	/home/tephra/experiments/uint16_simple_intervals/in_0000000003	60	0	0	0	1.0000	214.5667	214.5393	214.5940
darwin	/home/tephra/experiments/uint16_simple_intervals/tc_0000000000.c	/home/tephra/experiments/uint16_simple_intervals/in_0000000000	60	0	0	0	1.0000	4198.8667	4154.9471	4242.7862
darwin	/home/tephra/experiments/uint16_simple_intervals/tc_0000000001.c	/home/tephra/experiments/uint16_simple_intervals/in_0000000001	60	0	0	0	1.0000	1078.3667	1070.6366	1086.0968
darwin	/home/tephra/experiments/uint16_simple_intervals/tc_0000000002.c	/home/tephra/experiments/uint16_simple_intervals/in_0000000002	60	0	0	0	1.0000	358.5333	357.5721	359.4945
darwin	/home/tephra/experiments/uint16_simple_intervals/tc_0000000003.c	/home/tephra/experiments/uint16_simple_intervals/in_0000000003	60	0	0	0	1.0000	242.8667	242.2769	243.4565
angora	/home/tephra/experiments/uint16_simple_intervals/tc_0000000000.c	/home/tephra/experiments/uint16_simple_intervals/in_0000000000	60	0	0	0	1.0000	1051.8500	1051.7467	1051.9533
angora	/home/tephra/experiments/uint16_simple_intervals/tc_0000000001.c	/home/tephra/experiments/uint16_simple_intervals/in_0000000001	60	0	0	0	1.0000	6200.3000	6123.2395	6277.3605
angora	/home/tephra/experiments/uint16_simple_intervals/tc_0000000002.c	/home/tephra/experiments/uint16_simple_intervals/in_0000000002	59	0	0	1	0.9833	1592.1186	1580.7956	1603.4417
angora	/home/tephra/experiments/uint16_simple_intervals/tc_0000000003.c	/home/tephra/experiments/uint16_simple_intervals/in_0000000003	60	0	0	0	1.0000	1151.7000	1149.2148	1154.1852
angora-mb	/home/tephra/experiments/uint16_simple_intervals/tc_0000000000.c	/home/tephra/experiments/uint16_simple_intervals/in_0000000000	59	0	0	1	0.9833	14558.8475	14446.9955	14670.6994
angora-mb	/home/tephra/experiments/uint16_simple_intervals/tc_0000000001.c	/home/tephra/experiments/uint16_simple_intervals/in_0000000001	59	0	0	1	0.9833	2605.8305	2590.6110	2621.0500
angora-mb	/home/tephra/experiments/uint16_simple_intervals/tc_0000000002.c	/home/tephra/experiments/uint16_simple_intervals/in_0000000002	60	0	0	0	1.0000	1382.0333	1376.7089	1387.3578
angora-mb	/home/tephra/experiments/uint16_simple_intervals/tc_0000000003.c	/home/tephra/experiments/uint16_simple_intervals/in_0000000003	59	0	0	1	0.9833	1065.2373	1064.1551	1066.3195
aflgo	/home/tephra/experiments/uint16_simple_intervals/tc_0000000000.c	/home/tephra/experiments/uint16_simple_intervals/in_0000000000	60	0	0	0	1.0000	9613.4667	9548.3126	9678.6208
aflgo	/home/tephra/experiments/uint16_simple_intervals/tc_0000000001.c	/home/tephra/experiments/uint16_simple_intervals/in_0000000001	60	0	0	0	1.0000	2171.2167	2156.9943	2185.4391
aflgo	/home/tephra/experiments/uint16_simple_intervals/tc_0000000002.c	/home/tephra/experiments/uint16_simple_intervals/in_0000000002	60	0	0	0	1.0000	338.7333	337.3609	340.1057
aflgo	/home/tephra/experiments/uint16_simple_intervals/tc_0000000003.c	/home/tephra/experiments/uint16_simple_intervals/in_0000000003	60	0	0	0	1.0000	221.1500	221.1008	221.1992
afl++-qemu-cmplog	/home/tephra/experiments/uint16_simple_intervals/tc_0000000000.c	/home/tephra/experiments/uint16_simple_intervals/in_0000000000	60	0	0	0	1.0000	1334.2500	1324.8349	1343.6651
afl++-qemu-cmplog	/home/tephra/experiments/uint16_simple_intervals/tc_0000000001.c	/home/tephra/experiments/uint16_simple_intervals/in_0000000001	60	0	0	0	1.0000	791.4667	787.5990	795.3344
afl++-qemu-cmplog	/home/tephra/experiments/uint16_simple_intervals/tc_0000000002.c	/home/tephra/experiments/uint16_simple_intervals/in_0000000002	60	0	0	0	1.0000	352.8500	352.4790	353.2210
afl++-qemu-cmplog	/home/tephra/experiments/uint16_simple_intervals/tc_0000000003.c	/home/tephra/experiments/uint16_simple_intervals/in_0000000003	60	0	0	0	1.0000	335.2667	335.0663	335.4671
afl++-qemu-compcov	/home/tephra/experiments/uint16_simple_intervals/tc_0000000000.c	/home/tephra/experiments/uint16_simple_intervals/in_0000000000	60	0	0	0	1.0000	398.3833	396.8159	399.9508
afl++-qemu-compcov	/home/tephra/experiments/uint16_simple_intervals/tc_0000000001.c	/home/tephra/experiments/uint16_simple_intervals/in_0000000001	60	0	0	0	1.0000	368.0000	367.3619	368.6381
afl++-qemu-compcov	/home/tephra/experiments/uint16_simple_intervals/tc_0000000002.c	/home/tephra/experiments/uint16_simple_intervals/in_0000000002	60	0	0	0	1.0000	348.7667	348.6479	348.8854
afl++-qemu-compcov	/home/tephra/experiments/uint16_simple_intervals/tc_0000000003.c	/home/tephra/experiments/uint16_simple_intervals/in_0000000003	60	0	0	0	1.0000	347.5333	347.4185	347.6481
honggfuzz-qemu	/home/tephra/experiments/uint16_simple_intervals/tc_0000000000.c	/home/tephra/experiments/uint16_simple_intervals/in_0000000000	60	0	0	0	1.0000	35028.7333	34733.0124	35324.4543
honggfuzz-qemu	/home/tephra/experiments/uint16_simple_intervals/tc_0000000001.c	/home/tephra/experiments/uint16_simple_intervals/in_0000000001	60	0	0	0	1.0000	68194.8167	67262.4180	69127.2153
honggfuzz-qemu	/home/tephra/experiments/uint16_simple_intervals/tc_0000000002.c	/home/tephra/experiments/uint16_simple_intervals/in_0000000002	60	0	0	0	1.0000	12200.3500	12088.0261	12312.6739
honggfuzz-qemu	/home/tephra/experiments/uint16_simple_intervals/tc_0000000003.c	/home/tephra/experiments/uint16_simple_intervals/in_0000000003	60	0	0	0	1.0000	1020.7000	1020.2328	1021.1672
arvin	/home/tephra/experiments/uint16_simple_intervals/tc_0000000000.c	/home/tephra/experiments/uint16_simple_intervals/in_0000000000	57	0	0	3	0.9500	19225.0877	19088.2056	19361.9698
arvin	/home/tephra/experiments/uint16_simple_intervals/tc_0000000001.c	/home/tephra/experiments/uint16_simple_intervals/in_0000000001	56	0	0	4	0.9333	6801.3393	6761.8360	6840.8425
arvin	/home/tephra/experiments/uint16_simple_intervals/tc_0000000002.c	/home/tephra/experiments/uint16_simple_intervals/in_0000000002	54	0	0	6	0.9000	2104.2963	2097.0778	2111.5148
arvin	/home/tephra/experiments/uint16_simple_intervals/tc_0000000003.c	/home/tephra/experiments/uint16_simple_intervals/in_0000000003	52	0	0	8	0.8667	1927.4808	1921.4573	1933.5043
dataflow	/home/tephra/experiments/uint16_simple_intervals/tc_0000000000.c	/home/tephra/experiments/uint16_simple_intervals/in_0000000000	60	0	0	0	1.0000	24195.0667	24018.5873	24371.5461
dataflow	/home/tephra/experiments/uint16_simple_intervals/tc_0000000001.c	/home/tephra/experiments/uint16_simple_intervals/in_0000000001	60	0	0	0	1.0000	7251.3667	7214.5904	7288.1430
dataflow	/home/tephra/experiments/uint16_simple_intervals/tc_0000000002.c	/home/tephra/experiments/uint16_simple_intervals/in_0000000002	60	0	0	0	1.0000	2531.2167	2528.1822	2534.2511
dataflow	/home/tephra/experiments/uint16_simple_intervals/tc_0000000003.c	/home/tephra/experiments/uint16_simple_intervals/in_0000000003	60	0	0	0	1.0000	2242.4833	2242.1038	2242.8628
symcc	/home/tephra/experiments/uint16_simple_intervals/tc_0000000000.c	/home/tephra/experiments/uint16_simple_intervals/in_0000000000	60	0	0	0	1.0000	3575.4500	3571.2369	3579.6631
symcc	/home/tephra/experiments/uint16_simple_intervals/tc_0000000001.c	/home/tephra/experiments/uint16_simple_intervals/in_0000000001	60	0	0	0	1.0000	4241.7167	4239.1434	4244.2900
symcc	/home/tephra/experiments/uint16_simple_intervals/tc_0000000002.c	/home/tephra/experiments/uint16_simple_intervals/in_0000000002	60	0	0	0	1.0000	4413.0500	4398.6368	4427.4632
symcc	/home/tephra/experiments/uint16_simple_intervals/tc_0000000003.c	/home/tephra/experiments/uint16_simple_intervals/in_0000000003	60	0	0	0	1.0000	2041.4833	2032.2190	2050.7477
afl-qemu	/home/tephra/experiments/uint16_simple_intervals/tc_0000000000.c	/home/tephra/experiments/uint16_simple_intervals/in_0000000000	60	0	0	0	1.0000	92921.6667	92174.5776	93668.7557
afl-qemu	/home/tephra/experiments/uint16_simple_intervals/tc_0000000001.c	/home/tephra/experiments/uint16_simple_intervals/in_0000000001	60	0	0	0	1.0000	19360.9833	19229.1123	19492.8543
afl-qemu	/home/tephra/experiments/uint16_simple_intervals/tc_0000000002.c	/home/tephra/experiments/uint16_simple_intervals/in_0000000002	60	0	0	0	1.0000	1670.2000	1659.8931	1680.5069
afl-qemu	/home/tephra/experiments/uint16_simple_intervals/tc_0000000003.c	/home/tephra/experiments/uint16_simple_intervals/in_0000000003	60	0	0	0	1.0000	542.0833	539.7769	544.3897
angora-random	/home/tephra/experiments/uint16_simple_intervals/tc_0000000000.c	/home/tephra/experiments/uint16_simple_intervals/in_0000000000	60	0	0	0	1.0000	17288.6833	17115.3482	17462.0185
angora-random	/home/tephra/experiments/uint16_simple_intervals/tc_0000000001.c	/home/tephra/experiments/uint16_simple_intervals/in_0000000001	59	0	0	1	0.9833	4117.3559	4076.0349	4158.6769
angora-random	/home/tephra/experiments/uint16_simple_intervals/tc_0000000002.c	/home/tephra/experiments/uint16_simple_intervals/in_0000000002	60	0	0	0	1.0000	1998.2000	1981.5748	2014.8252
angora-random	/home/tephra/experiments/uint16_simple_intervals/tc_0000000003.c	/home/tephra/experiments/uint16_simple_intervals/in_0000000003	60	0	0	0	1.0000	1099.5333	1097.7180	1101.3487
klee	/home/tephra/experiments/uint16_simple_intervals/tc_0000000000.c	/home/tephra/experiments/uint16_simple_intervals/in_0000000000	60	0	0	0	1.0000	672.9500	671.6229	674.2771
klee	/home/tephra/experiments/uint16_simple_intervals/tc_0000000001.c	/home/tephra/experiments/uint16_simple_intervals/in_0000000001	60	0	0	0	1.0000	674.5667	673.3077	675.8257
klee	/home/tephra/experiments/uint16_simple_intervals/tc_0000000002.c	/home/tephra/experiments/uint16_simple_intervals/in_0000000002	60	0	0	0	1.0000	694.9333	693.5744	696.2922
klee	/home/tephra/experiments/uint16_simple_intervals/tc_0000000003.c	/home/tephra/experiments/uint16_simple_intervals/in_0000000003	60	0	0	0	1.0000	682.9167	681.6627	684.1706
