fuzzer	put	corpus	success	timeout	invalid	error	ratio	ttt	cleft	cright
afl-gcc	/home/tephra/experiments/int64_const_chain/tc_0001.c	/home/tephra/experiments/int64_const_chain/in_0001	0	60	0	0	0.0000	-	-	-
afl-gcc	/home/tephra/experiments/int64_const_chain/tc_0002.c	/home/tephra/experiments/int64_const_chain/in_0002	0	60	0	0	0.0000	-	-	-
afl-gcc	/home/tephra/experiments/int64_const_chain/tc_0003.c	/home/tephra/experiments/int64_const_chain/in_0003	0	60	0	0	0.0000	-	-	-
afl-gcc	/home/tephra/experiments/int64_const_chain/tc_0004.c	/home/tephra/experiments/int64_const_chain/in_0004	0	60	0	0	0.0000	-	-	-
afl-gcc	/home/tephra/experiments/int64_const_chain/tc_0005.c	/home/tephra/experiments/int64_const_chain/in_0005	0	60	0	0	0.0000	-	-	-
afl-gcc	/home/tephra/experiments/int64_const_chain/tc_0006.c	/home/tephra/experiments/int64_const_chain/in_0006	0	60	0	0	0.0000	-	-	-
afl-gcc	/home/tephra/experiments/int64_const_chain/tc_0007.c	/home/tephra/experiments/int64_const_chain/in_0007	0	60	0	0	0.0000	-	-	-
afl-gcc	/home/tephra/experiments/int64_const_chain/tc_0008.c	/home/tephra/experiments/int64_const_chain/in_0008	0	60	0	0	0.0000	-	-	-
afl-gcc	/home/tephra/experiments/int64_const_chain/tc_0009.c	/home/tephra/experiments/int64_const_chain/in_0009	0	60	0	0	0.0000	-	-	-
afl-gcc	/home/tephra/experiments/int64_const_chain/tc_0010.c	/home/tephra/experiments/int64_const_chain/in_0010	0	60	0	0	0.0000	-	-	-
afl-clang-fast	/home/tephra/experiments/int64_const_chain/tc_0001.c	/home/tephra/experiments/int64_const_chain/in_0001	0	60	0	0	0.0000	-	-	-
afl-clang-fast	/home/tephra/experiments/int64_const_chain/tc_0002.c	/home/tephra/experiments/int64_const_chain/in_0002	0	60	0	0	0.0000	-	-	-
afl-clang-fast	/home/tephra/experiments/int64_const_chain/tc_0003.c	/home/tephra/experiments/int64_const_chain/in_0003	0	60	0	0	0.0000	-	-	-
afl-clang-fast	/home/tephra/experiments/int64_const_chain/tc_0004.c	/home/tephra/experiments/int64_const_chain/in_0004	0	60	0	0	0.0000	-	-	-
afl-clang-fast	/home/tephra/experiments/int64_const_chain/tc_0005.c	/home/tephra/experiments/int64_const_chain/in_0005	0	60	0	0	0.0000	-	-	-
afl-clang-fast	/home/tephra/experiments/int64_const_chain/tc_0006.c	/home/tephra/experiments/int64_const_chain/in_0006	0	60	0	0	0.0000	-	-	-
afl-clang-fast	/home/tephra/experiments/int64_const_chain/tc_0007.c	/home/tephra/experiments/int64_const_chain/in_0007	0	60	0	0	0.0000	-	-	-
afl-clang-fast	/home/tephra/experiments/int64_const_chain/tc_0008.c	/home/tephra/experiments/int64_const_chain/in_0008	0	60	0	0	0.0000	-	-	-
afl-clang-fast	/home/tephra/experiments/int64_const_chain/tc_0009.c	/home/tephra/experiments/int64_const_chain/in_0009	0	60	0	0	0.0000	-	-	-
afl-clang-fast	/home/tephra/experiments/int64_const_chain/tc_0010.c	/home/tephra/experiments/int64_const_chain/in_0010	0	60	0	0	0.0000	-	-	-
afl-libtokencap	/home/tephra/experiments/int64_const_chain/tc_0001.c	/home/tephra/experiments/int64_const_chain/in_0001	0	60	0	0	0.0000	-	-	-
afl-libtokencap	/home/tephra/experiments/int64_const_chain/tc_0002.c	/home/tephra/experiments/int64_const_chain/in_0002	0	60	0	0	0.0000	-	-	-
afl-libtokencap	/home/tephra/experiments/int64_const_chain/tc_0003.c	/home/tephra/experiments/int64_const_chain/in_0003	0	60	0	0	0.0000	-	-	-
afl-libtokencap	/home/tephra/experiments/int64_const_chain/tc_0004.c	/home/tephra/experiments/int64_const_chain/in_0004	0	60	0	0	0.0000	-	-	-
afl-libtokencap	/home/tephra/experiments/int64_const_chain/tc_0005.c	/home/tephra/experiments/int64_const_chain/in_0005	0	60	0	0	0.0000	-	-	-
afl-libtokencap	/home/tephra/experiments/int64_const_chain/tc_0006.c	/home/tephra/experiments/int64_const_chain/in_0006	0	60	0	0	0.0000	-	-	-
afl-libtokencap	/home/tephra/experiments/int64_const_chain/tc_0007.c	/home/tephra/experiments/int64_const_chain/in_0007	0	60	0	0	0.0000	-	-	-
afl-libtokencap	/home/tephra/experiments/int64_const_chain/tc_0008.c	/home/tephra/experiments/int64_const_chain/in_0008	0	60	0	0	0.0000	-	-	-
afl-libtokencap	/home/tephra/experiments/int64_const_chain/tc_0009.c	/home/tephra/experiments/int64_const_chain/in_0009	0	60	0	0	0.0000	-	-	-
afl-libtokencap	/home/tephra/experiments/int64_const_chain/tc_0010.c	/home/tephra/experiments/int64_const_chain/in_0010	0	60	0	0	0.0000	-	-	-
radamsa	/home/tephra/experiments/int64_const_chain/tc_0001.c	/home/tephra/experiments/int64_const_chain/in_0001	0	57	3	0	0.0000	-	-	-
radamsa	/home/tephra/experiments/int64_const_chain/tc_0002.c	/home/tephra/experiments/int64_const_chain/in_0002	0	55	5	0	0.0000	-	-	-
radamsa	/home/tephra/experiments/int64_const_chain/tc_0003.c	/home/tephra/experiments/int64_const_chain/in_0003	0	59	1	0	0.0000	-	-	-
radamsa	/home/tephra/experiments/int64_const_chain/tc_0004.c	/home/tephra/experiments/int64_const_chain/in_0004	0	60	0	0	0.0000	-	-	-
radamsa	/home/tephra/experiments/int64_const_chain/tc_0005.c	/home/tephra/experiments/int64_const_chain/in_0005	0	60	0	0	0.0000	-	-	-
radamsa	/home/tephra/experiments/int64_const_chain/tc_0006.c	/home/tephra/experiments/int64_const_chain/in_0006	0	60	0	0	0.0000	-	-	-
radamsa	/home/tephra/experiments/int64_const_chain/tc_0007.c	/home/tephra/experiments/int64_const_chain/in_0007	0	59	1	0	0.0000	-	-	-
radamsa	/home/tephra/experiments/int64_const_chain/tc_0008.c	/home/tephra/experiments/int64_const_chain/in_0008	0	60	0	0	0.0000	-	-	-
radamsa	/home/tephra/experiments/int64_const_chain/tc_0009.c	/home/tephra/experiments/int64_const_chain/in_0009	0	59	1	0	0.0000	-	-	-
radamsa	/home/tephra/experiments/int64_const_chain/tc_0010.c	/home/tephra/experiments/int64_const_chain/in_0010	0	60	0	0	0.0000	-	-	-
dev-urandom	/home/tephra/experiments/int64_const_chain/tc_0001.c	/home/tephra/experiments/int64_const_chain/in_0001	0	60	0	0	0.0000	-	-	-
dev-urandom	/home/tephra/experiments/int64_const_chain/tc_0002.c	/home/tephra/experiments/int64_const_chain/in_0002	0	60	0	0	0.0000	-	-	-
dev-urandom	/home/tephra/experiments/int64_const_chain/tc_0003.c	/home/tephra/experiments/int64_const_chain/in_0003	0	60	0	0	0.0000	-	-	-
dev-urandom	/home/tephra/experiments/int64_const_chain/tc_0004.c	/home/tephra/experiments/int64_const_chain/in_0004	0	60	0	0	0.0000	-	-	-
dev-urandom	/home/tephra/experiments/int64_const_chain/tc_0005.c	/home/tephra/experiments/int64_const_chain/in_0005	0	60	0	0	0.0000	-	-	-
dev-urandom	/home/tephra/experiments/int64_const_chain/tc_0006.c	/home/tephra/experiments/int64_const_chain/in_0006	0	60	0	0	0.0000	-	-	-
dev-urandom	/home/tephra/experiments/int64_const_chain/tc_0007.c	/home/tephra/experiments/int64_const_chain/in_0007	0	60	0	0	0.0000	-	-	-
dev-urandom	/home/tephra/experiments/int64_const_chain/tc_0008.c	/home/tephra/experiments/int64_const_chain/in_0008	0	60	0	0	0.0000	-	-	-
dev-urandom	/home/tephra/experiments/int64_const_chain/tc_0009.c	/home/tephra/experiments/int64_const_chain/in_0009	0	60	0	0	0.0000	-	-	-
dev-urandom	/home/tephra/experiments/int64_const_chain/tc_0010.c	/home/tephra/experiments/int64_const_chain/in_0010	0	60	0	0	0.0000	-	-	-
afl++	/home/tephra/experiments/int64_const_chain/tc_0001.c	/home/tephra/experiments/int64_const_chain/in_0001	60	0	0	0	1.0000	214.6833	214.6581	214.7085
afl++	/home/tephra/experiments/int64_const_chain/tc_0002.c	/home/tephra/experiments/int64_const_chain/in_0002	60	0	0	0	1.0000	220.1000	219.8924	220.3076
afl++	/home/tephra/experiments/int64_const_chain/tc_0003.c	/home/tephra/experiments/int64_const_chain/in_0003	60	0	0	0	1.0000	270.7833	269.8719	271.6947
afl++	/home/tephra/experiments/int64_const_chain/tc_0004.c	/home/tephra/experiments/int64_const_chain/in_0004	60	0	0	0	1.0000	528.0667	526.3804	529.7530
afl++	/home/tephra/experiments/int64_const_chain/tc_0005.c	/home/tephra/experiments/int64_const_chain/in_0005	60	0	0	0	1.0000	1198.2500	1192.5500	1203.9500
afl++	/home/tephra/experiments/int64_const_chain/tc_0006.c	/home/tephra/experiments/int64_const_chain/in_0006	60	0	0	0	1.0000	1929.4500	1920.8131	1938.0869
afl++	/home/tephra/experiments/int64_const_chain/tc_0007.c	/home/tephra/experiments/int64_const_chain/in_0007	60	0	0	0	1.0000	4625.8000	4605.4239	4646.1761
afl++	/home/tephra/experiments/int64_const_chain/tc_0008.c	/home/tephra/experiments/int64_const_chain/in_0008	60	0	0	0	1.0000	7432.1500	7400.0343	7464.2657
afl++	/home/tephra/experiments/int64_const_chain/tc_0009.c	/home/tephra/experiments/int64_const_chain/in_0009	60	0	0	0	1.0000	11047.1000	11011.1078	11083.0922
afl++	/home/tephra/experiments/int64_const_chain/tc_0010.c	/home/tephra/experiments/int64_const_chain/in_0010	60	0	0	0	1.0000	15005.9500	14928.1188	15083.7812
afl++-cmplog	/home/tephra/experiments/int64_const_chain/tc_0001.c	/home/tephra/experiments/int64_const_chain/in_0001	60	0	0	0	1.0000	246.7000	246.6667	246.7333
afl++-cmplog	/home/tephra/experiments/int64_const_chain/tc_0002.c	/home/tephra/experiments/int64_const_chain/in_0002	60	0	0	0	1.0000	251.6000	251.5404	251.6596
afl++-cmplog	/home/tephra/experiments/int64_const_chain/tc_0003.c	/home/tephra/experiments/int64_const_chain/in_0003	60	0	0	0	1.0000	252.4333	252.3872	252.4794
afl++-cmplog	/home/tephra/experiments/int64_const_chain/tc_0004.c	/home/tephra/experiments/int64_const_chain/in_0004	60	0	0	0	1.0000	300.4500	299.7536	301.1464
afl++-cmplog	/home/tephra/experiments/int64_const_chain/tc_0005.c	/home/tephra/experiments/int64_const_chain/in_0005	60	0	0	0	1.0000	360.1667	359.3228	361.0106
afl++-cmplog	/home/tephra/experiments/int64_const_chain/tc_0006.c	/home/tephra/experiments/int64_const_chain/in_0006	60	0	0	0	1.0000	483.5333	483.1338	483.9329
afl++-cmplog	/home/tephra/experiments/int64_const_chain/tc_0007.c	/home/tephra/experiments/int64_const_chain/in_0007	60	0	0	0	1.0000	500.2667	499.9502	500.5831
afl++-cmplog	/home/tephra/experiments/int64_const_chain/tc_0008.c	/home/tephra/experiments/int64_const_chain/in_0008	60	0	0	0	1.0000	482.5000	482.1144	482.8856
afl++-cmplog	/home/tephra/experiments/int64_const_chain/tc_0009.c	/home/tephra/experiments/int64_const_chain/in_0009	60	0	0	0	1.0000	633.6167	632.7418	634.4916
afl++-cmplog	/home/tephra/experiments/int64_const_chain/tc_0010.c	/home/tephra/experiments/int64_const_chain/in_0010	60	0	0	0	1.0000	618.5000	617.5104	619.4896
afl++-laf	/home/tephra/experiments/int64_const_chain/tc_0001.c	/home/tephra/experiments/int64_const_chain/in_0001	60	0	0	0	1.0000	216.2333	216.2082	216.2585
afl++-laf	/home/tephra/experiments/int64_const_chain/tc_0002.c	/home/tephra/experiments/int64_const_chain/in_0002	0	60	0	0	0.0000	-	-	-
afl++-laf	/home/tephra/experiments/int64_const_chain/tc_0003.c	/home/tephra/experiments/int64_const_chain/in_0003	0	60	0	0	0.0000	-	-	-
afl++-laf	/home/tephra/experiments/int64_const_chain/tc_0004.c	/home/tephra/experiments/int64_const_chain/in_0004	0	60	0	0	0.0000	-	-	-
afl++-laf	/home/tephra/experiments/int64_const_chain/tc_0005.c	/home/tephra/experiments/int64_const_chain/in_0005	0	60	0	0	0.0000	-	-	-
afl++-laf	/home/tephra/experiments/int64_const_chain/tc_0006.c	/home/tephra/experiments/int64_const_chain/in_0006	0	60	0	0	0.0000	-	-	-
afl++-laf	/home/tephra/experiments/int64_const_chain/tc_0007.c	/home/tephra/experiments/int64_const_chain/in_0007	0	60	0	0	0.0000	-	-	-
afl++-laf	/home/tephra/experiments/int64_const_chain/tc_0008.c	/home/tephra/experiments/int64_const_chain/in_0008	0	60	0	0	0.0000	-	-	-
afl++-laf	/home/tephra/experiments/int64_const_chain/tc_0009.c	/home/tephra/experiments/int64_const_chain/in_0009	0	60	0	0	0.0000	-	-	-
afl++-laf	/home/tephra/experiments/int64_const_chain/tc_0010.c	/home/tephra/experiments/int64_const_chain/in_0010	0	60	0	0	0.0000	-	-	-
afl++-mopt	/home/tephra/experiments/int64_const_chain/tc_0001.c	/home/tephra/experiments/int64_const_chain/in_0001	60	0	0	0	1.0000	218.8000	218.7564	218.8436
afl++-mopt	/home/tephra/experiments/int64_const_chain/tc_0002.c	/home/tephra/experiments/int64_const_chain/in_0002	60	0	0	0	1.0000	270.5500	269.3259	271.7741
afl++-mopt	/home/tephra/experiments/int64_const_chain/tc_0003.c	/home/tephra/experiments/int64_const_chain/in_0003	60	0	0	0	1.0000	812.1333	806.4179	817.8488
afl++-mopt	/home/tephra/experiments/int64_const_chain/tc_0004.c	/home/tephra/experiments/int64_const_chain/in_0004	60	0	0	0	1.0000	2172.6833	2154.5526	2190.8141
afl++-mopt	/home/tephra/experiments/int64_const_chain/tc_0005.c	/home/tephra/experiments/int64_const_chain/in_0005	60	0	0	0	1.0000	5598.2833	5567.4644	5629.1022
afl++-mopt	/home/tephra/experiments/int64_const_chain/tc_0006.c	/home/tephra/experiments/int64_const_chain/in_0006	60	0	0	0	1.0000	15657.1167	15547.8532	15766.3802
afl++-mopt	/home/tephra/experiments/int64_const_chain/tc_0007.c	/home/tephra/experiments/int64_const_chain/in_0007	60	0	0	0	1.0000	23506.6667	23386.4417	23626.8916
afl++-mopt	/home/tephra/experiments/int64_const_chain/tc_0008.c	/home/tephra/experiments/int64_const_chain/in_0008	60	0	0	0	1.0000	31663.4833	31549.5539	31777.4128
afl++-mopt	/home/tephra/experiments/int64_const_chain/tc_0009.c	/home/tephra/experiments/int64_const_chain/in_0009	60	0	0	0	1.0000	43799.0333	43640.3002	43957.7665
afl++-mopt	/home/tephra/experiments/int64_const_chain/tc_0010.c	/home/tephra/experiments/int64_const_chain/in_0010	60	0	0	0	1.0000	50286.6333	50118.7842	50454.4825
honggfuzz	/home/tephra/experiments/int64_const_chain/tc_0001.c	/home/tephra/experiments/int64_const_chain/in_0001	60	0	0	0	1.0000	1005.0667	1005.0637	1005.0696
honggfuzz	/home/tephra/experiments/int64_const_chain/tc_0002.c	/home/tephra/experiments/int64_const_chain/in_0002	60	0	0	0	1.0000	1091.8167	1090.1996	1093.4338
honggfuzz	/home/tephra/experiments/int64_const_chain/tc_0003.c	/home/tephra/experiments/int64_const_chain/in_0003	60	0	0	0	1.0000	4698.7833	4676.0429	4721.5238
honggfuzz	/home/tephra/experiments/int64_const_chain/tc_0004.c	/home/tephra/experiments/int64_const_chain/in_0004	60	0	0	0	1.0000	6208.8333	6185.7127	6231.9540
honggfuzz	/home/tephra/experiments/int64_const_chain/tc_0005.c	/home/tephra/experiments/int64_const_chain/in_0005	60	0	0	0	1.0000	20449.3333	20362.2265	20536.4402
honggfuzz	/home/tephra/experiments/int64_const_chain/tc_0006.c	/home/tephra/experiments/int64_const_chain/in_0006	60	0	0	0	1.0000	30919.5167	30826.5318	31012.5015
honggfuzz	/home/tephra/experiments/int64_const_chain/tc_0007.c	/home/tephra/experiments/int64_const_chain/in_0007	60	0	0	0	1.0000	53019.5667	52793.1543	53245.9790
honggfuzz	/home/tephra/experiments/int64_const_chain/tc_0008.c	/home/tephra/experiments/int64_const_chain/in_0008	60	0	0	0	1.0000	46802.8333	46501.5389	47104.1278
honggfuzz	/home/tephra/experiments/int64_const_chain/tc_0009.c	/home/tephra/experiments/int64_const_chain/in_0009	60	0	0	0	1.0000	115526.2167	114981.1824	116071.2509
honggfuzz	/home/tephra/experiments/int64_const_chain/tc_0010.c	/home/tephra/experiments/int64_const_chain/in_0010	60	0	0	0	1.0000	172925.7000	171109.7508	174741.6492
angora	/home/tephra/experiments/int64_const_chain/tc_0001.c	/home/tephra/experiments/int64_const_chain/in_0001	60	0	0	0	1.0000	1322.9667	1318.4363	1327.4970
angora	/home/tephra/experiments/int64_const_chain/tc_0002.c	/home/tephra/experiments/int64_const_chain/in_0002	60	0	0	0	1.0000	1791.8167	1784.5432	1799.0902
angora	/home/tephra/experiments/int64_const_chain/tc_0003.c	/home/tephra/experiments/int64_const_chain/in_0003	60	0	0	0	1.0000	2171.9000	2163.2452	2180.5548
angora	/home/tephra/experiments/int64_const_chain/tc_0004.c	/home/tephra/experiments/int64_const_chain/in_0004	60	0	0	0	1.0000	2721.7833	2709.7609	2733.8057
angora	/home/tephra/experiments/int64_const_chain/tc_0005.c	/home/tephra/experiments/int64_const_chain/in_0005	59	0	0	1	0.9833	2682.6949	2667.7319	2697.6579
angora	/home/tephra/experiments/int64_const_chain/tc_0006.c	/home/tephra/experiments/int64_const_chain/in_0006	60	0	0	0	1.0000	4437.5167	4415.2205	4459.8128
angora	/home/tephra/experiments/int64_const_chain/tc_0007.c	/home/tephra/experiments/int64_const_chain/in_0007	60	0	0	0	1.0000	5822.0167	5786.4279	5857.6055
angora	/home/tephra/experiments/int64_const_chain/tc_0008.c	/home/tephra/experiments/int64_const_chain/in_0008	60	0	0	0	1.0000	9288.3333	9244.8603	9331.8063
angora	/home/tephra/experiments/int64_const_chain/tc_0009.c	/home/tephra/experiments/int64_const_chain/in_0009	60	0	0	0	1.0000	7119.7000	7082.2915	7157.1085
angora	/home/tephra/experiments/int64_const_chain/tc_0010.c	/home/tephra/experiments/int64_const_chain/in_0010	60	0	0	0	1.0000	8586.9667	8552.9421	8620.9913
angora-mb	/home/tephra/experiments/int64_const_chain/tc_0001.c	/home/tephra/experiments/int64_const_chain/in_0001	60	0	0	0	1.0000	1817.8833	1814.5187	1821.2480
angora-mb	/home/tephra/experiments/int64_const_chain/tc_0002.c	/home/tephra/experiments/int64_const_chain/in_0002	60	0	0	0	1.0000	1467.1167	1463.0702	1471.1631
angora-mb	/home/tephra/experiments/int64_const_chain/tc_0003.c	/home/tephra/experiments/int64_const_chain/in_0003	60	0	0	0	1.0000	2968.1833	2957.9742	2978.3925
angora-mb	/home/tephra/experiments/int64_const_chain/tc_0004.c	/home/tephra/experiments/int64_const_chain/in_0004	60	0	0	0	1.0000	3551.8833	3539.3651	3564.4016
angora-mb	/home/tephra/experiments/int64_const_chain/tc_0005.c	/home/tephra/experiments/int64_const_chain/in_0005	60	0	0	0	1.0000	5018.7833	4997.1948	5040.3718
angora-mb	/home/tephra/experiments/int64_const_chain/tc_0006.c	/home/tephra/experiments/int64_const_chain/in_0006	60	0	0	0	1.0000	5369.4667	5354.5029	5384.4304
angora-mb	/home/tephra/experiments/int64_const_chain/tc_0007.c	/home/tephra/experiments/int64_const_chain/in_0007	60	0	0	0	1.0000	6604.1667	6562.1342	6646.1991
angora-mb	/home/tephra/experiments/int64_const_chain/tc_0008.c	/home/tephra/experiments/int64_const_chain/in_0008	60	0	0	0	1.0000	6186.8167	6151.8580	6221.7754
angora-mb	/home/tephra/experiments/int64_const_chain/tc_0009.c	/home/tephra/experiments/int64_const_chain/in_0009	60	0	0	0	1.0000	6370.0000	6351.9419	6388.0581
angora-mb	/home/tephra/experiments/int64_const_chain/tc_0010.c	/home/tephra/experiments/int64_const_chain/in_0010	59	0	0	1	0.9833	7410.9322	7376.1100	7445.7544
angora-random	/home/tephra/experiments/int64_const_chain/tc_0001.c	/home/tephra/experiments/int64_const_chain/in_0001	0	60	0	0	0.0000	-	-	-
angora-random	/home/tephra/experiments/int64_const_chain/tc_0002.c	/home/tephra/experiments/int64_const_chain/in_0002	0	60	0	0	0.0000	-	-	-
angora-random	/home/tephra/experiments/int64_const_chain/tc_0003.c	/home/tephra/experiments/int64_const_chain/in_0003	0	60	0	0	0.0000	-	-	-
angora-random	/home/tephra/experiments/int64_const_chain/tc_0004.c	/home/tephra/experiments/int64_const_chain/in_0004	0	59	0	1	0.0000	-	-	-
angora-random	/home/tephra/experiments/int64_const_chain/tc_0005.c	/home/tephra/experiments/int64_const_chain/in_0005	0	59	0	1	0.0000	-	-	-
angora-random	/home/tephra/experiments/int64_const_chain/tc_0006.c	/home/tephra/experiments/int64_const_chain/in_0006	0	60	0	0	0.0000	-	-	-
angora-random	/home/tephra/experiments/int64_const_chain/tc_0007.c	/home/tephra/experiments/int64_const_chain/in_0007	0	59	0	1	0.0000	-	-	-
angora-random	/home/tephra/experiments/int64_const_chain/tc_0008.c	/home/tephra/experiments/int64_const_chain/in_0008	0	60	0	0	0.0000	-	-	-
angora-random	/home/tephra/experiments/int64_const_chain/tc_0009.c	/home/tephra/experiments/int64_const_chain/in_0009	0	60	0	0	0.0000	-	-	-
angora-random	/home/tephra/experiments/int64_const_chain/tc_0010.c	/home/tephra/experiments/int64_const_chain/in_0010	0	60	0	0	0.0000	-	-	-
libfuzzer	/home/tephra/experiments/int64_const_chain/tc_0001.c	/home/tephra/experiments/int64_const_chain/in_0001	60	0	0	0	1.0000	173.3500	173.2931	173.4069
libfuzzer	/home/tephra/experiments/int64_const_chain/tc_0002.c	/home/tephra/experiments/int64_const_chain/in_0002	60	0	0	0	1.0000	253.9167	253.1900	254.6434
libfuzzer	/home/tephra/experiments/int64_const_chain/tc_0003.c	/home/tephra/experiments/int64_const_chain/in_0003	60	0	0	0	1.0000	380.6667	379.3805	381.9528
libfuzzer	/home/tephra/experiments/int64_const_chain/tc_0004.c	/home/tephra/experiments/int64_const_chain/in_0004	60	0	0	0	1.0000	768.2500	764.8866	771.6134
libfuzzer	/home/tephra/experiments/int64_const_chain/tc_0005.c	/home/tephra/experiments/int64_const_chain/in_0005	60	0	0	0	1.0000	1102.0667	1097.5126	1106.6207
libfuzzer	/home/tephra/experiments/int64_const_chain/tc_0006.c	/home/tephra/experiments/int64_const_chain/in_0006	60	0	0	0	1.0000	1484.7000	1476.8828	1492.5172
libfuzzer	/home/tephra/experiments/int64_const_chain/tc_0007.c	/home/tephra/experiments/int64_const_chain/in_0007	60	0	0	0	1.0000	3032.1833	3013.7498	3050.6169
libfuzzer	/home/tephra/experiments/int64_const_chain/tc_0008.c	/home/tephra/experiments/int64_const_chain/in_0008	60	0	0	0	1.0000	3347.9833	3332.6473	3363.3194
libfuzzer	/home/tephra/experiments/int64_const_chain/tc_0009.c	/home/tephra/experiments/int64_const_chain/in_0009	60	0	0	0	1.0000	3620.5833	3599.9143	3641.2524
libfuzzer	/home/tephra/experiments/int64_const_chain/tc_0010.c	/home/tephra/experiments/int64_const_chain/in_0010	60	0	0	0	1.0000	6331.5000	6297.8947	6365.1053
libfuzzer-entropic	/home/tephra/experiments/int64_const_chain/tc_0001.c	/home/tephra/experiments/int64_const_chain/in_0001	60	0	0	0	1.0000	160.2167	160.1786	160.2547
libfuzzer-entropic	/home/tephra/experiments/int64_const_chain/tc_0002.c	/home/tephra/experiments/int64_const_chain/in_0002	60	0	0	0	1.0000	228.0667	227.6049	228.5284
libfuzzer-entropic	/home/tephra/experiments/int64_const_chain/tc_0003.c	/home/tephra/experiments/int64_const_chain/in_0003	60	0	0	0	1.0000	521.3833	518.6582	524.1085
libfuzzer-entropic	/home/tephra/experiments/int64_const_chain/tc_0004.c	/home/tephra/experiments/int64_const_chain/in_0004	60	0	0	0	1.0000	1035.2500	1030.2606	1040.2394
libfuzzer-entropic	/home/tephra/experiments/int64_const_chain/tc_0005.c	/home/tephra/experiments/int64_const_chain/in_0005	60	0	0	0	1.0000	1695.5167	1684.0780	1706.9553
libfuzzer-entropic	/home/tephra/experiments/int64_const_chain/tc_0006.c	/home/tephra/experiments/int64_const_chain/in_0006	60	0	0	0	1.0000	2239.3833	2227.2576	2251.5090
libfuzzer-entropic	/home/tephra/experiments/int64_const_chain/tc_0007.c	/home/tephra/experiments/int64_const_chain/in_0007	60	0	0	0	1.0000	5400.9667	5371.0375	5430.8958
libfuzzer-entropic	/home/tephra/experiments/int64_const_chain/tc_0008.c	/home/tephra/experiments/int64_const_chain/in_0008	60	0	0	0	1.0000	6218.1667	6186.5097	6249.8236
libfuzzer-entropic	/home/tephra/experiments/int64_const_chain/tc_0009.c	/home/tephra/experiments/int64_const_chain/in_0009	60	0	0	0	1.0000	6381.0500	6343.9863	6418.1137
libfuzzer-entropic	/home/tephra/experiments/int64_const_chain/tc_0010.c	/home/tephra/experiments/int64_const_chain/in_0010	60	0	0	0	1.0000	11276.8167	11211.0460	11342.5873
wingfuzz	/home/tephra/experiments/int64_const_chain/tc_0001.c	/home/tephra/experiments/int64_const_chain/in_0001	60	0	0	0	1.0000	23.4667	23.3487	23.5847
wingfuzz	/home/tephra/experiments/int64_const_chain/tc_0002.c	/home/tephra/experiments/int64_const_chain/in_0002	60	0	0	0	1.0000	463.4500	459.8304	467.0696
wingfuzz	/home/tephra/experiments/int64_const_chain/tc_0003.c	/home/tephra/experiments/int64_const_chain/in_0003	60	0	0	0	1.0000	1614.0167	1600.2724	1627.7609
wingfuzz	/home/tephra/experiments/int64_const_chain/tc_0004.c	/home/tephra/experiments/int64_const_chain/in_0004	60	0	0	0	1.0000	3029.1833	3004.7572	3053.6095
wingfuzz	/home/tephra/experiments/int64_const_chain/tc_0005.c	/home/tephra/experiments/int64_const_chain/in_0005	60	0	0	0	1.0000	5213.8667	5171.0766	5256.6567
wingfuzz	/home/tephra/experiments/int64_const_chain/tc_0006.c	/home/tephra/experiments/int64_const_chain/in_0006	60	0	0	0	1.0000	5881.3000	5827.7427	5934.8573
wingfuzz	/home/tephra/experiments/int64_const_chain/tc_0007.c	/home/tephra/experiments/int64_const_chain/in_0007	60	0	0	0	1.0000	9217.4000	9148.1863	9286.6137
wingfuzz	/home/tephra/experiments/int64_const_chain/tc_0008.c	/home/tephra/experiments/int64_const_chain/in_0008	60	0	0	0	1.0000	9909.1167	9842.5195	9975.7138
wingfuzz	/home/tephra/experiments/int64_const_chain/tc_0009.c	/home/tephra/experiments/int64_const_chain/in_0009	60	0	0	0	1.0000	12060.9500	11971.9056	12149.9944
wingfuzz	/home/tephra/experiments/int64_const_chain/tc_0010.c	/home/tephra/experiments/int64_const_chain/in_0010	60	0	0	0	1.0000	15067.2500	14951.6726	15182.8274
libafl	/home/tephra/experiments/int64_const_chain/tc_0001.c	/home/tephra/experiments/int64_const_chain/in_0001	60	0	0	0	1.0000	9.4833	9.4682	9.4985
libafl	/home/tephra/experiments/int64_const_chain/tc_0002.c	/home/tephra/experiments/int64_const_chain/in_0002	60	0	0	0	1.0000	10.4833	10.4698	10.4969
libafl	/home/tephra/experiments/int64_const_chain/tc_0003.c	/home/tephra/experiments/int64_const_chain/in_0003	60	0	0	0	1.0000	10.8833	10.8667	10.8999
libafl	/home/tephra/experiments/int64_const_chain/tc_0004.c	/home/tephra/experiments/int64_const_chain/in_0004	60	0	0	0	1.0000	11.3833	11.3671	11.3996
libafl	/home/tephra/experiments/int64_const_chain/tc_0005.c	/home/tephra/experiments/int64_const_chain/in_0005	60	0	0	0	1.0000	13.4167	13.3939	13.4394
libafl	/home/tephra/experiments/int64_const_chain/tc_0006.c	/home/tephra/experiments/int64_const_chain/in_0006	60	0	0	0	1.0000	17.0500	16.9967	17.1033
libafl	/home/tephra/experiments/int64_const_chain/tc_0007.c	/home/tephra/experiments/int64_const_chain/in_0007	60	0	0	0	1.0000	28.2500	28.0986	28.4014
libafl	/home/tephra/experiments/int64_const_chain/tc_0008.c	/home/tephra/experiments/int64_const_chain/in_0008	60	0	0	0	1.0000	41.8167	41.5859	42.0474
libafl	/home/tephra/experiments/int64_const_chain/tc_0009.c	/home/tephra/experiments/int64_const_chain/in_0009	60	0	0	0	1.0000	91.5667	90.8598	92.2735
libafl	/home/tephra/experiments/int64_const_chain/tc_0010.c	/home/tephra/experiments/int64_const_chain/in_0010	60	0	0	0	1.0000	248.6167	246.7196	250.5138
libafl-libfuzzer	/home/tephra/experiments/int64_const_chain/tc_0001.c	/home/tephra/experiments/int64_const_chain/in_0001	60	0	0	0	1.0000	121.8500	121.8134	121.8866
libafl-libfuzzer	/home/tephra/experiments/int64_const_chain/tc_0002.c	/home/tephra/experiments/int64_const_chain/in_0002	60	0	0	0	1.0000	124.4833	124.4370	124.5297
libafl-libfuzzer	/home/tephra/experiments/int64_const_chain/tc_0003.c	/home/tephra/experiments/int64_const_chain/in_0003	60	0	0	0	1.0000	121.9333	121.8827	121.9840
libafl-libfuzzer	/home/tephra/experiments/int64_const_chain/tc_0004.c	/home/tephra/experiments/int64_const_chain/in_0004	60	0	0	0	1.0000	126.2500	126.1960	126.3040
libafl-libfuzzer	/home/tephra/experiments/int64_const_chain/tc_0005.c	/home/tephra/experiments/int64_const_chain/in_0005	60	0	0	0	1.0000	128.7167	128.6463	128.7871
libafl-libfuzzer	/home/tephra/experiments/int64_const_chain/tc_0006.c	/home/tephra/experiments/int64_const_chain/in_0006	60	0	0	0	1.0000	123.6167	123.5467	123.6867
libafl-libfuzzer	/home/tephra/experiments/int64_const_chain/tc_0007.c	/home/tephra/experiments/int64_const_chain/in_0007	60	0	0	0	1.0000	133.0667	132.9038	133.2295
libafl-libfuzzer	/home/tephra/experiments/int64_const_chain/tc_0008.c	/home/tephra/experiments/int64_const_chain/in_0008	60	0	0	0	1.0000	173.5000	173.0290	173.9710
libafl-libfuzzer	/home/tephra/experiments/int64_const_chain/tc_0009.c	/home/tephra/experiments/int64_const_chain/in_0009	60	0	0	0	1.0000	156.0333	155.5622	156.5045
libafl-libfuzzer	/home/tephra/experiments/int64_const_chain/tc_0010.c	/home/tephra/experiments/int64_const_chain/in_0010	60	0	0	0	1.0000	253.9000	252.0576	255.7424
ddfuzz	/home/tephra/experiments/int64_const_chain/tc_0001.c	/home/tephra/experiments/int64_const_chain/in_0001	60	0	0	0	1.0000	277.5333	277.0988	277.9679
ddfuzz	/home/tephra/experiments/int64_const_chain/tc_0002.c	/home/tephra/experiments/int64_const_chain/in_0002	60	0	0	0	1.0000	2363.1167	2336.3386	2389.8947
ddfuzz	/home/tephra/experiments/int64_const_chain/tc_0003.c	/home/tephra/experiments/int64_const_chain/in_0003	60	0	0	0	1.0000	45729.4833	45166.0532	46292.9135
ddfuzz	/home/tephra/experiments/int64_const_chain/tc_0004.c	/home/tephra/experiments/int64_const_chain/in_0004	60	0	0	0	1.0000	84703.9333	83807.9289	85599.9378
ddfuzz	/home/tephra/experiments/int64_const_chain/tc_0005.c	/home/tephra/experiments/int64_const_chain/in_0005	60	0	0	0	1.0000	336814.2667	333161.1567	340467.3767
ddfuzz	/home/tephra/experiments/int64_const_chain/tc_0006.c	/home/tephra/experiments/int64_const_chain/in_0006	58	2	0	0	0.9667	359869.6724	356409.3962	363329.9486
ddfuzz	/home/tephra/experiments/int64_const_chain/tc_0007.c	/home/tephra/experiments/int64_const_chain/in_0007	59	1	0	0	0.9833	438032.6610	434914.5512	441150.7708
ddfuzz	/home/tephra/experiments/int64_const_chain/tc_0008.c	/home/tephra/experiments/int64_const_chain/in_0008	59	1	0	0	0.9833	756398.3729	750890.9490	761905.7968
ddfuzz	/home/tephra/experiments/int64_const_chain/tc_0009.c	/home/tephra/experiments/int64_const_chain/in_0009	58	2	0	0	0.9667	1036980.1724	1029596.7221	1044363.6227
ddfuzz	/home/tephra/experiments/int64_const_chain/tc_0010.c	/home/tephra/experiments/int64_const_chain/in_0010	58	2	0	0	0.9667	1252801.3448	1244583.7719	1261018.9178
fairfuzz	/home/tephra/experiments/int64_const_chain/tc_0001.c	/home/tephra/experiments/int64_const_chain/in_0001	0	60	0	0	0.0000	-	-	-
fairfuzz	/home/tephra/experiments/int64_const_chain/tc_0002.c	/home/tephra/experiments/int64_const_chain/in_0002	0	60	0	0	0.0000	-	-	-
fairfuzz	/home/tephra/experiments/int64_const_chain/tc_0003.c	/home/tephra/experiments/int64_const_chain/in_0003	0	60	0	0	0.0000	-	-	-
fairfuzz	/home/tephra/experiments/int64_const_chain/tc_0004.c	/home/tephra/experiments/int64_const_chain/in_0004	0	60	0	0	0.0000	-	-	-
fairfuzz	/home/tephra/experiments/int64_const_chain/tc_0005.c	/home/tephra/experiments/int64_const_chain/in_0005	0	60	0	0	0.0000	-	-	-
fairfuzz	/home/tephra/experiments/int64_const_chain/tc_0006.c	/home/tephra/experiments/int64_const_chain/in_0006	0	60	0	0	0.0000	-	-	-
fairfuzz	/home/tephra/experiments/int64_const_chain/tc_0007.c	/home/tephra/experiments/int64_const_chain/in_0007	0	60	0	0	0.0000	-	-	-
fairfuzz	/home/tephra/experiments/int64_const_chain/tc_0008.c	/home/tephra/experiments/int64_const_chain/in_0008	0	60	0	0	0.0000	-	-	-
fairfuzz	/home/tephra/experiments/int64_const_chain/tc_0009.c	/home/tephra/experiments/int64_const_chain/in_0009	0	60	0	0	0.0000	-	-	-
fairfuzz	/home/tephra/experiments/int64_const_chain/tc_0010.c	/home/tephra/experiments/int64_const_chain/in_0010	0	60	0	0	0.0000	-	-	-
ecofuzz	/home/tephra/experiments/int64_const_chain/tc_0001.c	/home/tephra/experiments/int64_const_chain/in_0001	0	60	0	0	0.0000	-	-	-
ecofuzz	/home/tephra/experiments/int64_const_chain/tc_0002.c	/home/tephra/experiments/int64_const_chain/in_0002	0	60	0	0	0.0000	-	-	-
ecofuzz	/home/tephra/experiments/int64_const_chain/tc_0003.c	/home/tephra/experiments/int64_const_chain/in_0003	0	60	0	0	0.0000	-	-	-
ecofuzz	/home/tephra/experiments/int64_const_chain/tc_0004.c	/home/tephra/experiments/int64_const_chain/in_0004	0	60	0	0	0.0000	-	-	-
ecofuzz	/home/tephra/experiments/int64_const_chain/tc_0005.c	/home/tephra/experiments/int64_const_chain/in_0005	0	60	0	0	0.0000	-	-	-
ecofuzz	/home/tephra/experiments/int64_const_chain/tc_0006.c	/home/tephra/experiments/int64_const_chain/in_0006	0	60	0	0	0.0000	-	-	-
ecofuzz	/home/tephra/experiments/int64_const_chain/tc_0007.c	/home/tephra/experiments/int64_const_chain/in_0007	0	60	0	0	0.0000	-	-	-
ecofuzz	/home/tephra/experiments/int64_const_chain/tc_0008.c	/home/tephra/experiments/int64_const_chain/in_0008	0	60	0	0	0.0000	-	-	-
ecofuzz	/home/tephra/experiments/int64_const_chain/tc_0009.c	/home/tephra/experiments/int64_const_chain/in_0009	0	60	0	0	0.0000	-	-	-
ecofuzz	/home/tephra/experiments/int64_const_chain/tc_0010.c	/home/tephra/experiments/int64_const_chain/in_0010	0	60	0	0	0.0000	-	-	-
fafuzz	/home/tephra/experiments/int64_const_chain/tc_0001.c	/home/tephra/experiments/int64_const_chain/in_0001	0	60	0	0	0.0000	-	-	-
fafuzz	/home/tephra/experiments/int64_const_chain/tc_0002.c	/home/tephra/experiments/int64_const_chain/in_0002	0	60	0	0	0.0000	-	-	-
fafuzz	/home/tephra/experiments/int64_const_chain/tc_0003.c	/home/tephra/experiments/int64_const_chain/in_0003	0	60	0	0	0.0000	-	-	-
fafuzz	/home/tephra/experiments/int64_const_chain/tc_0004.c	/home/tephra/experiments/int64_const_chain/in_0004	0	60	0	0	0.0000	-	-	-
fafuzz	/home/tephra/experiments/int64_const_chain/tc_0005.c	/home/tephra/experiments/int64_const_chain/in_0005	0	60	0	0	0.0000	-	-	-
fafuzz	/home/tephra/experiments/int64_const_chain/tc_0006.c	/home/tephra/experiments/int64_const_chain/in_0006	0	60	0	0	0.0000	-	-	-
fafuzz	/home/tephra/experiments/int64_const_chain/tc_0007.c	/home/tephra/experiments/int64_const_chain/in_0007	0	60	0	0	0.0000	-	-	-
fafuzz	/home/tephra/experiments/int64_const_chain/tc_0008.c	/home/tephra/experiments/int64_const_chain/in_0008	0	60	0	0	0.0000	-	-	-
fafuzz	/home/tephra/experiments/int64_const_chain/tc_0009.c	/home/tephra/experiments/int64_const_chain/in_0009	0	60	0	0	0.0000	-	-	-
fafuzz	/home/tephra/experiments/int64_const_chain/tc_0010.c	/home/tephra/experiments/int64_const_chain/in_0010	0	60	0	0	0.0000	-	-	-
darwin	/home/tephra/experiments/int64_const_chain/tc_0001.c	/home/tephra/experiments/int64_const_chain/in_0001	0	60	0	0	0.0000	-	-	-
darwin	/home/tephra/experiments/int64_const_chain/tc_0002.c	/home/tephra/experiments/int64_const_chain/in_0002	0	60	0	0	0.0000	-	-	-
darwin	/home/tephra/experiments/int64_const_chain/tc_0003.c	/home/tephra/experiments/int64_const_chain/in_0003	0	60	0	0	0.0000	-	-	-
darwin	/home/tephra/experiments/int64_const_chain/tc_0004.c	/home/tephra/experiments/int64_const_chain/in_0004	0	60	0	0	0.0000	-	-	-
darwin	/home/tephra/experiments/int64_const_chain/tc_0005.c	/home/tephra/experiments/int64_const_chain/in_0005	0	60	0	0	0.0000	-	-	-
darwin	/home/tephra/experiments/int64_const_chain/tc_0006.c	/home/tephra/experiments/int64_const_chain/in_0006	0	60	0	0	0.0000	-	-	-
darwin	/home/tephra/experiments/int64_const_chain/tc_0007.c	/home/tephra/experiments/int64_const_chain/in_0007	0	60	0	0	0.0000	-	-	-
darwin	/home/tephra/experiments/int64_const_chain/tc_0008.c	/home/tephra/experiments/int64_const_chain/in_0008	0	60	0	0	0.0000	-	-	-
darwin	/home/tephra/experiments/int64_const_chain/tc_0009.c	/home/tephra/experiments/int64_const_chain/in_0009	0	60	0	0	0.0000	-	-	-
darwin	/home/tephra/experiments/int64_const_chain/tc_0010.c	/home/tephra/experiments/int64_const_chain/in_0010	0	60	0	0	0.0000	-	-	-
libfuzzer	/home/tephra/experiments/int64_const_chain/tc_0016.c	/home/tephra/experiments/int64_const_chain/in_0016	60	0	0	0	1.0000	21805.4500	21695.5502	21915.3498
libfuzzer	/home/tephra/experiments/int64_const_chain/tc_0032.c	/home/tephra/experiments/int64_const_chain/in_0032	53	7	0	0	0.8833	94824.1509	94448.9840	95199.3179
libfuzzer	/home/tephra/experiments/int64_const_chain/tc_0064.c	/home/tephra/experiments/int64_const_chain/in_0064	26	34	0	0	0.4333	-	-	-
libfuzzer	/home/tephra/experiments/int64_const_chain/tc_0128.c	/home/tephra/experiments/int64_const_chain/in_0128	0	60	0	0	0.0000	-	-	-
libfuzzer	/home/tephra/experiments/int64_const_chain/tc_0256.c	/home/tephra/experiments/int64_const_chain/in_0256	0	60	0	0	0.0000	-	-	-
libfuzzer	/home/tephra/experiments/int64_const_chain/tc_0512.c	/home/tephra/experiments/int64_const_chain/in_0512	0	60	0	0	0.0000	-	-	-
libfuzzer	/home/tephra/experiments/int64_const_chain/tc_1024.c	/home/tephra/experiments/int64_const_chain/in_1024	0	60	0	0	0.0000	-	-	-
libfuzzer	/home/tephra/experiments/int64_const_chain/tc_2048.c	/home/tephra/experiments/int64_const_chain/in_2048	0	60	0	0	0.0000	-	-	-
libfuzzer	/home/tephra/experiments/int64_const_chain/tc_4096.c	/home/tephra/experiments/int64_const_chain/in_4096	0	60	0	0	0.0000	-	-	-
libfuzzer-entropic	/home/tephra/experiments/int64_const_chain/tc_0016.c	/home/tephra/experiments/int64_const_chain/in_0016	59	1	0	0	0.9833	32099.0000	31908.1205	32289.8795
libfuzzer-entropic	/home/tephra/experiments/int64_const_chain/tc_0032.c	/home/tephra/experiments/int64_const_chain/in_0032	52	8	0	0	0.8667	93555.6346	92957.4221	94153.8471
libfuzzer-entropic	/home/tephra/experiments/int64_const_chain/tc_0064.c	/home/tephra/experiments/int64_const_chain/in_0064	42	18	0	0	0.7000	301251.4286	300056.9716	302445.8856
libfuzzer-entropic	/home/tephra/experiments/int64_const_chain/tc_0128.c	/home/tephra/experiments/int64_const_chain/in_0128	7	53	0	0	0.1167	-	-	-
libfuzzer-entropic	/home/tephra/experiments/int64_const_chain/tc_0256.c	/home/tephra/experiments/int64_const_chain/in_0256	0	60	0	0	0.0000	-	-	-
libfuzzer-entropic	/home/tephra/experiments/int64_const_chain/tc_0512.c	/home/tephra/experiments/int64_const_chain/in_0512	0	60	0	0	0.0000	-	-	-
libfuzzer-entropic	/home/tephra/experiments/int64_const_chain/tc_1024.c	/home/tephra/experiments/int64_const_chain/in_1024	0	60	0	0	0.0000	-	-	-
libfuzzer-entropic	/home/tephra/experiments/int64_const_chain/tc_2048.c	/home/tephra/experiments/int64_const_chain/in_2048	0	60	0	0	0.0000	-	-	-
libfuzzer-entropic	/home/tephra/experiments/int64_const_chain/tc_4096.c	/home/tephra/experiments/int64_const_chain/in_4096	0	60	0	0	0.0000	-	-	-
afl++	/home/tephra/experiments/int64_const_chain/tc_0016.c	/home/tephra/experiments/int64_const_chain/in_0016	60	0	0	0	1.0000	34886.6000	34796.9479	34976.2521
afl++	/home/tephra/experiments/int64_const_chain/tc_0032.c	/home/tephra/experiments/int64_const_chain/in_0032	60	0	0	0	1.0000	267217.8000	266766.7812	267668.8188
afl++	/home/tephra/experiments/int64_const_chain/tc_0064.c	/home/tephra/experiments/int64_const_chain/in_0064	4	56	0	0	0.0667	-	-	-
afl++	/home/tephra/experiments/int64_const_chain/tc_0128.c	/home/tephra/experiments/int64_const_chain/in_0128	0	60	0	0	0.0000	-	-	-
afl++	/home/tephra/experiments/int64_const_chain/tc_0256.c	/home/tephra/experiments/int64_const_chain/in_0256	0	60	0	0	0.0000	-	-	-
afl++	/home/tephra/experiments/int64_const_chain/tc_0512.c	/home/tephra/experiments/int64_const_chain/in_0512	0	60	0	0	0.0000	-	-	-
afl++	/home/tephra/experiments/int64_const_chain/tc_1024.c	/home/tephra/experiments/int64_const_chain/in_1024	0	60	0	0	0.0000	-	-	-
afl++	/home/tephra/experiments/int64_const_chain/tc_2048.c	/home/tephra/experiments/int64_const_chain/in_2048	0	60	0	0	0.0000	-	-	-
afl++	/home/tephra/experiments/int64_const_chain/tc_4096.c	/home/tephra/experiments/int64_const_chain/in_4096	0	60	0	0	0.0000	-	-	-
afl++-cmplog	/home/tephra/experiments/int64_const_chain/tc_0016.c	/home/tephra/experiments/int64_const_chain/in_0016	60	0	0	0	1.0000	860.3000	860.2270	860.3730
afl++-cmplog	/home/tephra/experiments/int64_const_chain/tc_0032.c	/home/tephra/experiments/int64_const_chain/in_0032	60	0	0	0	1.0000	2145.4833	2144.8122	2146.1545
afl++-cmplog	/home/tephra/experiments/int64_const_chain/tc_0064.c	/home/tephra/experiments/int64_const_chain/in_0064	60	0	0	0	1.0000	5679.3500	5678.2436	5680.4564
afl++-cmplog	/home/tephra/experiments/int64_const_chain/tc_0128.c	/home/tephra/experiments/int64_const_chain/in_0128	0	60	0	0	0.0000	-	-	-
afl++-cmplog	/home/tephra/experiments/int64_const_chain/tc_0256.c	/home/tephra/experiments/int64_const_chain/in_0256	0	60	0	0	0.0000	-	-	-
afl++-cmplog	/home/tephra/experiments/int64_const_chain/tc_0512.c	/home/tephra/experiments/int64_const_chain/in_0512	0	60	0	0	0.0000	-	-	-
afl++-cmplog	/home/tephra/experiments/int64_const_chain/tc_1024.c	/home/tephra/experiments/int64_const_chain/in_1024	0	60	0	0	0.0000	-	-	-
afl++-cmplog	/home/tephra/experiments/int64_const_chain/tc_2048.c	/home/tephra/experiments/int64_const_chain/in_2048	0	60	0	0	0.0000	-	-	-
afl++-cmplog	/home/tephra/experiments/int64_const_chain/tc_4096.c	/home/tephra/experiments/int64_const_chain/in_4096	0	60	0	0	0.0000	-	-	-
afl++-mopt	/home/tephra/experiments/int64_const_chain/tc_0016.c	/home/tephra/experiments/int64_const_chain/in_0016	60	0	0	0	1.0000	138628.2333	138324.0697	138932.3970
afl++-mopt	/home/tephra/experiments/int64_const_chain/tc_0032.c	/home/tephra/experiments/int64_const_chain/in_0032	60	0	0	0	1.0000	1112442.4667	1110128.5283	1114756.4050
afl++-mopt	/home/tephra/experiments/int64_const_chain/tc_0064.c	/home/tephra/experiments/int64_const_chain/in_0064	0	60	0	0	0.0000	-	-	-
afl++-mopt	/home/tephra/experiments/int64_const_chain/tc_0128.c	/home/tephra/experiments/int64_const_chain/in_0128	0	60	0	0	0.0000	-	-	-
afl++-mopt	/home/tephra/experiments/int64_const_chain/tc_0256.c	/home/tephra/experiments/int64_const_chain/in_0256	0	60	0	0	0.0000	-	-	-
afl++-mopt	/home/tephra/experiments/int64_const_chain/tc_0512.c	/home/tephra/experiments/int64_const_chain/in_0512	0	60	0	0	0.0000	-	-	-
afl++-mopt	/home/tephra/experiments/int64_const_chain/tc_1024.c	/home/tephra/experiments/int64_const_chain/in_1024	0	60	0	0	0.0000	-	-	-
afl++-mopt	/home/tephra/experiments/int64_const_chain/tc_2048.c	/home/tephra/experiments/int64_const_chain/in_2048	0	60	0	0	0.0000	-	-	-
afl++-mopt	/home/tephra/experiments/int64_const_chain/tc_4096.c	/home/tephra/experiments/int64_const_chain/in_4096	0	60	0	0	0.0000	-	-	-
honggfuzz	/home/tephra/experiments/int64_const_chain/tc_0016.c	/home/tephra/experiments/int64_const_chain/in_0016	60	0	0	0	1.0000	427512.5500	424574.9459	430450.1541
honggfuzz	/home/tephra/experiments/int64_const_chain/tc_0032.c	/home/tephra/experiments/int64_const_chain/in_0032	14	46	0	0	0.2333	-	-	-
honggfuzz	/home/tephra/experiments/int64_const_chain/tc_0064.c	/home/tephra/experiments/int64_const_chain/in_0064	0	60	0	0	0.0000	-	-	-
honggfuzz	/home/tephra/experiments/int64_const_chain/tc_0128.c	/home/tephra/experiments/int64_const_chain/in_0128	0	60	0	0	0.0000	-	-	-
honggfuzz	/home/tephra/experiments/int64_const_chain/tc_0256.c	/home/tephra/experiments/int64_const_chain/in_0256	0	60	0	0	0.0000	-	-	-
honggfuzz	/home/tephra/experiments/int64_const_chain/tc_0512.c	/home/tephra/experiments/int64_const_chain/in_0512	0	60	0	0	0.0000	-	-	-
honggfuzz	/home/tephra/experiments/int64_const_chain/tc_1024.c	/home/tephra/experiments/int64_const_chain/in_1024	0	60	0	0	0.0000	-	-	-
honggfuzz	/home/tephra/experiments/int64_const_chain/tc_2048.c	/home/tephra/experiments/int64_const_chain/in_2048	0	60	0	0	0.0000	-	-	-
honggfuzz	/home/tephra/experiments/int64_const_chain/tc_4096.c	/home/tephra/experiments/int64_const_chain/in_4096	0	60	0	0	0.0000	-	-	-
wingfuzz	/home/tephra/experiments/int64_const_chain/tc_0016.c	/home/tephra/experiments/int64_const_chain/in_0016	58	2	0	0	0.9667	26938.0172	26748.6019	27127.4325
wingfuzz	/home/tephra/experiments/int64_const_chain/tc_0032.c	/home/tephra/experiments/int64_const_chain/in_0032	47	13	0	0	0.7833	136626.7447	134533.3085	138720.1809
wingfuzz	/home/tephra/experiments/int64_const_chain/tc_0064.c	/home/tephra/experiments/int64_const_chain/in_0064	41	19	0	0	0.6833	183300.2439	181852.3626	184748.1252
wingfuzz	/home/tephra/experiments/int64_const_chain/tc_0128.c	/home/tephra/experiments/int64_const_chain/in_0128	39	21	0	0	0.6500	648472.0256	647233.8627	649710.1886
wingfuzz	/home/tephra/experiments/int64_const_chain/tc_0256.c	/home/tephra/experiments/int64_const_chain/in_0256	0	60	0	0	0.0000	-	-	-
wingfuzz	/home/tephra/experiments/int64_const_chain/tc_0512.c	/home/tephra/experiments/int64_const_chain/in_0512	0	60	0	0	0.0000	-	-	-
wingfuzz	/home/tephra/experiments/int64_const_chain/tc_1024.c	/home/tephra/experiments/int64_const_chain/in_1024	0	60	0	0	0.0000	-	-	-
wingfuzz	/home/tephra/experiments/int64_const_chain/tc_2048.c	/home/tephra/experiments/int64_const_chain/in_2048	0	60	0	0	0.0000	-	-	-
wingfuzz	/home/tephra/experiments/int64_const_chain/tc_4096.c	/home/tephra/experiments/int64_const_chain/in_4096	0	60	0	0	0.0000	-	-	-
libafl	/home/tephra/experiments/int64_const_chain/tc_0016.c	/home/tephra/experiments/int64_const_chain/in_0016	60	0	0	0	1.0000	80339.0667	79642.1494	81035.9840
libafl	/home/tephra/experiments/int64_const_chain/tc_0032.c	/home/tephra/experiments/int64_const_chain/in_0032	0	60	0	0	0.0000	-	-	-
libafl	/home/tephra/experiments/int64_const_chain/tc_0064.c	/home/tephra/experiments/int64_const_chain/in_0064	0	60	0	0	0.0000	-	-	-
libafl	/home/tephra/experiments/int64_const_chain/tc_0128.c	/home/tephra/experiments/int64_const_chain/in_0128	0	60	0	0	0.0000	-	-	-
libafl	/home/tephra/experiments/int64_const_chain/tc_0256.c	/home/tephra/experiments/int64_const_chain/in_0256	0	60	0	0	0.0000	-	-	-
libafl	/home/tephra/experiments/int64_const_chain/tc_0512.c	/home/tephra/experiments/int64_const_chain/in_0512	0	60	0	0	0.0000	-	-	-
libafl	/home/tephra/experiments/int64_const_chain/tc_1024.c	/home/tephra/experiments/int64_const_chain/in_1024	0	60	0	0	0.0000	-	-	-
libafl	/home/tephra/experiments/int64_const_chain/tc_2048.c	/home/tephra/experiments/int64_const_chain/in_2048	0	60	0	0	0.0000	-	-	-
libafl	/home/tephra/experiments/int64_const_chain/tc_4096.c	/home/tephra/experiments/int64_const_chain/in_4096	0	60	0	0	0.0000	-	-	-
libafl-libfuzzer	/home/tephra/experiments/int64_const_chain/tc_0016.c	/home/tephra/experiments/int64_const_chain/in_0016	60	0	0	0	1.0000	187.5167	187.4631	187.5703
libafl-libfuzzer	/home/tephra/experiments/int64_const_chain/tc_0032.c	/home/tephra/experiments/int64_const_chain/in_0032	60	0	0	0	1.0000	223.8500	223.6390	224.0610
libafl-libfuzzer	/home/tephra/experiments/int64_const_chain/tc_0064.c	/home/tephra/experiments/int64_const_chain/in_0064	60	0	0	0	1.0000	467.9833	467.2427	468.7239
libafl-libfuzzer	/home/tephra/experiments/int64_const_chain/tc_0128.c	/home/tephra/experiments/int64_const_chain/in_0128	60	0	0	0	1.0000	470.4833	464.8162	476.1505
libafl-libfuzzer	/home/tephra/experiments/int64_const_chain/tc_0256.c	/home/tephra/experiments/int64_const_chain/in_0256	60	0	0	0	1.0000	7416.6833	7300.7065	7532.6601
libafl-libfuzzer	/home/tephra/experiments/int64_const_chain/tc_0512.c	/home/tephra/experiments/int64_const_chain/in_0512	60	0	0	0	1.0000	119957.6500	118400.7581	121514.5419
libafl-libfuzzer	/home/tephra/experiments/int64_const_chain/tc_1024.c	/home/tephra/experiments/int64_const_chain/in_1024	38	22	0	0	0.6333	860235.1316	846159.3162	874310.9470
libafl-libfuzzer	/home/tephra/experiments/int64_const_chain/tc_2048.c	/home/tephra/experiments/int64_const_chain/in_2048	0	60	0	0	0.0000	-	-	-
libafl-libfuzzer	/home/tephra/experiments/int64_const_chain/tc_4096.c	/home/tephra/experiments/int64_const_chain/in_4096	0	60	0	0	0.0000	-	-	-
ddfuzz	/home/tephra/experiments/int64_const_chain/tc_0016.c	/home/tephra/experiments/int64_const_chain/in_0016	21	39	0	0	0.3500	-	-	-
ddfuzz	/home/tephra/experiments/int64_const_chain/tc_0032.c	/home/tephra/experiments/int64_const_chain/in_0032	3	57	0	0	0.0500	-	-	-
ddfuzz	/home/tephra/experiments/int64_const_chain/tc_0064.c	/home/tephra/experiments/int64_const_chain/in_0064	0	60	0	0	0.0000	-	-	-
ddfuzz	/home/tephra/experiments/int64_const_chain/tc_0128.c	/home/tephra/experiments/int64_const_chain/in_0128	0	60	0	0	0.0000	-	-	-
ddfuzz	/home/tephra/experiments/int64_const_chain/tc_0256.c	/home/tephra/experiments/int64_const_chain/in_0256	0	60	0	0	0.0000	-	-	-
ddfuzz	/home/tephra/experiments/int64_const_chain/tc_0512.c	/home/tephra/experiments/int64_const_chain/in_0512	0	60	0	0	0.0000	-	-	-
ddfuzz	/home/tephra/experiments/int64_const_chain/tc_1024.c	/home/tephra/experiments/int64_const_chain/in_1024	0	60	0	0	0.0000	-	-	-
ddfuzz	/home/tephra/experiments/int64_const_chain/tc_2048.c	/home/tephra/experiments/int64_const_chain/in_2048	0	60	0	0	0.0000	-	-	-
ddfuzz	/home/tephra/experiments/int64_const_chain/tc_4096.c	/home/tephra/experiments/int64_const_chain/in_4096	0	60	0	0	0.0000	-	-	-
angora	/home/tephra/experiments/int64_const_chain/tc_0011.c	/home/tephra/experiments/int64_const_chain/in_0011	60	0	0	0	1.0000	8163.3000	8089.0046	8237.5954
angora	/home/tephra/experiments/int64_const_chain/tc_0012.c	/home/tephra/experiments/int64_const_chain/in_0012	60	0	0	0	1.0000	9668.7833	9561.9673	9775.5993
angora	/home/tephra/experiments/int64_const_chain/tc_0013.c	/home/tephra/experiments/int64_const_chain/in_0013	60	0	0	0	1.0000	22339.1333	22102.1086	22576.1581
angora	/home/tephra/experiments/int64_const_chain/tc_0014.c	/home/tephra/experiments/int64_const_chain/in_0014	59	0	0	1	0.9833	31465.2034	31194.7399	31735.6668
angora	/home/tephra/experiments/int64_const_chain/tc_0015.c	/home/tephra/experiments/int64_const_chain/in_0015	60	0	0	0	1.0000	31905.5500	31636.8065	32174.2935
angora	/home/tephra/experiments/int64_const_chain/tc_0016.c	/home/tephra/experiments/int64_const_chain/in_0016	59	0	0	1	0.9833	10379.8136	10322.2446	10437.3825
angora	/home/tephra/experiments/int64_const_chain/tc_0032.c	/home/tephra/experiments/int64_const_chain/in_0032	59	0	0	1	0.9833	18317.2712	18241.6748	18392.8676
angora	/home/tephra/experiments/int64_const_chain/tc_0064.c	/home/tephra/experiments/int64_const_chain/in_0064	59	0	0	1	0.9833	30667.5932	30551.4588	30783.7277
angora	/home/tephra/experiments/int64_const_chain/tc_0128.c	/home/tephra/experiments/int64_const_chain/in_0128	60	0	0	0	1.0000	54642.5667	54289.0796	54996.0538
angora	/home/tephra/experiments/int64_const_chain/tc_0256.c	/home/tephra/experiments/int64_const_chain/in_0256	58	1	0	1	0.9667	73464.5690	73169.0650	73760.0729
angora	/home/tephra/experiments/int64_const_chain/tc_0512.c	/home/tephra/experiments/int64_const_chain/in_0512	60	0	0	0	1.0000	167491.9500	167194.9341	167788.9659
angora	/home/tephra/experiments/int64_const_chain/tc_1024.c	/home/tephra/experiments/int64_const_chain/in_1024	56	4	0	0	0.9333	309242.2143	308401.4497	310082.9788
angora	/home/tephra/experiments/int64_const_chain/tc_2048.c	/home/tephra/experiments/int64_const_chain/in_2048	0	0	0	60	0.0000	-	-	-
angora	/home/tephra/experiments/int64_const_chain/tc_4096.c	/home/tephra/experiments/int64_const_chain/in_4096	0	0	0	60	0.0000	-	-	-
angora-mb	/home/tephra/experiments/int64_const_chain/tc_0011.c	/home/tephra/experiments/int64_const_chain/in_0011	60	0	0	0	1.0000	5381.3833	5362.6519	5400.1147
angora-mb	/home/tephra/experiments/int64_const_chain/tc_0012.c	/home/tephra/experiments/int64_const_chain/in_0012	60	0	0	0	1.0000	5315.5500	5291.9222	5339.1778
angora-mb	/home/tephra/experiments/int64_const_chain/tc_0013.c	/home/tephra/experiments/int64_const_chain/in_0013	60	0	0	0	1.0000	4799.1000	4777.1942	4821.0058
angora-mb	/home/tephra/experiments/int64_const_chain/tc_0014.c	/home/tephra/experiments/int64_const_chain/in_0014	60	0	0	0	1.0000	5182.1167	5165.0122	5199.2212
angora-mb	/home/tephra/experiments/int64_const_chain/tc_0015.c	/home/tephra/experiments/int64_const_chain/in_0015	60	0	0	0	1.0000	6182.2333	6157.6559	6206.8108
angora-mb	/home/tephra/experiments/int64_const_chain/tc_0016.c	/home/tephra/experiments/int64_const_chain/in_0016	60	0	0	0	1.0000	7783.2333	7743.3776	7823.0891
angora-mb	/home/tephra/experiments/int64_const_chain/tc_0032.c	/home/tephra/experiments/int64_const_chain/in_0032	60	0	0	0	1.0000	19278.6667	19205.3883	19351.9450
angora-mb	/home/tephra/experiments/int64_const_chain/tc_0064.c	/home/tephra/experiments/int64_const_chain/in_0064	58	1	0	1	0.9667	28300.7414	28212.0105	28389.4723
angora-mb	/home/tephra/experiments/int64_const_chain/tc_0128.c	/home/tephra/experiments/int64_const_chain/in_0128	58	2	0	0	0.9667	45118.5000	44979.5379	45257.4621
angora-mb	/home/tephra/experiments/int64_const_chain/tc_0256.c	/home/tephra/experiments/int64_const_chain/in_0256	60	0	0	0	1.0000	90124.2333	89976.8679	90271.5988
angora-mb	/home/tephra/experiments/int64_const_chain/tc_0512.c	/home/tephra/experiments/int64_const_chain/in_0512	60	0	0	0	1.0000	155746.7667	155526.9951	155966.5382
angora-mb	/home/tephra/experiments/int64_const_chain/tc_1024.c	/home/tephra/experiments/int64_const_chain/in_1024	60	0	0	0	1.0000	276149.0167	275573.9389	276724.0945
angora-mb	/home/tephra/experiments/int64_const_chain/tc_2048.c	/home/tephra/experiments/int64_const_chain/in_2048	0	0	0	60	0.0000	-	-	-
angora-mb	/home/tephra/experiments/int64_const_chain/tc_4096.c	/home/tephra/experiments/int64_const_chain/in_4096	0	0	0	60	0.0000	-	-	-
aflgo	/home/tephra/experiments/int64_const_chain/tc_0001.c	/home/tephra/experiments/int64_const_chain/in_0001	0	60	0	0	0.0000	-	-	-
aflgo	/home/tephra/experiments/int64_const_chain/tc_0002.c	/home/tephra/experiments/int64_const_chain/in_0002	0	60	0	0	0.0000	-	-	-
aflgo	/home/tephra/experiments/int64_const_chain/tc_0003.c	/home/tephra/experiments/int64_const_chain/in_0003	0	60	0	0	0.0000	-	-	-
aflgo	/home/tephra/experiments/int64_const_chain/tc_0004.c	/home/tephra/experiments/int64_const_chain/in_0004	0	60	0	0	0.0000	-	-	-
aflgo	/home/tephra/experiments/int64_const_chain/tc_0005.c	/home/tephra/experiments/int64_const_chain/in_0005	0	60	0	0	0.0000	-	-	-
aflgo	/home/tephra/experiments/int64_const_chain/tc_0006.c	/home/tephra/experiments/int64_const_chain/in_0006	0	60	0	0	0.0000	-	-	-
aflgo	/home/tephra/experiments/int64_const_chain/tc_0007.c	/home/tephra/experiments/int64_const_chain/in_0007	0	60	0	0	0.0000	-	-	-
aflgo	/home/tephra/experiments/int64_const_chain/tc_0008.c	/home/tephra/experiments/int64_const_chain/in_0008	0	60	0	0	0.0000	-	-	-
aflgo	/home/tephra/experiments/int64_const_chain/tc_0009.c	/home/tephra/experiments/int64_const_chain/in_0009	0	60	0	0	0.0000	-	-	-
aflgo	/home/tephra/experiments/int64_const_chain/tc_0010.c	/home/tephra/experiments/int64_const_chain/in_0010	0	60	0	0	0.0000	-	-	-
afl++-qemu-cmplog	/home/tephra/experiments/int64_const_chain/tc_0001.c	/home/tephra/experiments/int64_const_chain/in_0001	0	60	0	0	0.0000	-	-	-
afl++-qemu-cmplog	/home/tephra/experiments/int64_const_chain/tc_0002.c	/home/tephra/experiments/int64_const_chain/in_0002	0	60	0	0	0.0000	-	-	-
afl++-qemu-cmplog	/home/tephra/experiments/int64_const_chain/tc_0003.c	/home/tephra/experiments/int64_const_chain/in_0003	0	60	0	0	0.0000	-	-	-
afl++-qemu-cmplog	/home/tephra/experiments/int64_const_chain/tc_0004.c	/home/tephra/experiments/int64_const_chain/in_0004	0	60	0	0	0.0000	-	-	-
afl++-qemu-cmplog	/home/tephra/experiments/int64_const_chain/tc_0005.c	/home/tephra/experiments/int64_const_chain/in_0005	0	60	0	0	0.0000	-	-	-
afl++-qemu-cmplog	/home/tephra/experiments/int64_const_chain/tc_0006.c	/home/tephra/experiments/int64_const_chain/in_0006	0	60	0	0	0.0000	-	-	-
afl++-qemu-cmplog	/home/tephra/experiments/int64_const_chain/tc_0007.c	/home/tephra/experiments/int64_const_chain/in_0007	0	60	0	0	0.0000	-	-	-
afl++-qemu-cmplog	/home/tephra/experiments/int64_const_chain/tc_0008.c	/home/tephra/experiments/int64_const_chain/in_0008	0	60	0	0	0.0000	-	-	-
afl++-qemu-cmplog	/home/tephra/experiments/int64_const_chain/tc_0009.c	/home/tephra/experiments/int64_const_chain/in_0009	0	60	0	0	0.0000	-	-	-
afl++-qemu-cmplog	/home/tephra/experiments/int64_const_chain/tc_0010.c	/home/tephra/experiments/int64_const_chain/in_0010	0	60	0	0	0.0000	-	-	-
afl++-qemu-compcov	/home/tephra/experiments/int64_const_chain/tc_0001.c	/home/tephra/experiments/int64_const_chain/in_0001	60	0	0	0	1.0000	79243.7833	78778.1447	79709.4220
afl++-qemu-compcov	/home/tephra/experiments/int64_const_chain/tc_0002.c	/home/tephra/experiments/int64_const_chain/in_0002	60	0	0	0	1.0000	266338.6167	265471.4343	267205.7991
afl++-qemu-compcov	/home/tephra/experiments/int64_const_chain/tc_0003.c	/home/tephra/experiments/int64_const_chain/in_0003	60	0	0	0	1.0000	740542.3167	738726.3747	742358.2587
afl++-qemu-compcov	/home/tephra/experiments/int64_const_chain/tc_0004.c	/home/tephra/experiments/int64_const_chain/in_0004	60	0	0	0	1.0000	1533780.4833	1530252.3112	1537308.6555
afl++-qemu-compcov	/home/tephra/experiments/int64_const_chain/tc_0005.c	/home/tephra/experiments/int64_const_chain/in_0005	39	21	0	0	0.6500	2528302.8462	2522403.7647	2534201.9277
afl++-qemu-compcov	/home/tephra/experiments/int64_const_chain/tc_0006.c	/home/tephra/experiments/int64_const_chain/in_0006	17	43	0	0	0.2833	-	-	-
afl++-qemu-compcov	/home/tephra/experiments/int64_const_chain/tc_0007.c	/home/tephra/experiments/int64_const_chain/in_0007	1	59	0	0	0.0167	-	-	-
afl++-qemu-compcov	/home/tephra/experiments/int64_const_chain/tc_0008.c	/home/tephra/experiments/int64_const_chain/in_0008	0	60	0	0	0.0000	-	-	-
afl++-qemu-compcov	/home/tephra/experiments/int64_const_chain/tc_0009.c	/home/tephra/experiments/int64_const_chain/in_0009	0	60	0	0	0.0000	-	-	-
afl++-qemu-compcov	/home/tephra/experiments/int64_const_chain/tc_0010.c	/home/tephra/experiments/int64_const_chain/in_0010	0	60	0	0	0.0000	-	-	-
honggfuzz-qemu	/home/tephra/experiments/int64_const_chain/tc_0001.c	/home/tephra/experiments/int64_const_chain/in_0001	58	2	0	0	0.9667	726798.3276	722515.9102	731080.7450
honggfuzz-qemu	/home/tephra/experiments/int64_const_chain/tc_0002.c	/home/tephra/experiments/int64_const_chain/in_0002	30	30	0	0	0.5000	-	-	-
honggfuzz-qemu	/home/tephra/experiments/int64_const_chain/tc_0003.c	/home/tephra/experiments/int64_const_chain/in_0003	0	60	0	0	0.0000	-	-	-
honggfuzz-qemu	/home/tephra/experiments/int64_const_chain/tc_0004.c	/home/tephra/experiments/int64_const_chain/in_0004	0	60	0	0	0.0000	-	-	-
honggfuzz-qemu	/home/tephra/experiments/int64_const_chain/tc_0005.c	/home/tephra/experiments/int64_const_chain/in_0005	0	60	0	0	0.0000	-	-	-
honggfuzz-qemu	/home/tephra/experiments/int64_const_chain/tc_0006.c	/home/tephra/experiments/int64_const_chain/in_0006	0	60	0	0	0.0000	-	-	-
honggfuzz-qemu	/home/tephra/experiments/int64_const_chain/tc_0007.c	/home/tephra/experiments/int64_const_chain/in_0007	0	60	0	0	0.0000	-	-	-
honggfuzz-qemu	/home/tephra/experiments/int64_const_chain/tc_0008.c	/home/tephra/experiments/int64_const_chain/in_0008	0	60	0	0	0.0000	-	-	-
honggfuzz-qemu	/home/tephra/experiments/int64_const_chain/tc_0009.c	/home/tephra/experiments/int64_const_chain/in_0009	0	60	0	0	0.0000	-	-	-
honggfuzz-qemu	/home/tephra/experiments/int64_const_chain/tc_0010.c	/home/tephra/experiments/int64_const_chain/in_0010	0	60	0	0	0.0000	-	-	-
dataflow	/home/tephra/experiments/int64_const_chain/tc_0001.c	/home/tephra/experiments/int64_const_chain/in_0001	0	60	0	0	0.0000	-	-	-
dataflow	/home/tephra/experiments/int64_const_chain/tc_0002.c	/home/tephra/experiments/int64_const_chain/in_0002	0	60	0	0	0.0000	-	-	-
dataflow	/home/tephra/experiments/int64_const_chain/tc_0003.c	/home/tephra/experiments/int64_const_chain/in_0003	0	60	0	0	0.0000	-	-	-
dataflow	/home/tephra/experiments/int64_const_chain/tc_0004.c	/home/tephra/experiments/int64_const_chain/in_0004	0	60	0	0	0.0000	-	-	-
dataflow	/home/tephra/experiments/int64_const_chain/tc_0005.c	/home/tephra/experiments/int64_const_chain/in_0005	0	60	0	0	0.0000	-	-	-
dataflow	/home/tephra/experiments/int64_const_chain/tc_0006.c	/home/tephra/experiments/int64_const_chain/in_0006	0	60	0	0	0.0000	-	-	-
dataflow	/home/tephra/experiments/int64_const_chain/tc_0007.c	/home/tephra/experiments/int64_const_chain/in_0007	0	60	0	0	0.0000	-	-	-
dataflow	/home/tephra/experiments/int64_const_chain/tc_0008.c	/home/tephra/experiments/int64_const_chain/in_0008	0	60	0	0	0.0000	-	-	-
dataflow	/home/tephra/experiments/int64_const_chain/tc_0009.c	/home/tephra/experiments/int64_const_chain/in_0009	0	60	0	0	0.0000	-	-	-
dataflow	/home/tephra/experiments/int64_const_chain/tc_0010.c	/home/tephra/experiments/int64_const_chain/in_0010	0	60	0	0	0.0000	-	-	-
klee	/home/tephra/experiments/int64_const_chain/tc_0001.c	/home/tephra/experiments/int64_const_chain/in_0001	60	0	0	0	1.0000	641.3667	641.0758	641.6575
klee	/home/tephra/experiments/int64_const_chain/tc_0002.c	/home/tephra/experiments/int64_const_chain/in_0002	60	0	0	0	1.0000	661.9833	661.8011	662.1656
klee	/home/tephra/experiments/int64_const_chain/tc_0003.c	/home/tephra/experiments/int64_const_chain/in_0003	60	0	0	0	1.0000	658.3667	658.1748	658.5585
klee	/home/tephra/experiments/int64_const_chain/tc_0004.c	/home/tephra/experiments/int64_const_chain/in_0004	60	0	0	0	1.0000	655.1167	654.9457	655.2877
klee	/home/tephra/experiments/int64_const_chain/tc_0005.c	/home/tephra/experiments/int64_const_chain/in_0005	60	0	0	0	1.0000	663.5833	663.4245	663.7422
klee	/home/tephra/experiments/int64_const_chain/tc_0006.c	/home/tephra/experiments/int64_const_chain/in_0006	60	0	0	0	1.0000	657.9500	657.7709	658.1291
klee	/home/tephra/experiments/int64_const_chain/tc_0007.c	/home/tephra/experiments/int64_const_chain/in_0007	60	0	0	0	1.0000	660.6500	660.4689	660.8311
klee	/home/tephra/experiments/int64_const_chain/tc_0008.c	/home/tephra/experiments/int64_const_chain/in_0008	60	0	0	0	1.0000	663.5667	663.3811	663.7522
klee	/home/tephra/experiments/int64_const_chain/tc_0009.c	/home/tephra/experiments/int64_const_chain/in_0009	60	0	0	0	1.0000	662.5000	662.3038	662.6962
klee	/home/tephra/experiments/int64_const_chain/tc_0010.c	/home/tephra/experiments/int64_const_chain/in_0010	60	0	0	0	1.0000	661.1000	660.9322	661.2678
symcc	/home/tephra/experiments/int64_const_chain/tc_0001.c	/home/tephra/experiments/int64_const_chain/in_0001	60	0	0	0	1.0000	1903.5000	1902.8977	1904.1023
symcc	/home/tephra/experiments/int64_const_chain/tc_0002.c	/home/tephra/experiments/int64_const_chain/in_0002	60	0	0	0	1.0000	4403.8500	4402.7574	4404.9426
symcc	/home/tephra/experiments/int64_const_chain/tc_0003.c	/home/tephra/experiments/int64_const_chain/in_0003	60	0	0	0	1.0000	9629.3167	9625.9419	9632.6914
symcc	/home/tephra/experiments/int64_const_chain/tc_0004.c	/home/tephra/experiments/int64_const_chain/in_0004	60	0	0	0	1.0000	22038.6500	22032.5953	22044.7047
symcc	/home/tephra/experiments/int64_const_chain/tc_0005.c	/home/tephra/experiments/int64_const_chain/in_0005	60	0	0	0	1.0000	48667.0167	48654.4246	48679.6088
symcc	/home/tephra/experiments/int64_const_chain/tc_0006.c	/home/tephra/experiments/int64_const_chain/in_0006	60	0	0	0	1.0000	114501.4000	114471.3741	114531.4259
symcc	/home/tephra/experiments/int64_const_chain/tc_0007.c	/home/tephra/experiments/int64_const_chain/in_0007	60	0	0	0	1.0000	282165.6167	282072.6724	282258.5609
symcc	/home/tephra/experiments/int64_const_chain/tc_0008.c	/home/tephra/experiments/int64_const_chain/in_0008	60	0	0	0	1.0000	832703.3333	832099.1342	833307.5324
symcc	/home/tephra/experiments/int64_const_chain/tc_0009.c	/home/tephra/experiments/int64_const_chain/in_0009	60	0	0	0	1.0000	1783452.9500	1782082.7492	1784823.1508
symcc	/home/tephra/experiments/int64_const_chain/tc_0010.c	/home/tephra/experiments/int64_const_chain/in_0010	38	22	0	0	0.6333	3233608.3158	3231983.0563	3235233.5753
libfuzzer	/home/tephra/experiments/int64_const_chain/tc_0011.c	/home/tephra/experiments/int64_const_chain/in_0011	60	0	0	0	1.0000	8252.1333	8201.2043	8303.0624
libfuzzer	/home/tephra/experiments/int64_const_chain/tc_0012.c	/home/tephra/experiments/int64_const_chain/in_0012	60	0	0	0	1.0000	11431.9667	11341.8367	11522.0967
libfuzzer	/home/tephra/experiments/int64_const_chain/tc_0013.c	/home/tephra/experiments/int64_const_chain/in_0013	60	0	0	0	1.0000	13101.8667	13035.9896	13167.7437
libfuzzer	/home/tephra/experiments/int64_const_chain/tc_0014.c	/home/tephra/experiments/int64_const_chain/in_0014	60	0	0	0	1.0000	15528.5333	15437.0079	15620.0587
libfuzzer	/home/tephra/experiments/int64_const_chain/tc_0015.c	/home/tephra/experiments/int64_const_chain/in_0015	60	0	0	0	1.0000	19109.8667	19001.0134	19218.7200
libfuzzer-entropic	/home/tephra/experiments/int64_const_chain/tc_0011.c	/home/tephra/experiments/int64_const_chain/in_0011	60	0	0	0	1.0000	10145.4000	10095.3777	10195.4223
libfuzzer-entropic	/home/tephra/experiments/int64_const_chain/tc_0012.c	/home/tephra/experiments/int64_const_chain/in_0012	60	0	0	0	1.0000	13915.8500	13824.5631	14007.1369
libfuzzer-entropic	/home/tephra/experiments/int64_const_chain/tc_0013.c	/home/tephra/experiments/int64_const_chain/in_0013	60	0	0	0	1.0000	18482.8833	18358.6796	18607.0871
libfuzzer-entropic	/home/tephra/experiments/int64_const_chain/tc_0014.c	/home/tephra/experiments/int64_const_chain/in_0014	60	0	0	0	1.0000	24317.4833	24155.3269	24479.6398
libfuzzer-entropic	/home/tephra/experiments/int64_const_chain/tc_0015.c	/home/tephra/experiments/int64_const_chain/in_0015	60	0	0	0	1.0000	33110.3500	32853.2490	33367.4510
afl++	/home/tephra/experiments/int64_const_chain/tc_0011.c	/home/tephra/experiments/int64_const_chain/in_0011	60	0	0	0	1.0000	27320.0000	27202.7884	27437.2116
afl++	/home/tephra/experiments/int64_const_chain/tc_0012.c	/home/tephra/experiments/int64_const_chain/in_0012	60	0	0	0	1.0000	32276.9167	32163.6473	32390.1860
afl++	/home/tephra/experiments/int64_const_chain/tc_0013.c	/home/tephra/experiments/int64_const_chain/in_0013	60	0	0	0	1.0000	53021.1500	52852.3921	53189.9079
afl++	/home/tephra/experiments/int64_const_chain/tc_0014.c	/home/tephra/experiments/int64_const_chain/in_0014	60	0	0	0	1.0000	70822.0333	70616.8702	71027.1965
afl++	/home/tephra/experiments/int64_const_chain/tc_0015.c	/home/tephra/experiments/int64_const_chain/in_0015	60	0	0	0	1.0000	79071.1000	78873.2190	79268.9810
afl++-cmplog	/home/tephra/experiments/int64_const_chain/tc_0011.c	/home/tephra/experiments/int64_const_chain/in_0011	60	0	0	0	1.0000	657.7500	657.5386	657.9614
afl++-cmplog	/home/tephra/experiments/int64_const_chain/tc_0012.c	/home/tephra/experiments/int64_const_chain/in_0012	60	0	0	0	1.0000	662.4667	662.4013	662.5320
afl++-cmplog	/home/tephra/experiments/int64_const_chain/tc_0013.c	/home/tephra/experiments/int64_const_chain/in_0013	60	0	0	0	1.0000	669.6667	669.3707	669.9626
afl++-cmplog	/home/tephra/experiments/int64_const_chain/tc_0014.c	/home/tephra/experiments/int64_const_chain/in_0014	60	0	0	0	1.0000	760.9167	760.0499	761.7834
afl++-cmplog	/home/tephra/experiments/int64_const_chain/tc_0015.c	/home/tephra/experiments/int64_const_chain/in_0015	60	0	0	0	1.0000	857.5500	857.1316	857.9684
afl++-mopt	/home/tephra/experiments/int64_const_chain/tc_0011.c	/home/tephra/experiments/int64_const_chain/in_0011	60	0	0	0	1.0000	65492.4833	65327.6266	65657.3401
afl++-mopt	/home/tephra/experiments/int64_const_chain/tc_0012.c	/home/tephra/experiments/int64_const_chain/in_0012	60	0	0	0	1.0000	74466.0167	74267.6736	74664.3597
afl++-mopt	/home/tephra/experiments/int64_const_chain/tc_0013.c	/home/tephra/experiments/int64_const_chain/in_0013	60	0	0	0	1.0000	83738.1167	83451.6439	84024.5894
afl++-mopt	/home/tephra/experiments/int64_const_chain/tc_0014.c	/home/tephra/experiments/int64_const_chain/in_0014	60	0	0	0	1.0000	91601.5667	91389.6001	91813.5333
afl++-mopt	/home/tephra/experiments/int64_const_chain/tc_0015.c	/home/tephra/experiments/int64_const_chain/in_0015	60	0	0	0	1.0000	91542.4500	91237.9718	91846.9282
honggfuzz	/home/tephra/experiments/int64_const_chain/tc_0011.c	/home/tephra/experiments/int64_const_chain/in_0011	0	60	0	0	0.0000	-	-	-
honggfuzz	/home/tephra/experiments/int64_const_chain/tc_0012.c	/home/tephra/experiments/int64_const_chain/in_0012	0	60	0	0	0.0000	-	-	-
honggfuzz	/home/tephra/experiments/int64_const_chain/tc_0013.c	/home/tephra/experiments/int64_const_chain/in_0013	0	60	0	0	0.0000	-	-	-
honggfuzz	/home/tephra/experiments/int64_const_chain/tc_0014.c	/home/tephra/experiments/int64_const_chain/in_0014	0	60	0	0	0.0000	-	-	-
honggfuzz	/home/tephra/experiments/int64_const_chain/tc_0015.c	/home/tephra/experiments/int64_const_chain/in_0015	0	60	0	0	0.0000	-	-	-
wingfuzz	/home/tephra/experiments/int64_const_chain/tc_0011.c	/home/tephra/experiments/int64_const_chain/in_0011	59	1	0	0	0.9833	18684.0847	18521.7815	18846.3880
wingfuzz	/home/tephra/experiments/int64_const_chain/tc_0012.c	/home/tephra/experiments/int64_const_chain/in_0012	60	0	0	0	1.0000	14005.1833	13919.5438	14090.8229
wingfuzz	/home/tephra/experiments/int64_const_chain/tc_0013.c	/home/tephra/experiments/int64_const_chain/in_0013	60	0	0	0	1.0000	32806.8833	32572.3446	33041.4221
wingfuzz	/home/tephra/experiments/int64_const_chain/tc_0014.c	/home/tephra/experiments/int64_const_chain/in_0014	60	0	0	0	1.0000	22721.7667	22582.0217	22861.5117
wingfuzz	/home/tephra/experiments/int64_const_chain/tc_0015.c	/home/tephra/experiments/int64_const_chain/in_0015	60	0	0	0	1.0000	27003.0167	26802.4016	27203.6317
libafl	/home/tephra/experiments/int64_const_chain/tc_0011.c	/home/tephra/experiments/int64_const_chain/in_0011	60	0	0	0	1.0000	703.5167	697.7689	709.2644
libafl	/home/tephra/experiments/int64_const_chain/tc_0012.c	/home/tephra/experiments/int64_const_chain/in_0012	60	0	0	0	1.0000	1860.2833	1844.7087	1875.8579
libafl	/home/tephra/experiments/int64_const_chain/tc_0013.c	/home/tephra/experiments/int64_const_chain/in_0013	60	0	0	0	1.0000	6233.2500	6177.8211	6288.6789
libafl	/home/tephra/experiments/int64_const_chain/tc_0014.c	/home/tephra/experiments/int64_const_chain/in_0014	60	0	0	0	1.0000	13163.5833	13078.1854	13248.9813
libafl	/home/tephra/experiments/int64_const_chain/tc_0015.c	/home/tephra/experiments/int64_const_chain/in_0015	60	0	0	0	1.0000	29542.7667	29336.8215	29748.7118
libafl-libfuzzer	/home/tephra/experiments/int64_const_chain/tc_0011.c	/home/tephra/experiments/int64_const_chain/in_0011	60	0	0	0	1.0000	158.2833	158.2226	158.3440
libafl-libfuzzer	/home/tephra/experiments/int64_const_chain/tc_0012.c	/home/tephra/experiments/int64_const_chain/in_0012	60	0	0	0	1.0000	174.7333	174.6548	174.8119
libafl-libfuzzer	/home/tephra/experiments/int64_const_chain/tc_0013.c	/home/tephra/experiments/int64_const_chain/in_0013	60	0	0	0	1.0000	185.4000	185.2886	185.5114
libafl-libfuzzer	/home/tephra/experiments/int64_const_chain/tc_0014.c	/home/tephra/experiments/int64_const_chain/in_0014	60	0	0	0	1.0000	191.1500	190.9887	191.3113
libafl-libfuzzer	/home/tephra/experiments/int64_const_chain/tc_0015.c	/home/tephra/experiments/int64_const_chain/in_0015	60	0	0	0	1.0000	179.4333	179.3443	179.5224
ddfuzz	/home/tephra/experiments/int64_const_chain/tc_0011.c	/home/tephra/experiments/int64_const_chain/in_0011	0	60	0	0	0.0000	-	-	-
ddfuzz	/home/tephra/experiments/int64_const_chain/tc_0012.c	/home/tephra/experiments/int64_const_chain/in_0012	0	60	0	0	0.0000	-	-	-
ddfuzz	/home/tephra/experiments/int64_const_chain/tc_0013.c	/home/tephra/experiments/int64_const_chain/in_0013	0	60	0	0	0.0000	-	-	-
ddfuzz	/home/tephra/experiments/int64_const_chain/tc_0014.c	/home/tephra/experiments/int64_const_chain/in_0014	0	60	0	0	0.0000	-	-	-
ddfuzz	/home/tephra/experiments/int64_const_chain/tc_0015.c	/home/tephra/experiments/int64_const_chain/in_0015	0	60	0	0	0.0000	-	-	-
afl-qemu	/home/tephra/experiments/int64_const_chain/tc_0001.c	/home/tephra/experiments/int64_const_chain/in_0001	0	60	0	0	0.0000	-	-	-
afl-qemu	/home/tephra/experiments/int64_const_chain/tc_0002.c	/home/tephra/experiments/int64_const_chain/in_0002	0	60	0	0	0.0000	-	-	-
afl-qemu	/home/tephra/experiments/int64_const_chain/tc_0003.c	/home/tephra/experiments/int64_const_chain/in_0003	0	60	0	0	0.0000	-	-	-
afl-qemu	/home/tephra/experiments/int64_const_chain/tc_0004.c	/home/tephra/experiments/int64_const_chain/in_0004	0	60	0	0	0.0000	-	-	-
afl-qemu	/home/tephra/experiments/int64_const_chain/tc_0005.c	/home/tephra/experiments/int64_const_chain/in_0005	0	60	0	0	0.0000	-	-	-
afl-qemu	/home/tephra/experiments/int64_const_chain/tc_0006.c	/home/tephra/experiments/int64_const_chain/in_0006	0	60	0	0	0.0000	-	-	-
afl-qemu	/home/tephra/experiments/int64_const_chain/tc_0007.c	/home/tephra/experiments/int64_const_chain/in_0007	0	60	0	0	0.0000	-	-	-
afl-qemu	/home/tephra/experiments/int64_const_chain/tc_0008.c	/home/tephra/experiments/int64_const_chain/in_0008	0	60	0	0	0.0000	-	-	-
afl-qemu	/home/tephra/experiments/int64_const_chain/tc_0009.c	/home/tephra/experiments/int64_const_chain/in_0009	0	60	0	0	0.0000	-	-	-
afl-qemu	/home/tephra/experiments/int64_const_chain/tc_0010.c	/home/tephra/experiments/int64_const_chain/in_0010	0	60	0	0	0.0000	-	-	-
klee	/home/tephra/experiments/int64_const_chain/tc_0011.c	/home/tephra/experiments/int64_const_chain/in_0011	60	0	0	0	1.0000	657.5167	657.0197	658.0136
klee	/home/tephra/experiments/int64_const_chain/tc_0012.c	/home/tephra/experiments/int64_const_chain/in_0012	60	0	0	0	1.0000	655.8500	655.2408	656.4592
klee	/home/tephra/experiments/int64_const_chain/tc_0013.c	/home/tephra/experiments/int64_const_chain/in_0013	60	0	0	0	1.0000	667.6667	667.1313	668.2021
klee	/home/tephra/experiments/int64_const_chain/tc_0014.c	/home/tephra/experiments/int64_const_chain/in_0014	60	0	0	0	1.0000	656.2167	655.6264	656.8069
klee	/home/tephra/experiments/int64_const_chain/tc_0015.c	/home/tephra/experiments/int64_const_chain/in_0015	60	0	0	0	1.0000	670.4167	669.5419	671.2915
klee	/home/tephra/experiments/int64_const_chain/tc_0016.c	/home/tephra/experiments/int64_const_chain/in_0016	60	0	0	0	1.0000	764.5000	762.6811	766.3189
klee	/home/tephra/experiments/int64_const_chain/tc_0032.c	/home/tephra/experiments/int64_const_chain/in_0032	0	0	60	0	0.0000	-	-	-
klee	/home/tephra/experiments/int64_const_chain/tc_0064.c	/home/tephra/experiments/int64_const_chain/in_0064	0	0	60	0	0.0000	-	-	-
klee	/home/tephra/experiments/int64_const_chain/tc_0128.c	/home/tephra/experiments/int64_const_chain/in_0128	0	0	60	0	0.0000	-	-	-
klee	/home/tephra/experiments/int64_const_chain/tc_0256.c	/home/tephra/experiments/int64_const_chain/in_0256	0	0	60	0	0.0000	-	-	-
klee	/home/tephra/experiments/int64_const_chain/tc_0512.c	/home/tephra/experiments/int64_const_chain/in_0512	0	0	60	0	0.0000	-	-	-
klee	/home/tephra/experiments/int64_const_chain/tc_1024.c	/home/tephra/experiments/int64_const_chain/in_1024	0	0	60	0	0.0000	-	-	-
klee	/home/tephra/experiments/int64_const_chain/tc_2048.c	/home/tephra/experiments/int64_const_chain/in_2048	0	0	60	0	0.0000	-	-	-
klee	/home/tephra/experiments/int64_const_chain/tc_4096.c	/home/tephra/experiments/int64_const_chain/in_4096	0	0	60	0	0.0000	-	-	-
symcc	/home/tephra/experiments/int64_const_chain/tc_0011.c	/home/tephra/experiments/int64_const_chain/in_0011	0	60	0	0	0.0000	-	-	-
symcc	/home/tephra/experiments/int64_const_chain/tc_0012.c	/home/tephra/experiments/int64_const_chain/in_0012	0	60	0	0	0.0000	-	-	-
symcc	/home/tephra/experiments/int64_const_chain/tc_0013.c	/home/tephra/experiments/int64_const_chain/in_0013	0	60	0	0	0.0000	-	-	-
symcc	/home/tephra/experiments/int64_const_chain/tc_0014.c	/home/tephra/experiments/int64_const_chain/in_0014	0	60	0	0	0.0000	-	-	-
symcc	/home/tephra/experiments/int64_const_chain/tc_0015.c	/home/tephra/experiments/int64_const_chain/in_0015	0	60	0	0	0.0000	-	-	-
symcc	/home/tephra/experiments/int64_const_chain/tc_0016.c	/home/tephra/experiments/int64_const_chain/in_0016	0	60	0	0	0.0000	-	-	-
symcc	/home/tephra/experiments/int64_const_chain/tc_0032.c	/home/tephra/experiments/int64_const_chain/in_0032	0	60	0	0	0.0000	-	-	-
symcc	/home/tephra/experiments/int64_const_chain/tc_0064.c	/home/tephra/experiments/int64_const_chain/in_0064	0	60	0	0	0.0000	-	-	-
symcc	/home/tephra/experiments/int64_const_chain/tc_0128.c	/home/tephra/experiments/int64_const_chain/in_0128	0	60	0	0	0.0000	-	-	-
symcc	/home/tephra/experiments/int64_const_chain/tc_0256.c	/home/tephra/experiments/int64_const_chain/in_0256	0	60	0	0	0.0000	-	-	-
