fuzzer	put	corpus	success	timeout	invalid	error	ratio	ttt	cleft	cright
afl-gcc	/home/tephra/experiments/uint32_simple_intervals/tc_0000000000.c	/home/tephra/experiments/uint32_simple_intervals/in_0000000000	0	60	0	0	0.0000	-	-	-
afl-gcc	/home/tephra/experiments/uint32_simple_intervals/tc_0000000001.c	/home/tephra/experiments/uint32_simple_intervals/in_0000000001	0	60	0	0	0.0000	-	-	-
afl-gcc	/home/tephra/experiments/uint32_simple_intervals/tc_0000000002.c	/home/tephra/experiments/uint32_simple_intervals/in_0000000002	0	60	0	0	0.0000	-	-	-
afl-gcc	/home/tephra/experiments/uint32_simple_intervals/tc_0000000003.c	/home/tephra/experiments/uint32_simple_intervals/in_0000000003	53	7	0	0	0.8833	1349700.0189	1341556.5315	1357843.5062
afl-gcc	/home/tephra/experiments/uint32_simple_intervals/tc_0000000004.c	/home/tephra/experiments/uint32_simple_intervals/in_0000000004	22	38	0	0	0.3667	-	-	-
afl-gcc	/home/tephra/experiments/uint32_simple_intervals/tc_0000000005.c	/home/tephra/experiments/uint32_simple_intervals/in_0000000005	60	0	0	0	1.0000	270988.7000	268843.4872	273133.9128
afl-gcc	/home/tephra/experiments/uint32_simple_intervals/tc_0000000006.c	/home/tephra/experiments/uint32_simple_intervals/in_0000000006	60	0	0	0	1.0000	33360.7000	33101.9503	33619.4497
afl-gcc	/home/tephra/experiments/uint32_simple_intervals/tc_0000000007.c	/home/tephra/experiments/uint32_simple_intervals/in_0000000007	60	0	0	0	1.0000	599.1333	596.1855	602.0812
afl-gcc	/home/tephra/experiments/uint32_simple_intervals/tc_0000000008.c	/home/tephra/experiments/uint32_simple_intervals/in_0000000008	60	0	0	0	1.0000	438.1833	437.8637	438.5029
afl-clang-fast	/home/tephra/experiments/uint32_simple_intervals/tc_0000000000.c	/home/tephra/experiments/uint32_simple_intervals/in_0000000000	0	60	0	0	0.0000	-	-	-
afl-clang-fast	/home/tephra/experiments/uint32_simple_intervals/tc_0000000001.c	/home/tephra/experiments/uint32_simple_intervals/in_0000000001	0	60	0	0	0.0000	-	-	-
afl-clang-fast	/home/tephra/experiments/uint32_simple_intervals/tc_0000000002.c	/home/tephra/experiments/uint32_simple_intervals/in_0000000002	0	60	0	0	0.0000	-	-	-
afl-clang-fast	/home/tephra/experiments/uint32_simple_intervals/tc_0000000003.c	/home/tephra/experiments/uint32_simple_intervals/in_0000000003	53	7	0	0	0.8833	1382316.5472	1373746.4709	1390886.6235
afl-clang-fast	/home/tephra/experiments/uint32_simple_intervals/tc_0000000004.c	/home/tephra/experiments/uint32_simple_intervals/in_0000000004	21	39	0	0	0.3500	-	-	-
afl-clang-fast	/home/tephra/experiments/uint32_simple_intervals/tc_0000000005.c	/home/tephra/experiments/uint32_simple_intervals/in_0000000005	60	0	0	0	1.0000	252893.3833	249470.8085	256315.9581
afl-clang-fast	/home/tephra/experiments/uint32_simple_intervals/tc_0000000006.c	/home/tephra/experiments/uint32_simple_intervals/in_0000000006	60	0	0	0	1.0000	26296.4667	26103.3274	26489.6059
afl-clang-fast	/home/tephra/experiments/uint32_simple_intervals/tc_0000000007.c	/home/tephra/experiments/uint32_simple_intervals/in_0000000007	60	0	0	0	1.0000	1055.9167	1051.7133	1060.1200
afl-clang-fast	/home/tephra/experiments/uint32_simple_intervals/tc_0000000008.c	/home/tephra/experiments/uint32_simple_intervals/in_0000000008	60	0	0	0	1.0000	438.5167	438.2947	438.7386
afl-libtokencap	/home/tephra/experiments/uint32_simple_intervals/tc_0000000000.c	/home/tephra/experiments/uint32_simple_intervals/in_0000000000	0	60	0	0	0.0000	-	-	-
afl-libtokencap	/home/tephra/experiments/uint32_simple_intervals/tc_0000000001.c	/home/tephra/experiments/uint32_simple_intervals/in_0000000001	0	60	0	0	0.0000	-	-	-
afl-libtokencap	/home/tephra/experiments/uint32_simple_intervals/tc_0000000002.c	/home/tephra/experiments/uint32_simple_intervals/in_0000000002	1	59	0	0	0.0167	-	-	-
afl-libtokencap	/home/tephra/experiments/uint32_simple_intervals/tc_0000000003.c	/home/tephra/experiments/uint32_simple_intervals/in_0000000003	54	6	0	0	0.9000	925090.1852	918828.3208	931352.0496
afl-libtokencap	/home/tephra/experiments/uint32_simple_intervals/tc_0000000004.c	/home/tephra/experiments/uint32_simple_intervals/in_0000000004	44	16	0	0	0.7333	1483223.1136	1473080.4847	1493365.7426
afl-libtokencap	/home/tephra/experiments/uint32_simple_intervals/tc_0000000005.c	/home/tephra/experiments/uint32_simple_intervals/in_0000000005	60	0	0	0	1.0000	161336.2667	159854.5730	162817.9603
afl-libtokencap	/home/tephra/experiments/uint32_simple_intervals/tc_0000000006.c	/home/tephra/experiments/uint32_simple_intervals/in_0000000006	60	0	0	0	1.0000	21553.4500	21428.5742	21678.3258
afl-libtokencap	/home/tephra/experiments/uint32_simple_intervals/tc_0000000007.c	/home/tephra/experiments/uint32_simple_intervals/in_0000000007	60	0	0	0	1.0000	1081.3500	1078.0000	1084.7000
afl-libtokencap	/home/tephra/experiments/uint32_simple_intervals/tc_0000000008.c	/home/tephra/experiments/uint32_simple_intervals/in_0000000008	60	0	0	0	1.0000	508.4667	507.4447	509.4886
radamsa	/home/tephra/experiments/uint32_simple_intervals/tc_0000000000.c	/home/tephra/experiments/uint32_simple_intervals/in_0000000000	0	55	5	0	0.0000	-	-	-
radamsa	/home/tephra/experiments/uint32_simple_intervals/tc_0000000001.c	/home/tephra/experiments/uint32_simple_intervals/in_0000000001	0	55	5	0	0.0000	-	-	-
radamsa	/home/tephra/experiments/uint32_simple_intervals/tc_0000000002.c	/home/tephra/experiments/uint32_simple_intervals/in_0000000002	4	52	4	0	0.0667	-	-	-
radamsa	/home/tephra/experiments/uint32_simple_intervals/tc_0000000003.c	/home/tephra/experiments/uint32_simple_intervals/in_0000000003	15	45	0	0	0.2500	-	-	-
radamsa	/home/tephra/experiments/uint32_simple_intervals/tc_0000000004.c	/home/tephra/experiments/uint32_simple_intervals/in_0000000004	59	0	1	0	0.9833	642767.8644	637116.9743	648418.7545
radamsa	/home/tephra/experiments/uint32_simple_intervals/tc_0000000005.c	/home/tephra/experiments/uint32_simple_intervals/in_0000000005	60	0	0	0	1.0000	6930.0000	6880.3385	6979.6615
radamsa	/home/tephra/experiments/uint32_simple_intervals/tc_0000000006.c	/home/tephra/experiments/uint32_simple_intervals/in_0000000006	60	0	0	0	1.0000	4090.7667	4059.0400	4122.4933
radamsa	/home/tephra/experiments/uint32_simple_intervals/tc_0000000007.c	/home/tephra/experiments/uint32_simple_intervals/in_0000000007	60	0	0	0	1.0000	2512.1500	2490.4135	2533.8865
radamsa	/home/tephra/experiments/uint32_simple_intervals/tc_0000000008.c	/home/tephra/experiments/uint32_simple_intervals/in_0000000008	60	0	0	0	1.0000	237.6333	234.8995	240.3672
libfuzzer	/home/tephra/experiments/uint32_simple_intervals/tc_0000000000.c	/home/tephra/experiments/uint32_simple_intervals/in_0000000000	60	0	0	0	1.0000	171.2000	171.1747	171.2253
libfuzzer	/home/tephra/experiments/uint32_simple_intervals/tc_0000000001.c	/home/tephra/experiments/uint32_simple_intervals/in_0000000001	60	0	0	0	1.0000	173.6500	173.6064	173.6936
libfuzzer	/home/tephra/experiments/uint32_simple_intervals/tc_0000000002.c	/home/tephra/experiments/uint32_simple_intervals/in_0000000002	60	0	0	0	1.0000	172.3333	172.3054	172.3613
libfuzzer	/home/tephra/experiments/uint32_simple_intervals/tc_0000000003.c	/home/tephra/experiments/uint32_simple_intervals/in_0000000003	60	0	0	0	1.0000	171.7667	171.7432	171.7902
libfuzzer	/home/tephra/experiments/uint32_simple_intervals/tc_0000000004.c	/home/tephra/experiments/uint32_simple_intervals/in_0000000004	60	0	0	0	1.0000	170.9833	170.9503	171.0163
libfuzzer	/home/tephra/experiments/uint32_simple_intervals/tc_0000000005.c	/home/tephra/experiments/uint32_simple_intervals/in_0000000005	60	0	0	0	1.0000	170.4333	170.4030	170.4637
libfuzzer	/home/tephra/experiments/uint32_simple_intervals/tc_0000000006.c	/home/tephra/experiments/uint32_simple_intervals/in_0000000006	60	0	0	0	1.0000	171.9000	171.8651	171.9349
libfuzzer	/home/tephra/experiments/uint32_simple_intervals/tc_0000000007.c	/home/tephra/experiments/uint32_simple_intervals/in_0000000007	60	0	0	0	1.0000	171.5333	171.4944	171.5723
libfuzzer	/home/tephra/experiments/uint32_simple_intervals/tc_0000000008.c	/home/tephra/experiments/uint32_simple_intervals/in_0000000008	60	0	0	0	1.0000	171.1833	171.1556	171.2111
libfuzzer-entropic	/home/tephra/experiments/uint32_simple_intervals/tc_0000000000.c	/home/tephra/experiments/uint32_simple_intervals/in_0000000000	60	0	0	0	1.0000	172.9833	172.9419	173.0248
libfuzzer-entropic	/home/tephra/experiments/uint32_simple_intervals/tc_0000000001.c	/home/tephra/experiments/uint32_simple_intervals/in_0000000001	60	0	0	0	1.0000	171.1667	171.1426	171.1908
libfuzzer-entropic	/home/tephra/experiments/uint32_simple_intervals/tc_0000000002.c	/home/tephra/experiments/uint32_simple_intervals/in_0000000002	60	0	0	0	1.0000	170.3667	170.3403	170.3930
libfuzzer-entropic	/home/tephra/experiments/uint32_simple_intervals/tc_0000000003.c	/home/tephra/experiments/uint32_simple_intervals/in_0000000003	60	0	0	0	1.0000	170.6333	170.6030	170.6636
libfuzzer-entropic	/home/tephra/experiments/uint32_simple_intervals/tc_0000000004.c	/home/tephra/experiments/uint32_simple_intervals/in_0000000004	60	0	0	0	1.0000	171.9000	171.8708	171.9292
libfuzzer-entropic	/home/tephra/experiments/uint32_simple_intervals/tc_0000000005.c	/home/tephra/experiments/uint32_simple_intervals/in_0000000005	60	0	0	0	1.0000	172.8667	172.8413	172.8921
libfuzzer-entropic	/home/tephra/experiments/uint32_simple_intervals/tc_0000000006.c	/home/tephra/experiments/uint32_simple_intervals/in_0000000006	60	0	0	0	1.0000	173.0667	173.0312	173.1022
libfuzzer-entropic	/home/tephra/experiments/uint32_simple_intervals/tc_0000000007.c	/home/tephra/experiments/uint32_simple_intervals/in_0000000007	60	0	0	0	1.0000	170.7167	170.6846	170.7487
libfuzzer-entropic	/home/tephra/experiments/uint32_simple_intervals/tc_0000000008.c	/home/tephra/experiments/uint32_simple_intervals/in_0000000008	60	0	0	0	1.0000	166.2667	166.2490	166.2844
dev-urandom	/home/tephra/experiments/uint32_simple_intervals/tc_0000000000.c	/home/tephra/experiments/uint32_simple_intervals/in_0000000000	0	60	0	0	0.0000	-	-	-
dev-urandom	/home/tephra/experiments/uint32_simple_intervals/tc_0000000001.c	/home/tephra/experiments/uint32_simple_intervals/in_0000000001	12	48	0	0	0.2000	-	-	-
dev-urandom	/home/tephra/experiments/uint32_simple_intervals/tc_0000000002.c	/home/tephra/experiments/uint32_simple_intervals/in_0000000002	47	13	0	0	0.7833	1212079.0851	1203140.9065	1221017.2637
dev-urandom	/home/tephra/experiments/uint32_simple_intervals/tc_0000000003.c	/home/tephra/experiments/uint32_simple_intervals/in_0000000003	60	0	0	0	1.0000	353156.3333	350364.9030	355947.7637
dev-urandom	/home/tephra/experiments/uint32_simple_intervals/tc_0000000004.c	/home/tephra/experiments/uint32_simple_intervals/in_0000000004	60	0	0	0	1.0000	47921.8333	47607.8596	48235.8071
dev-urandom	/home/tephra/experiments/uint32_simple_intervals/tc_0000000005.c	/home/tephra/experiments/uint32_simple_intervals/in_0000000005	60	0	0	0	1.0000	4125.8500	4096.7420	4154.9580
dev-urandom	/home/tephra/experiments/uint32_simple_intervals/tc_0000000006.c	/home/tephra/experiments/uint32_simple_intervals/in_0000000006	60	0	0	0	1.0000	514.9333	509.9086	519.9581
dev-urandom	/home/tephra/experiments/uint32_simple_intervals/tc_0000000007.c	/home/tephra/experiments/uint32_simple_intervals/in_0000000007	60	0	0	0	1.0000	38.4500	38.1817	38.7183
dev-urandom	/home/tephra/experiments/uint32_simple_intervals/tc_0000000008.c	/home/tephra/experiments/uint32_simple_intervals/in_0000000008	60	0	0	0	1.0000	5.6667	5.6376	5.6957
afl++	/home/tephra/experiments/uint32_simple_intervals/tc_0000000000.c	/home/tephra/experiments/uint32_simple_intervals/in_0000000000	0	60	0	0	0.0000	-	-	-
afl++	/home/tephra/experiments/uint32_simple_intervals/tc_0000000001.c	/home/tephra/experiments/uint32_simple_intervals/in_0000000001	1	59	0	0	0.0167	-	-	-
afl++	/home/tephra/experiments/uint32_simple_intervals/tc_0000000002.c	/home/tephra/experiments/uint32_simple_intervals/in_0000000002	3	57	0	0	0.0500	-	-	-
afl++	/home/tephra/experiments/uint32_simple_intervals/tc_0000000003.c	/home/tephra/experiments/uint32_simple_intervals/in_0000000003	60	0	0	0	1.0000	111939.1167	111012.4900	112865.7433
afl++	/home/tephra/experiments/uint32_simple_intervals/tc_0000000004.c	/home/tephra/experiments/uint32_simple_intervals/in_0000000004	60	0	0	0	1.0000	200444.9167	198775.4805	202114.3528
afl++	/home/tephra/experiments/uint32_simple_intervals/tc_0000000005.c	/home/tephra/experiments/uint32_simple_intervals/in_0000000005	60	0	0	0	1.0000	24222.9167	24014.6123	24431.2210
afl++	/home/tephra/experiments/uint32_simple_intervals/tc_0000000006.c	/home/tephra/experiments/uint32_simple_intervals/in_0000000006	60	0	0	0	1.0000	1739.1833	1727.7791	1750.5875
afl++	/home/tephra/experiments/uint32_simple_intervals/tc_0000000007.c	/home/tephra/experiments/uint32_simple_intervals/in_0000000007	60	0	0	0	1.0000	214.6000	214.5895	214.6105
afl++	/home/tephra/experiments/uint32_simple_intervals/tc_0000000008.c	/home/tephra/experiments/uint32_simple_intervals/in_0000000008	60	0	0	0	1.0000	215.2000	215.1785	215.2215
afl++-cmplog	/home/tephra/experiments/uint32_simple_intervals/tc_0000000000.c	/home/tephra/experiments/uint32_simple_intervals/in_0000000000	0	60	0	0	0.0000	-	-	-
afl++-cmplog	/home/tephra/experiments/uint32_simple_intervals/tc_0000000001.c	/home/tephra/experiments/uint32_simple_intervals/in_0000000001	0	60	0	0	0.0000	-	-	-
afl++-cmplog	/home/tephra/experiments/uint32_simple_intervals/tc_0000000002.c	/home/tephra/experiments/uint32_simple_intervals/in_0000000002	2	58	0	0	0.0333	-	-	-
afl++-cmplog	/home/tephra/experiments/uint32_simple_intervals/tc_0000000003.c	/home/tephra/experiments/uint32_simple_intervals/in_0000000003	60	0	0	0	1.0000	198902.4167	197038.4621	200766.3712
afl++-cmplog	/home/tephra/experiments/uint32_simple_intervals/tc_0000000004.c	/home/tephra/experiments/uint32_simple_intervals/in_0000000004	60	0	0	0	1.0000	372925.7833	370140.5503	375711.0164
afl++-cmplog	/home/tephra/experiments/uint32_simple_intervals/tc_0000000005.c	/home/tephra/experiments/uint32_simple_intervals/in_0000000005	60	0	0	0	1.0000	64695.9333	64198.0274	65193.8392
afl++-cmplog	/home/tephra/experiments/uint32_simple_intervals/tc_0000000006.c	/home/tephra/experiments/uint32_simple_intervals/in_0000000006	60	0	0	0	1.0000	4357.6333	4325.0349	4390.2318
afl++-cmplog	/home/tephra/experiments/uint32_simple_intervals/tc_0000000007.c	/home/tephra/experiments/uint32_simple_intervals/in_0000000007	60	0	0	0	1.0000	247.7500	247.7159	247.7841
afl++-cmplog	/home/tephra/experiments/uint32_simple_intervals/tc_0000000008.c	/home/tephra/experiments/uint32_simple_intervals/in_0000000008	60	0	0	0	1.0000	248.6167	248.5929	248.6405
afl++-laf	/home/tephra/experiments/uint32_simple_intervals/tc_0000000000.c	/home/tephra/experiments/uint32_simple_intervals/in_0000000000	17	43	0	0	0.2833	-	-	-
afl++-laf	/home/tephra/experiments/uint32_simple_intervals/tc_0000000001.c	/home/tephra/experiments/uint32_simple_intervals/in_0000000001	58	2	0	0	0.9667	367639.4310	362480.6461	372798.2159
afl++-laf	/home/tephra/experiments/uint32_simple_intervals/tc_0000000002.c	/home/tephra/experiments/uint32_simple_intervals/in_0000000002	60	0	0	0	1.0000	132259.6667	131276.7279	133242.6054
afl++-laf	/home/tephra/experiments/uint32_simple_intervals/tc_0000000003.c	/home/tephra/experiments/uint32_simple_intervals/in_0000000003	60	0	0	0	1.0000	33281.9667	33061.9535	33501.9798
afl++-laf	/home/tephra/experiments/uint32_simple_intervals/tc_0000000004.c	/home/tephra/experiments/uint32_simple_intervals/in_0000000004	60	0	0	0	1.0000	18403.8167	18264.6628	18542.9705
afl++-laf	/home/tephra/experiments/uint32_simple_intervals/tc_0000000005.c	/home/tephra/experiments/uint32_simple_intervals/in_0000000005	60	0	0	0	1.0000	25432.8333	25224.9153	25640.7514
afl++-laf	/home/tephra/experiments/uint32_simple_intervals/tc_0000000006.c	/home/tephra/experiments/uint32_simple_intervals/in_0000000006	60	0	0	0	1.0000	3392.3000	3370.0336	3414.5664
afl++-laf	/home/tephra/experiments/uint32_simple_intervals/tc_0000000007.c	/home/tephra/experiments/uint32_simple_intervals/in_0000000007	60	0	0	0	1.0000	215.5500	215.5290	215.5710
afl++-laf	/home/tephra/experiments/uint32_simple_intervals/tc_0000000008.c	/home/tephra/experiments/uint32_simple_intervals/in_0000000008	60	0	0	0	1.0000	215.2833	215.2681	215.2986
afl++-mopt	/home/tephra/experiments/uint32_simple_intervals/tc_0000000000.c	/home/tephra/experiments/uint32_simple_intervals/in_0000000000	0	60	0	0	0.0000	-	-	-
afl++-mopt	/home/tephra/experiments/uint32_simple_intervals/tc_0000000001.c	/home/tephra/experiments/uint32_simple_intervals/in_0000000001	3	57	0	0	0.0500	-	-	-
afl++-mopt	/home/tephra/experiments/uint32_simple_intervals/tc_0000000002.c	/home/tephra/experiments/uint32_simple_intervals/in_0000000002	7	53	0	0	0.1167	-	-	-
afl++-mopt	/home/tephra/experiments/uint32_simple_intervals/tc_0000000003.c	/home/tephra/experiments/uint32_simple_intervals/in_0000000003	60	0	0	0	1.0000	108955.3833	108276.7382	109634.0284
afl++-mopt	/home/tephra/experiments/uint32_simple_intervals/tc_0000000004.c	/home/tephra/experiments/uint32_simple_intervals/in_0000000004	60	0	0	0	1.0000	105803.1500	104874.5988	106731.7012
afl++-mopt	/home/tephra/experiments/uint32_simple_intervals/tc_0000000005.c	/home/tephra/experiments/uint32_simple_intervals/in_0000000005	60	0	0	0	1.0000	15005.6833	14907.4573	15103.9094
afl++-mopt	/home/tephra/experiments/uint32_simple_intervals/tc_0000000006.c	/home/tephra/experiments/uint32_simple_intervals/in_0000000006	60	0	0	0	1.0000	1737.4833	1726.6941	1748.2725
afl++-mopt	/home/tephra/experiments/uint32_simple_intervals/tc_0000000007.c	/home/tephra/experiments/uint32_simple_intervals/in_0000000007	60	0	0	0	1.0000	216.1500	216.1229	216.1771
afl++-mopt	/home/tephra/experiments/uint32_simple_intervals/tc_0000000008.c	/home/tephra/experiments/uint32_simple_intervals/in_0000000008	60	0	0	0	1.0000	215.5500	215.5274	215.5726
honggfuzz	/home/tephra/experiments/uint32_simple_intervals/tc_0000000000.c	/home/tephra/experiments/uint32_simple_intervals/in_0000000000	60	0	0	0	1.0000	9875.5667	9736.6810	10014.4523
honggfuzz	/home/tephra/experiments/uint32_simple_intervals/tc_0000000001.c	/home/tephra/experiments/uint32_simple_intervals/in_0000000001	60	0	0	0	1.0000	4545.4000	4524.6652	4566.1348
honggfuzz	/home/tephra/experiments/uint32_simple_intervals/tc_0000000002.c	/home/tephra/experiments/uint32_simple_intervals/in_0000000002	60	0	0	0	1.0000	5598.8333	5574.7597	5622.9069
honggfuzz	/home/tephra/experiments/uint32_simple_intervals/tc_0000000003.c	/home/tephra/experiments/uint32_simple_intervals/in_0000000003	60	0	0	0	1.0000	6122.4000	6081.0343	6163.7657
honggfuzz	/home/tephra/experiments/uint32_simple_intervals/tc_0000000004.c	/home/tephra/experiments/uint32_simple_intervals/in_0000000004	60	0	0	0	1.0000	3812.2500	3794.1664	3830.3336
honggfuzz	/home/tephra/experiments/uint32_simple_intervals/tc_0000000005.c	/home/tephra/experiments/uint32_simple_intervals/in_0000000005	60	0	0	0	1.0000	3695.4833	3674.4817	3716.4850
honggfuzz	/home/tephra/experiments/uint32_simple_intervals/tc_0000000006.c	/home/tephra/experiments/uint32_simple_intervals/in_0000000006	60	0	0	0	1.0000	2168.6833	2156.3286	2181.0381
honggfuzz	/home/tephra/experiments/uint32_simple_intervals/tc_0000000007.c	/home/tephra/experiments/uint32_simple_intervals/in_0000000007	60	0	0	0	1.0000	1005.1500	1005.1471	1005.1529
honggfuzz	/home/tephra/experiments/uint32_simple_intervals/tc_0000000008.c	/home/tephra/experiments/uint32_simple_intervals/in_0000000008	60	0	0	0	1.0000	1005.3167	1005.3126	1005.3207
wingfuzz	/home/tephra/experiments/uint32_simple_intervals/tc_0000000000.c	/home/tephra/experiments/uint32_simple_intervals/in_0000000000	60	0	0	0	1.0000	19.5667	19.5064	19.6270
wingfuzz	/home/tephra/experiments/uint32_simple_intervals/tc_0000000001.c	/home/tephra/experiments/uint32_simple_intervals/in_0000000001	60	0	0	0	1.0000	19.6500	19.5697	19.7303
wingfuzz	/home/tephra/experiments/uint32_simple_intervals/tc_0000000002.c	/home/tephra/experiments/uint32_simple_intervals/in_0000000002	60	0	0	0	1.0000	18.4000	18.3359	18.4641
wingfuzz	/home/tephra/experiments/uint32_simple_intervals/tc_0000000003.c	/home/tephra/experiments/uint32_simple_intervals/in_0000000003	60	0	0	0	1.0000	14.5500	14.5134	14.5866
wingfuzz	/home/tephra/experiments/uint32_simple_intervals/tc_0000000004.c	/home/tephra/experiments/uint32_simple_intervals/in_0000000004	60	0	0	0	1.0000	18.4667	18.4047	18.5287
wingfuzz	/home/tephra/experiments/uint32_simple_intervals/tc_0000000005.c	/home/tephra/experiments/uint32_simple_intervals/in_0000000005	60	0	0	0	1.0000	16.8333	16.7863	16.8804
wingfuzz	/home/tephra/experiments/uint32_simple_intervals/tc_0000000006.c	/home/tephra/experiments/uint32_simple_intervals/in_0000000006	60	0	0	0	1.0000	14.3333	14.2982	14.3685
wingfuzz	/home/tephra/experiments/uint32_simple_intervals/tc_0000000007.c	/home/tephra/experiments/uint32_simple_intervals/in_0000000007	60	0	0	0	1.0000	10.5333	10.5201	10.5465
wingfuzz	/home/tephra/experiments/uint32_simple_intervals/tc_0000000008.c	/home/tephra/experiments/uint32_simple_intervals/in_0000000008	60	0	0	0	1.0000	10.1667	10.1529	10.1804
libafl	/home/tephra/experiments/uint32_simple_intervals/tc_0000000000.c	/home/tephra/experiments/uint32_simple_intervals/in_0000000000	2	58	0	0	0.0333	-	-	-
libafl	/home/tephra/experiments/uint32_simple_intervals/tc_0000000001.c	/home/tephra/experiments/uint32_simple_intervals/in_0000000001	12	48	0	0	0.2000	-	-	-
libafl	/home/tephra/experiments/uint32_simple_intervals/tc_0000000002.c	/home/tephra/experiments/uint32_simple_intervals/in_0000000002	19	41	0	0	0.3167	-	-	-
libafl	/home/tephra/experiments/uint32_simple_intervals/tc_0000000003.c	/home/tephra/experiments/uint32_simple_intervals/in_0000000003	60	0	0	0	1.0000	10975.5000	10877.5453	11073.4547
libafl	/home/tephra/experiments/uint32_simple_intervals/tc_0000000004.c	/home/tephra/experiments/uint32_simple_intervals/in_0000000004	60	0	0	0	1.0000	11536.4167	11422.4625	11650.3709
libafl	/home/tephra/experiments/uint32_simple_intervals/tc_0000000005.c	/home/tephra/experiments/uint32_simple_intervals/in_0000000005	60	0	0	0	1.0000	1041.5333	1032.4687	1050.5980
libafl	/home/tephra/experiments/uint32_simple_intervals/tc_0000000006.c	/home/tephra/experiments/uint32_simple_intervals/in_0000000006	60	0	0	0	1.0000	194.7833	193.4507	196.1160
libafl	/home/tephra/experiments/uint32_simple_intervals/tc_0000000007.c	/home/tephra/experiments/uint32_simple_intervals/in_0000000007	60	0	0	0	1.0000	12.9167	12.8928	12.9405
libafl	/home/tephra/experiments/uint32_simple_intervals/tc_0000000008.c	/home/tephra/experiments/uint32_simple_intervals/in_0000000008	60	0	0	0	1.0000	11.4167	11.3951	11.4382
libafl-libfuzzer	/home/tephra/experiments/uint32_simple_intervals/tc_0000000000.c	/home/tephra/experiments/uint32_simple_intervals/in_0000000000	60	0	0	0	1.0000	154.7667	154.5792	154.9541
libafl-libfuzzer	/home/tephra/experiments/uint32_simple_intervals/tc_0000000001.c	/home/tephra/experiments/uint32_simple_intervals/in_0000000001	60	0	0	0	1.0000	153.6333	153.5090	153.7576
libafl-libfuzzer	/home/tephra/experiments/uint32_simple_intervals/tc_0000000002.c	/home/tephra/experiments/uint32_simple_intervals/in_0000000002	60	0	0	0	1.0000	159.6833	159.4799	159.8868
libafl-libfuzzer	/home/tephra/experiments/uint32_simple_intervals/tc_0000000003.c	/home/tephra/experiments/uint32_simple_intervals/in_0000000003	60	0	0	0	1.0000	158.2167	158.0405	158.3928
libafl-libfuzzer	/home/tephra/experiments/uint32_simple_intervals/tc_0000000004.c	/home/tephra/experiments/uint32_simple_intervals/in_0000000004	60	0	0	0	1.0000	156.1167	155.8907	156.3426
libafl-libfuzzer	/home/tephra/experiments/uint32_simple_intervals/tc_0000000005.c	/home/tephra/experiments/uint32_simple_intervals/in_0000000005	60	0	0	0	1.0000	154.4000	154.2765	154.5235
libafl-libfuzzer	/home/tephra/experiments/uint32_simple_intervals/tc_0000000006.c	/home/tephra/experiments/uint32_simple_intervals/in_0000000006	60	0	0	0	1.0000	156.9167	156.7552	157.0782
libafl-libfuzzer	/home/tephra/experiments/uint32_simple_intervals/tc_0000000007.c	/home/tephra/experiments/uint32_simple_intervals/in_0000000007	60	0	0	0	1.0000	156.9000	156.7327	157.0673
libafl-libfuzzer	/home/tephra/experiments/uint32_simple_intervals/tc_0000000008.c	/home/tephra/experiments/uint32_simple_intervals/in_0000000008	60	0	0	0	1.0000	160.7000	160.4910	160.9090
ddfuzz	/home/tephra/experiments/uint32_simple_intervals/tc_0000000000.c	/home/tephra/experiments/uint32_simple_intervals/in_0000000000	0	60	0	0	0.0000	-	-	-
ddfuzz	/home/tephra/experiments/uint32_simple_intervals/tc_0000000001.c	/home/tephra/experiments/uint32_simple_intervals/in_0000000001	0	60	0	0	0.0000	-	-	-
ddfuzz	/home/tephra/experiments/uint32_simple_intervals/tc_0000000002.c	/home/tephra/experiments/uint32_simple_intervals/in_0000000002	1	59	0	0	0.0167	-	-	-
ddfuzz	/home/tephra/experiments/uint32_simple_intervals/tc_0000000003.c	/home/tephra/experiments/uint32_simple_intervals/in_0000000003	60	0	0	0	1.0000	184755.6167	183372.9565	186138.2768
ddfuzz	/home/tephra/experiments/uint32_simple_intervals/tc_0000000004.c	/home/tephra/experiments/uint32_simple_intervals/in_0000000004	60	0	0	0	1.0000	508306.3500	503449.7819	513162.9181
ddfuzz	/home/tephra/experiments/uint32_simple_intervals/tc_0000000005.c	/home/tephra/experiments/uint32_simple_intervals/in_0000000005	60	0	0	0	1.0000	26782.5667	26597.1745	26967.9588
ddfuzz	/home/tephra/experiments/uint32_simple_intervals/tc_0000000006.c	/home/tephra/experiments/uint32_simple_intervals/in_0000000006	60	0	0	0	1.0000	2279.2333	2266.0180	2292.4487
ddfuzz	/home/tephra/experiments/uint32_simple_intervals/tc_0000000007.c	/home/tephra/experiments/uint32_simple_intervals/in_0000000007	60	0	0	0	1.0000	241.5833	241.4784	241.6882
ddfuzz	/home/tephra/experiments/uint32_simple_intervals/tc_0000000008.c	/home/tephra/experiments/uint32_simple_intervals/in_0000000008	60	0	0	0	1.0000	237.6000	237.5721	237.6279
fairfuzz	/home/tephra/experiments/uint32_simple_intervals/tc_0000000000.c	/home/tephra/experiments/uint32_simple_intervals/in_0000000000	0	60	0	0	0.0000	-	-	-
fairfuzz	/home/tephra/experiments/uint32_simple_intervals/tc_0000000001.c	/home/tephra/experiments/uint32_simple_intervals/in_0000000001	0	60	0	0	0.0000	-	-	-
fairfuzz	/home/tephra/experiments/uint32_simple_intervals/tc_0000000002.c	/home/tephra/experiments/uint32_simple_intervals/in_0000000002	0	60	0	0	0.0000	-	-	-
fairfuzz	/home/tephra/experiments/uint32_simple_intervals/tc_0000000003.c	/home/tephra/experiments/uint32_simple_intervals/in_0000000003	59	1	0	0	0.9833	528103.3390	523831.5061	532375.1718
fairfuzz	/home/tephra/experiments/uint32_simple_intervals/tc_0000000004.c	/home/tephra/experiments/uint32_simple_intervals/in_0000000004	44	16	0	0	0.7333	1247482.0682	1238637.3315	1256326.8049
fairfuzz	/home/tephra/experiments/uint32_simple_intervals/tc_0000000005.c	/home/tephra/experiments/uint32_simple_intervals/in_0000000005	60	0	0	0	1.0000	60217.0833	59700.0143	60734.1524
fairfuzz	/home/tephra/experiments/uint32_simple_intervals/tc_0000000006.c	/home/tephra/experiments/uint32_simple_intervals/in_0000000006	60	0	0	0	1.0000	8326.1833	8262.3105	8390.0562
fairfuzz	/home/tephra/experiments/uint32_simple_intervals/tc_0000000007.c	/home/tephra/experiments/uint32_simple_intervals/in_0000000007	60	0	0	0	1.0000	467.4000	465.8414	468.9586
fairfuzz	/home/tephra/experiments/uint32_simple_intervals/tc_0000000008.c	/home/tephra/experiments/uint32_simple_intervals/in_0000000008	60	0	0	0	1.0000	218.2000	218.1712	218.2288
ecofuzz	/home/tephra/experiments/uint32_simple_intervals/tc_0000000000.c	/home/tephra/experiments/uint32_simple_intervals/in_0000000000	60	0	0	0	1.0000	551.0167	548.4973	553.5360
ecofuzz	/home/tephra/experiments/uint32_simple_intervals/tc_0000000001.c	/home/tephra/experiments/uint32_simple_intervals/in_0000000001	0	60	0	0	0.0000	-	-	-
ecofuzz	/home/tephra/experiments/uint32_simple_intervals/tc_0000000002.c	/home/tephra/experiments/uint32_simple_intervals/in_0000000002	60	0	0	0	1.0000	526.2167	523.9046	528.5287
ecofuzz	/home/tephra/experiments/uint32_simple_intervals/tc_0000000003.c	/home/tephra/experiments/uint32_simple_intervals/in_0000000003	60	0	0	0	1.0000	464.0000	461.4796	466.5204
ecofuzz	/home/tephra/experiments/uint32_simple_intervals/tc_0000000004.c	/home/tephra/experiments/uint32_simple_intervals/in_0000000004	60	0	0	0	1.0000	485.0833	482.5974	487.5693
ecofuzz	/home/tephra/experiments/uint32_simple_intervals/tc_0000000005.c	/home/tephra/experiments/uint32_simple_intervals/in_0000000005	60	0	0	0	1.0000	440.4000	438.0951	442.7049
ecofuzz	/home/tephra/experiments/uint32_simple_intervals/tc_0000000006.c	/home/tephra/experiments/uint32_simple_intervals/in_0000000006	60	0	0	0	1.0000	455.2000	452.6950	457.7050
ecofuzz	/home/tephra/experiments/uint32_simple_intervals/tc_0000000007.c	/home/tephra/experiments/uint32_simple_intervals/in_0000000007	60	0	0	0	1.0000	344.1833	342.4456	345.9211
ecofuzz	/home/tephra/experiments/uint32_simple_intervals/tc_0000000008.c	/home/tephra/experiments/uint32_simple_intervals/in_0000000008	60	0	0	0	1.0000	219.8333	219.8092	219.8574
fafuzz	/home/tephra/experiments/uint32_simple_intervals/tc_0000000000.c	/home/tephra/experiments/uint32_simple_intervals/in_0000000000	1	59	0	0	0.0167	-	-	-
fafuzz	/home/tephra/experiments/uint32_simple_intervals/tc_0000000001.c	/home/tephra/experiments/uint32_simple_intervals/in_0000000001	0	60	0	0	0.0000	-	-	-
fafuzz	/home/tephra/experiments/uint32_simple_intervals/tc_0000000002.c	/home/tephra/experiments/uint32_simple_intervals/in_0000000002	0	60	0	0	0.0000	-	-	-
fafuzz	/home/tephra/experiments/uint32_simple_intervals/tc_0000000003.c	/home/tephra/experiments/uint32_simple_intervals/in_0000000003	60	0	0	0	1.0000	428232.7667	423988.1537	432477.3797
fafuzz	/home/tephra/experiments/uint32_simple_intervals/tc_0000000004.c	/home/tephra/experiments/uint32_simple_intervals/in_0000000004	60	0	0	0	1.0000	325572.5000	322574.8098	328570.1902
fafuzz	/home/tephra/experiments/uint32_simple_intervals/tc_0000000005.c	/home/tephra/experiments/uint32_simple_intervals/in_0000000005	60	0	0	0	1.0000	41502.1167	41171.2373	41832.9960
fafuzz	/home/tephra/experiments/uint32_simple_intervals/tc_0000000006.c	/home/tephra/experiments/uint32_simple_intervals/in_0000000006	60	0	0	0	1.0000	4747.0167	4709.7856	4784.2477
fafuzz	/home/tephra/experiments/uint32_simple_intervals/tc_0000000007.c	/home/tephra/experiments/uint32_simple_intervals/in_0000000007	60	0	0	0	1.0000	315.5000	313.9249	317.0751
fafuzz	/home/tephra/experiments/uint32_simple_intervals/tc_0000000008.c	/home/tephra/experiments/uint32_simple_intervals/in_0000000008	60	0	0	0	1.0000	219.0333	218.9957	219.0710
darwin	/home/tephra/experiments/uint32_simple_intervals/tc_0000000000.c	/home/tephra/experiments/uint32_simple_intervals/in_0000000000	0	60	0	0	0.0000	-	-	-
darwin	/home/tephra/experiments/uint32_simple_intervals/tc_0000000001.c	/home/tephra/experiments/uint32_simple_intervals/in_0000000001	1	59	0	0	0.0167	-	-	-
darwin	/home/tephra/experiments/uint32_simple_intervals/tc_0000000002.c	/home/tephra/experiments/uint32_simple_intervals/in_0000000002	10	50	0	0	0.1667	-	-	-
darwin	/home/tephra/experiments/uint32_simple_intervals/tc_0000000003.c	/home/tephra/experiments/uint32_simple_intervals/in_0000000003	56	4	0	0	0.9333	1129399.6071	1121383.8255	1137415.3888
darwin	/home/tephra/experiments/uint32_simple_intervals/tc_0000000004.c	/home/tephra/experiments/uint32_simple_intervals/in_0000000004	60	0	0	0	1.0000	250239.8167	248529.3263	251950.3071
darwin	/home/tephra/experiments/uint32_simple_intervals/tc_0000000005.c	/home/tephra/experiments/uint32_simple_intervals/in_0000000005	60	0	0	0	1.0000	26224.0667	26030.0364	26418.0970
darwin	/home/tephra/experiments/uint32_simple_intervals/tc_0000000006.c	/home/tephra/experiments/uint32_simple_intervals/in_0000000006	60	0	0	0	1.0000	3226.2167	3204.5655	3247.8678
darwin	/home/tephra/experiments/uint32_simple_intervals/tc_0000000007.c	/home/tephra/experiments/uint32_simple_intervals/in_0000000007	60	0	0	0	1.0000	761.1500	759.7889	762.5111
darwin	/home/tephra/experiments/uint32_simple_intervals/tc_0000000008.c	/home/tephra/experiments/uint32_simple_intervals/in_0000000008	60	0	0	0	1.0000	419.1333	417.4777	420.7890
angora	/home/tephra/experiments/uint32_simple_intervals/tc_0000000000.c	/home/tephra/experiments/uint32_simple_intervals/in_0000000000	7	51	0	2	0.1167	-	-	-
angora	/home/tephra/experiments/uint32_simple_intervals/tc_0000000001.c	/home/tephra/experiments/uint32_simple_intervals/in_0000000001	60	0	0	0	1.0000	4226.8000	4195.3450	4258.2550
angora	/home/tephra/experiments/uint32_simple_intervals/tc_0000000002.c	/home/tephra/experiments/uint32_simple_intervals/in_0000000002	60	0	0	0	1.0000	3443.1000	3414.6315	3471.5685
angora	/home/tephra/experiments/uint32_simple_intervals/tc_0000000003.c	/home/tephra/experiments/uint32_simple_intervals/in_0000000003	60	0	0	0	1.0000	4827.9000	4795.7163	4860.0837
angora	/home/tephra/experiments/uint32_simple_intervals/tc_0000000004.c	/home/tephra/experiments/uint32_simple_intervals/in_0000000004	58	2	0	0	0.9667	362811.8793	357229.9804	368393.7782
angora	/home/tephra/experiments/uint32_simple_intervals/tc_0000000005.c	/home/tephra/experiments/uint32_simple_intervals/in_0000000005	60	0	0	0	1.0000	1041.5667	1041.5363	1041.5970
angora	/home/tephra/experiments/uint32_simple_intervals/tc_0000000006.c	/home/tephra/experiments/uint32_simple_intervals/in_0000000006	59	0	0	1	0.9833	3993.0678	3965.8759	4020.2597
angora	/home/tephra/experiments/uint32_simple_intervals/tc_0000000007.c	/home/tephra/experiments/uint32_simple_intervals/in_0000000007	60	0	0	0	1.0000	1043.2500	1043.2252	1043.2748
angora	/home/tephra/experiments/uint32_simple_intervals/tc_0000000008.c	/home/tephra/experiments/uint32_simple_intervals/in_0000000008	60	0	0	0	1.0000	1041.5000	1041.4837	1041.5163
angora-mb	/home/tephra/experiments/uint32_simple_intervals/tc_0000000000.c	/home/tephra/experiments/uint32_simple_intervals/in_0000000000	1	59	0	0	0.0167	-	-	-
angora-mb	/home/tephra/experiments/uint32_simple_intervals/tc_0000000001.c	/home/tephra/experiments/uint32_simple_intervals/in_0000000001	0	60	0	0	0.0000	-	-	-
angora-mb	/home/tephra/experiments/uint32_simple_intervals/tc_0000000002.c	/home/tephra/experiments/uint32_simple_intervals/in_0000000002	2	58	0	0	0.0333	-	-	-
angora-mb	/home/tephra/experiments/uint32_simple_intervals/tc_0000000003.c	/home/tephra/experiments/uint32_simple_intervals/in_0000000003	45	13	0	2	0.7500	1119460.4000	1110312.3793	1128608.4207
angora-mb	/home/tephra/experiments/uint32_simple_intervals/tc_0000000004.c	/home/tephra/experiments/uint32_simple_intervals/in_0000000004	60	0	0	0	1.0000	254891.5000	253152.1084	256630.8916
angora-mb	/home/tephra/experiments/uint32_simple_intervals/tc_0000000005.c	/home/tephra/experiments/uint32_simple_intervals/in_0000000005	60	0	0	0	1.0000	21462.3333	21224.6817	21699.9850
angora-mb	/home/tephra/experiments/uint32_simple_intervals/tc_0000000006.c	/home/tephra/experiments/uint32_simple_intervals/in_0000000006	60	0	0	0	1.0000	3601.6000	3577.1194	3626.0806
angora-mb	/home/tephra/experiments/uint32_simple_intervals/tc_0000000007.c	/home/tephra/experiments/uint32_simple_intervals/in_0000000007	59	0	0	1	0.9833	1047.9492	1047.9273	1047.9710
angora-mb	/home/tephra/experiments/uint32_simple_intervals/tc_0000000008.c	/home/tephra/experiments/uint32_simple_intervals/in_0000000008	60	0	0	0	1.0000	1047.5333	1047.5141	1047.5526
aflgo	/home/tephra/experiments/uint32_simple_intervals/tc_0000000000.c	/home/tephra/experiments/uint32_simple_intervals/in_0000000000	0	60	0	0	0.0000	-	-	-
aflgo	/home/tephra/experiments/uint32_simple_intervals/tc_0000000001.c	/home/tephra/experiments/uint32_simple_intervals/in_0000000001	2	58	0	0	0.0333	-	-	-
aflgo	/home/tephra/experiments/uint32_simple_intervals/tc_0000000002.c	/home/tephra/experiments/uint32_simple_intervals/in_0000000002	1	59	0	0	0.0167	-	-	-
aflgo	/home/tephra/experiments/uint32_simple_intervals/tc_0000000003.c	/home/tephra/experiments/uint32_simple_intervals/in_0000000003	59	1	0	0	0.9833	777427.8814	771221.6043	783634.1584
aflgo	/home/tephra/experiments/uint32_simple_intervals/tc_0000000004.c	/home/tephra/experiments/uint32_simple_intervals/in_0000000004	44	16	0	0	0.7333	997284.9091	988512.3326	1006057.4856
aflgo	/home/tephra/experiments/uint32_simple_intervals/tc_0000000005.c	/home/tephra/experiments/uint32_simple_intervals/in_0000000005	60	0	0	0	1.0000	97364.5333	96601.6521	98127.4145
aflgo	/home/tephra/experiments/uint32_simple_intervals/tc_0000000006.c	/home/tephra/experiments/uint32_simple_intervals/in_0000000006	60	0	0	0	1.0000	13763.6833	13659.7251	13867.6416
aflgo	/home/tephra/experiments/uint32_simple_intervals/tc_0000000007.c	/home/tephra/experiments/uint32_simple_intervals/in_0000000007	60	0	0	0	1.0000	379.0167	378.3059	379.7274
aflgo	/home/tephra/experiments/uint32_simple_intervals/tc_0000000008.c	/home/tephra/experiments/uint32_simple_intervals/in_0000000008	60	0	0	0	1.0000	219.2667	219.2235	219.3098
afl++-qemu-cmplog	/home/tephra/experiments/uint32_simple_intervals/tc_0000000000.c	/home/tephra/experiments/uint32_simple_intervals/in_0000000000	0	60	0	0	0.0000	-	-	-
afl++-qemu-cmplog	/home/tephra/experiments/uint32_simple_intervals/tc_0000000001.c	/home/tephra/experiments/uint32_simple_intervals/in_0000000001	0	60	0	0	0.0000	-	-	-
afl++-qemu-cmplog	/home/tephra/experiments/uint32_simple_intervals/tc_0000000002.c	/home/tephra/experiments/uint32_simple_intervals/in_0000000002	3	57	0	0	0.0500	-	-	-
afl++-qemu-cmplog	/home/tephra/experiments/uint32_simple_intervals/tc_0000000003.c	/home/tephra/experiments/uint32_simple_intervals/in_0000000003	60	0	0	0	1.0000	194212.5333	192694.2109	195730.8558
afl++-qemu-cmplog	/home/tephra/experiments/uint32_simple_intervals/tc_0000000004.c	/home/tephra/experiments/uint32_simple_intervals/in_0000000004	60	0	0	0	1.0000	358570.3667	355785.2375	361355.4958
afl++-qemu-cmplog	/home/tephra/experiments/uint32_simple_intervals/tc_0000000005.c	/home/tephra/experiments/uint32_simple_intervals/in_0000000005	60	0	0	0	1.0000	37529.3333	37234.1463	37824.5204
afl++-qemu-cmplog	/home/tephra/experiments/uint32_simple_intervals/tc_0000000006.c	/home/tephra/experiments/uint32_simple_intervals/in_0000000006	60	0	0	0	1.0000	4185.8167	4151.2329	4220.4004
afl++-qemu-cmplog	/home/tephra/experiments/uint32_simple_intervals/tc_0000000007.c	/home/tephra/experiments/uint32_simple_intervals/in_0000000007	60	0	0	0	1.0000	361.5000	361.4425	361.5575
afl++-qemu-cmplog	/home/tephra/experiments/uint32_simple_intervals/tc_0000000008.c	/home/tephra/experiments/uint32_simple_intervals/in_0000000008	60	0	0	0	1.0000	362.0000	361.9662	362.0338
afl++-qemu-compcov	/home/tephra/experiments/uint32_simple_intervals/tc_0000000000.c	/home/tephra/experiments/uint32_simple_intervals/in_0000000000	60	0	0	0	1.0000	113701.2000	112659.3161	114743.0839
afl++-qemu-compcov	/home/tephra/experiments/uint32_simple_intervals/tc_0000000001.c	/home/tephra/experiments/uint32_simple_intervals/in_0000000001	60	0	0	0	1.0000	55309.9000	54611.7385	56008.0615
afl++-qemu-compcov	/home/tephra/experiments/uint32_simple_intervals/tc_0000000002.c	/home/tephra/experiments/uint32_simple_intervals/in_0000000002	60	0	0	0	1.0000	55147.9833	54726.9752	55568.9915
afl++-qemu-compcov	/home/tephra/experiments/uint32_simple_intervals/tc_0000000003.c	/home/tephra/experiments/uint32_simple_intervals/in_0000000003	60	0	0	0	1.0000	7000.7000	6922.2699	7079.1301
afl++-qemu-compcov	/home/tephra/experiments/uint32_simple_intervals/tc_0000000004.c	/home/tephra/experiments/uint32_simple_intervals/in_0000000004	60	0	0	0	1.0000	10358.9000	10267.6989	10450.1011
afl++-qemu-compcov	/home/tephra/experiments/uint32_simple_intervals/tc_0000000005.c	/home/tephra/experiments/uint32_simple_intervals/in_0000000005	60	0	0	0	1.0000	2439.7500	2406.8717	2472.6283
afl++-qemu-compcov	/home/tephra/experiments/uint32_simple_intervals/tc_0000000006.c	/home/tephra/experiments/uint32_simple_intervals/in_0000000006	60	0	0	0	1.0000	755.2167	750.9265	759.5069
afl++-qemu-compcov	/home/tephra/experiments/uint32_simple_intervals/tc_0000000007.c	/home/tephra/experiments/uint32_simple_intervals/in_0000000007	60	0	0	0	1.0000	317.1667	317.1425	317.1908
afl++-qemu-compcov	/home/tephra/experiments/uint32_simple_intervals/tc_0000000008.c	/home/tephra/experiments/uint32_simple_intervals/in_0000000008	60	0	0	0	1.0000	318.7833	318.7185	318.8482
honggfuzz-qemu	/home/tephra/experiments/uint32_simple_intervals/tc_0000000000.c	/home/tephra/experiments/uint32_simple_intervals/in_0000000000	10	50	0	0	0.1667	-	-	-
honggfuzz-qemu	/home/tephra/experiments/uint32_simple_intervals/tc_0000000001.c	/home/tephra/experiments/uint32_simple_intervals/in_0000000001	31	29	0	0	0.5167	600144.7742	589493.9866	610795.5618
honggfuzz-qemu	/home/tephra/experiments/uint32_simple_intervals/tc_0000000002.c	/home/tephra/experiments/uint32_simple_intervals/in_0000000002	12	48	0	0	0.2000	-	-	-
honggfuzz-qemu	/home/tephra/experiments/uint32_simple_intervals/tc_0000000003.c	/home/tephra/experiments/uint32_simple_intervals/in_0000000003	57	3	0	0	0.9500	428395.3158	423287.7008	433502.9308
honggfuzz-qemu	/home/tephra/experiments/uint32_simple_intervals/tc_0000000004.c	/home/tephra/experiments/uint32_simple_intervals/in_0000000004	57	3	0	0	0.9500	429480.0175	424418.5097	434541.5254
honggfuzz-qemu	/home/tephra/experiments/uint32_simple_intervals/tc_0000000005.c	/home/tephra/experiments/uint32_simple_intervals/in_0000000005	60	0	0	0	1.0000	139300.2667	137531.7922	141068.7412
honggfuzz-qemu	/home/tephra/experiments/uint32_simple_intervals/tc_0000000006.c	/home/tephra/experiments/uint32_simple_intervals/in_0000000006	60	0	0	0	1.0000	355513.1667	352194.4467	358831.8866
honggfuzz-qemu	/home/tephra/experiments/uint32_simple_intervals/tc_0000000007.c	/home/tephra/experiments/uint32_simple_intervals/in_0000000007	60	0	0	0	1.0000	2867.4167	2843.2125	2891.6208
honggfuzz-qemu	/home/tephra/experiments/uint32_simple_intervals/tc_0000000008.c	/home/tephra/experiments/uint32_simple_intervals/in_0000000008	60	0	0	0	1.0000	2294.1333	2275.8779	2312.3888
dataflow	/home/tephra/experiments/uint32_simple_intervals/tc_0000000000.c	/home/tephra/experiments/uint32_simple_intervals/in_0000000000	0	60	0	0	0.0000	-	-	-
dataflow	/home/tephra/experiments/uint32_simple_intervals/tc_0000000001.c	/home/tephra/experiments/uint32_simple_intervals/in_0000000001	0	60	0	0	0.0000	-	-	-
dataflow	/home/tephra/experiments/uint32_simple_intervals/tc_0000000002.c	/home/tephra/experiments/uint32_simple_intervals/in_0000000002	1	59	0	0	0.0167	-	-	-
dataflow	/home/tephra/experiments/uint32_simple_intervals/tc_0000000003.c	/home/tephra/experiments/uint32_simple_intervals/in_0000000003	56	4	0	0	0.9333	853282.7857	847280.7488	859284.8226
dataflow	/home/tephra/experiments/uint32_simple_intervals/tc_0000000004.c	/home/tephra/experiments/uint32_simple_intervals/in_0000000004	51	9	0	0	0.8500	1219050.0784	1210846.2035	1227253.9534
dataflow	/home/tephra/experiments/uint32_simple_intervals/tc_0000000005.c	/home/tephra/experiments/uint32_simple_intervals/in_0000000005	60	0	0	0	1.0000	145605.2000	144331.3809	146879.0191
dataflow	/home/tephra/experiments/uint32_simple_intervals/tc_0000000006.c	/home/tephra/experiments/uint32_simple_intervals/in_0000000006	60	0	0	0	1.0000	11683.7167	11600.7966	11766.6368
dataflow	/home/tephra/experiments/uint32_simple_intervals/tc_0000000007.c	/home/tephra/experiments/uint32_simple_intervals/in_0000000007	60	0	0	0	1.0000	2468.5333	2465.9095	2471.1571
dataflow	/home/tephra/experiments/uint32_simple_intervals/tc_0000000008.c	/home/tephra/experiments/uint32_simple_intervals/in_0000000008	60	0	0	0	1.0000	2243.6333	2243.3142	2243.9525
klee	/home/tephra/experiments/uint32_simple_intervals/tc_0000000000.c	/home/tephra/experiments/uint32_simple_intervals/in_0000000000	60	0	0	0	1.0000	689.3833	689.2345	689.5321
klee	/home/tephra/experiments/uint32_simple_intervals/tc_0000000001.c	/home/tephra/experiments/uint32_simple_intervals/in_0000000001	60	0	0	0	1.0000	690.9333	690.7620	691.1047
klee	/home/tephra/experiments/uint32_simple_intervals/tc_0000000002.c	/home/tephra/experiments/uint32_simple_intervals/in_0000000002	60	0	0	0	1.0000	693.8667	693.7206	694.0127
klee	/home/tephra/experiments/uint32_simple_intervals/tc_0000000003.c	/home/tephra/experiments/uint32_simple_intervals/in_0000000003	60	0	0	0	1.0000	691.7500	691.5866	691.9134
klee	/home/tephra/experiments/uint32_simple_intervals/tc_0000000004.c	/home/tephra/experiments/uint32_simple_intervals/in_0000000004	60	0	0	0	1.0000	695.0333	694.8511	695.2155
klee	/home/tephra/experiments/uint32_simple_intervals/tc_0000000005.c	/home/tephra/experiments/uint32_simple_intervals/in_0000000005	60	0	0	0	1.0000	692.1000	691.9234	692.2766
klee	/home/tephra/experiments/uint32_simple_intervals/tc_0000000006.c	/home/tephra/experiments/uint32_simple_intervals/in_0000000006	60	0	0	0	1.0000	699.5833	699.3298	699.8369
klee	/home/tephra/experiments/uint32_simple_intervals/tc_0000000007.c	/home/tephra/experiments/uint32_simple_intervals/in_0000000007	60	0	0	0	1.0000	693.1167	692.9288	693.3046
klee	/home/tephra/experiments/uint32_simple_intervals/tc_0000000008.c	/home/tephra/experiments/uint32_simple_intervals/in_0000000008	60	0	0	0	1.0000	693.0167	692.8195	693.2138
symcc	/home/tephra/experiments/uint32_simple_intervals/tc_0000000000.c	/home/tephra/experiments/uint32_simple_intervals/in_0000000000	60	0	0	0	1.0000	2572.6500	2571.5895	2573.7105
symcc	/home/tephra/experiments/uint32_simple_intervals/tc_0000000001.c	/home/tephra/experiments/uint32_simple_intervals/in_0000000001	60	0	0	0	1.0000	3969.1167	3961.8045	3976.4288
symcc	/home/tephra/experiments/uint32_simple_intervals/tc_0000000002.c	/home/tephra/experiments/uint32_simple_intervals/in_0000000002	60	0	0	0	1.0000	2614.4167	2612.9241	2615.9092
symcc	/home/tephra/experiments/uint32_simple_intervals/tc_0000000003.c	/home/tephra/experiments/uint32_simple_intervals/in_0000000003	60	0	0	0	1.0000	2913.4167	2907.9648	2918.8685
symcc	/home/tephra/experiments/uint32_simple_intervals/tc_0000000004.c	/home/tephra/experiments/uint32_simple_intervals/in_0000000004	60	0	0	0	1.0000	2607.1833	2606.3091	2608.0576
symcc	/home/tephra/experiments/uint32_simple_intervals/tc_0000000005.c	/home/tephra/experiments/uint32_simple_intervals/in_0000000005	60	0	0	0	1.0000	2862.7500	2862.1553	2863.3447
symcc	/home/tephra/experiments/uint32_simple_intervals/tc_0000000006.c	/home/tephra/experiments/uint32_simple_intervals/in_0000000006	60	0	0	0	1.0000	2498.1333	2497.1118	2499.1548
symcc	/home/tephra/experiments/uint32_simple_intervals/tc_0000000007.c	/home/tephra/experiments/uint32_simple_intervals/in_0000000007	60	0	0	0	1.0000	2581.5667	2577.8046	2585.3288
symcc	/home/tephra/experiments/uint32_simple_intervals/tc_0000000008.c	/home/tephra/experiments/uint32_simple_intervals/in_0000000008	60	0	0	0	1.0000	1609.6333	1601.5322	1617.7344
afl-qemu	/home/tephra/experiments/uint32_simple_intervals/tc_0000000000.c	/home/tephra/experiments/uint32_simple_intervals/in_0000000000	0	60	0	0	0.0000	-	-	-
afl-qemu	/home/tephra/experiments/uint32_simple_intervals/tc_0000000001.c	/home/tephra/experiments/uint32_simple_intervals/in_0000000001	0	60	0	0	0.0000	-	-	-
afl-qemu	/home/tephra/experiments/uint32_simple_intervals/tc_0000000002.c	/home/tephra/experiments/uint32_simple_intervals/in_0000000002	1	59	0	0	0.0167	-	-	-
afl-qemu	/home/tephra/experiments/uint32_simple_intervals/tc_0000000003.c	/home/tephra/experiments/uint32_simple_intervals/in_0000000003	31	29	0	0	0.5167	1580768.6452	1568760.9130	1592776.3774
afl-qemu	/home/tephra/experiments/uint32_simple_intervals/tc_0000000004.c	/home/tephra/experiments/uint32_simple_intervals/in_0000000004	15	45	0	0	0.2500	-	-	-
afl-qemu	/home/tephra/experiments/uint32_simple_intervals/tc_0000000005.c	/home/tephra/experiments/uint32_simple_intervals/in_0000000005	60	0	0	0	1.0000	722564.9333	717401.2922	727728.5745
afl-qemu	/home/tephra/experiments/uint32_simple_intervals/tc_0000000006.c	/home/tephra/experiments/uint32_simple_intervals/in_0000000006	60	0	0	0	1.0000	74982.6500	74322.1707	75643.1293
afl-qemu	/home/tephra/experiments/uint32_simple_intervals/tc_0000000007.c	/home/tephra/experiments/uint32_simple_intervals/in_0000000007	60	0	0	0	1.0000	2011.4500	2006.5197	2016.3803
afl-qemu	/home/tephra/experiments/uint32_simple_intervals/tc_0000000008.c	/home/tephra/experiments/uint32_simple_intervals/in_0000000008	60	0	0	0	1.0000	912.9667	911.5432	914.3901
angora-random	/home/tephra/experiments/uint32_simple_intervals/tc_0000000000.c	/home/tephra/experiments/uint32_simple_intervals/in_0000000000	0	60	0	0	0.0000	-	-	-
angora-random	/home/tephra/experiments/uint32_simple_intervals/tc_0000000001.c	/home/tephra/experiments/uint32_simple_intervals/in_0000000001	0	59	0	1	0.0000	-	-	-
angora-random	/home/tephra/experiments/uint32_simple_intervals/tc_0000000002.c	/home/tephra/experiments/uint32_simple_intervals/in_0000000002	1	59	0	0	0.0167	-	-	-
angora-random	/home/tephra/experiments/uint32_simple_intervals/tc_0000000003.c	/home/tephra/experiments/uint32_simple_intervals/in_0000000003	15	43	0	2	0.2500	-	-	-
angora-random	/home/tephra/experiments/uint32_simple_intervals/tc_0000000004.c	/home/tephra/experiments/uint32_simple_intervals/in_0000000004	53	6	0	1	0.8833	470429.3585	463311.0113	477547.7057
angora-random	/home/tephra/experiments/uint32_simple_intervals/tc_0000000005.c	/home/tephra/experiments/uint32_simple_intervals/in_0000000005	58	0	0	2	0.9667	14365.2759	14248.5966	14481.9551
angora-random	/home/tephra/experiments/uint32_simple_intervals/tc_0000000006.c	/home/tephra/experiments/uint32_simple_intervals/in_0000000006	59	0	0	1	0.9833	2250.3559	2237.6858	2263.0260
angora-random	/home/tephra/experiments/uint32_simple_intervals/tc_0000000007.c	/home/tephra/experiments/uint32_simple_intervals/in_0000000007	60	0	0	0	1.0000	1045.4833	1045.4683	1045.4983
angora-random	/home/tephra/experiments/uint32_simple_intervals/tc_0000000008.c	/home/tephra/experiments/uint32_simple_intervals/in_0000000008	58	0	0	2	0.9667	1045.6379	1045.6237	1045.6521
