fuzzer	put	corpus	success	timeout	invalid	error	ratio	ttt	cleft	cright
afl-gcc	/home/tephra/experiments/crc64_const/tc_0000000001.c	/home/tephra/experiments/crc64_const/in_0000000001	60	0	0	0	1.0000	280.2000	279.1964	281.2036
afl-gcc	/home/tephra/experiments/crc64_const/tc_0000000002.c	/home/tephra/experiments/crc64_const/in_0000000002	60	0	0	0	1.0000	201825.0167	200314.1586	203335.8747
afl-gcc	/home/tephra/experiments/crc64_const/tc_0000000004.c	/home/tephra/experiments/crc64_const/in_0000000004	0	60	0	0	0.0000	-	-	-
afl-gcc	/home/tephra/experiments/crc64_const/tc_0000000008.c	/home/tephra/experiments/crc64_const/in_0000000008	0	60	0	0	0.0000	-	-	-
afl-gcc	/home/tephra/experiments/crc64_const/tc_0000000016.c	/home/tephra/experiments/crc64_const/in_0000000016	0	60	0	0	0.0000	-	-	-
afl-gcc	/home/tephra/experiments/crc64_const/tc_0000000032.c	/home/tephra/experiments/crc64_const/in_0000000032	0	60	0	0	0.0000	-	-	-
afl-gcc	/home/tephra/experiments/crc64_const/tc_0000000064.c	/home/tephra/experiments/crc64_const/in_0000000064	0	60	0	0	0.0000	-	-	-
afl-clang-fast	/home/tephra/experiments/crc64_const/tc_0000000001.c	/home/tephra/experiments/crc64_const/in_0000000001	60	0	0	0	1.0000	345.1000	343.2558	346.9442
afl-clang-fast	/home/tephra/experiments/crc64_const/tc_0000000002.c	/home/tephra/experiments/crc64_const/in_0000000002	60	0	0	0	1.0000	192339.4000	190680.1831	193998.6169
afl-clang-fast	/home/tephra/experiments/crc64_const/tc_0000000004.c	/home/tephra/experiments/crc64_const/in_0000000004	0	60	0	0	0.0000	-	-	-
afl-clang-fast	/home/tephra/experiments/crc64_const/tc_0000000008.c	/home/tephra/experiments/crc64_const/in_0000000008	0	60	0	0	0.0000	-	-	-
afl-clang-fast	/home/tephra/experiments/crc64_const/tc_0000000016.c	/home/tephra/experiments/crc64_const/in_0000000016	0	60	0	0	0.0000	-	-	-
afl-clang-fast	/home/tephra/experiments/crc64_const/tc_0000000032.c	/home/tephra/experiments/crc64_const/in_0000000032	0	60	0	0	0.0000	-	-	-
afl-clang-fast	/home/tephra/experiments/crc64_const/tc_0000000064.c	/home/tephra/experiments/crc64_const/in_0000000064	0	60	0	0	0.0000	-	-	-
afl-libtokencap	/home/tephra/experiments/crc64_const/tc_0000000001.c	/home/tephra/experiments/crc64_const/in_0000000001	60	0	0	0	1.0000	412.1667	411.1669	413.1664
afl-libtokencap	/home/tephra/experiments/crc64_const/tc_0000000002.c	/home/tephra/experiments/crc64_const/in_0000000002	60	0	0	0	1.0000	205712.4167	204163.2017	207261.6317
afl-libtokencap	/home/tephra/experiments/crc64_const/tc_0000000004.c	/home/tephra/experiments/crc64_const/in_0000000004	0	60	0	0	0.0000	-	-	-
afl-libtokencap	/home/tephra/experiments/crc64_const/tc_0000000008.c	/home/tephra/experiments/crc64_const/in_0000000008	0	60	0	0	0.0000	-	-	-
afl-libtokencap	/home/tephra/experiments/crc64_const/tc_0000000016.c	/home/tephra/experiments/crc64_const/in_0000000016	0	60	0	0	0.0000	-	-	-
afl-libtokencap	/home/tephra/experiments/crc64_const/tc_0000000032.c	/home/tephra/experiments/crc64_const/in_0000000032	0	60	0	0	0.0000	-	-	-
afl-libtokencap	/home/tephra/experiments/crc64_const/tc_0000000064.c	/home/tephra/experiments/crc64_const/in_0000000064	0	60	0	0	0.0000	-	-	-
radamsa	/home/tephra/experiments/crc64_const/tc_0000000001.c	/home/tephra/experiments/crc64_const/in_0000000001	60	0	0	0	1.0000	84.2000	83.6598	84.7402
radamsa	/home/tephra/experiments/crc64_const/tc_0000000002.c	/home/tephra/experiments/crc64_const/in_0000000002	0	53	7	0	0.0000	-	-	-
radamsa	/home/tephra/experiments/crc64_const/tc_0000000004.c	/home/tephra/experiments/crc64_const/in_0000000004	0	57	3	0	0.0000	-	-	-
radamsa	/home/tephra/experiments/crc64_const/tc_0000000008.c	/home/tephra/experiments/crc64_const/in_0000000008	0	55	5	0	0.0000	-	-	-
radamsa	/home/tephra/experiments/crc64_const/tc_0000000016.c	/home/tephra/experiments/crc64_const/in_0000000016	0	58	2	0	0.0000	-	-	-
radamsa	/home/tephra/experiments/crc64_const/tc_0000000032.c	/home/tephra/experiments/crc64_const/in_0000000032	0	59	1	0	0.0000	-	-	-
radamsa	/home/tephra/experiments/crc64_const/tc_0000000064.c	/home/tephra/experiments/crc64_const/in_0000000064	0	59	1	0	0.0000	-	-	-
libfuzzer	/home/tephra/experiments/crc64_const/tc_0000000001.c	/home/tephra/experiments/crc64_const/in_0000000001	60	0	0	0	1.0000	180.2000	180.1615	180.2385
libfuzzer	/home/tephra/experiments/crc64_const/tc_0000000002.c	/home/tephra/experiments/crc64_const/in_0000000002	60	0	0	0	1.0000	2126.4167	2111.8161	2141.0172
libfuzzer	/home/tephra/experiments/crc64_const/tc_0000000004.c	/home/tephra/experiments/crc64_const/in_0000000004	0	60	0	0	0.0000	-	-	-
libfuzzer	/home/tephra/experiments/crc64_const/tc_0000000008.c	/home/tephra/experiments/crc64_const/in_0000000008	0	60	0	0	0.0000	-	-	-
libfuzzer	/home/tephra/experiments/crc64_const/tc_0000000016.c	/home/tephra/experiments/crc64_const/in_0000000016	0	60	0	0	0.0000	-	-	-
libfuzzer	/home/tephra/experiments/crc64_const/tc_0000000032.c	/home/tephra/experiments/crc64_const/in_0000000032	0	60	0	0	0.0000	-	-	-
libfuzzer	/home/tephra/experiments/crc64_const/tc_0000000064.c	/home/tephra/experiments/crc64_const/in_0000000064	0	60	0	0	0.0000	-	-	-
libfuzzer-entropic	/home/tephra/experiments/crc64_const/tc_0000000001.c	/home/tephra/experiments/crc64_const/in_0000000001	60	0	0	0	1.0000	167.6333	167.6112	167.6555
libfuzzer-entropic	/home/tephra/experiments/crc64_const/tc_0000000002.c	/home/tephra/experiments/crc64_const/in_0000000002	60	0	0	0	1.0000	1980.2833	1967.3675	1993.1992
libfuzzer-entropic	/home/tephra/experiments/crc64_const/tc_0000000004.c	/home/tephra/experiments/crc64_const/in_0000000004	0	60	0	0	0.0000	-	-	-
libfuzzer-entropic	/home/tephra/experiments/crc64_const/tc_0000000008.c	/home/tephra/experiments/crc64_const/in_0000000008	0	60	0	0	0.0000	-	-	-
libfuzzer-entropic	/home/tephra/experiments/crc64_const/tc_0000000016.c	/home/tephra/experiments/crc64_const/in_0000000016	0	60	0	0	0.0000	-	-	-
libfuzzer-entropic	/home/tephra/experiments/crc64_const/tc_0000000032.c	/home/tephra/experiments/crc64_const/in_0000000032	0	60	0	0	0.0000	-	-	-
libfuzzer-entropic	/home/tephra/experiments/crc64_const/tc_0000000064.c	/home/tephra/experiments/crc64_const/in_0000000064	0	60	0	0	0.0000	-	-	-
dev-urandom	/home/tephra/experiments/crc64_const/tc_0000000001.c	/home/tephra/experiments/crc64_const/in_0000000001	60	0	0	0	1.0000	10.9500	10.8658	11.0342
dev-urandom	/home/tephra/experiments/crc64_const/tc_0000000002.c	/home/tephra/experiments/crc64_const/in_0000000002	60	0	0	0	1.0000	2078.6833	2062.2246	2095.1421
dev-urandom	/home/tephra/experiments/crc64_const/tc_0000000004.c	/home/tephra/experiments/crc64_const/in_0000000004	0	60	0	0	0.0000	-	-	-
dev-urandom	/home/tephra/experiments/crc64_const/tc_0000000008.c	/home/tephra/experiments/crc64_const/in_0000000008	0	60	0	0	0.0000	-	-	-
dev-urandom	/home/tephra/experiments/crc64_const/tc_0000000016.c	/home/tephra/experiments/crc64_const/in_0000000016	0	60	0	0	0.0000	-	-	-
dev-urandom	/home/tephra/experiments/crc64_const/tc_0000000032.c	/home/tephra/experiments/crc64_const/in_0000000032	0	60	0	0	0.0000	-	-	-
dev-urandom	/home/tephra/experiments/crc64_const/tc_0000000064.c	/home/tephra/experiments/crc64_const/in_0000000064	0	60	0	0	0.0000	-	-	-
afl++	/home/tephra/experiments/crc64_const/tc_0000000001.c	/home/tephra/experiments/crc64_const/in_0000000001	60	0	0	0	1.0000	213.3167	213.3066	213.3267
afl++	/home/tephra/experiments/crc64_const/tc_0000000002.c	/home/tephra/experiments/crc64_const/in_0000000002	60	0	0	0	1.0000	10168.3833	10081.6985	10255.0682
afl++	/home/tephra/experiments/crc64_const/tc_0000000004.c	/home/tephra/experiments/crc64_const/in_0000000004	0	60	0	0	0.0000	-	-	-
afl++	/home/tephra/experiments/crc64_const/tc_0000000008.c	/home/tephra/experiments/crc64_const/in_0000000008	0	60	0	0	0.0000	-	-	-
afl++	/home/tephra/experiments/crc64_const/tc_0000000016.c	/home/tephra/experiments/crc64_const/in_0000000016	0	60	0	0	0.0000	-	-	-
afl++	/home/tephra/experiments/crc64_const/tc_0000000032.c	/home/tephra/experiments/crc64_const/in_0000000032	0	60	0	0	0.0000	-	-	-
afl++	/home/tephra/experiments/crc64_const/tc_0000000064.c	/home/tephra/experiments/crc64_const/in_0000000064	0	60	0	0	0.0000	-	-	-
afl++-cmplog	/home/tephra/experiments/crc64_const/tc_0000000001.c	/home/tephra/experiments/crc64_const/in_0000000001	60	0	0	0	1.0000	227.0667	226.7026	227.4307
afl++-cmplog	/home/tephra/experiments/crc64_const/tc_0000000002.c	/home/tephra/experiments/crc64_const/in_0000000002	60	0	0	0	1.0000	30307.3333	30090.8153	30523.8514
afl++-cmplog	/home/tephra/experiments/crc64_const/tc_0000000004.c	/home/tephra/experiments/crc64_const/in_0000000004	0	60	0	0	0.0000	-	-	-
afl++-cmplog	/home/tephra/experiments/crc64_const/tc_0000000008.c	/home/tephra/experiments/crc64_const/in_0000000008	0	60	0	0	0.0000	-	-	-
afl++-cmplog	/home/tephra/experiments/crc64_const/tc_0000000016.c	/home/tephra/experiments/crc64_const/in_0000000016	0	60	0	0	0.0000	-	-	-
afl++-cmplog	/home/tephra/experiments/crc64_const/tc_0000000032.c	/home/tephra/experiments/crc64_const/in_0000000032	0	60	0	0	0.0000	-	-	-
afl++-cmplog	/home/tephra/experiments/crc64_const/tc_0000000064.c	/home/tephra/experiments/crc64_const/in_0000000064	0	60	0	0	0.0000	-	-	-
afl++-laf	/home/tephra/experiments/crc64_const/tc_0000000001.c	/home/tephra/experiments/crc64_const/in_0000000001	60	0	0	0	1.0000	218.8667	218.6525	219.0808
afl++-laf	/home/tephra/experiments/crc64_const/tc_0000000002.c	/home/tephra/experiments/crc64_const/in_0000000002	60	0	0	0	1.0000	38527.1000	38299.9492	38754.2508
afl++-laf	/home/tephra/experiments/crc64_const/tc_0000000004.c	/home/tephra/experiments/crc64_const/in_0000000004	0	60	0	0	0.0000	-	-	-
afl++-laf	/home/tephra/experiments/crc64_const/tc_0000000008.c	/home/tephra/experiments/crc64_const/in_0000000008	0	60	0	0	0.0000	-	-	-
afl++-laf	/home/tephra/experiments/crc64_const/tc_0000000016.c	/home/tephra/experiments/crc64_const/in_0000000016	0	60	0	0	0.0000	-	-	-
afl++-laf	/home/tephra/experiments/crc64_const/tc_0000000032.c	/home/tephra/experiments/crc64_const/in_0000000032	0	60	0	0	0.0000	-	-	-
afl++-laf	/home/tephra/experiments/crc64_const/tc_0000000064.c	/home/tephra/experiments/crc64_const/in_0000000064	0	60	0	0	0.0000	-	-	-
afl++-mopt	/home/tephra/experiments/crc64_const/tc_0000000001.c	/home/tephra/experiments/crc64_const/in_0000000001	60	0	0	0	1.0000	216.7000	216.6624	216.7376
afl++-mopt	/home/tephra/experiments/crc64_const/tc_0000000002.c	/home/tephra/experiments/crc64_const/in_0000000002	60	0	0	0	1.0000	23309.3000	23122.6140	23495.9860
afl++-mopt	/home/tephra/experiments/crc64_const/tc_0000000004.c	/home/tephra/experiments/crc64_const/in_0000000004	0	60	0	0	0.0000	-	-	-
afl++-mopt	/home/tephra/experiments/crc64_const/tc_0000000008.c	/home/tephra/experiments/crc64_const/in_0000000008	0	60	0	0	0.0000	-	-	-
afl++-mopt	/home/tephra/experiments/crc64_const/tc_0000000016.c	/home/tephra/experiments/crc64_const/in_0000000016	0	60	0	0	0.0000	-	-	-
afl++-mopt	/home/tephra/experiments/crc64_const/tc_0000000032.c	/home/tephra/experiments/crc64_const/in_0000000032	0	60	0	0	0.0000	-	-	-
afl++-mopt	/home/tephra/experiments/crc64_const/tc_0000000064.c	/home/tephra/experiments/crc64_const/in_0000000064	0	60	0	0	0.0000	-	-	-
honggfuzz	/home/tephra/experiments/crc64_const/tc_0000000001.c	/home/tephra/experiments/crc64_const/in_0000000001	60	0	0	0	1.0000	1005.4500	1005.4452	1005.4548
honggfuzz	/home/tephra/experiments/crc64_const/tc_0000000002.c	/home/tephra/experiments/crc64_const/in_0000000002	60	0	0	0	1.0000	129675.2500	128578.9320	130771.5680
honggfuzz	/home/tephra/experiments/crc64_const/tc_0000000004.c	/home/tephra/experiments/crc64_const/in_0000000004	0	60	0	0	0.0000	-	-	-
honggfuzz	/home/tephra/experiments/crc64_const/tc_0000000008.c	/home/tephra/experiments/crc64_const/in_0000000008	0	60	0	0	0.0000	-	-	-
honggfuzz	/home/tephra/experiments/crc64_const/tc_0000000016.c	/home/tephra/experiments/crc64_const/in_0000000016	0	60	0	0	0.0000	-	-	-
honggfuzz	/home/tephra/experiments/crc64_const/tc_0000000032.c	/home/tephra/experiments/crc64_const/in_0000000032	0	60	0	0	0.0000	-	-	-
honggfuzz	/home/tephra/experiments/crc64_const/tc_0000000064.c	/home/tephra/experiments/crc64_const/in_0000000064	0	60	0	0	0.0000	-	-	-
wingfuzz	/home/tephra/experiments/crc64_const/tc_0000000001.c	/home/tephra/experiments/crc64_const/in_0000000001	60	0	0	0	1.0000	20.4167	20.3871	20.4462
wingfuzz	/home/tephra/experiments/crc64_const/tc_0000000002.c	/home/tephra/experiments/crc64_const/in_0000000002	60	0	0	0	1.0000	1971.8333	1955.1298	1988.5368
wingfuzz	/home/tephra/experiments/crc64_const/tc_0000000004.c	/home/tephra/experiments/crc64_const/in_0000000004	0	60	0	0	0.0000	-	-	-
wingfuzz	/home/tephra/experiments/crc64_const/tc_0000000008.c	/home/tephra/experiments/crc64_const/in_0000000008	0	60	0	0	0.0000	-	-	-
wingfuzz	/home/tephra/experiments/crc64_const/tc_0000000016.c	/home/tephra/experiments/crc64_const/in_0000000016	0	60	0	0	0.0000	-	-	-
wingfuzz	/home/tephra/experiments/crc64_const/tc_0000000032.c	/home/tephra/experiments/crc64_const/in_0000000032	0	60	0	0	0.0000	-	-	-
wingfuzz	/home/tephra/experiments/crc64_const/tc_0000000064.c	/home/tephra/experiments/crc64_const/in_0000000064	0	60	0	0	0.0000	-	-	-
libafl	/home/tephra/experiments/crc64_const/tc_0000000001.c	/home/tephra/experiments/crc64_const/in_0000000001	60	0	0	0	1.0000	14.5167	14.4407	14.5926
libafl	/home/tephra/experiments/crc64_const/tc_0000000002.c	/home/tephra/experiments/crc64_const/in_0000000002	60	0	0	0	1.0000	1557.7333	1546.1739	1569.2928
libafl	/home/tephra/experiments/crc64_const/tc_0000000004.c	/home/tephra/experiments/crc64_const/in_0000000004	0	60	0	0	0.0000	-	-	-
libafl	/home/tephra/experiments/crc64_const/tc_0000000008.c	/home/tephra/experiments/crc64_const/in_0000000008	0	60	0	0	0.0000	-	-	-
libafl	/home/tephra/experiments/crc64_const/tc_0000000016.c	/home/tephra/experiments/crc64_const/in_0000000016	0	60	0	0	0.0000	-	-	-
libafl	/home/tephra/experiments/crc64_const/tc_0000000032.c	/home/tephra/experiments/crc64_const/in_0000000032	0	60	0	0	0.0000	-	-	-
libafl	/home/tephra/experiments/crc64_const/tc_0000000064.c	/home/tephra/experiments/crc64_const/in_0000000064	0	60	0	0	0.0000	-	-	-
libafl-libfuzzer	/home/tephra/experiments/crc64_const/tc_0000000001.c	/home/tephra/experiments/crc64_const/in_0000000001	60	0	0	0	1.0000	144.7667	144.6794	144.8540
libafl-libfuzzer	/home/tephra/experiments/crc64_const/tc_0000000002.c	/home/tephra/experiments/crc64_const/in_0000000002	60	0	0	0	1.0000	1277.8333	1269.0866	1286.5801
libafl-libfuzzer	/home/tephra/experiments/crc64_const/tc_0000000004.c	/home/tephra/experiments/crc64_const/in_0000000004	0	60	0	0	0.0000	-	-	-
libafl-libfuzzer	/home/tephra/experiments/crc64_const/tc_0000000008.c	/home/tephra/experiments/crc64_const/in_0000000008	0	60	0	0	0.0000	-	-	-
libafl-libfuzzer	/home/tephra/experiments/crc64_const/tc_0000000016.c	/home/tephra/experiments/crc64_const/in_0000000016	0	60	0	0	0.0000	-	-	-
libafl-libfuzzer	/home/tephra/experiments/crc64_const/tc_0000000032.c	/home/tephra/experiments/crc64_const/in_0000000032	0	60	0	0	0.0000	-	-	-
libafl-libfuzzer	/home/tephra/experiments/crc64_const/tc_0000000064.c	/home/tephra/experiments/crc64_const/in_0000000064	0	60	0	0	0.0000	-	-	-
ddfuzz	/home/tephra/experiments/crc64_const/tc_0000000001.c	/home/tephra/experiments/crc64_const/in_0000000001	60	0	0	0	1.0000	239.2667	239.1759	239.3574
ddfuzz	/home/tephra/experiments/crc64_const/tc_0000000002.c	/home/tephra/experiments/crc64_const/in_0000000002	60	0	0	0	1.0000	9758.8667	9674.3000	9843.4333
ddfuzz	/home/tephra/experiments/crc64_const/tc_0000000004.c	/home/tephra/experiments/crc64_const/in_0000000004	0	60	0	0	0.0000	-	-	-
ddfuzz	/home/tephra/experiments/crc64_const/tc_0000000008.c	/home/tephra/experiments/crc64_const/in_0000000008	0	60	0	0	0.0000	-	-	-
ddfuzz	/home/tephra/experiments/crc64_const/tc_0000000016.c	/home/tephra/experiments/crc64_const/in_0000000016	0	60	0	0	0.0000	-	-	-
ddfuzz	/home/tephra/experiments/crc64_const/tc_0000000032.c	/home/tephra/experiments/crc64_const/in_0000000032	0	60	0	0	0.0000	-	-	-
ddfuzz	/home/tephra/experiments/crc64_const/tc_0000000064.c	/home/tephra/experiments/crc64_const/in_0000000064	0	60	0	0	0.0000	-	-	-
fairfuzz	/home/tephra/experiments/crc64_const/tc_0000000001.c	/home/tephra/experiments/crc64_const/in_0000000001	60	0	0	0	1.0000	215.1500	215.1329	215.1671
fairfuzz	/home/tephra/experiments/crc64_const/tc_0000000002.c	/home/tephra/experiments/crc64_const/in_0000000002	60	0	0	0	1.0000	33598.7000	33353.3445	33844.0555
fairfuzz	/home/tephra/experiments/crc64_const/tc_0000000004.c	/home/tephra/experiments/crc64_const/in_0000000004	0	60	0	0	0.0000	-	-	-
fairfuzz	/home/tephra/experiments/crc64_const/tc_0000000008.c	/home/tephra/experiments/crc64_const/in_0000000008	0	60	0	0	0.0000	-	-	-
fairfuzz	/home/tephra/experiments/crc64_const/tc_0000000016.c	/home/tephra/experiments/crc64_const/in_0000000016	0	60	0	0	0.0000	-	-	-
fairfuzz	/home/tephra/experiments/crc64_const/tc_0000000032.c	/home/tephra/experiments/crc64_const/in_0000000032	0	60	0	0	0.0000	-	-	-
fairfuzz	/home/tephra/experiments/crc64_const/tc_0000000064.c	/home/tephra/experiments/crc64_const/in_0000000064	0	60	0	0	0.0000	-	-	-
ecofuzz	/home/tephra/experiments/crc64_const/tc_0000000001.c	/home/tephra/experiments/crc64_const/in_0000000001	60	0	0	0	1.0000	238.7167	238.2185	239.2148
ecofuzz	/home/tephra/experiments/crc64_const/tc_0000000002.c	/home/tephra/experiments/crc64_const/in_0000000002	60	0	0	0	1.0000	163061.1167	161436.5949	164685.6384
ecofuzz	/home/tephra/experiments/crc64_const/tc_0000000004.c	/home/tephra/experiments/crc64_const/in_0000000004	0	60	0	0	0.0000	-	-	-
ecofuzz	/home/tephra/experiments/crc64_const/tc_0000000008.c	/home/tephra/experiments/crc64_const/in_0000000008	0	60	0	0	0.0000	-	-	-
ecofuzz	/home/tephra/experiments/crc64_const/tc_0000000016.c	/home/tephra/experiments/crc64_const/in_0000000016	0	60	0	0	0.0000	-	-	-
ecofuzz	/home/tephra/experiments/crc64_const/tc_0000000032.c	/home/tephra/experiments/crc64_const/in_0000000032	0	60	0	0	0.0000	-	-	-
ecofuzz	/home/tephra/experiments/crc64_const/tc_0000000064.c	/home/tephra/experiments/crc64_const/in_0000000064	0	60	0	0	0.0000	-	-	-
fafuzz	/home/tephra/experiments/crc64_const/tc_0000000001.c	/home/tephra/experiments/crc64_const/in_0000000001	60	0	0	0	1.0000	235.8500	235.3799	236.3201
fafuzz	/home/tephra/experiments/crc64_const/tc_0000000002.c	/home/tephra/experiments/crc64_const/in_0000000002	60	0	0	0	1.0000	45555.1667	45174.9164	45935.4169
fafuzz	/home/tephra/experiments/crc64_const/tc_0000000004.c	/home/tephra/experiments/crc64_const/in_0000000004	0	60	0	0	0.0000	-	-	-
fafuzz	/home/tephra/experiments/crc64_const/tc_0000000008.c	/home/tephra/experiments/crc64_const/in_0000000008	0	60	0	0	0.0000	-	-	-
fafuzz	/home/tephra/experiments/crc64_const/tc_0000000016.c	/home/tephra/experiments/crc64_const/in_0000000016	0	60	0	0	0.0000	-	-	-
fafuzz	/home/tephra/experiments/crc64_const/tc_0000000032.c	/home/tephra/experiments/crc64_const/in_0000000032	0	60	0	0	0.0000	-	-	-
fafuzz	/home/tephra/experiments/crc64_const/tc_0000000064.c	/home/tephra/experiments/crc64_const/in_0000000064	0	60	0	0	0.0000	-	-	-
darwin	/home/tephra/experiments/crc64_const/tc_0000000001.c	/home/tephra/experiments/crc64_const/in_0000000001	60	0	0	0	1.0000	220.3000	220.0887	220.5113
darwin	/home/tephra/experiments/crc64_const/tc_0000000002.c	/home/tephra/experiments/crc64_const/in_0000000002	60	0	0	0	1.0000	100129.4833	99347.5010	100911.4657
darwin	/home/tephra/experiments/crc64_const/tc_0000000004.c	/home/tephra/experiments/crc64_const/in_0000000004	0	60	0	0	0.0000	-	-	-
darwin	/home/tephra/experiments/crc64_const/tc_0000000008.c	/home/tephra/experiments/crc64_const/in_0000000008	0	60	0	0	0.0000	-	-	-
darwin	/home/tephra/experiments/crc64_const/tc_0000000016.c	/home/tephra/experiments/crc64_const/in_0000000016	0	60	0	0	0.0000	-	-	-
darwin	/home/tephra/experiments/crc64_const/tc_0000000032.c	/home/tephra/experiments/crc64_const/in_0000000032	0	60	0	0	0.0000	-	-	-
darwin	/home/tephra/experiments/crc64_const/tc_0000000064.c	/home/tephra/experiments/crc64_const/in_0000000064	0	60	0	0	0.0000	-	-	-
angora	/home/tephra/experiments/crc64_const/tc_0000000001.c	/home/tephra/experiments/crc64_const/in_0000000001	60	0	0	0	1.0000	1374.1167	1363.2373	1384.9961
angora	/home/tephra/experiments/crc64_const/tc_0000000002.c	/home/tephra/experiments/crc64_const/in_0000000002	59	0	0	1	0.9833	141617.3898	139385.5594	143849.2202
angora	/home/tephra/experiments/crc64_const/tc_0000000004.c	/home/tephra/experiments/crc64_const/in_0000000004	0	60	0	0	0.0000	-	-	-
angora	/home/tephra/experiments/crc64_const/tc_0000000008.c	/home/tephra/experiments/crc64_const/in_0000000008	0	59	0	1	0.0000	-	-	-
angora	/home/tephra/experiments/crc64_const/tc_0000000016.c	/home/tephra/experiments/crc64_const/in_0000000016	0	60	0	0	0.0000	-	-	-
angora	/home/tephra/experiments/crc64_const/tc_0000000032.c	/home/tephra/experiments/crc64_const/in_0000000032	0	59	0	1	0.0000	-	-	-
angora	/home/tephra/experiments/crc64_const/tc_0000000064.c	/home/tephra/experiments/crc64_const/in_0000000064	0	60	0	0	0.0000	-	-	-
angora-mb	/home/tephra/experiments/crc64_const/tc_0000000001.c	/home/tephra/experiments/crc64_const/in_0000000001	60	0	0	0	1.0000	1040.2833	1040.2702	1040.2965
angora-mb	/home/tephra/experiments/crc64_const/tc_0000000002.c	/home/tephra/experiments/crc64_const/in_0000000002	59	0	0	1	0.9833	48782.8983	48364.6106	49201.1861
angora-mb	/home/tephra/experiments/crc64_const/tc_0000000004.c	/home/tephra/experiments/crc64_const/in_0000000004	0	60	0	0	0.0000	-	-	-
angora-mb	/home/tephra/experiments/crc64_const/tc_0000000008.c	/home/tephra/experiments/crc64_const/in_0000000008	0	60	0	0	0.0000	-	-	-
angora-mb	/home/tephra/experiments/crc64_const/tc_0000000016.c	/home/tephra/experiments/crc64_const/in_0000000016	0	60	0	0	0.0000	-	-	-
angora-mb	/home/tephra/experiments/crc64_const/tc_0000000032.c	/home/tephra/experiments/crc64_const/in_0000000032	0	59	0	1	0.0000	-	-	-
angora-mb	/home/tephra/experiments/crc64_const/tc_0000000064.c	/home/tephra/experiments/crc64_const/in_0000000064	0	60	0	0	0.0000	-	-	-
aflgo	/home/tephra/experiments/crc64_const/tc_0000000001.c	/home/tephra/experiments/crc64_const/in_0000000001	60	0	0	0	1.0000	230.6500	230.2947	231.0053
aflgo	/home/tephra/experiments/crc64_const/tc_0000000002.c	/home/tephra/experiments/crc64_const/in_0000000002	60	0	0	0	1.0000	85082.1500	84522.3630	85641.9370
aflgo	/home/tephra/experiments/crc64_const/tc_0000000004.c	/home/tephra/experiments/crc64_const/in_0000000004	0	60	0	0	0.0000	-	-	-
aflgo	/home/tephra/experiments/crc64_const/tc_0000000008.c	/home/tephra/experiments/crc64_const/in_0000000008	0	60	0	0	0.0000	-	-	-
aflgo	/home/tephra/experiments/crc64_const/tc_0000000016.c	/home/tephra/experiments/crc64_const/in_0000000016	0	60	0	0	0.0000	-	-	-
afl++-qemu-cmplog	/home/tephra/experiments/crc64_const/tc_0000000001.c	/home/tephra/experiments/crc64_const/in_0000000001	60	0	0	0	1.0000	299.5333	299.4887	299.5779
afl++-qemu-cmplog	/home/tephra/experiments/crc64_const/tc_0000000002.c	/home/tephra/experiments/crc64_const/in_0000000002	60	0	0	0	1.0000	7679.2333	7619.4665	7739.0002
afl++-qemu-cmplog	/home/tephra/experiments/crc64_const/tc_0000000004.c	/home/tephra/experiments/crc64_const/in_0000000004	0	60	0	0	0.0000	-	-	-
afl++-qemu-cmplog	/home/tephra/experiments/crc64_const/tc_0000000008.c	/home/tephra/experiments/crc64_const/in_0000000008	0	60	0	0	0.0000	-	-	-
afl++-qemu-cmplog	/home/tephra/experiments/crc64_const/tc_0000000016.c	/home/tephra/experiments/crc64_const/in_0000000016	0	60	0	0	0.0000	-	-	-
afl++-qemu-compcov	/home/tephra/experiments/crc64_const/tc_0000000001.c	/home/tephra/experiments/crc64_const/in_0000000001	60	0	0	0	1.0000	335.5333	335.2322	335.8345
afl++-qemu-compcov	/home/tephra/experiments/crc64_const/tc_0000000002.c	/home/tephra/experiments/crc64_const/in_0000000002	60	0	0	0	1.0000	25154.6000	24945.1775	25364.0225
afl++-qemu-compcov	/home/tephra/experiments/crc64_const/tc_0000000004.c	/home/tephra/experiments/crc64_const/in_0000000004	0	60	0	0	0.0000	-	-	-
afl++-qemu-compcov	/home/tephra/experiments/crc64_const/tc_0000000008.c	/home/tephra/experiments/crc64_const/in_0000000008	0	60	0	0	0.0000	-	-	-
afl++-qemu-compcov	/home/tephra/experiments/crc64_const/tc_0000000016.c	/home/tephra/experiments/crc64_const/in_0000000016	0	60	0	0	0.0000	-	-	-
honggfuzz-qemu	/home/tephra/experiments/crc64_const/tc_0000000001.c	/home/tephra/experiments/crc64_const/in_0000000001	60	0	0	0	1.0000	3270.5167	3241.0061	3300.0273
honggfuzz-qemu	/home/tephra/experiments/crc64_const/tc_0000000002.c	/home/tephra/experiments/crc64_const/in_0000000002	23	37	0	0	0.3833	-	-	-
honggfuzz-qemu	/home/tephra/experiments/crc64_const/tc_0000000004.c	/home/tephra/experiments/crc64_const/in_0000000004	0	60	0	0	0.0000	-	-	-
honggfuzz-qemu	/home/tephra/experiments/crc64_const/tc_0000000008.c	/home/tephra/experiments/crc64_const/in_0000000008	0	60	0	0	0.0000	-	-	-
honggfuzz-qemu	/home/tephra/experiments/crc64_const/tc_0000000016.c	/home/tephra/experiments/crc64_const/in_0000000016	0	60	0	0	0.0000	-	-	-
arvin	/home/tephra/experiments/crc64_const/tc_0000000001.c	/home/tephra/experiments/crc64_const/in_0000000001	54	0	0	6	0.9000	2321.0370	2297.0259	2345.0482
arvin	/home/tephra/experiments/crc64_const/tc_0000000002.c	/home/tephra/experiments/crc64_const/in_0000000002	50	0	0	10	0.8333	78276.7600	77529.0359	79024.4841
arvin	/home/tephra/experiments/crc64_const/tc_0000000004.c	/home/tephra/experiments/crc64_const/in_0000000004	0	55	0	5	0.0000	-	-	-
arvin	/home/tephra/experiments/crc64_const/tc_0000000008.c	/home/tephra/experiments/crc64_const/in_0000000008	0	56	0	4	0.0000	-	-	-
arvin	/home/tephra/experiments/crc64_const/tc_0000000016.c	/home/tephra/experiments/crc64_const/in_0000000016	0	59	0	1	0.0000	-	-	-
dataflow	/home/tephra/experiments/crc64_const/tc_0000000001.c	/home/tephra/experiments/crc64_const/in_0000000001	60	0	0	0	1.0000	2244.8333	2244.6779	2244.9888
dataflow	/home/tephra/experiments/crc64_const/tc_0000000002.c	/home/tephra/experiments/crc64_const/in_0000000002	60	0	0	0	1.0000	90679.9500	90032.3812	91327.5188
dataflow	/home/tephra/experiments/crc64_const/tc_0000000004.c	/home/tephra/experiments/crc64_const/in_0000000004	0	60	0	0	0.0000	-	-	-
dataflow	/home/tephra/experiments/crc64_const/tc_0000000008.c	/home/tephra/experiments/crc64_const/in_0000000008	0	60	0	0	0.0000	-	-	-
dataflow	/home/tephra/experiments/crc64_const/tc_0000000016.c	/home/tephra/experiments/crc64_const/in_0000000016	0	60	0	0	0.0000	-	-	-
klee	/home/tephra/experiments/crc64_const/tc_0000000001.c	/home/tephra/experiments/crc64_const/in_0000000001	60	0	0	0	1.0000	753.7000	753.4033	753.9967
klee	/home/tephra/experiments/crc64_const/tc_0000000002.c	/home/tephra/experiments/crc64_const/in_0000000002	60	0	0	0	1.0000	935.0667	934.6661	935.4673
klee	/home/tephra/experiments/crc64_const/tc_0000000004.c	/home/tephra/experiments/crc64_const/in_0000000004	60	0	0	0	1.0000	1373.6000	1373.2446	1373.9554
klee	/home/tephra/experiments/crc64_const/tc_0000000008.c	/home/tephra/experiments/crc64_const/in_0000000008	60	0	0	0	1.0000	2454.8667	2454.2012	2455.5322
klee	/home/tephra/experiments/crc64_const/tc_0000000016.c	/home/tephra/experiments/crc64_const/in_0000000016	60	0	0	0	1.0000	4681.8833	4680.7023	4683.0643
symcc	/home/tephra/experiments/crc64_const/tc_0000000001.c	/home/tephra/experiments/crc64_const/in_0000000001	5	55	0	0	0.0833	-	-	-
symcc	/home/tephra/experiments/crc64_const/tc_0000000002.c	/home/tephra/experiments/crc64_const/in_0000000002	0	60	0	0	0.0000	-	-	-
symcc	/home/tephra/experiments/crc64_const/tc_0000000004.c	/home/tephra/experiments/crc64_const/in_0000000004	0	60	0	0	0.0000	-	-	-
symcc	/home/tephra/experiments/crc64_const/tc_0000000008.c	/home/tephra/experiments/crc64_const/in_0000000008	0	60	0	0	0.0000	-	-	-
symcc	/home/tephra/experiments/crc64_const/tc_0000000016.c	/home/tephra/experiments/crc64_const/in_0000000016	0	60	0	0	0.0000	-	-	-
afl-qemu	/home/tephra/experiments/crc64_const/tc_0000000001.c	/home/tephra/experiments/crc64_const/in_0000000001	60	0	0	0	1.0000	288.5000	286.9833	290.0167
afl-qemu	/home/tephra/experiments/crc64_const/tc_0000000002.c	/home/tephra/experiments/crc64_const/in_0000000002	60	0	0	0	1.0000	405456.8500	401967.2302	408946.4698
afl-qemu	/home/tephra/experiments/crc64_const/tc_0000000004.c	/home/tephra/experiments/crc64_const/in_0000000004	0	60	0	0	0.0000	-	-	-
afl-qemu	/home/tephra/experiments/crc64_const/tc_0000000008.c	/home/tephra/experiments/crc64_const/in_0000000008	0	60	0	0	0.0000	-	-	-
afl-qemu	/home/tephra/experiments/crc64_const/tc_0000000016.c	/home/tephra/experiments/crc64_const/in_0000000016	0	60	0	0	0.0000	-	-	-
angora-random	/home/tephra/experiments/crc64_const/tc_0000000001.c	/home/tephra/experiments/crc64_const/in_0000000001	60	0	0	0	1.0000	1187.4000	1184.8961	1189.9039
angora-random	/home/tephra/experiments/crc64_const/tc_0000000002.c	/home/tephra/experiments/crc64_const/in_0000000002	60	0	0	0	1.0000	70258.1000	69375.8034	71140.3966
angora-random	/home/tephra/experiments/crc64_const/tc_0000000004.c	/home/tephra/experiments/crc64_const/in_0000000004	0	59	0	1	0.0000	-	-	-
angora-random	/home/tephra/experiments/crc64_const/tc_0000000008.c	/home/tephra/experiments/crc64_const/in_0000000008	0	60	0	0	0.0000	-	-	-
angora-random	/home/tephra/experiments/crc64_const/tc_0000000016.c	/home/tephra/experiments/crc64_const/in_0000000016	0	60	0	0	0.0000	-	-	-
klee	/home/tephra/experiments/crc64_const/tc_0000000032.c	/home/tephra/experiments/crc64_const/in_0000000032	60	0	0	0	1.0000	9960.0333	9949.7143	9970.3523
klee	/home/tephra/experiments/crc64_const/tc_0000000064.c	/home/tephra/experiments/crc64_const/in_0000000064	60	0	0	0	1.0000	18470.1167	18448.9794	18491.2539
klee	/home/tephra/experiments/crc64_const/tc_0000000128.c	/home/tephra/experiments/crc64_const/in_0000000128	60	0	0	0	1.0000	37383.5167	37347.9574	37419.0759
klee	/home/tephra/experiments/crc64_const/tc_0000000256.c	/home/tephra/experiments/crc64_const/in_0000000256	0	0	60	0	0.0000	-	-	-
klee	/home/tephra/experiments/crc64_const/tc_0000000512.c	/home/tephra/experiments/crc64_const/in_0000000512	0	0	60	0	0.0000	-	-	-
klee	/home/tephra/experiments/crc64_const/tc_0000001024.c	/home/tephra/experiments/crc64_const/in_0000001024	0	0	60	0	0.0000	-	-	-
klee	/home/tephra/experiments/crc64_const/tc_0000002048.c	/home/tephra/experiments/crc64_const/in_0000002048	0	0	60	0	0.0000	-	-	-
klee	/home/tephra/experiments/crc64_const/tc_0000004096.c	/home/tephra/experiments/crc64_const/in_0000004096	0	0	60	0	0.0000	-	-	-
klee	/home/tephra/experiments/crc64_const/tc_0000008192.c	/home/tephra/experiments/crc64_const/in_0000008192	0	0	60	0	0.0000	-	-	-
klee	/home/tephra/experiments/crc64_const/tc_0000016384.c	/home/tephra/experiments/crc64_const/in_0000016384	0	0	60	0	0.0000	-	-	-
klee	/home/tephra/experiments/crc64_const/tc_0000032768.c	/home/tephra/experiments/crc64_const/in_0000032768	0	0	60	0	0.0000	-	-	-
