fuzzer	put	corpus	success	timeout	invalid	error	ratio	ttt	cleft	cright
afl-gcc	/home/tephra/experiments/int64_simple_intervals/tc_0000000000.c	/home/tephra/experiments/int64_simple_intervals/in_0000000000	0	60	0	0	0.0000	-	-	-
afl-gcc	/home/tephra/experiments/int64_simple_intervals/tc_0000000001.c	/home/tephra/experiments/int64_simple_intervals/in_0000000001	0	60	0	0	0.0000	-	-	-
afl-gcc	/home/tephra/experiments/int64_simple_intervals/tc_0000000002.c	/home/tephra/experiments/int64_simple_intervals/in_0000000002	0	60	0	0	0.0000	-	-	-
afl-gcc	/home/tephra/experiments/int64_simple_intervals/tc_0000000003.c	/home/tephra/experiments/int64_simple_intervals/in_0000000003	0	60	0	0	0.0000	-	-	-
afl-gcc	/home/tephra/experiments/int64_simple_intervals/tc_0000000004.c	/home/tephra/experiments/int64_simple_intervals/in_0000000004	0	60	0	0	0.0000	-	-	-
afl-gcc	/home/tephra/experiments/int64_simple_intervals/tc_0000000005.c	/home/tephra/experiments/int64_simple_intervals/in_0000000005	0	60	0	0	0.0000	-	-	-
afl-gcc	/home/tephra/experiments/int64_simple_intervals/tc_0000000006.c	/home/tephra/experiments/int64_simple_intervals/in_0000000006	0	60	0	0	0.0000	-	-	-
afl-gcc	/home/tephra/experiments/int64_simple_intervals/tc_0000000007.c	/home/tephra/experiments/int64_simple_intervals/in_0000000007	0	60	0	0	0.0000	-	-	-
afl-gcc	/home/tephra/experiments/int64_simple_intervals/tc_0000000008.c	/home/tephra/experiments/int64_simple_intervals/in_0000000008	0	60	0	0	0.0000	-	-	-
afl-gcc	/home/tephra/experiments/int64_simple_intervals/tc_0000000009.c	/home/tephra/experiments/int64_simple_intervals/in_0000000009	0	60	0	0	0.0000	-	-	-
afl-gcc	/home/tephra/experiments/int64_simple_intervals/tc_0000000010.c	/home/tephra/experiments/int64_simple_intervals/in_0000000010	0	60	0	0	0.0000	-	-	-
afl-gcc	/home/tephra/experiments/int64_simple_intervals/tc_0000000011.c	/home/tephra/experiments/int64_simple_intervals/in_0000000011	0	60	0	0	0.0000	-	-	-
afl-gcc	/home/tephra/experiments/int64_simple_intervals/tc_0000000012.c	/home/tephra/experiments/int64_simple_intervals/in_0000000012	8	52	0	0	0.1333	-	-	-
afl-gcc	/home/tephra/experiments/int64_simple_intervals/tc_0000000013.c	/home/tephra/experiments/int64_simple_intervals/in_0000000013	14	46	0	0	0.2333	-	-	-
afl-gcc	/home/tephra/experiments/int64_simple_intervals/tc_0000000014.c	/home/tephra/experiments/int64_simple_intervals/in_0000000014	58	2	0	0	0.9667	662991.0517	657391.4099	668590.6936
afl-gcc	/home/tephra/experiments/int64_simple_intervals/tc_0000000015.c	/home/tephra/experiments/int64_simple_intervals/in_0000000015	60	0	0	0	1.0000	126008.8167	124968.3314	127049.3019
afl-gcc	/home/tephra/experiments/int64_simple_intervals/tc_0000000016.c	/home/tephra/experiments/int64_simple_intervals/in_0000000016	60	0	0	0	1.0000	2821.2667	2806.1452	2836.3881
afl-gcc	/home/tephra/experiments/int64_simple_intervals/tc_0000000017.c	/home/tephra/experiments/int64_simple_intervals/in_0000000017	60	0	0	0	1.0000	1483.3167	1476.6169	1490.0165
afl-clang-fast	/home/tephra/experiments/int64_simple_intervals/tc_0000000000.c	/home/tephra/experiments/int64_simple_intervals/in_0000000000	0	60	0	0	0.0000	-	-	-
afl-clang-fast	/home/tephra/experiments/int64_simple_intervals/tc_0000000001.c	/home/tephra/experiments/int64_simple_intervals/in_0000000001	0	60	0	0	0.0000	-	-	-
afl-clang-fast	/home/tephra/experiments/int64_simple_intervals/tc_0000000002.c	/home/tephra/experiments/int64_simple_intervals/in_0000000002	0	60	0	0	0.0000	-	-	-
afl-clang-fast	/home/tephra/experiments/int64_simple_intervals/tc_0000000003.c	/home/tephra/experiments/int64_simple_intervals/in_0000000003	0	60	0	0	0.0000	-	-	-
afl-clang-fast	/home/tephra/experiments/int64_simple_intervals/tc_0000000004.c	/home/tephra/experiments/int64_simple_intervals/in_0000000004	0	60	0	0	0.0000	-	-	-
afl-clang-fast	/home/tephra/experiments/int64_simple_intervals/tc_0000000005.c	/home/tephra/experiments/int64_simple_intervals/in_0000000005	0	60	0	0	0.0000	-	-	-
afl-clang-fast	/home/tephra/experiments/int64_simple_intervals/tc_0000000006.c	/home/tephra/experiments/int64_simple_intervals/in_0000000006	0	60	0	0	0.0000	-	-	-
afl-clang-fast	/home/tephra/experiments/int64_simple_intervals/tc_0000000007.c	/home/tephra/experiments/int64_simple_intervals/in_0000000007	0	60	0	0	0.0000	-	-	-
afl-clang-fast	/home/tephra/experiments/int64_simple_intervals/tc_0000000008.c	/home/tephra/experiments/int64_simple_intervals/in_0000000008	0	60	0	0	0.0000	-	-	-
afl-clang-fast	/home/tephra/experiments/int64_simple_intervals/tc_0000000009.c	/home/tephra/experiments/int64_simple_intervals/in_0000000009	0	60	0	0	0.0000	-	-	-
afl-clang-fast	/home/tephra/experiments/int64_simple_intervals/tc_0000000010.c	/home/tephra/experiments/int64_simple_intervals/in_0000000010	0	60	0	0	0.0000	-	-	-
afl-clang-fast	/home/tephra/experiments/int64_simple_intervals/tc_0000000011.c	/home/tephra/experiments/int64_simple_intervals/in_0000000011	7	53	0	0	0.1167	-	-	-
afl-clang-fast	/home/tephra/experiments/int64_simple_intervals/tc_0000000012.c	/home/tephra/experiments/int64_simple_intervals/in_0000000012	3	57	0	0	0.0500	-	-	-
afl-clang-fast	/home/tephra/experiments/int64_simple_intervals/tc_0000000013.c	/home/tephra/experiments/int64_simple_intervals/in_0000000013	16	44	0	0	0.2667	-	-	-
afl-clang-fast	/home/tephra/experiments/int64_simple_intervals/tc_0000000014.c	/home/tephra/experiments/int64_simple_intervals/in_0000000014	57	3	0	0	0.9500	694877.0000	689118.5490	700635.4510
afl-clang-fast	/home/tephra/experiments/int64_simple_intervals/tc_0000000015.c	/home/tephra/experiments/int64_simple_intervals/in_0000000015	60	0	0	0	1.0000	131393.9333	130084.7958	132703.0709
afl-clang-fast	/home/tephra/experiments/int64_simple_intervals/tc_0000000016.c	/home/tephra/experiments/int64_simple_intervals/in_0000000016	60	0	0	0	1.0000	2855.1000	2838.7958	2871.4042
afl-clang-fast	/home/tephra/experiments/int64_simple_intervals/tc_0000000017.c	/home/tephra/experiments/int64_simple_intervals/in_0000000017	60	0	0	0	1.0000	920.1000	915.5151	924.6849
afl-libtokencap	/home/tephra/experiments/int64_simple_intervals/tc_0000000000.c	/home/tephra/experiments/int64_simple_intervals/in_0000000000	0	60	0	0	0.0000	-	-	-
afl-libtokencap	/home/tephra/experiments/int64_simple_intervals/tc_0000000001.c	/home/tephra/experiments/int64_simple_intervals/in_0000000001	0	60	0	0	0.0000	-	-	-
afl-libtokencap	/home/tephra/experiments/int64_simple_intervals/tc_0000000002.c	/home/tephra/experiments/int64_simple_intervals/in_0000000002	0	60	0	0	0.0000	-	-	-
afl-libtokencap	/home/tephra/experiments/int64_simple_intervals/tc_0000000003.c	/home/tephra/experiments/int64_simple_intervals/in_0000000003	0	60	0	0	0.0000	-	-	-
afl-libtokencap	/home/tephra/experiments/int64_simple_intervals/tc_0000000004.c	/home/tephra/experiments/int64_simple_intervals/in_0000000004	0	60	0	0	0.0000	-	-	-
afl-libtokencap	/home/tephra/experiments/int64_simple_intervals/tc_0000000005.c	/home/tephra/experiments/int64_simple_intervals/in_0000000005	0	60	0	0	0.0000	-	-	-
afl-libtokencap	/home/tephra/experiments/int64_simple_intervals/tc_0000000006.c	/home/tephra/experiments/int64_simple_intervals/in_0000000006	0	60	0	0	0.0000	-	-	-
afl-libtokencap	/home/tephra/experiments/int64_simple_intervals/tc_0000000007.c	/home/tephra/experiments/int64_simple_intervals/in_0000000007	0	60	0	0	0.0000	-	-	-
afl-libtokencap	/home/tephra/experiments/int64_simple_intervals/tc_0000000008.c	/home/tephra/experiments/int64_simple_intervals/in_0000000008	0	60	0	0	0.0000	-	-	-
afl-libtokencap	/home/tephra/experiments/int64_simple_intervals/tc_0000000009.c	/home/tephra/experiments/int64_simple_intervals/in_0000000009	0	60	0	0	0.0000	-	-	-
afl-libtokencap	/home/tephra/experiments/int64_simple_intervals/tc_0000000010.c	/home/tephra/experiments/int64_simple_intervals/in_0000000010	0	60	0	0	0.0000	-	-	-
afl-libtokencap	/home/tephra/experiments/int64_simple_intervals/tc_0000000011.c	/home/tephra/experiments/int64_simple_intervals/in_0000000011	7	53	0	0	0.1167	-	-	-
afl-libtokencap	/home/tephra/experiments/int64_simple_intervals/tc_0000000012.c	/home/tephra/experiments/int64_simple_intervals/in_0000000012	5	55	0	0	0.0833	-	-	-
afl-libtokencap	/home/tephra/experiments/int64_simple_intervals/tc_0000000013.c	/home/tephra/experiments/int64_simple_intervals/in_0000000013	21	39	0	0	0.3500	-	-	-
afl-libtokencap	/home/tephra/experiments/int64_simple_intervals/tc_0000000014.c	/home/tephra/experiments/int64_simple_intervals/in_0000000014	59	1	0	0	0.9833	610165.4407	604127.1322	616203.7492
afl-libtokencap	/home/tephra/experiments/int64_simple_intervals/tc_0000000015.c	/home/tephra/experiments/int64_simple_intervals/in_0000000015	60	0	0	0	1.0000	85698.5333	85080.7313	86316.3354
afl-libtokencap	/home/tephra/experiments/int64_simple_intervals/tc_0000000016.c	/home/tephra/experiments/int64_simple_intervals/in_0000000016	60	0	0	0	1.0000	2202.3500	2188.3785	2216.3215
afl-libtokencap	/home/tephra/experiments/int64_simple_intervals/tc_0000000017.c	/home/tephra/experiments/int64_simple_intervals/in_0000000017	60	0	0	0	1.0000	895.3333	891.7311	898.9355
radamsa	/home/tephra/experiments/int64_simple_intervals/tc_0000000000.c	/home/tephra/experiments/int64_simple_intervals/in_0000000000	0	56	4	0	0.0000	-	-	-
radamsa	/home/tephra/experiments/int64_simple_intervals/tc_0000000001.c	/home/tephra/experiments/int64_simple_intervals/in_0000000001	0	60	0	0	0.0000	-	-	-
radamsa	/home/tephra/experiments/int64_simple_intervals/tc_0000000002.c	/home/tephra/experiments/int64_simple_intervals/in_0000000002	0	60	0	0	0.0000	-	-	-
radamsa	/home/tephra/experiments/int64_simple_intervals/tc_0000000003.c	/home/tephra/experiments/int64_simple_intervals/in_0000000003	0	57	3	0	0.0000	-	-	-
radamsa	/home/tephra/experiments/int64_simple_intervals/tc_0000000004.c	/home/tephra/experiments/int64_simple_intervals/in_0000000004	0	58	2	0	0.0000	-	-	-
radamsa	/home/tephra/experiments/int64_simple_intervals/tc_0000000005.c	/home/tephra/experiments/int64_simple_intervals/in_0000000005	0	57	3	0	0.0000	-	-	-
radamsa	/home/tephra/experiments/int64_simple_intervals/tc_0000000006.c	/home/tephra/experiments/int64_simple_intervals/in_0000000006	0	59	1	0	0.0000	-	-	-
radamsa	/home/tephra/experiments/int64_simple_intervals/tc_0000000007.c	/home/tephra/experiments/int64_simple_intervals/in_0000000007	0	58	2	0	0.0000	-	-	-
radamsa	/home/tephra/experiments/int64_simple_intervals/tc_0000000008.c	/home/tephra/experiments/int64_simple_intervals/in_0000000008	0	58	2	0	0.0000	-	-	-
radamsa	/home/tephra/experiments/int64_simple_intervals/tc_0000000009.c	/home/tephra/experiments/int64_simple_intervals/in_0000000009	0	55	5	0	0.0000	-	-	-
radamsa	/home/tephra/experiments/int64_simple_intervals/tc_0000000010.c	/home/tephra/experiments/int64_simple_intervals/in_0000000010	0	57	3	0	0.0000	-	-	-
radamsa	/home/tephra/experiments/int64_simple_intervals/tc_0000000011.c	/home/tephra/experiments/int64_simple_intervals/in_0000000011	0	56	4	0	0.0000	-	-	-
radamsa	/home/tephra/experiments/int64_simple_intervals/tc_0000000012.c	/home/tephra/experiments/int64_simple_intervals/in_0000000012	1	57	2	0	0.0167	-	-	-
radamsa	/home/tephra/experiments/int64_simple_intervals/tc_0000000013.c	/home/tephra/experiments/int64_simple_intervals/in_0000000013	3	55	2	0	0.0500	-	-	-
radamsa	/home/tephra/experiments/int64_simple_intervals/tc_0000000014.c	/home/tephra/experiments/int64_simple_intervals/in_0000000014	35	22	3	0	0.5833	1438470.8571	1427519.9451	1449421.7692
radamsa	/home/tephra/experiments/int64_simple_intervals/tc_0000000015.c	/home/tephra/experiments/int64_simple_intervals/in_0000000015	60	0	0	0	1.0000	340438.4500	337778.2557	343098.6443
radamsa	/home/tephra/experiments/int64_simple_intervals/tc_0000000016.c	/home/tephra/experiments/int64_simple_intervals/in_0000000016	60	0	0	0	1.0000	7141.7500	7083.9071	7199.5929
radamsa	/home/tephra/experiments/int64_simple_intervals/tc_0000000017.c	/home/tephra/experiments/int64_simple_intervals/in_0000000017	60	0	0	0	1.0000	1927.2333	1910.8821	1943.5846
libfuzzer	/home/tephra/experiments/int64_simple_intervals/tc_0000000000.c	/home/tephra/experiments/int64_simple_intervals/in_0000000000	60	0	0	0	1.0000	170.9833	170.9582	171.0084
libfuzzer	/home/tephra/experiments/int64_simple_intervals/tc_0000000001.c	/home/tephra/experiments/int64_simple_intervals/in_0000000001	60	0	0	0	1.0000	170.1167	170.0926	170.1407
libfuzzer	/home/tephra/experiments/int64_simple_intervals/tc_0000000002.c	/home/tephra/experiments/int64_simple_intervals/in_0000000002	60	0	0	0	1.0000	168.8333	168.8138	168.8529
libfuzzer	/home/tephra/experiments/int64_simple_intervals/tc_0000000003.c	/home/tephra/experiments/int64_simple_intervals/in_0000000003	60	0	0	0	1.0000	168.7333	168.7112	168.7554
libfuzzer	/home/tephra/experiments/int64_simple_intervals/tc_0000000004.c	/home/tephra/experiments/int64_simple_intervals/in_0000000004	60	0	0	0	1.0000	166.8667	166.8439	166.8894
libfuzzer	/home/tephra/experiments/int64_simple_intervals/tc_0000000005.c	/home/tephra/experiments/int64_simple_intervals/in_0000000005	60	0	0	0	1.0000	165.8500	165.8262	165.8738
libfuzzer	/home/tephra/experiments/int64_simple_intervals/tc_0000000006.c	/home/tephra/experiments/int64_simple_intervals/in_0000000006	60	0	0	0	1.0000	166.3333	166.3123	166.3543
libfuzzer	/home/tephra/experiments/int64_simple_intervals/tc_0000000007.c	/home/tephra/experiments/int64_simple_intervals/in_0000000007	60	0	0	0	1.0000	167.2333	167.2073	167.2594
libfuzzer	/home/tephra/experiments/int64_simple_intervals/tc_0000000008.c	/home/tephra/experiments/int64_simple_intervals/in_0000000008	60	0	0	0	1.0000	166.4167	166.3949	166.4384
libfuzzer	/home/tephra/experiments/int64_simple_intervals/tc_0000000009.c	/home/tephra/experiments/int64_simple_intervals/in_0000000009	60	0	0	0	1.0000	166.4167	166.3915	166.4418
libfuzzer	/home/tephra/experiments/int64_simple_intervals/tc_0000000010.c	/home/tephra/experiments/int64_simple_intervals/in_0000000010	60	0	0	0	1.0000	167.4167	167.3879	167.4454
libfuzzer	/home/tephra/experiments/int64_simple_intervals/tc_0000000011.c	/home/tephra/experiments/int64_simple_intervals/in_0000000011	60	0	0	0	1.0000	166.1333	166.1143	166.1523
libfuzzer	/home/tephra/experiments/int64_simple_intervals/tc_0000000012.c	/home/tephra/experiments/int64_simple_intervals/in_0000000012	60	0	0	0	1.0000	167.1833	167.1545	167.2122
libfuzzer	/home/tephra/experiments/int64_simple_intervals/tc_0000000013.c	/home/tephra/experiments/int64_simple_intervals/in_0000000013	60	0	0	0	1.0000	167.3000	167.2764	167.3236
libfuzzer	/home/tephra/experiments/int64_simple_intervals/tc_0000000014.c	/home/tephra/experiments/int64_simple_intervals/in_0000000014	60	0	0	0	1.0000	166.4667	166.4456	166.4878
libfuzzer	/home/tephra/experiments/int64_simple_intervals/tc_0000000015.c	/home/tephra/experiments/int64_simple_intervals/in_0000000015	60	0	0	0	1.0000	165.4667	165.4445	165.4888
libfuzzer	/home/tephra/experiments/int64_simple_intervals/tc_0000000016.c	/home/tephra/experiments/int64_simple_intervals/in_0000000016	60	0	0	0	1.0000	165.9333	165.9096	165.9571
libfuzzer	/home/tephra/experiments/int64_simple_intervals/tc_0000000017.c	/home/tephra/experiments/int64_simple_intervals/in_0000000017	60	0	0	0	1.0000	165.1167	165.1008	165.1325
libfuzzer-entropic	/home/tephra/experiments/int64_simple_intervals/tc_0000000000.c	/home/tephra/experiments/int64_simple_intervals/in_0000000000	60	0	0	0	1.0000	164.4667	164.4507	164.4826
libfuzzer-entropic	/home/tephra/experiments/int64_simple_intervals/tc_0000000001.c	/home/tephra/experiments/int64_simple_intervals/in_0000000001	60	0	0	0	1.0000	167.5500	167.5134	167.5866
libfuzzer-entropic	/home/tephra/experiments/int64_simple_intervals/tc_0000000002.c	/home/tephra/experiments/int64_simple_intervals/in_0000000002	60	0	0	0	1.0000	165.9000	165.8769	165.9231
libfuzzer-entropic	/home/tephra/experiments/int64_simple_intervals/tc_0000000003.c	/home/tephra/experiments/int64_simple_intervals/in_0000000003	60	0	0	0	1.0000	165.8333	165.8116	165.8550
libfuzzer-entropic	/home/tephra/experiments/int64_simple_intervals/tc_0000000004.c	/home/tephra/experiments/int64_simple_intervals/in_0000000004	60	0	0	0	1.0000	166.9667	166.9337	166.9997
libfuzzer-entropic	/home/tephra/experiments/int64_simple_intervals/tc_0000000005.c	/home/tephra/experiments/int64_simple_intervals/in_0000000005	60	0	0	0	1.0000	165.4000	165.3770	165.4230
libfuzzer-entropic	/home/tephra/experiments/int64_simple_intervals/tc_0000000006.c	/home/tephra/experiments/int64_simple_intervals/in_0000000006	60	0	0	0	1.0000	169.0167	168.9751	169.0582
libfuzzer-entropic	/home/tephra/experiments/int64_simple_intervals/tc_0000000007.c	/home/tephra/experiments/int64_simple_intervals/in_0000000007	60	0	0	0	1.0000	174.9667	174.9375	174.9958
libfuzzer-entropic	/home/tephra/experiments/int64_simple_intervals/tc_0000000008.c	/home/tephra/experiments/int64_simple_intervals/in_0000000008	60	0	0	0	1.0000	173.0833	173.0392	173.1275
libfuzzer-entropic	/home/tephra/experiments/int64_simple_intervals/tc_0000000009.c	/home/tephra/experiments/int64_simple_intervals/in_0000000009	60	0	0	0	1.0000	170.0833	170.0392	170.1275
libfuzzer-entropic	/home/tephra/experiments/int64_simple_intervals/tc_0000000010.c	/home/tephra/experiments/int64_simple_intervals/in_0000000010	60	0	0	0	1.0000	170.8667	170.8167	170.9166
libfuzzer-entropic	/home/tephra/experiments/int64_simple_intervals/tc_0000000011.c	/home/tephra/experiments/int64_simple_intervals/in_0000000011	60	0	0	0	1.0000	171.6167	171.5711	171.6622
libfuzzer-entropic	/home/tephra/experiments/int64_simple_intervals/tc_0000000012.c	/home/tephra/experiments/int64_simple_intervals/in_0000000012	60	0	0	0	1.0000	173.6000	173.5550	173.6450
libfuzzer-entropic	/home/tephra/experiments/int64_simple_intervals/tc_0000000013.c	/home/tephra/experiments/int64_simple_intervals/in_0000000013	60	0	0	0	1.0000	174.3833	174.3527	174.4140
libfuzzer-entropic	/home/tephra/experiments/int64_simple_intervals/tc_0000000014.c	/home/tephra/experiments/int64_simple_intervals/in_0000000014	60	0	0	0	1.0000	175.3667	175.3335	175.3998
libfuzzer-entropic	/home/tephra/experiments/int64_simple_intervals/tc_0000000015.c	/home/tephra/experiments/int64_simple_intervals/in_0000000015	60	0	0	0	1.0000	175.1833	175.1546	175.2121
libfuzzer-entropic	/home/tephra/experiments/int64_simple_intervals/tc_0000000016.c	/home/tephra/experiments/int64_simple_intervals/in_0000000016	60	0	0	0	1.0000	172.8000	172.7586	172.8414
libfuzzer-entropic	/home/tephra/experiments/int64_simple_intervals/tc_0000000017.c	/home/tephra/experiments/int64_simple_intervals/in_0000000017	60	0	0	0	1.0000	169.8000	169.7480	169.8520
dev-urandom	/home/tephra/experiments/int64_simple_intervals/tc_0000000000.c	/home/tephra/experiments/int64_simple_intervals/in_0000000000	0	60	0	0	0.0000	-	-	-
dev-urandom	/home/tephra/experiments/int64_simple_intervals/tc_0000000001.c	/home/tephra/experiments/int64_simple_intervals/in_0000000001	0	60	0	0	0.0000	-	-	-
dev-urandom	/home/tephra/experiments/int64_simple_intervals/tc_0000000002.c	/home/tephra/experiments/int64_simple_intervals/in_0000000002	0	60	0	0	0.0000	-	-	-
dev-urandom	/home/tephra/experiments/int64_simple_intervals/tc_0000000003.c	/home/tephra/experiments/int64_simple_intervals/in_0000000003	0	60	0	0	0.0000	-	-	-
dev-urandom	/home/tephra/experiments/int64_simple_intervals/tc_0000000004.c	/home/tephra/experiments/int64_simple_intervals/in_0000000004	0	60	0	0	0.0000	-	-	-
dev-urandom	/home/tephra/experiments/int64_simple_intervals/tc_0000000005.c	/home/tephra/experiments/int64_simple_intervals/in_0000000005	0	60	0	0	0.0000	-	-	-
dev-urandom	/home/tephra/experiments/int64_simple_intervals/tc_0000000006.c	/home/tephra/experiments/int64_simple_intervals/in_0000000006	0	60	0	0	0.0000	-	-	-
dev-urandom	/home/tephra/experiments/int64_simple_intervals/tc_0000000007.c	/home/tephra/experiments/int64_simple_intervals/in_0000000007	0	60	0	0	0.0000	-	-	-
dev-urandom	/home/tephra/experiments/int64_simple_intervals/tc_0000000008.c	/home/tephra/experiments/int64_simple_intervals/in_0000000008	0	60	0	0	0.0000	-	-	-
dev-urandom	/home/tephra/experiments/int64_simple_intervals/tc_0000000009.c	/home/tephra/experiments/int64_simple_intervals/in_0000000009	0	60	0	0	0.0000	-	-	-
dev-urandom	/home/tephra/experiments/int64_simple_intervals/tc_0000000010.c	/home/tephra/experiments/int64_simple_intervals/in_0000000010	2	58	0	0	0.0333	-	-	-
dev-urandom	/home/tephra/experiments/int64_simple_intervals/tc_0000000011.c	/home/tephra/experiments/int64_simple_intervals/in_0000000011	18	42	0	0	0.3000	-	-	-
dev-urandom	/home/tephra/experiments/int64_simple_intervals/tc_0000000012.c	/home/tephra/experiments/int64_simple_intervals/in_0000000012	58	2	0	0	0.9667	1229750.1379	1222403.3339	1237096.9420
dev-urandom	/home/tephra/experiments/int64_simple_intervals/tc_0000000013.c	/home/tephra/experiments/int64_simple_intervals/in_0000000013	60	0	0	0	1.0000	190401.0167	188813.2609	191988.7725
dev-urandom	/home/tephra/experiments/int64_simple_intervals/tc_0000000014.c	/home/tephra/experiments/int64_simple_intervals/in_0000000014	60	0	0	0	1.0000	19881.3667	19734.4568	20028.2765
dev-urandom	/home/tephra/experiments/int64_simple_intervals/tc_0000000015.c	/home/tephra/experiments/int64_simple_intervals/in_0000000015	60	0	0	0	1.0000	2035.6833	2020.2363	2051.1303
dev-urandom	/home/tephra/experiments/int64_simple_intervals/tc_0000000016.c	/home/tephra/experiments/int64_simple_intervals/in_0000000016	60	0	0	0	1.0000	213.4167	211.9458	214.8875
dev-urandom	/home/tephra/experiments/int64_simple_intervals/tc_0000000017.c	/home/tephra/experiments/int64_simple_intervals/in_0000000017	60	0	0	0	1.0000	27.5667	27.3764	27.7569
afl++	/home/tephra/experiments/int64_simple_intervals/tc_0000000000.c	/home/tephra/experiments/int64_simple_intervals/in_0000000000	0	60	0	0	0.0000	-	-	-
afl++	/home/tephra/experiments/int64_simple_intervals/tc_0000000001.c	/home/tephra/experiments/int64_simple_intervals/in_0000000001	0	60	0	0	0.0000	-	-	-
afl++	/home/tephra/experiments/int64_simple_intervals/tc_0000000002.c	/home/tephra/experiments/int64_simple_intervals/in_0000000002	0	60	0	0	0.0000	-	-	-
afl++	/home/tephra/experiments/int64_simple_intervals/tc_0000000003.c	/home/tephra/experiments/int64_simple_intervals/in_0000000003	0	60	0	0	0.0000	-	-	-
afl++	/home/tephra/experiments/int64_simple_intervals/tc_0000000004.c	/home/tephra/experiments/int64_simple_intervals/in_0000000004	0	60	0	0	0.0000	-	-	-
afl++	/home/tephra/experiments/int64_simple_intervals/tc_0000000005.c	/home/tephra/experiments/int64_simple_intervals/in_0000000005	0	60	0	0	0.0000	-	-	-
afl++	/home/tephra/experiments/int64_simple_intervals/tc_0000000006.c	/home/tephra/experiments/int64_simple_intervals/in_0000000006	0	60	0	0	0.0000	-	-	-
afl++	/home/tephra/experiments/int64_simple_intervals/tc_0000000007.c	/home/tephra/experiments/int64_simple_intervals/in_0000000007	0	60	0	0	0.0000	-	-	-
afl++	/home/tephra/experiments/int64_simple_intervals/tc_0000000008.c	/home/tephra/experiments/int64_simple_intervals/in_0000000008	0	60	0	0	0.0000	-	-	-
afl++	/home/tephra/experiments/int64_simple_intervals/tc_0000000009.c	/home/tephra/experiments/int64_simple_intervals/in_0000000009	0	60	0	0	0.0000	-	-	-
afl++	/home/tephra/experiments/int64_simple_intervals/tc_0000000010.c	/home/tephra/experiments/int64_simple_intervals/in_0000000010	0	60	0	0	0.0000	-	-	-
afl++	/home/tephra/experiments/int64_simple_intervals/tc_0000000011.c	/home/tephra/experiments/int64_simple_intervals/in_0000000011	3	57	0	0	0.0500	-	-	-
afl++	/home/tephra/experiments/int64_simple_intervals/tc_0000000012.c	/home/tephra/experiments/int64_simple_intervals/in_0000000012	36	24	0	0	0.6000	1582168.7500	1570922.2673	1593415.2327
afl++	/home/tephra/experiments/int64_simple_intervals/tc_0000000013.c	/home/tephra/experiments/int64_simple_intervals/in_0000000013	56	4	0	0	0.9333	1183185.4464	1174441.8701	1191929.0228
afl++	/home/tephra/experiments/int64_simple_intervals/tc_0000000014.c	/home/tephra/experiments/int64_simple_intervals/in_0000000014	60	0	0	0	1.0000	121889.8833	121065.7712	122713.9954
afl++	/home/tephra/experiments/int64_simple_intervals/tc_0000000015.c	/home/tephra/experiments/int64_simple_intervals/in_0000000015	60	0	0	0	1.0000	4484.8667	4449.0650	4520.6683
afl++	/home/tephra/experiments/int64_simple_intervals/tc_0000000016.c	/home/tephra/experiments/int64_simple_intervals/in_0000000016	60	0	0	0	1.0000	278.2833	277.2865	279.2801
afl++	/home/tephra/experiments/int64_simple_intervals/tc_0000000017.c	/home/tephra/experiments/int64_simple_intervals/in_0000000017	60	0	0	0	1.0000	228.0000	227.7832	228.2168
afl++-cmplog	/home/tephra/experiments/int64_simple_intervals/tc_0000000000.c	/home/tephra/experiments/int64_simple_intervals/in_0000000000	0	60	0	0	0.0000	-	-	-
afl++-cmplog	/home/tephra/experiments/int64_simple_intervals/tc_0000000001.c	/home/tephra/experiments/int64_simple_intervals/in_0000000001	0	60	0	0	0.0000	-	-	-
afl++-cmplog	/home/tephra/experiments/int64_simple_intervals/tc_0000000002.c	/home/tephra/experiments/int64_simple_intervals/in_0000000002	0	60	0	0	0.0000	-	-	-
afl++-cmplog	/home/tephra/experiments/int64_simple_intervals/tc_0000000003.c	/home/tephra/experiments/int64_simple_intervals/in_0000000003	0	60	0	0	0.0000	-	-	-
afl++-cmplog	/home/tephra/experiments/int64_simple_intervals/tc_0000000004.c	/home/tephra/experiments/int64_simple_intervals/in_0000000004	0	60	0	0	0.0000	-	-	-
afl++-cmplog	/home/tephra/experiments/int64_simple_intervals/tc_0000000005.c	/home/tephra/experiments/int64_simple_intervals/in_0000000005	0	60	0	0	0.0000	-	-	-
afl++-cmplog	/home/tephra/experiments/int64_simple_intervals/tc_0000000006.c	/home/tephra/experiments/int64_simple_intervals/in_0000000006	0	60	0	0	0.0000	-	-	-
afl++-cmplog	/home/tephra/experiments/int64_simple_intervals/tc_0000000007.c	/home/tephra/experiments/int64_simple_intervals/in_0000000007	0	60	0	0	0.0000	-	-	-
afl++-cmplog	/home/tephra/experiments/int64_simple_intervals/tc_0000000008.c	/home/tephra/experiments/int64_simple_intervals/in_0000000008	0	60	0	0	0.0000	-	-	-
afl++-cmplog	/home/tephra/experiments/int64_simple_intervals/tc_0000000009.c	/home/tephra/experiments/int64_simple_intervals/in_0000000009	0	60	0	0	0.0000	-	-	-
afl++-cmplog	/home/tephra/experiments/int64_simple_intervals/tc_0000000010.c	/home/tephra/experiments/int64_simple_intervals/in_0000000010	0	60	0	0	0.0000	-	-	-
afl++-cmplog	/home/tephra/experiments/int64_simple_intervals/tc_0000000011.c	/home/tephra/experiments/int64_simple_intervals/in_0000000011	7	53	0	0	0.1167	-	-	-
afl++-cmplog	/home/tephra/experiments/int64_simple_intervals/tc_0000000012.c	/home/tephra/experiments/int64_simple_intervals/in_0000000012	25	35	0	0	0.4167	-	-	-
afl++-cmplog	/home/tephra/experiments/int64_simple_intervals/tc_0000000013.c	/home/tephra/experiments/int64_simple_intervals/in_0000000013	57	3	0	0	0.9500	936424.2456	930081.5826	942766.9087
afl++-cmplog	/home/tephra/experiments/int64_simple_intervals/tc_0000000014.c	/home/tephra/experiments/int64_simple_intervals/in_0000000014	60	0	0	0	1.0000	109646.9667	108753.5715	110540.3619
afl++-cmplog	/home/tephra/experiments/int64_simple_intervals/tc_0000000015.c	/home/tephra/experiments/int64_simple_intervals/in_0000000015	60	0	0	0	1.0000	6415.5333	6363.5498	6467.5169
afl++-cmplog	/home/tephra/experiments/int64_simple_intervals/tc_0000000016.c	/home/tephra/experiments/int64_simple_intervals/in_0000000016	60	0	0	0	1.0000	467.8500	466.4640	469.2360
afl++-cmplog	/home/tephra/experiments/int64_simple_intervals/tc_0000000017.c	/home/tephra/experiments/int64_simple_intervals/in_0000000017	60	0	0	0	1.0000	335.4667	334.6513	336.2821
afl++-laf	/home/tephra/experiments/int64_simple_intervals/tc_0000000000.c	/home/tephra/experiments/int64_simple_intervals/in_0000000000	0	60	0	0	0.0000	-	-	-
afl++-laf	/home/tephra/experiments/int64_simple_intervals/tc_0000000001.c	/home/tephra/experiments/int64_simple_intervals/in_0000000001	0	60	0	0	0.0000	-	-	-
afl++-laf	/home/tephra/experiments/int64_simple_intervals/tc_0000000002.c	/home/tephra/experiments/int64_simple_intervals/in_0000000002	0	60	0	0	0.0000	-	-	-
afl++-laf	/home/tephra/experiments/int64_simple_intervals/tc_0000000003.c	/home/tephra/experiments/int64_simple_intervals/in_0000000003	0	60	0	0	0.0000	-	-	-
afl++-laf	/home/tephra/experiments/int64_simple_intervals/tc_0000000004.c	/home/tephra/experiments/int64_simple_intervals/in_0000000004	0	60	0	0	0.0000	-	-	-
afl++-laf	/home/tephra/experiments/int64_simple_intervals/tc_0000000005.c	/home/tephra/experiments/int64_simple_intervals/in_0000000005	0	60	0	0	0.0000	-	-	-
afl++-laf	/home/tephra/experiments/int64_simple_intervals/tc_0000000006.c	/home/tephra/experiments/int64_simple_intervals/in_0000000006	0	60	0	0	0.0000	-	-	-
afl++-laf	/home/tephra/experiments/int64_simple_intervals/tc_0000000007.c	/home/tephra/experiments/int64_simple_intervals/in_0000000007	0	60	0	0	0.0000	-	-	-
afl++-laf	/home/tephra/experiments/int64_simple_intervals/tc_0000000008.c	/home/tephra/experiments/int64_simple_intervals/in_0000000008	0	60	0	0	0.0000	-	-	-
afl++-laf	/home/tephra/experiments/int64_simple_intervals/tc_0000000009.c	/home/tephra/experiments/int64_simple_intervals/in_0000000009	0	60	0	0	0.0000	-	-	-
afl++-laf	/home/tephra/experiments/int64_simple_intervals/tc_0000000010.c	/home/tephra/experiments/int64_simple_intervals/in_0000000010	25	35	0	0	0.4167	-	-	-
afl++-laf	/home/tephra/experiments/int64_simple_intervals/tc_0000000011.c	/home/tephra/experiments/int64_simple_intervals/in_0000000011	60	0	0	0	1.0000	49615.3167	48636.8478	50593.7855
afl++-laf	/home/tephra/experiments/int64_simple_intervals/tc_0000000012.c	/home/tephra/experiments/int64_simple_intervals/in_0000000012	60	0	0	0	1.0000	12370.4667	12277.8222	12463.1112
afl++-laf	/home/tephra/experiments/int64_simple_intervals/tc_0000000013.c	/home/tephra/experiments/int64_simple_intervals/in_0000000013	60	0	0	0	1.0000	278440.5667	276049.3039	280831.8295
afl++-laf	/home/tephra/experiments/int64_simple_intervals/tc_0000000014.c	/home/tephra/experiments/int64_simple_intervals/in_0000000014	60	0	0	0	1.0000	52978.7167	52516.7419	53440.6915
afl++-laf	/home/tephra/experiments/int64_simple_intervals/tc_0000000015.c	/home/tephra/experiments/int64_simple_intervals/in_0000000015	60	0	0	0	1.0000	5197.2500	5154.5208	5239.9792
afl++-laf	/home/tephra/experiments/int64_simple_intervals/tc_0000000016.c	/home/tephra/experiments/int64_simple_intervals/in_0000000016	60	0	0	0	1.0000	308.6667	307.4708	309.8625
afl++-laf	/home/tephra/experiments/int64_simple_intervals/tc_0000000017.c	/home/tephra/experiments/int64_simple_intervals/in_0000000017	60	0	0	0	1.0000	224.5667	224.2589	224.8744
afl++-mopt	/home/tephra/experiments/int64_simple_intervals/tc_0000000000.c	/home/tephra/experiments/int64_simple_intervals/in_0000000000	0	60	0	0	0.0000	-	-	-
afl++-mopt	/home/tephra/experiments/int64_simple_intervals/tc_0000000001.c	/home/tephra/experiments/int64_simple_intervals/in_0000000001	0	60	0	0	0.0000	-	-	-
afl++-mopt	/home/tephra/experiments/int64_simple_intervals/tc_0000000002.c	/home/tephra/experiments/int64_simple_intervals/in_0000000002	0	60	0	0	0.0000	-	-	-
afl++-mopt	/home/tephra/experiments/int64_simple_intervals/tc_0000000003.c	/home/tephra/experiments/int64_simple_intervals/in_0000000003	0	60	0	0	0.0000	-	-	-
afl++-mopt	/home/tephra/experiments/int64_simple_intervals/tc_0000000004.c	/home/tephra/experiments/int64_simple_intervals/in_0000000004	0	60	0	0	0.0000	-	-	-
afl++-mopt	/home/tephra/experiments/int64_simple_intervals/tc_0000000005.c	/home/tephra/experiments/int64_simple_intervals/in_0000000005	0	60	0	0	0.0000	-	-	-
afl++-mopt	/home/tephra/experiments/int64_simple_intervals/tc_0000000006.c	/home/tephra/experiments/int64_simple_intervals/in_0000000006	0	60	0	0	0.0000	-	-	-
afl++-mopt	/home/tephra/experiments/int64_simple_intervals/tc_0000000007.c	/home/tephra/experiments/int64_simple_intervals/in_0000000007	0	60	0	0	0.0000	-	-	-
afl++-mopt	/home/tephra/experiments/int64_simple_intervals/tc_0000000008.c	/home/tephra/experiments/int64_simple_intervals/in_0000000008	0	60	0	0	0.0000	-	-	-
afl++-mopt	/home/tephra/experiments/int64_simple_intervals/tc_0000000009.c	/home/tephra/experiments/int64_simple_intervals/in_0000000009	0	60	0	0	0.0000	-	-	-
afl++-mopt	/home/tephra/experiments/int64_simple_intervals/tc_0000000010.c	/home/tephra/experiments/int64_simple_intervals/in_0000000010	0	60	0	0	0.0000	-	-	-
afl++-mopt	/home/tephra/experiments/int64_simple_intervals/tc_0000000011.c	/home/tephra/experiments/int64_simple_intervals/in_0000000011	6	54	0	0	0.1000	-	-	-
afl++-mopt	/home/tephra/experiments/int64_simple_intervals/tc_0000000012.c	/home/tephra/experiments/int64_simple_intervals/in_0000000012	30	30	0	0	0.5000	-	-	-
afl++-mopt	/home/tephra/experiments/int64_simple_intervals/tc_0000000013.c	/home/tephra/experiments/int64_simple_intervals/in_0000000013	60	0	0	0	1.0000	714837.1667	709342.2188	720332.1145
afl++-mopt	/home/tephra/experiments/int64_simple_intervals/tc_0000000014.c	/home/tephra/experiments/int64_simple_intervals/in_0000000014	60	0	0	0	1.0000	76642.9000	76032.3392	77253.4608
afl++-mopt	/home/tephra/experiments/int64_simple_intervals/tc_0000000015.c	/home/tephra/experiments/int64_simple_intervals/in_0000000015	60	0	0	0	1.0000	4292.2167	4265.7014	4318.7320
afl++-mopt	/home/tephra/experiments/int64_simple_intervals/tc_0000000016.c	/home/tephra/experiments/int64_simple_intervals/in_0000000016	60	0	0	0	1.0000	293.0667	291.9827	294.1506
afl++-mopt	/home/tephra/experiments/int64_simple_intervals/tc_0000000017.c	/home/tephra/experiments/int64_simple_intervals/in_0000000017	60	0	0	0	1.0000	219.8500	219.6251	220.0749
honggfuzz	/home/tephra/experiments/int64_simple_intervals/tc_0000000000.c	/home/tephra/experiments/int64_simple_intervals/in_0000000000	60	0	0	0	1.0000	41216.5500	41033.3818	41399.7182
honggfuzz	/home/tephra/experiments/int64_simple_intervals/tc_0000000001.c	/home/tephra/experiments/int64_simple_intervals/in_0000000001	60	0	0	0	1.0000	40455.8667	40311.9116	40599.8217
honggfuzz	/home/tephra/experiments/int64_simple_intervals/tc_0000000002.c	/home/tephra/experiments/int64_simple_intervals/in_0000000002	60	0	0	0	1.0000	38568.9833	38421.8279	38716.1388
honggfuzz	/home/tephra/experiments/int64_simple_intervals/tc_0000000003.c	/home/tephra/experiments/int64_simple_intervals/in_0000000003	60	0	0	0	1.0000	40079.2500	39936.9449	40221.5551
honggfuzz	/home/tephra/experiments/int64_simple_intervals/tc_0000000004.c	/home/tephra/experiments/int64_simple_intervals/in_0000000004	60	0	0	0	1.0000	32122.4833	31963.1647	32281.8019
honggfuzz	/home/tephra/experiments/int64_simple_intervals/tc_0000000005.c	/home/tephra/experiments/int64_simple_intervals/in_0000000005	60	0	0	0	1.0000	34896.3833	34759.0964	35033.6703
honggfuzz	/home/tephra/experiments/int64_simple_intervals/tc_0000000006.c	/home/tephra/experiments/int64_simple_intervals/in_0000000006	60	0	0	0	1.0000	32522.6500	32387.8414	32657.4586
honggfuzz	/home/tephra/experiments/int64_simple_intervals/tc_0000000007.c	/home/tephra/experiments/int64_simple_intervals/in_0000000007	60	0	0	0	1.0000	35539.5167	35372.0802	35706.9532
honggfuzz	/home/tephra/experiments/int64_simple_intervals/tc_0000000008.c	/home/tephra/experiments/int64_simple_intervals/in_0000000008	60	0	0	0	1.0000	37936.2000	37750.0808	38122.3192
honggfuzz	/home/tephra/experiments/int64_simple_intervals/tc_0000000009.c	/home/tephra/experiments/int64_simple_intervals/in_0000000009	60	0	0	0	1.0000	35096.2167	34960.6094	35231.8239
honggfuzz	/home/tephra/experiments/int64_simple_intervals/tc_0000000010.c	/home/tephra/experiments/int64_simple_intervals/in_0000000010	60	0	0	0	1.0000	30529.3833	30390.1058	30668.6609
honggfuzz	/home/tephra/experiments/int64_simple_intervals/tc_0000000011.c	/home/tephra/experiments/int64_simple_intervals/in_0000000011	60	0	0	0	1.0000	21666.0833	21555.5544	21776.6123
honggfuzz	/home/tephra/experiments/int64_simple_intervals/tc_0000000012.c	/home/tephra/experiments/int64_simple_intervals/in_0000000012	60	0	0	0	1.0000	19582.6000	19485.0500	19680.1500
honggfuzz	/home/tephra/experiments/int64_simple_intervals/tc_0000000013.c	/home/tephra/experiments/int64_simple_intervals/in_0000000013	60	0	0	0	1.0000	26249.1500	26108.2353	26390.0647
honggfuzz	/home/tephra/experiments/int64_simple_intervals/tc_0000000014.c	/home/tephra/experiments/int64_simple_intervals/in_0000000014	60	0	0	0	1.0000	17182.6500	17087.8223	17277.4777
honggfuzz	/home/tephra/experiments/int64_simple_intervals/tc_0000000015.c	/home/tephra/experiments/int64_simple_intervals/in_0000000015	60	0	0	0	1.0000	9136.1500	9074.2198	9198.0802
honggfuzz	/home/tephra/experiments/int64_simple_intervals/tc_0000000016.c	/home/tephra/experiments/int64_simple_intervals/in_0000000016	60	0	0	0	1.0000	1765.5667	1752.7063	1778.4270
honggfuzz	/home/tephra/experiments/int64_simple_intervals/tc_0000000017.c	/home/tephra/experiments/int64_simple_intervals/in_0000000017	60	0	0	0	1.0000	1032.0333	1031.0232	1033.0435
wingfuzz	/home/tephra/experiments/int64_simple_intervals/tc_0000000000.c	/home/tephra/experiments/int64_simple_intervals/in_0000000000	60	0	0	0	1.0000	26.2000	26.1330	26.2670
wingfuzz	/home/tephra/experiments/int64_simple_intervals/tc_0000000001.c	/home/tephra/experiments/int64_simple_intervals/in_0000000001	60	0	0	0	1.0000	27.5667	27.4799	27.6534
wingfuzz	/home/tephra/experiments/int64_simple_intervals/tc_0000000002.c	/home/tephra/experiments/int64_simple_intervals/in_0000000002	60	0	0	0	1.0000	28.0500	27.9831	28.1169
wingfuzz	/home/tephra/experiments/int64_simple_intervals/tc_0000000003.c	/home/tephra/experiments/int64_simple_intervals/in_0000000003	60	0	0	0	1.0000	27.0667	26.9637	27.1696
wingfuzz	/home/tephra/experiments/int64_simple_intervals/tc_0000000004.c	/home/tephra/experiments/int64_simple_intervals/in_0000000004	60	0	0	0	1.0000	28.8500	28.7623	28.9377
wingfuzz	/home/tephra/experiments/int64_simple_intervals/tc_0000000005.c	/home/tephra/experiments/int64_simple_intervals/in_0000000005	60	0	0	0	1.0000	26.1667	26.1009	26.2325
wingfuzz	/home/tephra/experiments/int64_simple_intervals/tc_0000000006.c	/home/tephra/experiments/int64_simple_intervals/in_0000000006	60	0	0	0	1.0000	27.3833	27.2909	27.4758
wingfuzz	/home/tephra/experiments/int64_simple_intervals/tc_0000000007.c	/home/tephra/experiments/int64_simple_intervals/in_0000000007	60	0	0	0	1.0000	27.8500	27.7702	27.9298
wingfuzz	/home/tephra/experiments/int64_simple_intervals/tc_0000000008.c	/home/tephra/experiments/int64_simple_intervals/in_0000000008	60	0	0	0	1.0000	26.6667	26.6097	26.7237
wingfuzz	/home/tephra/experiments/int64_simple_intervals/tc_0000000009.c	/home/tephra/experiments/int64_simple_intervals/in_0000000009	60	0	0	0	1.0000	28.3500	28.2803	28.4197
wingfuzz	/home/tephra/experiments/int64_simple_intervals/tc_0000000010.c	/home/tephra/experiments/int64_simple_intervals/in_0000000010	60	0	0	0	1.0000	28.1000	28.0334	28.1666
wingfuzz	/home/tephra/experiments/int64_simple_intervals/tc_0000000011.c	/home/tephra/experiments/int64_simple_intervals/in_0000000011	60	0	0	0	1.0000	22.9000	22.8622	22.9378
wingfuzz	/home/tephra/experiments/int64_simple_intervals/tc_0000000012.c	/home/tephra/experiments/int64_simple_intervals/in_0000000012	60	0	0	0	1.0000	25.6500	25.5597	25.7403
wingfuzz	/home/tephra/experiments/int64_simple_intervals/tc_0000000013.c	/home/tephra/experiments/int64_simple_intervals/in_0000000013	60	0	0	0	1.0000	25.5167	25.4593	25.5740
wingfuzz	/home/tephra/experiments/int64_simple_intervals/tc_0000000014.c	/home/tephra/experiments/int64_simple_intervals/in_0000000014	60	0	0	0	1.0000	25.9333	25.8773	25.9894
wingfuzz	/home/tephra/experiments/int64_simple_intervals/tc_0000000015.c	/home/tephra/experiments/int64_simple_intervals/in_0000000015	60	0	0	0	1.0000	22.5167	22.4827	22.5507
wingfuzz	/home/tephra/experiments/int64_simple_intervals/tc_0000000016.c	/home/tephra/experiments/int64_simple_intervals/in_0000000016	60	0	0	0	1.0000	20.9000	20.8720	20.9280
wingfuzz	/home/tephra/experiments/int64_simple_intervals/tc_0000000017.c	/home/tephra/experiments/int64_simple_intervals/in_0000000017	60	0	0	0	1.0000	14.0000	13.9725	14.0275
libafl	/home/tephra/experiments/int64_simple_intervals/tc_0000000000.c	/home/tephra/experiments/int64_simple_intervals/in_0000000000	0	60	0	0	0.0000	-	-	-
libafl	/home/tephra/experiments/int64_simple_intervals/tc_0000000001.c	/home/tephra/experiments/int64_simple_intervals/in_0000000001	0	60	0	0	0.0000	-	-	-
libafl	/home/tephra/experiments/int64_simple_intervals/tc_0000000002.c	/home/tephra/experiments/int64_simple_intervals/in_0000000002	0	60	0	0	0.0000	-	-	-
libafl	/home/tephra/experiments/int64_simple_intervals/tc_0000000003.c	/home/tephra/experiments/int64_simple_intervals/in_0000000003	0	60	0	0	0.0000	-	-	-
libafl	/home/tephra/experiments/int64_simple_intervals/tc_0000000004.c	/home/tephra/experiments/int64_simple_intervals/in_0000000004	0	60	0	0	0.0000	-	-	-
libafl	/home/tephra/experiments/int64_simple_intervals/tc_0000000005.c	/home/tephra/experiments/int64_simple_intervals/in_0000000005	0	60	0	0	0.0000	-	-	-
libafl	/home/tephra/experiments/int64_simple_intervals/tc_0000000006.c	/home/tephra/experiments/int64_simple_intervals/in_0000000006	0	60	0	0	0.0000	-	-	-
libafl	/home/tephra/experiments/int64_simple_intervals/tc_0000000007.c	/home/tephra/experiments/int64_simple_intervals/in_0000000007	0	60	0	0	0.0000	-	-	-
libafl	/home/tephra/experiments/int64_simple_intervals/tc_0000000008.c	/home/tephra/experiments/int64_simple_intervals/in_0000000008	0	60	0	0	0.0000	-	-	-
libafl	/home/tephra/experiments/int64_simple_intervals/tc_0000000009.c	/home/tephra/experiments/int64_simple_intervals/in_0000000009	0	60	0	0	0.0000	-	-	-
libafl	/home/tephra/experiments/int64_simple_intervals/tc_0000000010.c	/home/tephra/experiments/int64_simple_intervals/in_0000000010	0	60	0	0	0.0000	-	-	-
libafl	/home/tephra/experiments/int64_simple_intervals/tc_0000000011.c	/home/tephra/experiments/int64_simple_intervals/in_0000000011	51	9	0	0	0.8500	1148548.2157	1140092.6046	1157003.8267
libafl	/home/tephra/experiments/int64_simple_intervals/tc_0000000012.c	/home/tephra/experiments/int64_simple_intervals/in_0000000012	60	0	0	0	1.0000	201284.8500	199710.7201	202858.9799
libafl	/home/tephra/experiments/int64_simple_intervals/tc_0000000013.c	/home/tephra/experiments/int64_simple_intervals/in_0000000013	60	0	0	0	1.0000	62791.0333	62246.0169	63336.0498
libafl	/home/tephra/experiments/int64_simple_intervals/tc_0000000014.c	/home/tephra/experiments/int64_simple_intervals/in_0000000014	60	0	0	0	1.0000	4180.6333	4151.0516	4210.2150
libafl	/home/tephra/experiments/int64_simple_intervals/tc_0000000015.c	/home/tephra/experiments/int64_simple_intervals/in_0000000015	60	0	0	0	1.0000	239.2167	237.4720	240.9613
libafl	/home/tephra/experiments/int64_simple_intervals/tc_0000000016.c	/home/tephra/experiments/int64_simple_intervals/in_0000000016	60	0	0	0	1.0000	16.8667	16.8175	16.9158
libafl	/home/tephra/experiments/int64_simple_intervals/tc_0000000017.c	/home/tephra/experiments/int64_simple_intervals/in_0000000017	60	0	0	0	1.0000	18.0333	17.9167	18.1500
libafl-libfuzzer	/home/tephra/experiments/int64_simple_intervals/tc_0000000000.c	/home/tephra/experiments/int64_simple_intervals/in_0000000000	60	0	0	0	1.0000	146.1833	146.0213	146.3454
libafl-libfuzzer	/home/tephra/experiments/int64_simple_intervals/tc_0000000001.c	/home/tephra/experiments/int64_simple_intervals/in_0000000001	60	0	0	0	1.0000	140.0500	139.9825	140.1175
libafl-libfuzzer	/home/tephra/experiments/int64_simple_intervals/tc_0000000002.c	/home/tephra/experiments/int64_simple_intervals/in_0000000002	60	0	0	0	1.0000	140.6833	140.5162	140.8505
libafl-libfuzzer	/home/tephra/experiments/int64_simple_intervals/tc_0000000003.c	/home/tephra/experiments/int64_simple_intervals/in_0000000003	60	0	0	0	1.0000	136.9000	136.8175	136.9825
libafl-libfuzzer	/home/tephra/experiments/int64_simple_intervals/tc_0000000004.c	/home/tephra/experiments/int64_simple_intervals/in_0000000004	60	0	0	0	1.0000	137.1500	137.0497	137.2503
libafl-libfuzzer	/home/tephra/experiments/int64_simple_intervals/tc_0000000005.c	/home/tephra/experiments/int64_simple_intervals/in_0000000005	60	0	0	0	1.0000	143.1167	142.9476	143.2858
libafl-libfuzzer	/home/tephra/experiments/int64_simple_intervals/tc_0000000006.c	/home/tephra/experiments/int64_simple_intervals/in_0000000006	60	0	0	0	1.0000	136.6167	136.5317	136.7016
libafl-libfuzzer	/home/tephra/experiments/int64_simple_intervals/tc_0000000007.c	/home/tephra/experiments/int64_simple_intervals/in_0000000007	60	0	0	0	1.0000	144.1500	143.9157	144.3843
libafl-libfuzzer	/home/tephra/experiments/int64_simple_intervals/tc_0000000008.c	/home/tephra/experiments/int64_simple_intervals/in_0000000008	60	0	0	0	1.0000	152.4500	151.9364	152.9636
libafl-libfuzzer	/home/tephra/experiments/int64_simple_intervals/tc_0000000009.c	/home/tephra/experiments/int64_simple_intervals/in_0000000009	60	0	0	0	1.0000	136.6333	136.6069	136.6598
libafl-libfuzzer	/home/tephra/experiments/int64_simple_intervals/tc_0000000010.c	/home/tephra/experiments/int64_simple_intervals/in_0000000010	60	0	0	0	1.0000	141.2000	141.1130	141.2870
libafl-libfuzzer	/home/tephra/experiments/int64_simple_intervals/tc_0000000011.c	/home/tephra/experiments/int64_simple_intervals/in_0000000011	60	0	0	0	1.0000	142.3333	142.2202	142.4464
libafl-libfuzzer	/home/tephra/experiments/int64_simple_intervals/tc_0000000012.c	/home/tephra/experiments/int64_simple_intervals/in_0000000012	60	0	0	0	1.0000	140.2000	140.0750	140.3250
libafl-libfuzzer	/home/tephra/experiments/int64_simple_intervals/tc_0000000013.c	/home/tephra/experiments/int64_simple_intervals/in_0000000013	60	0	0	0	1.0000	143.4167	143.1604	143.6730
libafl-libfuzzer	/home/tephra/experiments/int64_simple_intervals/tc_0000000014.c	/home/tephra/experiments/int64_simple_intervals/in_0000000014	60	0	0	0	1.0000	134.6333	134.5758	134.6908
libafl-libfuzzer	/home/tephra/experiments/int64_simple_intervals/tc_0000000015.c	/home/tephra/experiments/int64_simple_intervals/in_0000000015	60	0	0	0	1.0000	141.1500	141.0202	141.2798
libafl-libfuzzer	/home/tephra/experiments/int64_simple_intervals/tc_0000000016.c	/home/tephra/experiments/int64_simple_intervals/in_0000000016	60	0	0	0	1.0000	137.5833	137.5214	137.6453
libafl-libfuzzer	/home/tephra/experiments/int64_simple_intervals/tc_0000000017.c	/home/tephra/experiments/int64_simple_intervals/in_0000000017	60	0	0	0	1.0000	137.0667	136.9510	137.1823
ddfuzz	/home/tephra/experiments/int64_simple_intervals/tc_0000000000.c	/home/tephra/experiments/int64_simple_intervals/in_0000000000	0	60	0	0	0.0000	-	-	-
ddfuzz	/home/tephra/experiments/int64_simple_intervals/tc_0000000001.c	/home/tephra/experiments/int64_simple_intervals/in_0000000001	0	60	0	0	0.0000	-	-	-
ddfuzz	/home/tephra/experiments/int64_simple_intervals/tc_0000000002.c	/home/tephra/experiments/int64_simple_intervals/in_0000000002	0	60	0	0	0.0000	-	-	-
ddfuzz	/home/tephra/experiments/int64_simple_intervals/tc_0000000003.c	/home/tephra/experiments/int64_simple_intervals/in_0000000003	0	60	0	0	0.0000	-	-	-
ddfuzz	/home/tephra/experiments/int64_simple_intervals/tc_0000000004.c	/home/tephra/experiments/int64_simple_intervals/in_0000000004	0	60	0	0	0.0000	-	-	-
ddfuzz	/home/tephra/experiments/int64_simple_intervals/tc_0000000005.c	/home/tephra/experiments/int64_simple_intervals/in_0000000005	0	60	0	0	0.0000	-	-	-
ddfuzz	/home/tephra/experiments/int64_simple_intervals/tc_0000000006.c	/home/tephra/experiments/int64_simple_intervals/in_0000000006	0	60	0	0	0.0000	-	-	-
ddfuzz	/home/tephra/experiments/int64_simple_intervals/tc_0000000007.c	/home/tephra/experiments/int64_simple_intervals/in_0000000007	0	60	0	0	0.0000	-	-	-
ddfuzz	/home/tephra/experiments/int64_simple_intervals/tc_0000000008.c	/home/tephra/experiments/int64_simple_intervals/in_0000000008	0	60	0	0	0.0000	-	-	-
ddfuzz	/home/tephra/experiments/int64_simple_intervals/tc_0000000009.c	/home/tephra/experiments/int64_simple_intervals/in_0000000009	0	60	0	0	0.0000	-	-	-
ddfuzz	/home/tephra/experiments/int64_simple_intervals/tc_0000000010.c	/home/tephra/experiments/int64_simple_intervals/in_0000000010	0	60	0	0	0.0000	-	-	-
ddfuzz	/home/tephra/experiments/int64_simple_intervals/tc_0000000011.c	/home/tephra/experiments/int64_simple_intervals/in_0000000011	11	49	0	0	0.1833	-	-	-
ddfuzz	/home/tephra/experiments/int64_simple_intervals/tc_0000000012.c	/home/tephra/experiments/int64_simple_intervals/in_0000000012	34	26	0	0	0.5667	1678405.5588	1665926.7919	1690884.3257
ddfuzz	/home/tephra/experiments/int64_simple_intervals/tc_0000000013.c	/home/tephra/experiments/int64_simple_intervals/in_0000000013	58	2	0	0	0.9667	887284.2931	879558.1080	895010.4782
ddfuzz	/home/tephra/experiments/int64_simple_intervals/tc_0000000014.c	/home/tephra/experiments/int64_simple_intervals/in_0000000014	60	0	0	0	1.0000	85007.8000	84331.4873	85684.1127
ddfuzz	/home/tephra/experiments/int64_simple_intervals/tc_0000000015.c	/home/tephra/experiments/int64_simple_intervals/in_0000000015	60	0	0	0	1.0000	7185.5333	7130.8664	7240.2002
ddfuzz	/home/tephra/experiments/int64_simple_intervals/tc_0000000016.c	/home/tephra/experiments/int64_simple_intervals/in_0000000016	60	0	0	0	1.0000	492.4333	490.0298	494.8369
ddfuzz	/home/tephra/experiments/int64_simple_intervals/tc_0000000017.c	/home/tephra/experiments/int64_simple_intervals/in_0000000017	60	0	0	0	1.0000	261.5333	260.9725	262.0942
fairfuzz	/home/tephra/experiments/int64_simple_intervals/tc_0000000000.c	/home/tephra/experiments/int64_simple_intervals/in_0000000000	0	60	0	0	0.0000	-	-	-
fairfuzz	/home/tephra/experiments/int64_simple_intervals/tc_0000000001.c	/home/tephra/experiments/int64_simple_intervals/in_0000000001	0	60	0	0	0.0000	-	-	-
fairfuzz	/home/tephra/experiments/int64_simple_intervals/tc_0000000002.c	/home/tephra/experiments/int64_simple_intervals/in_0000000002	0	60	0	0	0.0000	-	-	-
fairfuzz	/home/tephra/experiments/int64_simple_intervals/tc_0000000003.c	/home/tephra/experiments/int64_simple_intervals/in_0000000003	0	60	0	0	0.0000	-	-	-
fairfuzz	/home/tephra/experiments/int64_simple_intervals/tc_0000000004.c	/home/tephra/experiments/int64_simple_intervals/in_0000000004	0	60	0	0	0.0000	-	-	-
fairfuzz	/home/tephra/experiments/int64_simple_intervals/tc_0000000005.c	/home/tephra/experiments/int64_simple_intervals/in_0000000005	0	60	0	0	0.0000	-	-	-
fairfuzz	/home/tephra/experiments/int64_simple_intervals/tc_0000000006.c	/home/tephra/experiments/int64_simple_intervals/in_0000000006	0	60	0	0	0.0000	-	-	-
fairfuzz	/home/tephra/experiments/int64_simple_intervals/tc_0000000007.c	/home/tephra/experiments/int64_simple_intervals/in_0000000007	0	60	0	0	0.0000	-	-	-
fairfuzz	/home/tephra/experiments/int64_simple_intervals/tc_0000000008.c	/home/tephra/experiments/int64_simple_intervals/in_0000000008	0	60	0	0	0.0000	-	-	-
fairfuzz	/home/tephra/experiments/int64_simple_intervals/tc_0000000009.c	/home/tephra/experiments/int64_simple_intervals/in_0000000009	0	60	0	0	0.0000	-	-	-
fairfuzz	/home/tephra/experiments/int64_simple_intervals/tc_0000000010.c	/home/tephra/experiments/int64_simple_intervals/in_0000000010	0	60	0	0	0.0000	-	-	-
fairfuzz	/home/tephra/experiments/int64_simple_intervals/tc_0000000011.c	/home/tephra/experiments/int64_simple_intervals/in_0000000011	23	37	0	0	0.3833	-	-	-
fairfuzz	/home/tephra/experiments/int64_simple_intervals/tc_0000000012.c	/home/tephra/experiments/int64_simple_intervals/in_0000000012	22	38	0	0	0.3667	-	-	-
fairfuzz	/home/tephra/experiments/int64_simple_intervals/tc_0000000013.c	/home/tephra/experiments/int64_simple_intervals/in_0000000013	52	8	0	0	0.8667	1354290.1731	1344859.8281	1363720.5181
fairfuzz	/home/tephra/experiments/int64_simple_intervals/tc_0000000014.c	/home/tephra/experiments/int64_simple_intervals/in_0000000014	60	0	0	0	1.0000	237918.2333	235350.0277	240486.4389
fairfuzz	/home/tephra/experiments/int64_simple_intervals/tc_0000000015.c	/home/tephra/experiments/int64_simple_intervals/in_0000000015	60	0	0	0	1.0000	53975.8500	53525.1364	54426.5636
fairfuzz	/home/tephra/experiments/int64_simple_intervals/tc_0000000016.c	/home/tephra/experiments/int64_simple_intervals/in_0000000016	60	0	0	0	1.0000	1247.2333	1239.8111	1254.6556
fairfuzz	/home/tephra/experiments/int64_simple_intervals/tc_0000000017.c	/home/tephra/experiments/int64_simple_intervals/in_0000000017	60	0	0	0	1.0000	500.7833	498.8046	502.7620
ecofuzz	/home/tephra/experiments/int64_simple_intervals/tc_0000000000.c	/home/tephra/experiments/int64_simple_intervals/in_0000000000	0	60	0	0	0.0000	-	-	-
ecofuzz	/home/tephra/experiments/int64_simple_intervals/tc_0000000001.c	/home/tephra/experiments/int64_simple_intervals/in_0000000001	0	60	0	0	0.0000	-	-	-
ecofuzz	/home/tephra/experiments/int64_simple_intervals/tc_0000000002.c	/home/tephra/experiments/int64_simple_intervals/in_0000000002	0	60	0	0	0.0000	-	-	-
ecofuzz	/home/tephra/experiments/int64_simple_intervals/tc_0000000003.c	/home/tephra/experiments/int64_simple_intervals/in_0000000003	0	60	0	0	0.0000	-	-	-
ecofuzz	/home/tephra/experiments/int64_simple_intervals/tc_0000000004.c	/home/tephra/experiments/int64_simple_intervals/in_0000000004	0	60	0	0	0.0000	-	-	-
ecofuzz	/home/tephra/experiments/int64_simple_intervals/tc_0000000005.c	/home/tephra/experiments/int64_simple_intervals/in_0000000005	0	60	0	0	0.0000	-	-	-
ecofuzz	/home/tephra/experiments/int64_simple_intervals/tc_0000000006.c	/home/tephra/experiments/int64_simple_intervals/in_0000000006	56	4	0	0	0.9333	901922.7500	895294.0154	908551.4846
ecofuzz	/home/tephra/experiments/int64_simple_intervals/tc_0000000007.c	/home/tephra/experiments/int64_simple_intervals/in_0000000007	60	0	0	0	1.0000	805948.2500	800486.2136	811410.2864
ecofuzz	/home/tephra/experiments/int64_simple_intervals/tc_0000000008.c	/home/tephra/experiments/int64_simple_intervals/in_0000000008	60	0	0	0	1.0000	81892.1833	81228.4718	82555.8949
ecofuzz	/home/tephra/experiments/int64_simple_intervals/tc_0000000009.c	/home/tephra/experiments/int64_simple_intervals/in_0000000009	60	0	0	0	1.0000	3718.5000	3684.5695	3752.4305
ecofuzz	/home/tephra/experiments/int64_simple_intervals/tc_0000000010.c	/home/tephra/experiments/int64_simple_intervals/in_0000000010	60	0	0	0	1.0000	1417.0333	1407.1104	1426.9563
ecofuzz	/home/tephra/experiments/int64_simple_intervals/tc_0000000011.c	/home/tephra/experiments/int64_simple_intervals/in_0000000011	60	0	0	0	1.0000	977.0000	970.3927	983.6073
ecofuzz	/home/tephra/experiments/int64_simple_intervals/tc_0000000012.c	/home/tephra/experiments/int64_simple_intervals/in_0000000012	60	0	0	0	1.0000	916.4000	910.1423	922.6577
ecofuzz	/home/tephra/experiments/int64_simple_intervals/tc_0000000013.c	/home/tephra/experiments/int64_simple_intervals/in_0000000013	60	0	0	0	1.0000	982.4667	975.5276	989.4057
ecofuzz	/home/tephra/experiments/int64_simple_intervals/tc_0000000014.c	/home/tephra/experiments/int64_simple_intervals/in_0000000014	60	0	0	0	1.0000	807.4000	800.6064	814.1936
ecofuzz	/home/tephra/experiments/int64_simple_intervals/tc_0000000015.c	/home/tephra/experiments/int64_simple_intervals/in_0000000015	60	0	0	0	1.0000	828.1000	822.6276	833.5724
ecofuzz	/home/tephra/experiments/int64_simple_intervals/tc_0000000016.c	/home/tephra/experiments/int64_simple_intervals/in_0000000016	60	0	0	0	1.0000	386.2667	384.4126	388.1208
ecofuzz	/home/tephra/experiments/int64_simple_intervals/tc_0000000017.c	/home/tephra/experiments/int64_simple_intervals/in_0000000017	60	0	0	0	1.0000	253.2667	252.5633	253.9700
fafuzz	/home/tephra/experiments/int64_simple_intervals/tc_0000000000.c	/home/tephra/experiments/int64_simple_intervals/in_0000000000	0	60	0	0	0.0000	-	-	-
fafuzz	/home/tephra/experiments/int64_simple_intervals/tc_0000000001.c	/home/tephra/experiments/int64_simple_intervals/in_0000000001	0	60	0	0	0.0000	-	-	-
fafuzz	/home/tephra/experiments/int64_simple_intervals/tc_0000000002.c	/home/tephra/experiments/int64_simple_intervals/in_0000000002	0	60	0	0	0.0000	-	-	-
fafuzz	/home/tephra/experiments/int64_simple_intervals/tc_0000000003.c	/home/tephra/experiments/int64_simple_intervals/in_0000000003	0	60	0	0	0.0000	-	-	-
fafuzz	/home/tephra/experiments/int64_simple_intervals/tc_0000000004.c	/home/tephra/experiments/int64_simple_intervals/in_0000000004	0	60	0	0	0.0000	-	-	-
fafuzz	/home/tephra/experiments/int64_simple_intervals/tc_0000000005.c	/home/tephra/experiments/int64_simple_intervals/in_0000000005	0	60	0	0	0.0000	-	-	-
fafuzz	/home/tephra/experiments/int64_simple_intervals/tc_0000000006.c	/home/tephra/experiments/int64_simple_intervals/in_0000000006	0	60	0	0	0.0000	-	-	-
fafuzz	/home/tephra/experiments/int64_simple_intervals/tc_0000000007.c	/home/tephra/experiments/int64_simple_intervals/in_0000000007	0	60	0	0	0.0000	-	-	-
fafuzz	/home/tephra/experiments/int64_simple_intervals/tc_0000000008.c	/home/tephra/experiments/int64_simple_intervals/in_0000000008	0	60	0	0	0.0000	-	-	-
fafuzz	/home/tephra/experiments/int64_simple_intervals/tc_0000000009.c	/home/tephra/experiments/int64_simple_intervals/in_0000000009	0	60	0	0	0.0000	-	-	-
fafuzz	/home/tephra/experiments/int64_simple_intervals/tc_0000000010.c	/home/tephra/experiments/int64_simple_intervals/in_0000000010	0	60	0	0	0.0000	-	-	-
fafuzz	/home/tephra/experiments/int64_simple_intervals/tc_0000000011.c	/home/tephra/experiments/int64_simple_intervals/in_0000000011	9	51	0	0	0.1500	-	-	-
fafuzz	/home/tephra/experiments/int64_simple_intervals/tc_0000000012.c	/home/tephra/experiments/int64_simple_intervals/in_0000000012	21	39	0	0	0.3500	-	-	-
fafuzz	/home/tephra/experiments/int64_simple_intervals/tc_0000000013.c	/home/tephra/experiments/int64_simple_intervals/in_0000000013	43	17	0	0	0.7167	1138467.0930	1129890.2113	1147043.9747
fafuzz	/home/tephra/experiments/int64_simple_intervals/tc_0000000014.c	/home/tephra/experiments/int64_simple_intervals/in_0000000014	60	0	0	0	1.0000	174882.8000	173233.1070	176532.4930
fafuzz	/home/tephra/experiments/int64_simple_intervals/tc_0000000015.c	/home/tephra/experiments/int64_simple_intervals/in_0000000015	60	0	0	0	1.0000	14543.2333	14415.4996	14670.9671
fafuzz	/home/tephra/experiments/int64_simple_intervals/tc_0000000016.c	/home/tephra/experiments/int64_simple_intervals/in_0000000016	60	0	0	0	1.0000	742.0000	736.0468	747.9532
fafuzz	/home/tephra/experiments/int64_simple_intervals/tc_0000000017.c	/home/tephra/experiments/int64_simple_intervals/in_0000000017	60	0	0	0	1.0000	294.3833	293.4060	295.3606
darwin	/home/tephra/experiments/int64_simple_intervals/tc_0000000000.c	/home/tephra/experiments/int64_simple_intervals/in_0000000000	0	60	0	0	0.0000	-	-	-
darwin	/home/tephra/experiments/int64_simple_intervals/tc_0000000001.c	/home/tephra/experiments/int64_simple_intervals/in_0000000001	0	60	0	0	0.0000	-	-	-
darwin	/home/tephra/experiments/int64_simple_intervals/tc_0000000002.c	/home/tephra/experiments/int64_simple_intervals/in_0000000002	0	60	0	0	0.0000	-	-	-
darwin	/home/tephra/experiments/int64_simple_intervals/tc_0000000003.c	/home/tephra/experiments/int64_simple_intervals/in_0000000003	0	60	0	0	0.0000	-	-	-
darwin	/home/tephra/experiments/int64_simple_intervals/tc_0000000004.c	/home/tephra/experiments/int64_simple_intervals/in_0000000004	0	60	0	0	0.0000	-	-	-
darwin	/home/tephra/experiments/int64_simple_intervals/tc_0000000005.c	/home/tephra/experiments/int64_simple_intervals/in_0000000005	0	60	0	0	0.0000	-	-	-
darwin	/home/tephra/experiments/int64_simple_intervals/tc_0000000006.c	/home/tephra/experiments/int64_simple_intervals/in_0000000006	0	60	0	0	0.0000	-	-	-
darwin	/home/tephra/experiments/int64_simple_intervals/tc_0000000007.c	/home/tephra/experiments/int64_simple_intervals/in_0000000007	0	60	0	0	0.0000	-	-	-
darwin	/home/tephra/experiments/int64_simple_intervals/tc_0000000008.c	/home/tephra/experiments/int64_simple_intervals/in_0000000008	0	60	0	0	0.0000	-	-	-
darwin	/home/tephra/experiments/int64_simple_intervals/tc_0000000009.c	/home/tephra/experiments/int64_simple_intervals/in_0000000009	0	60	0	0	0.0000	-	-	-
darwin	/home/tephra/experiments/int64_simple_intervals/tc_0000000010.c	/home/tephra/experiments/int64_simple_intervals/in_0000000010	0	60	0	0	0.0000	-	-	-
darwin	/home/tephra/experiments/int64_simple_intervals/tc_0000000011.c	/home/tephra/experiments/int64_simple_intervals/in_0000000011	6	54	0	0	0.1000	-	-	-
darwin	/home/tephra/experiments/int64_simple_intervals/tc_0000000012.c	/home/tephra/experiments/int64_simple_intervals/in_0000000012	39	21	0	0	0.6500	1535417.0769	1524367.9718	1546466.1820
darwin	/home/tephra/experiments/int64_simple_intervals/tc_0000000013.c	/home/tephra/experiments/int64_simple_intervals/in_0000000013	60	0	0	0	1.0000	752081.5167	746079.1806	758083.8527
darwin	/home/tephra/experiments/int64_simple_intervals/tc_0000000014.c	/home/tephra/experiments/int64_simple_intervals/in_0000000014	60	0	0	0	1.0000	115647.2833	114563.0098	116731.5569
darwin	/home/tephra/experiments/int64_simple_intervals/tc_0000000015.c	/home/tephra/experiments/int64_simple_intervals/in_0000000015	60	0	0	0	1.0000	14233.0833	14125.9241	14340.2426
darwin	/home/tephra/experiments/int64_simple_intervals/tc_0000000016.c	/home/tephra/experiments/int64_simple_intervals/in_0000000016	60	0	0	0	1.0000	1527.9833	1523.8019	1532.1647
darwin	/home/tephra/experiments/int64_simple_intervals/tc_0000000017.c	/home/tephra/experiments/int64_simple_intervals/in_0000000017	60	0	0	0	1.0000	925.1000	921.7774	928.4226
angora	/home/tephra/experiments/int64_simple_intervals/tc_0000000000.c	/home/tephra/experiments/int64_simple_intervals/in_0000000000	60	0	0	0	1.0000	1055.1667	1055.1026	1055.2307
angora	/home/tephra/experiments/int64_simple_intervals/tc_0000000001.c	/home/tephra/experiments/int64_simple_intervals/in_0000000001	60	0	0	0	1.0000	1061.3000	1061.2055	1061.3945
angora	/home/tephra/experiments/int64_simple_intervals/tc_0000000002.c	/home/tephra/experiments/int64_simple_intervals/in_0000000002	60	0	0	0	1.0000	1058.8000	1058.7218	1058.8782
angora	/home/tephra/experiments/int64_simple_intervals/tc_0000000003.c	/home/tephra/experiments/int64_simple_intervals/in_0000000003	60	0	0	0	1.0000	1058.2500	1058.1669	1058.3331
angora	/home/tephra/experiments/int64_simple_intervals/tc_0000000004.c	/home/tephra/experiments/int64_simple_intervals/in_0000000004	60	0	0	0	1.0000	1599.8500	1594.7994	1604.9006
angora	/home/tephra/experiments/int64_simple_intervals/tc_0000000005.c	/home/tephra/experiments/int64_simple_intervals/in_0000000005	60	0	0	0	1.0000	1060.5000	1060.3420	1060.6580
angora	/home/tephra/experiments/int64_simple_intervals/tc_0000000006.c	/home/tephra/experiments/int64_simple_intervals/in_0000000006	60	0	0	0	1.0000	1563.7000	1558.8281	1568.5719
angora	/home/tephra/experiments/int64_simple_intervals/tc_0000000007.c	/home/tephra/experiments/int64_simple_intervals/in_0000000007	60	0	0	0	1.0000	1053.9500	1053.8906	1054.0094
angora	/home/tephra/experiments/int64_simple_intervals/tc_0000000008.c	/home/tephra/experiments/int64_simple_intervals/in_0000000008	59	0	0	1	0.9833	1058.5593	1058.4896	1058.6290
angora	/home/tephra/experiments/int64_simple_intervals/tc_0000000009.c	/home/tephra/experiments/int64_simple_intervals/in_0000000009	60	0	0	0	1.0000	1056.8333	1056.7703	1056.8964
angora	/home/tephra/experiments/int64_simple_intervals/tc_0000000010.c	/home/tephra/experiments/int64_simple_intervals/in_0000000010	60	0	0	0	1.0000	1443.5333	1438.9722	1448.0945
angora	/home/tephra/experiments/int64_simple_intervals/tc_0000000011.c	/home/tephra/experiments/int64_simple_intervals/in_0000000011	60	0	0	0	1.0000	1745.6333	1737.9625	1753.3042
angora	/home/tephra/experiments/int64_simple_intervals/tc_0000000012.c	/home/tephra/experiments/int64_simple_intervals/in_0000000012	59	0	0	1	0.9833	2011.9153	2002.1818	2021.6487
angora	/home/tephra/experiments/int64_simple_intervals/tc_0000000013.c	/home/tephra/experiments/int64_simple_intervals/in_0000000013	60	0	0	0	1.0000	1048.3333	1048.2638	1048.4028
angora	/home/tephra/experiments/int64_simple_intervals/tc_0000000014.c	/home/tephra/experiments/int64_simple_intervals/in_0000000014	59	0	0	1	0.9833	1047.4576	1047.3783	1047.5370
angora	/home/tephra/experiments/int64_simple_intervals/tc_0000000015.c	/home/tephra/experiments/int64_simple_intervals/in_0000000015	60	0	0	0	1.0000	2275.8500	2264.3392	2287.3608
angora	/home/tephra/experiments/int64_simple_intervals/tc_0000000016.c	/home/tephra/experiments/int64_simple_intervals/in_0000000016	60	0	0	0	1.0000	1808.2333	1797.5330	1818.9337
angora	/home/tephra/experiments/int64_simple_intervals/tc_0000000017.c	/home/tephra/experiments/int64_simple_intervals/in_0000000017	60	0	0	0	1.0000	1039.8167	1039.7120	1039.9214
angora-mb	/home/tephra/experiments/int64_simple_intervals/tc_0000000000.c	/home/tephra/experiments/int64_simple_intervals/in_0000000000	0	60	0	0	0.0000	-	-	-
angora-mb	/home/tephra/experiments/int64_simple_intervals/tc_0000000001.c	/home/tephra/experiments/int64_simple_intervals/in_0000000001	0	60	0	0	0.0000	-	-	-
angora-mb	/home/tephra/experiments/int64_simple_intervals/tc_0000000002.c	/home/tephra/experiments/int64_simple_intervals/in_0000000002	0	59	0	1	0.0000	-	-	-
angora-mb	/home/tephra/experiments/int64_simple_intervals/tc_0000000003.c	/home/tephra/experiments/int64_simple_intervals/in_0000000003	0	60	0	0	0.0000	-	-	-
angora-mb	/home/tephra/experiments/int64_simple_intervals/tc_0000000004.c	/home/tephra/experiments/int64_simple_intervals/in_0000000004	0	60	0	0	0.0000	-	-	-
angora-mb	/home/tephra/experiments/int64_simple_intervals/tc_0000000005.c	/home/tephra/experiments/int64_simple_intervals/in_0000000005	0	60	0	0	0.0000	-	-	-
angora-mb	/home/tephra/experiments/int64_simple_intervals/tc_0000000006.c	/home/tephra/experiments/int64_simple_intervals/in_0000000006	0	60	0	0	0.0000	-	-	-
angora-mb	/home/tephra/experiments/int64_simple_intervals/tc_0000000007.c	/home/tephra/experiments/int64_simple_intervals/in_0000000007	0	60	0	0	0.0000	-	-	-
angora-mb	/home/tephra/experiments/int64_simple_intervals/tc_0000000008.c	/home/tephra/experiments/int64_simple_intervals/in_0000000008	0	58	0	2	0.0000	-	-	-
angora-mb	/home/tephra/experiments/int64_simple_intervals/tc_0000000009.c	/home/tephra/experiments/int64_simple_intervals/in_0000000009	0	60	0	0	0.0000	-	-	-
angora-mb	/home/tephra/experiments/int64_simple_intervals/tc_0000000010.c	/home/tephra/experiments/int64_simple_intervals/in_0000000010	0	57	0	3	0.0000	-	-	-
angora-mb	/home/tephra/experiments/int64_simple_intervals/tc_0000000011.c	/home/tephra/experiments/int64_simple_intervals/in_0000000011	3	53	0	4	0.0500	-	-	-
angora-mb	/home/tephra/experiments/int64_simple_intervals/tc_0000000012.c	/home/tephra/experiments/int64_simple_intervals/in_0000000012	20	38	0	2	0.3333	-	-	-
angora-mb	/home/tephra/experiments/int64_simple_intervals/tc_0000000013.c	/home/tephra/experiments/int64_simple_intervals/in_0000000013	60	0	0	0	1.0000	476660.0167	472501.5564	480818.4769
angora-mb	/home/tephra/experiments/int64_simple_intervals/tc_0000000014.c	/home/tephra/experiments/int64_simple_intervals/in_0000000014	60	0	0	0	1.0000	89136.0667	88243.0670	90029.0664
angora-mb	/home/tephra/experiments/int64_simple_intervals/tc_0000000015.c	/home/tephra/experiments/int64_simple_intervals/in_0000000015	60	0	0	0	1.0000	17469.2167	17259.2780	17679.1553
angora-mb	/home/tephra/experiments/int64_simple_intervals/tc_0000000016.c	/home/tephra/experiments/int64_simple_intervals/in_0000000016	59	0	0	1	0.9833	2370.1525	2359.6938	2380.6113
angora-mb	/home/tephra/experiments/int64_simple_intervals/tc_0000000017.c	/home/tephra/experiments/int64_simple_intervals/in_0000000017	60	0	0	0	1.0000	1166.5000	1163.8801	1169.1199
aflgo	/home/tephra/experiments/int64_simple_intervals/tc_0000000000.c	/home/tephra/experiments/int64_simple_intervals/in_0000000000	0	60	0	0	0.0000	-	-	-
aflgo	/home/tephra/experiments/int64_simple_intervals/tc_0000000001.c	/home/tephra/experiments/int64_simple_intervals/in_0000000001	0	60	0	0	0.0000	-	-	-
aflgo	/home/tephra/experiments/int64_simple_intervals/tc_0000000002.c	/home/tephra/experiments/int64_simple_intervals/in_0000000002	0	60	0	0	0.0000	-	-	-
aflgo	/home/tephra/experiments/int64_simple_intervals/tc_0000000003.c	/home/tephra/experiments/int64_simple_intervals/in_0000000003	0	60	0	0	0.0000	-	-	-
aflgo	/home/tephra/experiments/int64_simple_intervals/tc_0000000004.c	/home/tephra/experiments/int64_simple_intervals/in_0000000004	0	60	0	0	0.0000	-	-	-
aflgo	/home/tephra/experiments/int64_simple_intervals/tc_0000000005.c	/home/tephra/experiments/int64_simple_intervals/in_0000000005	0	60	0	0	0.0000	-	-	-
aflgo	/home/tephra/experiments/int64_simple_intervals/tc_0000000006.c	/home/tephra/experiments/int64_simple_intervals/in_0000000006	0	60	0	0	0.0000	-	-	-
aflgo	/home/tephra/experiments/int64_simple_intervals/tc_0000000007.c	/home/tephra/experiments/int64_simple_intervals/in_0000000007	0	60	0	0	0.0000	-	-	-
aflgo	/home/tephra/experiments/int64_simple_intervals/tc_0000000008.c	/home/tephra/experiments/int64_simple_intervals/in_0000000008	0	60	0	0	0.0000	-	-	-
aflgo	/home/tephra/experiments/int64_simple_intervals/tc_0000000009.c	/home/tephra/experiments/int64_simple_intervals/in_0000000009	0	60	0	0	0.0000	-	-	-
aflgo	/home/tephra/experiments/int64_simple_intervals/tc_0000000010.c	/home/tephra/experiments/int64_simple_intervals/in_0000000010	0	60	0	0	0.0000	-	-	-
aflgo	/home/tephra/experiments/int64_simple_intervals/tc_0000000011.c	/home/tephra/experiments/int64_simple_intervals/in_0000000011	7	53	0	0	0.1167	-	-	-
aflgo	/home/tephra/experiments/int64_simple_intervals/tc_0000000012.c	/home/tephra/experiments/int64_simple_intervals/in_0000000012	29	31	0	0	0.4833	-	-	-
aflgo	/home/tephra/experiments/int64_simple_intervals/tc_0000000013.c	/home/tephra/experiments/int64_simple_intervals/in_0000000013	37	23	0	0	0.6167	1475176.6486	1464969.3810	1485383.9163
aflgo	/home/tephra/experiments/int64_simple_intervals/tc_0000000014.c	/home/tephra/experiments/int64_simple_intervals/in_0000000014	60	0	0	0	1.0000	282543.6000	280413.6796	284673.5204
aflgo	/home/tephra/experiments/int64_simple_intervals/tc_0000000015.c	/home/tephra/experiments/int64_simple_intervals/in_0000000015	60	0	0	0	1.0000	35024.4833	34720.5233	35328.4433
aflgo	/home/tephra/experiments/int64_simple_intervals/tc_0000000016.c	/home/tephra/experiments/int64_simple_intervals/in_0000000016	60	0	0	0	1.0000	1296.8667	1289.4883	1304.2450
aflgo	/home/tephra/experiments/int64_simple_intervals/tc_0000000017.c	/home/tephra/experiments/int64_simple_intervals/in_0000000017	60	0	0	0	1.0000	478.1667	475.5408	480.7926
afl++-qemu-cmplog	/home/tephra/experiments/int64_simple_intervals/tc_0000000000.c	/home/tephra/experiments/int64_simple_intervals/in_0000000000	0	60	0	0	0.0000	-	-	-
afl++-qemu-cmplog	/home/tephra/experiments/int64_simple_intervals/tc_0000000001.c	/home/tephra/experiments/int64_simple_intervals/in_0000000001	0	60	0	0	0.0000	-	-	-
afl++-qemu-cmplog	/home/tephra/experiments/int64_simple_intervals/tc_0000000002.c	/home/tephra/experiments/int64_simple_intervals/in_0000000002	0	60	0	0	0.0000	-	-	-
afl++-qemu-cmplog	/home/tephra/experiments/int64_simple_intervals/tc_0000000003.c	/home/tephra/experiments/int64_simple_intervals/in_0000000003	0	60	0	0	0.0000	-	-	-
afl++-qemu-cmplog	/home/tephra/experiments/int64_simple_intervals/tc_0000000004.c	/home/tephra/experiments/int64_simple_intervals/in_0000000004	0	60	0	0	0.0000	-	-	-
afl++-qemu-cmplog	/home/tephra/experiments/int64_simple_intervals/tc_0000000005.c	/home/tephra/experiments/int64_simple_intervals/in_0000000005	0	60	0	0	0.0000	-	-	-
afl++-qemu-cmplog	/home/tephra/experiments/int64_simple_intervals/tc_0000000006.c	/home/tephra/experiments/int64_simple_intervals/in_0000000006	0	60	0	0	0.0000	-	-	-
afl++-qemu-cmplog	/home/tephra/experiments/int64_simple_intervals/tc_0000000007.c	/home/tephra/experiments/int64_simple_intervals/in_0000000007	0	60	0	0	0.0000	-	-	-
afl++-qemu-cmplog	/home/tephra/experiments/int64_simple_intervals/tc_0000000008.c	/home/tephra/experiments/int64_simple_intervals/in_0000000008	0	60	0	0	0.0000	-	-	-
afl++-qemu-cmplog	/home/tephra/experiments/int64_simple_intervals/tc_0000000009.c	/home/tephra/experiments/int64_simple_intervals/in_0000000009	0	60	0	0	0.0000	-	-	-
afl++-qemu-cmplog	/home/tephra/experiments/int64_simple_intervals/tc_0000000010.c	/home/tephra/experiments/int64_simple_intervals/in_0000000010	0	60	0	0	0.0000	-	-	-
afl++-qemu-cmplog	/home/tephra/experiments/int64_simple_intervals/tc_0000000011.c	/home/tephra/experiments/int64_simple_intervals/in_0000000011	7	53	0	0	0.1167	-	-	-
afl++-qemu-cmplog	/home/tephra/experiments/int64_simple_intervals/tc_0000000012.c	/home/tephra/experiments/int64_simple_intervals/in_0000000012	36	24	0	0	0.6000	1339129.6389	1328763.3317	1349495.9461
afl++-qemu-cmplog	/home/tephra/experiments/int64_simple_intervals/tc_0000000013.c	/home/tephra/experiments/int64_simple_intervals/in_0000000013	50	10	0	0	0.8333	1098918.3000	1090458.1145	1107378.4855
afl++-qemu-cmplog	/home/tephra/experiments/int64_simple_intervals/tc_0000000014.c	/home/tephra/experiments/int64_simple_intervals/in_0000000014	60	0	0	0	1.0000	117338.7833	116450.4687	118227.0979
afl++-qemu-cmplog	/home/tephra/experiments/int64_simple_intervals/tc_0000000015.c	/home/tephra/experiments/int64_simple_intervals/in_0000000015	60	0	0	0	1.0000	6537.2500	6488.5536	6585.9464
afl++-qemu-cmplog	/home/tephra/experiments/int64_simple_intervals/tc_0000000016.c	/home/tephra/experiments/int64_simple_intervals/in_0000000016	60	0	0	0	1.0000	623.4333	621.7324	625.1343
afl++-qemu-cmplog	/home/tephra/experiments/int64_simple_intervals/tc_0000000017.c	/home/tephra/experiments/int64_simple_intervals/in_0000000017	60	0	0	0	1.0000	352.8667	352.8443	352.8890
afl++-qemu-compcov	/home/tephra/experiments/int64_simple_intervals/tc_0000000000.c	/home/tephra/experiments/int64_simple_intervals/in_0000000000	32	28	0	0	0.5333	1713472.3750	1700963.8389	1725980.9111
afl++-qemu-compcov	/home/tephra/experiments/int64_simple_intervals/tc_0000000001.c	/home/tephra/experiments/int64_simple_intervals/in_0000000001	50	10	0	0	0.8333	1247659.3200	1239600.1868	1255718.4532
afl++-qemu-compcov	/home/tephra/experiments/int64_simple_intervals/tc_0000000002.c	/home/tephra/experiments/int64_simple_intervals/in_0000000002	46	14	0	0	0.7667	1243164.7391	1233793.5124	1252535.9659
afl++-qemu-compcov	/home/tephra/experiments/int64_simple_intervals/tc_0000000003.c	/home/tephra/experiments/int64_simple_intervals/in_0000000003	60	0	0	0	1.0000	318131.8333	314877.0574	321386.6093
afl++-qemu-compcov	/home/tephra/experiments/int64_simple_intervals/tc_0000000004.c	/home/tephra/experiments/int64_simple_intervals/in_0000000004	59	1	0	0	0.9833	722581.0508	715755.1549	729406.9468
afl++-qemu-compcov	/home/tephra/experiments/int64_simple_intervals/tc_0000000005.c	/home/tephra/experiments/int64_simple_intervals/in_0000000005	60	0	0	0	1.0000	853815.9833	847552.3702	860079.5965
afl++-qemu-compcov	/home/tephra/experiments/int64_simple_intervals/tc_0000000006.c	/home/tephra/experiments/int64_simple_intervals/in_0000000006	60	0	0	0	1.0000	112919.8667	111852.3028	113987.4305
afl++-qemu-compcov	/home/tephra/experiments/int64_simple_intervals/tc_0000000007.c	/home/tephra/experiments/int64_simple_intervals/in_0000000007	60	0	0	0	1.0000	382973.4500	379450.7997	386496.1003
afl++-qemu-compcov	/home/tephra/experiments/int64_simple_intervals/tc_0000000008.c	/home/tephra/experiments/int64_simple_intervals/in_0000000008	60	0	0	0	1.0000	43328.0333	42877.4266	43778.6400
afl++-qemu-compcov	/home/tephra/experiments/int64_simple_intervals/tc_0000000009.c	/home/tephra/experiments/int64_simple_intervals/in_0000000009	60	0	0	0	1.0000	341270.4833	338709.1405	343831.8262
afl++-qemu-compcov	/home/tephra/experiments/int64_simple_intervals/tc_0000000010.c	/home/tephra/experiments/int64_simple_intervals/in_0000000010	60	0	0	0	1.0000	47914.3500	47530.6140	48298.0860
afl++-qemu-compcov	/home/tephra/experiments/int64_simple_intervals/tc_0000000011.c	/home/tephra/experiments/int64_simple_intervals/in_0000000011	60	0	0	0	1.0000	18617.3167	18352.6129	18882.0204
afl++-qemu-compcov	/home/tephra/experiments/int64_simple_intervals/tc_0000000012.c	/home/tephra/experiments/int64_simple_intervals/in_0000000012	60	0	0	0	1.0000	2969.2667	2949.6705	2988.8628
afl++-qemu-compcov	/home/tephra/experiments/int64_simple_intervals/tc_0000000013.c	/home/tephra/experiments/int64_simple_intervals/in_0000000013	60	0	0	0	1.0000	12947.0500	12672.0807	13222.0193
afl++-qemu-compcov	/home/tephra/experiments/int64_simple_intervals/tc_0000000014.c	/home/tephra/experiments/int64_simple_intervals/in_0000000014	60	0	0	0	1.0000	14684.2333	14485.3217	14883.1449
afl++-qemu-compcov	/home/tephra/experiments/int64_simple_intervals/tc_0000000015.c	/home/tephra/experiments/int64_simple_intervals/in_0000000015	60	0	0	0	1.0000	459.7167	455.4080	464.0254
afl++-qemu-compcov	/home/tephra/experiments/int64_simple_intervals/tc_0000000016.c	/home/tephra/experiments/int64_simple_intervals/in_0000000016	60	0	0	0	1.0000	340.4333	339.8486	341.0180
afl++-qemu-compcov	/home/tephra/experiments/int64_simple_intervals/tc_0000000017.c	/home/tephra/experiments/int64_simple_intervals/in_0000000017	60	0	0	0	1.0000	312.5833	312.5561	312.6105
honggfuzz-qemu	/home/tephra/experiments/int64_simple_intervals/tc_0000000000.c	/home/tephra/experiments/int64_simple_intervals/in_0000000000	3	57	0	0	0.0500	-	-	-
honggfuzz-qemu	/home/tephra/experiments/int64_simple_intervals/tc_0000000001.c	/home/tephra/experiments/int64_simple_intervals/in_0000000001	9	51	0	0	0.1500	-	-	-
honggfuzz-qemu	/home/tephra/experiments/int64_simple_intervals/tc_0000000002.c	/home/tephra/experiments/int64_simple_intervals/in_0000000002	13	47	0	0	0.2167	-	-	-
honggfuzz-qemu	/home/tephra/experiments/int64_simple_intervals/tc_0000000003.c	/home/tephra/experiments/int64_simple_intervals/in_0000000003	6	54	0	0	0.1000	-	-	-
honggfuzz-qemu	/home/tephra/experiments/int64_simple_intervals/tc_0000000004.c	/home/tephra/experiments/int64_simple_intervals/in_0000000004	14	46	0	0	0.2333	-	-	-
honggfuzz-qemu	/home/tephra/experiments/int64_simple_intervals/tc_0000000005.c	/home/tephra/experiments/int64_simple_intervals/in_0000000005	5	55	0	0	0.0833	-	-	-
honggfuzz-qemu	/home/tephra/experiments/int64_simple_intervals/tc_0000000006.c	/home/tephra/experiments/int64_simple_intervals/in_0000000006	18	42	0	0	0.3000	-	-	-
honggfuzz-qemu	/home/tephra/experiments/int64_simple_intervals/tc_0000000007.c	/home/tephra/experiments/int64_simple_intervals/in_0000000007	9	51	0	0	0.1500	-	-	-
honggfuzz-qemu	/home/tephra/experiments/int64_simple_intervals/tc_0000000008.c	/home/tephra/experiments/int64_simple_intervals/in_0000000008	30	30	0	0	0.5000	-	-	-
honggfuzz-qemu	/home/tephra/experiments/int64_simple_intervals/tc_0000000009.c	/home/tephra/experiments/int64_simple_intervals/in_0000000009	7	53	0	0	0.1167	-	-	-
honggfuzz-qemu	/home/tephra/experiments/int64_simple_intervals/tc_0000000010.c	/home/tephra/experiments/int64_simple_intervals/in_0000000010	10	50	0	0	0.1667	-	-	-
honggfuzz-qemu	/home/tephra/experiments/int64_simple_intervals/tc_0000000011.c	/home/tephra/experiments/int64_simple_intervals/in_0000000011	36	24	0	0	0.6000	835881.8889	826743.3658	845020.4119
honggfuzz-qemu	/home/tephra/experiments/int64_simple_intervals/tc_0000000012.c	/home/tephra/experiments/int64_simple_intervals/in_0000000012	53	7	0	0	0.8833	998958.4151	991869.8369	1006046.9933
honggfuzz-qemu	/home/tephra/experiments/int64_simple_intervals/tc_0000000013.c	/home/tephra/experiments/int64_simple_intervals/in_0000000013	44	16	0	0	0.7333	1078154.4091	1070271.1558	1086037.6624
honggfuzz-qemu	/home/tephra/experiments/int64_simple_intervals/tc_0000000014.c	/home/tephra/experiments/int64_simple_intervals/in_0000000014	37	23	0	0	0.6167	999633.5135	988355.1232	1010911.9038
honggfuzz-qemu	/home/tephra/experiments/int64_simple_intervals/tc_0000000015.c	/home/tephra/experiments/int64_simple_intervals/in_0000000015	60	0	0	0	1.0000	665956.2667	659377.5892	672534.9441
honggfuzz-qemu	/home/tephra/experiments/int64_simple_intervals/tc_0000000016.c	/home/tephra/experiments/int64_simple_intervals/in_0000000016	60	0	0	0	1.0000	83464.5167	82351.6442	84577.3891
honggfuzz-qemu	/home/tephra/experiments/int64_simple_intervals/tc_0000000017.c	/home/tephra/experiments/int64_simple_intervals/in_0000000017	60	0	0	0	1.0000	11264.1833	11150.3545	11378.0122
dataflow	/home/tephra/experiments/int64_simple_intervals/tc_0000000000.c	/home/tephra/experiments/int64_simple_intervals/in_0000000000	0	60	0	0	0.0000	-	-	-
dataflow	/home/tephra/experiments/int64_simple_intervals/tc_0000000001.c	/home/tephra/experiments/int64_simple_intervals/in_0000000001	0	60	0	0	0.0000	-	-	-
dataflow	/home/tephra/experiments/int64_simple_intervals/tc_0000000002.c	/home/tephra/experiments/int64_simple_intervals/in_0000000002	0	60	0	0	0.0000	-	-	-
dataflow	/home/tephra/experiments/int64_simple_intervals/tc_0000000003.c	/home/tephra/experiments/int64_simple_intervals/in_0000000003	0	60	0	0	0.0000	-	-	-
dataflow	/home/tephra/experiments/int64_simple_intervals/tc_0000000004.c	/home/tephra/experiments/int64_simple_intervals/in_0000000004	0	60	0	0	0.0000	-	-	-
dataflow	/home/tephra/experiments/int64_simple_intervals/tc_0000000005.c	/home/tephra/experiments/int64_simple_intervals/in_0000000005	0	60	0	0	0.0000	-	-	-
dataflow	/home/tephra/experiments/int64_simple_intervals/tc_0000000006.c	/home/tephra/experiments/int64_simple_intervals/in_0000000006	0	60	0	0	0.0000	-	-	-
dataflow	/home/tephra/experiments/int64_simple_intervals/tc_0000000007.c	/home/tephra/experiments/int64_simple_intervals/in_0000000007	0	60	0	0	0.0000	-	-	-
dataflow	/home/tephra/experiments/int64_simple_intervals/tc_0000000008.c	/home/tephra/experiments/int64_simple_intervals/in_0000000008	0	60	0	0	0.0000	-	-	-
dataflow	/home/tephra/experiments/int64_simple_intervals/tc_0000000009.c	/home/tephra/experiments/int64_simple_intervals/in_0000000009	0	60	0	0	0.0000	-	-	-
dataflow	/home/tephra/experiments/int64_simple_intervals/tc_0000000010.c	/home/tephra/experiments/int64_simple_intervals/in_0000000010	0	60	0	0	0.0000	-	-	-
dataflow	/home/tephra/experiments/int64_simple_intervals/tc_0000000011.c	/home/tephra/experiments/int64_simple_intervals/in_0000000011	1	59	0	0	0.0167	-	-	-
dataflow	/home/tephra/experiments/int64_simple_intervals/tc_0000000012.c	/home/tephra/experiments/int64_simple_intervals/in_0000000012	18	42	0	0	0.3000	-	-	-
dataflow	/home/tephra/experiments/int64_simple_intervals/tc_0000000013.c	/home/tephra/experiments/int64_simple_intervals/in_0000000013	27	33	0	0	0.4500	-	-	-
dataflow	/home/tephra/experiments/int64_simple_intervals/tc_0000000014.c	/home/tephra/experiments/int64_simple_intervals/in_0000000014	60	0	0	0	1.0000	316620.8500	313178.5411	320063.1589
dataflow	/home/tephra/experiments/int64_simple_intervals/tc_0000000015.c	/home/tephra/experiments/int64_simple_intervals/in_0000000015	60	0	0	0	1.0000	37713.7667	37391.4400	38036.0933
dataflow	/home/tephra/experiments/int64_simple_intervals/tc_0000000016.c	/home/tephra/experiments/int64_simple_intervals/in_0000000016	60	0	0	0	1.0000	3578.7167	3567.8713	3589.5620
dataflow	/home/tephra/experiments/int64_simple_intervals/tc_0000000017.c	/home/tephra/experiments/int64_simple_intervals/in_0000000017	60	0	0	0	1.0000	2495.7833	2493.5990	2497.9677
klee	/home/tephra/experiments/int64_simple_intervals/tc_0000000000.c	/home/tephra/experiments/int64_simple_intervals/in_0000000000	60	0	0	0	1.0000	699.8667	699.6891	700.0442
klee	/home/tephra/experiments/int64_simple_intervals/tc_0000000001.c	/home/tephra/experiments/int64_simple_intervals/in_0000000001	60	0	0	0	1.0000	697.0833	696.9028	697.2639
klee	/home/tephra/experiments/int64_simple_intervals/tc_0000000002.c	/home/tephra/experiments/int64_simple_intervals/in_0000000002	60	0	0	0	1.0000	701.4000	701.2268	701.5732
klee	/home/tephra/experiments/int64_simple_intervals/tc_0000000003.c	/home/tephra/experiments/int64_simple_intervals/in_0000000003	60	0	0	0	1.0000	692.4167	692.2742	692.5592
klee	/home/tephra/experiments/int64_simple_intervals/tc_0000000004.c	/home/tephra/experiments/int64_simple_intervals/in_0000000004	60	0	0	0	1.0000	692.0167	691.8111	692.2223
klee	/home/tephra/experiments/int64_simple_intervals/tc_0000000005.c	/home/tephra/experiments/int64_simple_intervals/in_0000000005	60	0	0	0	1.0000	692.8000	692.6283	692.9717
klee	/home/tephra/experiments/int64_simple_intervals/tc_0000000006.c	/home/tephra/experiments/int64_simple_intervals/in_0000000006	60	0	0	0	1.0000	690.1167	689.9200	690.3133
klee	/home/tephra/experiments/int64_simple_intervals/tc_0000000007.c	/home/tephra/experiments/int64_simple_intervals/in_0000000007	60	0	0	0	1.0000	689.3500	689.1937	689.5063
klee	/home/tephra/experiments/int64_simple_intervals/tc_0000000008.c	/home/tephra/experiments/int64_simple_intervals/in_0000000008	60	0	0	0	1.0000	690.4500	690.2796	690.6204
klee	/home/tephra/experiments/int64_simple_intervals/tc_0000000009.c	/home/tephra/experiments/int64_simple_intervals/in_0000000009	60	0	0	0	1.0000	689.4833	689.3093	689.6573
klee	/home/tephra/experiments/int64_simple_intervals/tc_0000000010.c	/home/tephra/experiments/int64_simple_intervals/in_0000000010	60	0	0	0	1.0000	693.4667	693.2788	693.6546
klee	/home/tephra/experiments/int64_simple_intervals/tc_0000000011.c	/home/tephra/experiments/int64_simple_intervals/in_0000000011	60	0	0	0	1.0000	693.1167	692.9035	693.3299
klee	/home/tephra/experiments/int64_simple_intervals/tc_0000000012.c	/home/tephra/experiments/int64_simple_intervals/in_0000000012	60	0	0	0	1.0000	696.3667	696.2058	696.5276
klee	/home/tephra/experiments/int64_simple_intervals/tc_0000000013.c	/home/tephra/experiments/int64_simple_intervals/in_0000000013	60	0	0	0	1.0000	694.1000	693.9116	694.2884
klee	/home/tephra/experiments/int64_simple_intervals/tc_0000000014.c	/home/tephra/experiments/int64_simple_intervals/in_0000000014	60	0	0	0	1.0000	693.6833	693.5136	693.8530
klee	/home/tephra/experiments/int64_simple_intervals/tc_0000000015.c	/home/tephra/experiments/int64_simple_intervals/in_0000000015	60	0	0	0	1.0000	688.1167	687.9104	688.3230
klee	/home/tephra/experiments/int64_simple_intervals/tc_0000000016.c	/home/tephra/experiments/int64_simple_intervals/in_0000000016	60	0	0	0	1.0000	692.9000	692.6992	693.1008
klee	/home/tephra/experiments/int64_simple_intervals/tc_0000000017.c	/home/tephra/experiments/int64_simple_intervals/in_0000000017	60	0	0	0	1.0000	696.5833	696.3906	696.7760
symcc	/home/tephra/experiments/int64_simple_intervals/tc_0000000000.c	/home/tephra/experiments/int64_simple_intervals/in_0000000000	60	0	0	0	1.0000	2524.8667	2523.9907	2525.7427
symcc	/home/tephra/experiments/int64_simple_intervals/tc_0000000001.c	/home/tephra/experiments/int64_simple_intervals/in_0000000001	60	0	0	0	1.0000	2821.7167	2820.6902	2822.7431
symcc	/home/tephra/experiments/int64_simple_intervals/tc_0000000002.c	/home/tephra/experiments/int64_simple_intervals/in_0000000002	60	0	0	0	1.0000	2877.0333	2875.8309	2878.2358
symcc	/home/tephra/experiments/int64_simple_intervals/tc_0000000003.c	/home/tephra/experiments/int64_simple_intervals/in_0000000003	60	0	0	0	1.0000	2683.2167	2682.2129	2684.2204
symcc	/home/tephra/experiments/int64_simple_intervals/tc_0000000004.c	/home/tephra/experiments/int64_simple_intervals/in_0000000004	60	0	0	0	1.0000	2072.6333	2071.7186	2073.5481
symcc	/home/tephra/experiments/int64_simple_intervals/tc_0000000005.c	/home/tephra/experiments/int64_simple_intervals/in_0000000005	60	0	0	0	1.0000	2832.1833	2831.3124	2833.0543
symcc	/home/tephra/experiments/int64_simple_intervals/tc_0000000006.c	/home/tephra/experiments/int64_simple_intervals/in_0000000006	60	0	0	0	1.0000	2101.8000	2100.9661	2102.6339
symcc	/home/tephra/experiments/int64_simple_intervals/tc_0000000007.c	/home/tephra/experiments/int64_simple_intervals/in_0000000007	60	0	0	0	1.0000	2880.9167	2880.0315	2881.8018
symcc	/home/tephra/experiments/int64_simple_intervals/tc_0000000008.c	/home/tephra/experiments/int64_simple_intervals/in_0000000008	60	0	0	0	1.0000	2271.4000	2270.6182	2272.1818
symcc	/home/tephra/experiments/int64_simple_intervals/tc_0000000009.c	/home/tephra/experiments/int64_simple_intervals/in_0000000009	60	0	0	0	1.0000	2932.3833	2931.4835	2933.2832
symcc	/home/tephra/experiments/int64_simple_intervals/tc_0000000010.c	/home/tephra/experiments/int64_simple_intervals/in_0000000010	60	0	0	0	1.0000	2043.7333	2042.9410	2044.5256
symcc	/home/tephra/experiments/int64_simple_intervals/tc_0000000011.c	/home/tephra/experiments/int64_simple_intervals/in_0000000011	60	0	0	0	1.0000	1958.7833	1958.2552	1959.3115
symcc	/home/tephra/experiments/int64_simple_intervals/tc_0000000012.c	/home/tephra/experiments/int64_simple_intervals/in_0000000012	60	0	0	0	1.0000	2575.0000	2574.0760	2575.9240
symcc	/home/tephra/experiments/int64_simple_intervals/tc_0000000013.c	/home/tephra/experiments/int64_simple_intervals/in_0000000013	60	0	0	0	1.0000	2559.7500	2558.8622	2560.6378
symcc	/home/tephra/experiments/int64_simple_intervals/tc_0000000014.c	/home/tephra/experiments/int64_simple_intervals/in_0000000014	60	0	0	0	1.0000	2906.0333	2905.1341	2906.9326
symcc	/home/tephra/experiments/int64_simple_intervals/tc_0000000015.c	/home/tephra/experiments/int64_simple_intervals/in_0000000015	60	0	0	0	1.0000	2546.0500	2544.7914	2547.3086
symcc	/home/tephra/experiments/int64_simple_intervals/tc_0000000016.c	/home/tephra/experiments/int64_simple_intervals/in_0000000016	60	0	0	0	1.0000	2365.6667	2363.5115	2367.8219
symcc	/home/tephra/experiments/int64_simple_intervals/tc_0000000017.c	/home/tephra/experiments/int64_simple_intervals/in_0000000017	60	0	0	0	1.0000	2434.5333	2428.3958	2440.6708
afl-qemu	/home/tephra/experiments/int64_simple_intervals/tc_0000000000.c	/home/tephra/experiments/int64_simple_intervals/in_0000000000	0	60	0	0	0.0000	-	-	-
afl-qemu	/home/tephra/experiments/int64_simple_intervals/tc_0000000001.c	/home/tephra/experiments/int64_simple_intervals/in_0000000001	0	60	0	0	0.0000	-	-	-
afl-qemu	/home/tephra/experiments/int64_simple_intervals/tc_0000000002.c	/home/tephra/experiments/int64_simple_intervals/in_0000000002	0	60	0	0	0.0000	-	-	-
afl-qemu	/home/tephra/experiments/int64_simple_intervals/tc_0000000003.c	/home/tephra/experiments/int64_simple_intervals/in_0000000003	0	60	0	0	0.0000	-	-	-
afl-qemu	/home/tephra/experiments/int64_simple_intervals/tc_0000000004.c	/home/tephra/experiments/int64_simple_intervals/in_0000000004	0	60	0	0	0.0000	-	-	-
afl-qemu	/home/tephra/experiments/int64_simple_intervals/tc_0000000005.c	/home/tephra/experiments/int64_simple_intervals/in_0000000005	0	60	0	0	0.0000	-	-	-
afl-qemu	/home/tephra/experiments/int64_simple_intervals/tc_0000000006.c	/home/tephra/experiments/int64_simple_intervals/in_0000000006	0	60	0	0	0.0000	-	-	-
afl-qemu	/home/tephra/experiments/int64_simple_intervals/tc_0000000007.c	/home/tephra/experiments/int64_simple_intervals/in_0000000007	0	60	0	0	0.0000	-	-	-
afl-qemu	/home/tephra/experiments/int64_simple_intervals/tc_0000000008.c	/home/tephra/experiments/int64_simple_intervals/in_0000000008	0	60	0	0	0.0000	-	-	-
afl-qemu	/home/tephra/experiments/int64_simple_intervals/tc_0000000009.c	/home/tephra/experiments/int64_simple_intervals/in_0000000009	0	60	0	0	0.0000	-	-	-
afl-qemu	/home/tephra/experiments/int64_simple_intervals/tc_0000000010.c	/home/tephra/experiments/int64_simple_intervals/in_0000000010	0	60	0	0	0.0000	-	-	-
afl-qemu	/home/tephra/experiments/int64_simple_intervals/tc_0000000011.c	/home/tephra/experiments/int64_simple_intervals/in_0000000011	2	58	0	0	0.0333	-	-	-
afl-qemu	/home/tephra/experiments/int64_simple_intervals/tc_0000000012.c	/home/tephra/experiments/int64_simple_intervals/in_0000000012	4	56	0	0	0.0667	-	-	-
afl-qemu	/home/tephra/experiments/int64_simple_intervals/tc_0000000013.c	/home/tephra/experiments/int64_simple_intervals/in_0000000013	8	52	0	0	0.1333	-	-	-
afl-qemu	/home/tephra/experiments/int64_simple_intervals/tc_0000000014.c	/home/tephra/experiments/int64_simple_intervals/in_0000000014	52	8	0	0	0.8667	1170294.8462	1162138.7755	1178450.9168
afl-qemu	/home/tephra/experiments/int64_simple_intervals/tc_0000000015.c	/home/tephra/experiments/int64_simple_intervals/in_0000000015	60	0	0	0	1.0000	218364.7167	216851.5818	219877.8515
afl-qemu	/home/tephra/experiments/int64_simple_intervals/tc_0000000016.c	/home/tephra/experiments/int64_simple_intervals/in_0000000016	60	0	0	0	1.0000	7521.4667	7472.2229	7570.7104
afl-qemu	/home/tephra/experiments/int64_simple_intervals/tc_0000000017.c	/home/tephra/experiments/int64_simple_intervals/in_0000000017	60	0	0	0	1.0000	2719.2333	2703.6037	2734.8629
angora-random	/home/tephra/experiments/int64_simple_intervals/tc_0000000000.c	/home/tephra/experiments/int64_simple_intervals/in_0000000000	0	60	0	0	0.0000	-	-	-
angora-random	/home/tephra/experiments/int64_simple_intervals/tc_0000000001.c	/home/tephra/experiments/int64_simple_intervals/in_0000000001	0	60	0	0	0.0000	-	-	-
angora-random	/home/tephra/experiments/int64_simple_intervals/tc_0000000002.c	/home/tephra/experiments/int64_simple_intervals/in_0000000002	0	60	0	0	0.0000	-	-	-
angora-random	/home/tephra/experiments/int64_simple_intervals/tc_0000000003.c	/home/tephra/experiments/int64_simple_intervals/in_0000000003	0	60	0	0	0.0000	-	-	-
angora-random	/home/tephra/experiments/int64_simple_intervals/tc_0000000004.c	/home/tephra/experiments/int64_simple_intervals/in_0000000004	0	60	0	0	0.0000	-	-	-
angora-random	/home/tephra/experiments/int64_simple_intervals/tc_0000000005.c	/home/tephra/experiments/int64_simple_intervals/in_0000000005	0	60	0	0	0.0000	-	-	-
angora-random	/home/tephra/experiments/int64_simple_intervals/tc_0000000006.c	/home/tephra/experiments/int64_simple_intervals/in_0000000006	0	60	0	0	0.0000	-	-	-
angora-random	/home/tephra/experiments/int64_simple_intervals/tc_0000000007.c	/home/tephra/experiments/int64_simple_intervals/in_0000000007	0	60	0	0	0.0000	-	-	-
angora-random	/home/tephra/experiments/int64_simple_intervals/tc_0000000008.c	/home/tephra/experiments/int64_simple_intervals/in_0000000008	0	60	0	0	0.0000	-	-	-
angora-random	/home/tephra/experiments/int64_simple_intervals/tc_0000000009.c	/home/tephra/experiments/int64_simple_intervals/in_0000000009	0	60	0	0	0.0000	-	-	-
angora-random	/home/tephra/experiments/int64_simple_intervals/tc_0000000010.c	/home/tephra/experiments/int64_simple_intervals/in_0000000010	0	60	0	0	0.0000	-	-	-
angora-random	/home/tephra/experiments/int64_simple_intervals/tc_0000000011.c	/home/tephra/experiments/int64_simple_intervals/in_0000000011	1	59	0	0	0.0167	-	-	-
angora-random	/home/tephra/experiments/int64_simple_intervals/tc_0000000012.c	/home/tephra/experiments/int64_simple_intervals/in_0000000012	31	28	0	1	0.5167	1667363.0323	1656443.5079	1678282.5566
angora-random	/home/tephra/experiments/int64_simple_intervals/tc_0000000013.c	/home/tephra/experiments/int64_simple_intervals/in_0000000013	54	5	0	1	0.9000	604142.0185	597922.3588	610361.6783
angora-random	/home/tephra/experiments/int64_simple_intervals/tc_0000000014.c	/home/tephra/experiments/int64_simple_intervals/in_0000000014	60	0	0	0	1.0000	216566.5500	213538.2343	219594.8657
angora-random	/home/tephra/experiments/int64_simple_intervals/tc_0000000015.c	/home/tephra/experiments/int64_simple_intervals/in_0000000015	59	0	0	1	0.9833	39679.8814	38900.2350	40459.5277
angora-random	/home/tephra/experiments/int64_simple_intervals/tc_0000000016.c	/home/tephra/experiments/int64_simple_intervals/in_0000000016	40	0	0	20	0.6667	8479.3750	8267.7013	8691.0487
angora-random	/home/tephra/experiments/int64_simple_intervals/tc_0000000017.c	/home/tephra/experiments/int64_simple_intervals/in_0000000017	59	0	0	1	0.9833	1048.0678	1047.0028	1049.1327
