fuzzer	put	corpus	success	timeout	invalid	error	ratio	ttt	cleft	cright
afl-gcc	/home/tephra/experiments/all_ints_chain/tc_0001.c	/home/tephra/experiments/all_ints_chain/in_0001	0	60	0	0	0.0000	-	-	-
afl-gcc	/home/tephra/experiments/all_ints_chain/tc_0002.c	/home/tephra/experiments/all_ints_chain/in_0002	0	60	0	0	0.0000	-	-	-
afl-gcc	/home/tephra/experiments/all_ints_chain/tc_0003.c	/home/tephra/experiments/all_ints_chain/in_0003	0	60	0	0	0.0000	-	-	-
afl-gcc	/home/tephra/experiments/all_ints_chain/tc_0004.c	/home/tephra/experiments/all_ints_chain/in_0004	0	60	0	0	0.0000	-	-	-
afl-gcc	/home/tephra/experiments/all_ints_chain/tc_0005.c	/home/tephra/experiments/all_ints_chain/in_0005	0	60	0	0	0.0000	-	-	-
afl-gcc	/home/tephra/experiments/all_ints_chain/tc_0006.c	/home/tephra/experiments/all_ints_chain/in_0006	0	60	0	0	0.0000	-	-	-
afl-gcc	/home/tephra/experiments/all_ints_chain/tc_0007.c	/home/tephra/experiments/all_ints_chain/in_0007	0	60	0	0	0.0000	-	-	-
afl-gcc	/home/tephra/experiments/all_ints_chain/tc_0008.c	/home/tephra/experiments/all_ints_chain/in_0008	0	60	0	0	0.0000	-	-	-
afl-gcc	/home/tephra/experiments/all_ints_chain/tc_0009.c	/home/tephra/experiments/all_ints_chain/in_0009	0	60	0	0	0.0000	-	-	-
afl-gcc	/home/tephra/experiments/all_ints_chain/tc_0010.c	/home/tephra/experiments/all_ints_chain/in_0010	0	60	0	0	0.0000	-	-	-
afl-clang-fast	/home/tephra/experiments/all_ints_chain/tc_0001.c	/home/tephra/experiments/all_ints_chain/in_0001	0	60	0	0	0.0000	-	-	-
afl-clang-fast	/home/tephra/experiments/all_ints_chain/tc_0002.c	/home/tephra/experiments/all_ints_chain/in_0002	0	60	0	0	0.0000	-	-	-
afl-clang-fast	/home/tephra/experiments/all_ints_chain/tc_0003.c	/home/tephra/experiments/all_ints_chain/in_0003	0	60	0	0	0.0000	-	-	-
afl-clang-fast	/home/tephra/experiments/all_ints_chain/tc_0004.c	/home/tephra/experiments/all_ints_chain/in_0004	0	60	0	0	0.0000	-	-	-
afl-clang-fast	/home/tephra/experiments/all_ints_chain/tc_0005.c	/home/tephra/experiments/all_ints_chain/in_0005	0	60	0	0	0.0000	-	-	-
afl-clang-fast	/home/tephra/experiments/all_ints_chain/tc_0006.c	/home/tephra/experiments/all_ints_chain/in_0006	0	60	0	0	0.0000	-	-	-
afl-clang-fast	/home/tephra/experiments/all_ints_chain/tc_0007.c	/home/tephra/experiments/all_ints_chain/in_0007	0	60	0	0	0.0000	-	-	-
afl-clang-fast	/home/tephra/experiments/all_ints_chain/tc_0008.c	/home/tephra/experiments/all_ints_chain/in_0008	0	60	0	0	0.0000	-	-	-
afl-clang-fast	/home/tephra/experiments/all_ints_chain/tc_0009.c	/home/tephra/experiments/all_ints_chain/in_0009	0	60	0	0	0.0000	-	-	-
afl-clang-fast	/home/tephra/experiments/all_ints_chain/tc_0010.c	/home/tephra/experiments/all_ints_chain/in_0010	0	60	0	0	0.0000	-	-	-
afl-libtokencap	/home/tephra/experiments/all_ints_chain/tc_0001.c	/home/tephra/experiments/all_ints_chain/in_0001	0	60	0	0	0.0000	-	-	-
afl-libtokencap	/home/tephra/experiments/all_ints_chain/tc_0002.c	/home/tephra/experiments/all_ints_chain/in_0002	0	60	0	0	0.0000	-	-	-
afl-libtokencap	/home/tephra/experiments/all_ints_chain/tc_0003.c	/home/tephra/experiments/all_ints_chain/in_0003	0	60	0	0	0.0000	-	-	-
afl-libtokencap	/home/tephra/experiments/all_ints_chain/tc_0004.c	/home/tephra/experiments/all_ints_chain/in_0004	0	60	0	0	0.0000	-	-	-
afl-libtokencap	/home/tephra/experiments/all_ints_chain/tc_0005.c	/home/tephra/experiments/all_ints_chain/in_0005	0	60	0	0	0.0000	-	-	-
afl-libtokencap	/home/tephra/experiments/all_ints_chain/tc_0006.c	/home/tephra/experiments/all_ints_chain/in_0006	0	60	0	0	0.0000	-	-	-
afl-libtokencap	/home/tephra/experiments/all_ints_chain/tc_0007.c	/home/tephra/experiments/all_ints_chain/in_0007	0	60	0	0	0.0000	-	-	-
afl-libtokencap	/home/tephra/experiments/all_ints_chain/tc_0008.c	/home/tephra/experiments/all_ints_chain/in_0008	0	60	0	0	0.0000	-	-	-
afl-libtokencap	/home/tephra/experiments/all_ints_chain/tc_0009.c	/home/tephra/experiments/all_ints_chain/in_0009	0	60	0	0	0.0000	-	-	-
afl-libtokencap	/home/tephra/experiments/all_ints_chain/tc_0010.c	/home/tephra/experiments/all_ints_chain/in_0010	0	60	0	0	0.0000	-	-	-
radamsa	/home/tephra/experiments/all_ints_chain/tc_0001.c	/home/tephra/experiments/all_ints_chain/in_0001	0	57	3	0	0.0000	-	-	-
radamsa	/home/tephra/experiments/all_ints_chain/tc_0002.c	/home/tephra/experiments/all_ints_chain/in_0002	0	58	2	0	0.0000	-	-	-
radamsa	/home/tephra/experiments/all_ints_chain/tc_0003.c	/home/tephra/experiments/all_ints_chain/in_0003	0	58	2	0	0.0000	-	-	-
radamsa	/home/tephra/experiments/all_ints_chain/tc_0004.c	/home/tephra/experiments/all_ints_chain/in_0004	0	59	1	0	0.0000	-	-	-
radamsa	/home/tephra/experiments/all_ints_chain/tc_0005.c	/home/tephra/experiments/all_ints_chain/in_0005	0	58	2	0	0.0000	-	-	-
radamsa	/home/tephra/experiments/all_ints_chain/tc_0006.c	/home/tephra/experiments/all_ints_chain/in_0006	0	58	2	0	0.0000	-	-	-
radamsa	/home/tephra/experiments/all_ints_chain/tc_0007.c	/home/tephra/experiments/all_ints_chain/in_0007	0	58	2	0	0.0000	-	-	-
radamsa	/home/tephra/experiments/all_ints_chain/tc_0008.c	/home/tephra/experiments/all_ints_chain/in_0008	0	59	1	0	0.0000	-	-	-
radamsa	/home/tephra/experiments/all_ints_chain/tc_0009.c	/home/tephra/experiments/all_ints_chain/in_0009	0	59	1	0	0.0000	-	-	-
radamsa	/home/tephra/experiments/all_ints_chain/tc_0010.c	/home/tephra/experiments/all_ints_chain/in_0010	0	59	1	0	0.0000	-	-	-
libfuzzer	/home/tephra/experiments/all_ints_chain/tc_0001.c	/home/tephra/experiments/all_ints_chain/in_0001	60	0	0	0	1.0000	178.4833	178.4386	178.5281
libfuzzer	/home/tephra/experiments/all_ints_chain/tc_0002.c	/home/tephra/experiments/all_ints_chain/in_0002	60	0	0	0	1.0000	191.6333	191.5181	191.7486
libfuzzer	/home/tephra/experiments/all_ints_chain/tc_0003.c	/home/tephra/experiments/all_ints_chain/in_0003	60	0	0	0	1.0000	215.7500	215.4296	216.0704
libfuzzer	/home/tephra/experiments/all_ints_chain/tc_0004.c	/home/tephra/experiments/all_ints_chain/in_0004	60	0	0	0	1.0000	461.9167	459.9227	463.9106
libfuzzer	/home/tephra/experiments/all_ints_chain/tc_0005.c	/home/tephra/experiments/all_ints_chain/in_0005	60	0	0	0	1.0000	804.9000	800.1914	809.6086
libfuzzer	/home/tephra/experiments/all_ints_chain/tc_0006.c	/home/tephra/experiments/all_ints_chain/in_0006	60	0	0	0	1.0000	2228.1667	2211.9364	2244.3970
libfuzzer	/home/tephra/experiments/all_ints_chain/tc_0007.c	/home/tephra/experiments/all_ints_chain/in_0007	60	0	0	0	1.0000	675.3667	673.1248	677.6085
libfuzzer	/home/tephra/experiments/all_ints_chain/tc_0008.c	/home/tephra/experiments/all_ints_chain/in_0008	60	0	0	0	1.0000	2317.9833	2307.2278	2328.7389
libfuzzer	/home/tephra/experiments/all_ints_chain/tc_0009.c	/home/tephra/experiments/all_ints_chain/in_0009	60	0	0	0	1.0000	3229.2500	3212.1036	3246.3964
libfuzzer	/home/tephra/experiments/all_ints_chain/tc_0010.c	/home/tephra/experiments/all_ints_chain/in_0010	60	0	0	0	1.0000	3380.0667	3364.4906	3395.6427
libfuzzer-entropic	/home/tephra/experiments/all_ints_chain/tc_0001.c	/home/tephra/experiments/all_ints_chain/in_0001	60	0	0	0	1.0000	164.2167	164.1782	164.2551
libfuzzer-entropic	/home/tephra/experiments/all_ints_chain/tc_0002.c	/home/tephra/experiments/all_ints_chain/in_0002	60	0	0	0	1.0000	173.7500	173.6407	173.8593
libfuzzer-entropic	/home/tephra/experiments/all_ints_chain/tc_0003.c	/home/tephra/experiments/all_ints_chain/in_0003	60	0	0	0	1.0000	264.4500	263.6477	265.2523
libfuzzer-entropic	/home/tephra/experiments/all_ints_chain/tc_0004.c	/home/tephra/experiments/all_ints_chain/in_0004	60	0	0	0	1.0000	568.4833	564.8904	572.0763
libfuzzer-entropic	/home/tephra/experiments/all_ints_chain/tc_0005.c	/home/tephra/experiments/all_ints_chain/in_0005	60	0	0	0	1.0000	1174.5500	1168.2170	1180.8830
libfuzzer-entropic	/home/tephra/experiments/all_ints_chain/tc_0006.c	/home/tephra/experiments/all_ints_chain/in_0006	60	0	0	0	1.0000	4027.7167	3999.1479	4056.2854
libfuzzer-entropic	/home/tephra/experiments/all_ints_chain/tc_0007.c	/home/tephra/experiments/all_ints_chain/in_0007	60	0	0	0	1.0000	824.4333	820.9134	827.9533
libfuzzer-entropic	/home/tephra/experiments/all_ints_chain/tc_0008.c	/home/tephra/experiments/all_ints_chain/in_0008	60	0	0	0	1.0000	2877.2833	2865.6401	2888.9266
libfuzzer-entropic	/home/tephra/experiments/all_ints_chain/tc_0009.c	/home/tephra/experiments/all_ints_chain/in_0009	60	0	0	0	1.0000	4427.0667	4406.9682	4447.1652
libfuzzer-entropic	/home/tephra/experiments/all_ints_chain/tc_0010.c	/home/tephra/experiments/all_ints_chain/in_0010	60	0	0	0	1.0000	5529.4167	5508.2707	5550.5627
dev-urandom	/home/tephra/experiments/all_ints_chain/tc_0001.c	/home/tephra/experiments/all_ints_chain/in_0001	0	60	0	0	0.0000	-	-	-
dev-urandom	/home/tephra/experiments/all_ints_chain/tc_0002.c	/home/tephra/experiments/all_ints_chain/in_0002	0	60	0	0	0.0000	-	-	-
dev-urandom	/home/tephra/experiments/all_ints_chain/tc_0003.c	/home/tephra/experiments/all_ints_chain/in_0003	0	60	0	0	0.0000	-	-	-
dev-urandom	/home/tephra/experiments/all_ints_chain/tc_0004.c	/home/tephra/experiments/all_ints_chain/in_0004	0	60	0	0	0.0000	-	-	-
dev-urandom	/home/tephra/experiments/all_ints_chain/tc_0005.c	/home/tephra/experiments/all_ints_chain/in_0005	0	60	0	0	0.0000	-	-	-
dev-urandom	/home/tephra/experiments/all_ints_chain/tc_0006.c	/home/tephra/experiments/all_ints_chain/in_0006	0	60	0	0	0.0000	-	-	-
dev-urandom	/home/tephra/experiments/all_ints_chain/tc_0007.c	/home/tephra/experiments/all_ints_chain/in_0007	0	60	0	0	0.0000	-	-	-
dev-urandom	/home/tephra/experiments/all_ints_chain/tc_0008.c	/home/tephra/experiments/all_ints_chain/in_0008	0	60	0	0	0.0000	-	-	-
dev-urandom	/home/tephra/experiments/all_ints_chain/tc_0009.c	/home/tephra/experiments/all_ints_chain/in_0009	0	60	0	0	0.0000	-	-	-
dev-urandom	/home/tephra/experiments/all_ints_chain/tc_0010.c	/home/tephra/experiments/all_ints_chain/in_0010	0	60	0	0	0.0000	-	-	-
afl++	/home/tephra/experiments/all_ints_chain/tc_0001.c	/home/tephra/experiments/all_ints_chain/in_0001	60	0	0	0	1.0000	206.4167	206.1270	206.7063
afl++	/home/tephra/experiments/all_ints_chain/tc_0002.c	/home/tephra/experiments/all_ints_chain/in_0002	60	0	0	0	1.0000	237.7000	237.0845	238.3155
afl++	/home/tephra/experiments/all_ints_chain/tc_0003.c	/home/tephra/experiments/all_ints_chain/in_0003	34	26	0	0	0.5667	1187431.6471	1176755.1368	1198108.1573
afl++	/home/tephra/experiments/all_ints_chain/tc_0004.c	/home/tephra/experiments/all_ints_chain/in_0004	10	50	0	0	0.1667	-	-	-
afl++	/home/tephra/experiments/all_ints_chain/tc_0005.c	/home/tephra/experiments/all_ints_chain/in_0005	5	55	0	0	0.0833	-	-	-
afl++	/home/tephra/experiments/all_ints_chain/tc_0006.c	/home/tephra/experiments/all_ints_chain/in_0006	59	1	0	0	0.9833	817262.8983	810843.4551	823682.3415
afl++	/home/tephra/experiments/all_ints_chain/tc_0007.c	/home/tephra/experiments/all_ints_chain/in_0007	0	60	0	0	0.0000	-	-	-
afl++	/home/tephra/experiments/all_ints_chain/tc_0008.c	/home/tephra/experiments/all_ints_chain/in_0008	0	60	0	0	0.0000	-	-	-
afl++	/home/tephra/experiments/all_ints_chain/tc_0009.c	/home/tephra/experiments/all_ints_chain/in_0009	4	56	0	0	0.0667	-	-	-
afl++	/home/tephra/experiments/all_ints_chain/tc_0010.c	/home/tephra/experiments/all_ints_chain/in_0010	2	58	0	0	0.0333	-	-	-
afl++-cmplog	/home/tephra/experiments/all_ints_chain/tc_0001.c	/home/tephra/experiments/all_ints_chain/in_0001	60	0	0	0	1.0000	250.0833	250.0550	250.1117
afl++-cmplog	/home/tephra/experiments/all_ints_chain/tc_0002.c	/home/tephra/experiments/all_ints_chain/in_0002	60	0	0	0	1.0000	536.3167	534.2414	538.3919
afl++-cmplog	/home/tephra/experiments/all_ints_chain/tc_0003.c	/home/tephra/experiments/all_ints_chain/in_0003	60	0	0	0	1.0000	27027.1500	26762.3963	27291.9037
afl++-cmplog	/home/tephra/experiments/all_ints_chain/tc_0004.c	/home/tephra/experiments/all_ints_chain/in_0004	60	0	0	0	1.0000	2254.8167	2236.3143	2273.3190
afl++-cmplog	/home/tephra/experiments/all_ints_chain/tc_0005.c	/home/tephra/experiments/all_ints_chain/in_0005	60	0	0	0	1.0000	3955.2500	3911.4079	3999.0921
afl++-cmplog	/home/tephra/experiments/all_ints_chain/tc_0006.c	/home/tephra/experiments/all_ints_chain/in_0006	60	0	0	0	1.0000	2173.2167	2162.4685	2183.9649
afl++-cmplog	/home/tephra/experiments/all_ints_chain/tc_0007.c	/home/tephra/experiments/all_ints_chain/in_0007	56	4	0	0	0.9333	743633.3571	736429.7360	750836.9783
afl++-cmplog	/home/tephra/experiments/all_ints_chain/tc_0008.c	/home/tephra/experiments/all_ints_chain/in_0008	0	60	0	0	0.0000	-	-	-
afl++-cmplog	/home/tephra/experiments/all_ints_chain/tc_0009.c	/home/tephra/experiments/all_ints_chain/in_0009	60	0	0	0	1.0000	65079.7833	64600.7818	65558.7849
afl++-cmplog	/home/tephra/experiments/all_ints_chain/tc_0010.c	/home/tephra/experiments/all_ints_chain/in_0010	60	0	0	0	1.0000	157099.7167	155589.6406	158609.7927
afl++-laf	/home/tephra/experiments/all_ints_chain/tc_0001.c	/home/tephra/experiments/all_ints_chain/in_0001	60	0	0	0	1.0000	209.7000	209.4058	209.9942
afl++-laf	/home/tephra/experiments/all_ints_chain/tc_0002.c	/home/tephra/experiments/all_ints_chain/in_0002	0	60	0	0	0.0000	-	-	-
afl++-laf	/home/tephra/experiments/all_ints_chain/tc_0003.c	/home/tephra/experiments/all_ints_chain/in_0003	1	59	0	0	0.0167	-	-	-
afl++-laf	/home/tephra/experiments/all_ints_chain/tc_0004.c	/home/tephra/experiments/all_ints_chain/in_0004	0	60	0	0	0.0000	-	-	-
afl++-laf	/home/tephra/experiments/all_ints_chain/tc_0005.c	/home/tephra/experiments/all_ints_chain/in_0005	0	60	0	0	0.0000	-	-	-
afl++-laf	/home/tephra/experiments/all_ints_chain/tc_0006.c	/home/tephra/experiments/all_ints_chain/in_0006	0	60	0	0	0.0000	-	-	-
afl++-laf	/home/tephra/experiments/all_ints_chain/tc_0007.c	/home/tephra/experiments/all_ints_chain/in_0007	0	60	0	0	0.0000	-	-	-
afl++-laf	/home/tephra/experiments/all_ints_chain/tc_0008.c	/home/tephra/experiments/all_ints_chain/in_0008	0	60	0	0	0.0000	-	-	-
afl++-laf	/home/tephra/experiments/all_ints_chain/tc_0009.c	/home/tephra/experiments/all_ints_chain/in_0009	1	59	0	0	0.0167	-	-	-
afl++-laf	/home/tephra/experiments/all_ints_chain/tc_0010.c	/home/tephra/experiments/all_ints_chain/in_0010	0	60	0	0	0.0000	-	-	-
afl++-mopt	/home/tephra/experiments/all_ints_chain/tc_0001.c	/home/tephra/experiments/all_ints_chain/in_0001	60	0	0	0	1.0000	205.5333	205.1164	205.9503
afl++-mopt	/home/tephra/experiments/all_ints_chain/tc_0002.c	/home/tephra/experiments/all_ints_chain/in_0002	60	0	0	0	1.0000	360.0000	358.9057	361.0943
afl++-mopt	/home/tephra/experiments/all_ints_chain/tc_0003.c	/home/tephra/experiments/all_ints_chain/in_0003	59	1	0	0	0.9833	1090247.1864	1083975.9208	1096518.4520
afl++-mopt	/home/tephra/experiments/all_ints_chain/tc_0004.c	/home/tephra/experiments/all_ints_chain/in_0004	4	56	0	0	0.0667	-	-	-
afl++-mopt	/home/tephra/experiments/all_ints_chain/tc_0005.c	/home/tephra/experiments/all_ints_chain/in_0005	3	57	0	0	0.0500	-	-	-
afl++-mopt	/home/tephra/experiments/all_ints_chain/tc_0006.c	/home/tephra/experiments/all_ints_chain/in_0006	59	1	0	0	0.9833	983817.0339	976995.5650	990638.5028
afl++-mopt	/home/tephra/experiments/all_ints_chain/tc_0007.c	/home/tephra/experiments/all_ints_chain/in_0007	0	60	0	0	0.0000	-	-	-
afl++-mopt	/home/tephra/experiments/all_ints_chain/tc_0008.c	/home/tephra/experiments/all_ints_chain/in_0008	0	60	0	0	0.0000	-	-	-
afl++-mopt	/home/tephra/experiments/all_ints_chain/tc_0009.c	/home/tephra/experiments/all_ints_chain/in_0009	3	57	0	0	0.0500	-	-	-
afl++-mopt	/home/tephra/experiments/all_ints_chain/tc_0010.c	/home/tephra/experiments/all_ints_chain/in_0010	5	55	0	0	0.0833	-	-	-
honggfuzz	/home/tephra/experiments/all_ints_chain/tc_0001.c	/home/tephra/experiments/all_ints_chain/in_0001	60	0	0	0	1.0000	1005.5333	1005.5293	1005.5374
honggfuzz	/home/tephra/experiments/all_ints_chain/tc_0002.c	/home/tephra/experiments/all_ints_chain/in_0002	60	0	0	0	1.0000	1005.1167	1005.1137	1005.1197
honggfuzz	/home/tephra/experiments/all_ints_chain/tc_0003.c	/home/tephra/experiments/all_ints_chain/in_0003	60	0	0	0	1.0000	2995.4000	2980.4702	3010.3298
honggfuzz	/home/tephra/experiments/all_ints_chain/tc_0004.c	/home/tephra/experiments/all_ints_chain/in_0004	60	0	0	0	1.0000	2688.6333	2675.6212	2701.6454
honggfuzz	/home/tephra/experiments/all_ints_chain/tc_0005.c	/home/tephra/experiments/all_ints_chain/in_0005	60	0	0	0	1.0000	6495.4667	6473.3879	6517.5454
honggfuzz	/home/tephra/experiments/all_ints_chain/tc_0006.c	/home/tephra/experiments/all_ints_chain/in_0006	60	0	0	0	1.0000	6061.9333	6041.0996	6082.7671
honggfuzz	/home/tephra/experiments/all_ints_chain/tc_0007.c	/home/tephra/experiments/all_ints_chain/in_0007	60	0	0	0	1.0000	5842.1333	5825.6339	5858.6328
honggfuzz	/home/tephra/experiments/all_ints_chain/tc_0008.c	/home/tephra/experiments/all_ints_chain/in_0008	60	0	0	0	1.0000	21132.1000	20886.8123	21377.3877
honggfuzz	/home/tephra/experiments/all_ints_chain/tc_0009.c	/home/tephra/experiments/all_ints_chain/in_0009	60	0	0	0	1.0000	40355.4167	40163.0768	40547.7565
honggfuzz	/home/tephra/experiments/all_ints_chain/tc_0010.c	/home/tephra/experiments/all_ints_chain/in_0010	60	0	0	0	1.0000	102325.6167	101042.0034	103609.2300
wingfuzz	/home/tephra/experiments/all_ints_chain/tc_0001.c	/home/tephra/experiments/all_ints_chain/in_0001	60	0	0	0	1.0000	59.4667	58.7939	60.1395
wingfuzz	/home/tephra/experiments/all_ints_chain/tc_0002.c	/home/tephra/experiments/all_ints_chain/in_0002	60	0	0	0	1.0000	89.7167	89.1210	90.3124
wingfuzz	/home/tephra/experiments/all_ints_chain/tc_0003.c	/home/tephra/experiments/all_ints_chain/in_0003	60	0	0	0	1.0000	848.3667	832.7496	863.9837
wingfuzz	/home/tephra/experiments/all_ints_chain/tc_0004.c	/home/tephra/experiments/all_ints_chain/in_0004	60	0	0	0	1.0000	1936.9833	1894.1798	1979.7869
wingfuzz	/home/tephra/experiments/all_ints_chain/tc_0005.c	/home/tephra/experiments/all_ints_chain/in_0005	60	0	0	0	1.0000	2855.0833	2823.1785	2886.9881
wingfuzz	/home/tephra/experiments/all_ints_chain/tc_0006.c	/home/tephra/experiments/all_ints_chain/in_0006	60	0	0	0	1.0000	6089.4667	6018.2196	6160.7137
wingfuzz	/home/tephra/experiments/all_ints_chain/tc_0007.c	/home/tephra/experiments/all_ints_chain/in_0007	60	0	0	0	1.0000	1266.6167	1256.2222	1277.0112
wingfuzz	/home/tephra/experiments/all_ints_chain/tc_0008.c	/home/tephra/experiments/all_ints_chain/in_0008	60	0	0	0	1.0000	6164.0333	6120.2730	6207.7936
wingfuzz	/home/tephra/experiments/all_ints_chain/tc_0009.c	/home/tephra/experiments/all_ints_chain/in_0009	54	6	0	0	0.9000	4953.7778	4899.3920	5008.1636
wingfuzz	/home/tephra/experiments/all_ints_chain/tc_0010.c	/home/tephra/experiments/all_ints_chain/in_0010	60	0	0	0	1.0000	11165.0833	11080.3169	11249.8497
libafl	/home/tephra/experiments/all_ints_chain/tc_0001.c	/home/tephra/experiments/all_ints_chain/in_0001	60	0	0	0	1.0000	10.6167	10.6061	10.6272
libafl	/home/tephra/experiments/all_ints_chain/tc_0002.c	/home/tephra/experiments/all_ints_chain/in_0002	60	0	0	0	1.0000	10.5167	10.5051	10.5283
libafl	/home/tephra/experiments/all_ints_chain/tc_0003.c	/home/tephra/experiments/all_ints_chain/in_0003	60	0	0	0	1.0000	11.1167	11.1036	11.1298
libafl	/home/tephra/experiments/all_ints_chain/tc_0004.c	/home/tephra/experiments/all_ints_chain/in_0004	60	0	0	0	1.0000	11.4000	11.3889	11.4111
libafl	/home/tephra/experiments/all_ints_chain/tc_0005.c	/home/tephra/experiments/all_ints_chain/in_0005	60	0	0	0	1.0000	12.5000	12.4799	12.5201
libafl	/home/tephra/experiments/all_ints_chain/tc_0006.c	/home/tephra/experiments/all_ints_chain/in_0006	60	0	0	0	1.0000	19.8500	19.7794	19.9206
libafl	/home/tephra/experiments/all_ints_chain/tc_0007.c	/home/tephra/experiments/all_ints_chain/in_0007	60	0	0	0	1.0000	11.6000	11.5852	11.6148
libafl	/home/tephra/experiments/all_ints_chain/tc_0008.c	/home/tephra/experiments/all_ints_chain/in_0008	0	60	0	0	0.0000	-	-	-
libafl	/home/tephra/experiments/all_ints_chain/tc_0009.c	/home/tephra/experiments/all_ints_chain/in_0009	60	0	0	0	1.0000	228.8167	227.1844	230.4490
libafl	/home/tephra/experiments/all_ints_chain/tc_0010.c	/home/tephra/experiments/all_ints_chain/in_0010	60	0	0	0	1.0000	553.4667	549.0046	557.9288
libafl-libfuzzer	/home/tephra/experiments/all_ints_chain/tc_0001.c	/home/tephra/experiments/all_ints_chain/in_0001	1	59	0	0	0.0167	-	-	-
libafl-libfuzzer	/home/tephra/experiments/all_ints_chain/tc_0002.c	/home/tephra/experiments/all_ints_chain/in_0002	60	0	0	0	1.0000	160.3333	160.2810	160.3856
libafl-libfuzzer	/home/tephra/experiments/all_ints_chain/tc_0003.c	/home/tephra/experiments/all_ints_chain/in_0003	22	38	0	0	0.3667	-	-	-
libafl-libfuzzer	/home/tephra/experiments/all_ints_chain/tc_0004.c	/home/tephra/experiments/all_ints_chain/in_0004	20	40	0	0	0.3333	-	-	-
libafl-libfuzzer	/home/tephra/experiments/all_ints_chain/tc_0005.c	/home/tephra/experiments/all_ints_chain/in_0005	5	55	0	0	0.0833	-	-	-
libafl-libfuzzer	/home/tephra/experiments/all_ints_chain/tc_0006.c	/home/tephra/experiments/all_ints_chain/in_0006	0	60	0	0	0.0000	-	-	-
libafl-libfuzzer	/home/tephra/experiments/all_ints_chain/tc_0007.c	/home/tephra/experiments/all_ints_chain/in_0007	52	8	0	0	0.8667	434783.8462	428303.4438	441264.2485
libafl-libfuzzer	/home/tephra/experiments/all_ints_chain/tc_0008.c	/home/tephra/experiments/all_ints_chain/in_0008	18	42	0	0	0.3000	-	-	-
libafl-libfuzzer	/home/tephra/experiments/all_ints_chain/tc_0009.c	/home/tephra/experiments/all_ints_chain/in_0009	24	36	0	0	0.4000	-	-	-
libafl-libfuzzer	/home/tephra/experiments/all_ints_chain/tc_0010.c	/home/tephra/experiments/all_ints_chain/in_0010	1	59	0	0	0.0167	-	-	-
ddfuzz	/home/tephra/experiments/all_ints_chain/tc_0001.c	/home/tephra/experiments/all_ints_chain/in_0001	60	0	0	0	1.0000	235.5667	235.5380	235.5954
ddfuzz	/home/tephra/experiments/all_ints_chain/tc_0002.c	/home/tephra/experiments/all_ints_chain/in_0002	60	0	0	0	1.0000	1493.8167	1480.6472	1506.9862
ddfuzz	/home/tephra/experiments/all_ints_chain/tc_0003.c	/home/tephra/experiments/all_ints_chain/in_0003	0	60	0	0	0.0000	-	-	-
ddfuzz	/home/tephra/experiments/all_ints_chain/tc_0004.c	/home/tephra/experiments/all_ints_chain/in_0004	0	60	0	0	0.0000	-	-	-
ddfuzz	/home/tephra/experiments/all_ints_chain/tc_0005.c	/home/tephra/experiments/all_ints_chain/in_0005	0	60	0	0	0.0000	-	-	-
ddfuzz	/home/tephra/experiments/all_ints_chain/tc_0006.c	/home/tephra/experiments/all_ints_chain/in_0006	0	60	0	0	0.0000	-	-	-
ddfuzz	/home/tephra/experiments/all_ints_chain/tc_0007.c	/home/tephra/experiments/all_ints_chain/in_0007	0	60	0	0	0.0000	-	-	-
ddfuzz	/home/tephra/experiments/all_ints_chain/tc_0008.c	/home/tephra/experiments/all_ints_chain/in_0008	0	60	0	0	0.0000	-	-	-
ddfuzz	/home/tephra/experiments/all_ints_chain/tc_0009.c	/home/tephra/experiments/all_ints_chain/in_0009	0	60	0	0	0.0000	-	-	-
ddfuzz	/home/tephra/experiments/all_ints_chain/tc_0010.c	/home/tephra/experiments/all_ints_chain/in_0010	0	60	0	0	0.0000	-	-	-
fairfuzz	/home/tephra/experiments/all_ints_chain/tc_0001.c	/home/tephra/experiments/all_ints_chain/in_0001	0	60	0	0	0.0000	-	-	-
fairfuzz	/home/tephra/experiments/all_ints_chain/tc_0002.c	/home/tephra/experiments/all_ints_chain/in_0002	0	60	0	0	0.0000	-	-	-
fairfuzz	/home/tephra/experiments/all_ints_chain/tc_0003.c	/home/tephra/experiments/all_ints_chain/in_0003	0	60	0	0	0.0000	-	-	-
fairfuzz	/home/tephra/experiments/all_ints_chain/tc_0004.c	/home/tephra/experiments/all_ints_chain/in_0004	0	60	0	0	0.0000	-	-	-
fairfuzz	/home/tephra/experiments/all_ints_chain/tc_0005.c	/home/tephra/experiments/all_ints_chain/in_0005	0	60	0	0	0.0000	-	-	-
fairfuzz	/home/tephra/experiments/all_ints_chain/tc_0006.c	/home/tephra/experiments/all_ints_chain/in_0006	0	60	0	0	0.0000	-	-	-
fairfuzz	/home/tephra/experiments/all_ints_chain/tc_0007.c	/home/tephra/experiments/all_ints_chain/in_0007	0	60	0	0	0.0000	-	-	-
fairfuzz	/home/tephra/experiments/all_ints_chain/tc_0008.c	/home/tephra/experiments/all_ints_chain/in_0008	0	60	0	0	0.0000	-	-	-
fairfuzz	/home/tephra/experiments/all_ints_chain/tc_0009.c	/home/tephra/experiments/all_ints_chain/in_0009	0	60	0	0	0.0000	-	-	-
fairfuzz	/home/tephra/experiments/all_ints_chain/tc_0010.c	/home/tephra/experiments/all_ints_chain/in_0010	0	60	0	0	0.0000	-	-	-
ecofuzz	/home/tephra/experiments/all_ints_chain/tc_0001.c	/home/tephra/experiments/all_ints_chain/in_0001	60	0	0	0	1.0000	555.5000	551.7767	559.2233
ecofuzz	/home/tephra/experiments/all_ints_chain/tc_0002.c	/home/tephra/experiments/all_ints_chain/in_0002	0	60	0	0	0.0000	-	-	-
ecofuzz	/home/tephra/experiments/all_ints_chain/tc_0003.c	/home/tephra/experiments/all_ints_chain/in_0003	0	60	0	0	0.0000	-	-	-
ecofuzz	/home/tephra/experiments/all_ints_chain/tc_0004.c	/home/tephra/experiments/all_ints_chain/in_0004	0	60	0	0	0.0000	-	-	-
ecofuzz	/home/tephra/experiments/all_ints_chain/tc_0005.c	/home/tephra/experiments/all_ints_chain/in_0005	0	60	0	0	0.0000	-	-	-
ecofuzz	/home/tephra/experiments/all_ints_chain/tc_0006.c	/home/tephra/experiments/all_ints_chain/in_0006	60	0	0	0	1.0000	777042.7000	772077.5604	782007.8396
ecofuzz	/home/tephra/experiments/all_ints_chain/tc_0007.c	/home/tephra/experiments/all_ints_chain/in_0007	0	60	0	0	0.0000	-	-	-
ecofuzz	/home/tephra/experiments/all_ints_chain/tc_0008.c	/home/tephra/experiments/all_ints_chain/in_0008	0	60	0	0	0.0000	-	-	-
ecofuzz	/home/tephra/experiments/all_ints_chain/tc_0009.c	/home/tephra/experiments/all_ints_chain/in_0009	0	60	0	0	0.0000	-	-	-
ecofuzz	/home/tephra/experiments/all_ints_chain/tc_0010.c	/home/tephra/experiments/all_ints_chain/in_0010	0	60	0	0	0.0000	-	-	-
fafuzz	/home/tephra/experiments/all_ints_chain/tc_0001.c	/home/tephra/experiments/all_ints_chain/in_0001	0	60	0	0	0.0000	-	-	-
fafuzz	/home/tephra/experiments/all_ints_chain/tc_0002.c	/home/tephra/experiments/all_ints_chain/in_0002	0	60	0	0	0.0000	-	-	-
fafuzz	/home/tephra/experiments/all_ints_chain/tc_0003.c	/home/tephra/experiments/all_ints_chain/in_0003	0	60	0	0	0.0000	-	-	-
fafuzz	/home/tephra/experiments/all_ints_chain/tc_0004.c	/home/tephra/experiments/all_ints_chain/in_0004	0	60	0	0	0.0000	-	-	-
fafuzz	/home/tephra/experiments/all_ints_chain/tc_0005.c	/home/tephra/experiments/all_ints_chain/in_0005	0	60	0	0	0.0000	-	-	-
fafuzz	/home/tephra/experiments/all_ints_chain/tc_0006.c	/home/tephra/experiments/all_ints_chain/in_0006	0	60	0	0	0.0000	-	-	-
fafuzz	/home/tephra/experiments/all_ints_chain/tc_0007.c	/home/tephra/experiments/all_ints_chain/in_0007	0	60	0	0	0.0000	-	-	-
fafuzz	/home/tephra/experiments/all_ints_chain/tc_0008.c	/home/tephra/experiments/all_ints_chain/in_0008	0	60	0	0	0.0000	-	-	-
fafuzz	/home/tephra/experiments/all_ints_chain/tc_0009.c	/home/tephra/experiments/all_ints_chain/in_0009	0	60	0	0	0.0000	-	-	-
fafuzz	/home/tephra/experiments/all_ints_chain/tc_0010.c	/home/tephra/experiments/all_ints_chain/in_0010	0	60	0	0	0.0000	-	-	-
darwin	/home/tephra/experiments/all_ints_chain/tc_0001.c	/home/tephra/experiments/all_ints_chain/in_0001	0	60	0	0	0.0000	-	-	-
darwin	/home/tephra/experiments/all_ints_chain/tc_0002.c	/home/tephra/experiments/all_ints_chain/in_0002	0	60	0	0	0.0000	-	-	-
darwin	/home/tephra/experiments/all_ints_chain/tc_0003.c	/home/tephra/experiments/all_ints_chain/in_0003	0	60	0	0	0.0000	-	-	-
darwin	/home/tephra/experiments/all_ints_chain/tc_0004.c	/home/tephra/experiments/all_ints_chain/in_0004	0	60	0	0	0.0000	-	-	-
darwin	/home/tephra/experiments/all_ints_chain/tc_0005.c	/home/tephra/experiments/all_ints_chain/in_0005	0	60	0	0	0.0000	-	-	-
darwin	/home/tephra/experiments/all_ints_chain/tc_0006.c	/home/tephra/experiments/all_ints_chain/in_0006	0	60	0	0	0.0000	-	-	-
darwin	/home/tephra/experiments/all_ints_chain/tc_0007.c	/home/tephra/experiments/all_ints_chain/in_0007	0	60	0	0	0.0000	-	-	-
darwin	/home/tephra/experiments/all_ints_chain/tc_0008.c	/home/tephra/experiments/all_ints_chain/in_0008	0	60	0	0	0.0000	-	-	-
darwin	/home/tephra/experiments/all_ints_chain/tc_0009.c	/home/tephra/experiments/all_ints_chain/in_0009	0	60	0	0	0.0000	-	-	-
darwin	/home/tephra/experiments/all_ints_chain/tc_0010.c	/home/tephra/experiments/all_ints_chain/in_0010	0	60	0	0	0.0000	-	-	-
angora	/home/tephra/experiments/all_ints_chain/tc_0001.c	/home/tephra/experiments/all_ints_chain/in_0001	60	0	0	0	1.0000	1312.2167	1305.1822	1319.2511
angora	/home/tephra/experiments/all_ints_chain/tc_0002.c	/home/tephra/experiments/all_ints_chain/in_0002	59	0	0	1	0.9833	2538.7458	2520.4328	2557.0588
angora	/home/tephra/experiments/all_ints_chain/tc_0003.c	/home/tephra/experiments/all_ints_chain/in_0003	60	0	0	0	1.0000	5596.7500	5562.1658	5631.3342
angora	/home/tephra/experiments/all_ints_chain/tc_0004.c	/home/tephra/experiments/all_ints_chain/in_0004	60	0	0	0	1.0000	8800.1333	8762.0971	8838.1696
angora	/home/tephra/experiments/all_ints_chain/tc_0005.c	/home/tephra/experiments/all_ints_chain/in_0005	59	0	0	1	0.9833	7859.0508	7815.9801	7902.1216
angora	/home/tephra/experiments/all_ints_chain/tc_0006.c	/home/tephra/experiments/all_ints_chain/in_0006	59	0	0	1	0.9833	5612.2881	5582.8274	5641.7488
angora	/home/tephra/experiments/all_ints_chain/tc_0007.c	/home/tephra/experiments/all_ints_chain/in_0007	59	0	0	1	0.9833	7969.3051	7934.5892	8004.0210
angora	/home/tephra/experiments/all_ints_chain/tc_0008.c	/home/tephra/experiments/all_ints_chain/in_0008	60	0	0	0	1.0000	5369.1833	5340.2018	5398.1649
angora	/home/tephra/experiments/all_ints_chain/tc_0009.c	/home/tephra/experiments/all_ints_chain/in_0009	60	0	0	0	1.0000	5819.2500	5801.7904	5836.7096
angora	/home/tephra/experiments/all_ints_chain/tc_0010.c	/home/tephra/experiments/all_ints_chain/in_0010	60	0	0	0	1.0000	9238.3000	9208.3682	9268.2318
angora	/home/tephra/experiments/all_ints_chain/tc_0011.c	/home/tephra/experiments/all_ints_chain/in_0011	60	0	0	0	1.0000	7720.6667	7690.5669	7750.7664
angora	/home/tephra/experiments/all_ints_chain/tc_0012.c	/home/tephra/experiments/all_ints_chain/in_0012	60	0	0	0	1.0000	11456.7667	11414.5057	11499.0277
angora	/home/tephra/experiments/all_ints_chain/tc_0013.c	/home/tephra/experiments/all_ints_chain/in_0013	60	0	0	0	1.0000	13007.9500	12930.6259	13085.2741
angora	/home/tephra/experiments/all_ints_chain/tc_0014.c	/home/tephra/experiments/all_ints_chain/in_0014	60	0	0	0	1.0000	7321.7000	7288.8616	7354.5384
angora	/home/tephra/experiments/all_ints_chain/tc_0015.c	/home/tephra/experiments/all_ints_chain/in_0015	60	0	0	0	1.0000	13776.2167	13718.2908	13834.1426
angora	/home/tephra/experiments/all_ints_chain/tc_0016.c	/home/tephra/experiments/all_ints_chain/in_0016	60	0	0	0	1.0000	6304.7667	6269.4867	6340.0466
angora	/home/tephra/experiments/all_ints_chain/tc_0032.c	/home/tephra/experiments/all_ints_chain/in_0032	60	0	0	0	1.0000	19865.2833	19775.7705	19954.7961
angora	/home/tephra/experiments/all_ints_chain/tc_0064.c	/home/tephra/experiments/all_ints_chain/in_0064	60	0	0	0	1.0000	45600.0833	45440.9105	45759.2562
angora	/home/tephra/experiments/all_ints_chain/tc_0128.c	/home/tephra/experiments/all_ints_chain/in_0128	60	0	0	0	1.0000	54007.9833	53728.2662	54287.7005
angora	/home/tephra/experiments/all_ints_chain/tc_0256.c	/home/tephra/experiments/all_ints_chain/in_0256	60	0	0	0	1.0000	92399.8167	91838.9129	92960.7204
angora	/home/tephra/experiments/all_ints_chain/tc_0512.c	/home/tephra/experiments/all_ints_chain/in_0512	59	1	0	0	0.9833	147357.1695	146811.3176	147903.0214
angora	/home/tephra/experiments/all_ints_chain/tc_1024.c	/home/tephra/experiments/all_ints_chain/in_1024	60	0	0	0	1.0000	285426.1000	284979.3703	285872.8297
angora	/home/tephra/experiments/all_ints_chain/tc_16384.c	/home/tephra/experiments/all_ints_chain/in_16384	0	0	0	60	0.0000	-	-	-
angora	/home/tephra/experiments/all_ints_chain/tc_2048.c	/home/tephra/experiments/all_ints_chain/in_2048	59	1	0	0	0.9833	678405.2373	677893.4658	678917.0088
angora	/home/tephra/experiments/all_ints_chain/tc_32768.c	/home/tephra/experiments/all_ints_chain/in_32768	0	0	0	60	0.0000	-	-	-
angora	/home/tephra/experiments/all_ints_chain/tc_4096.c	/home/tephra/experiments/all_ints_chain/in_4096	0	0	0	60	0.0000	-	-	-
angora	/home/tephra/experiments/all_ints_chain/tc_8192.c	/home/tephra/experiments/all_ints_chain/in_8192	0	0	0	60	0.0000	-	-	-
angora-mb	/home/tephra/experiments/all_ints_chain/tc_0001.c	/home/tephra/experiments/all_ints_chain/in_0001	60	0	0	0	1.0000	1044.5333	1044.5112	1044.5555
angora-mb	/home/tephra/experiments/all_ints_chain/tc_0002.c	/home/tephra/experiments/all_ints_chain/in_0002	60	0	0	0	1.0000	1243.5000	1240.2331	1246.7669
angora-mb	/home/tephra/experiments/all_ints_chain/tc_0003.c	/home/tephra/experiments/all_ints_chain/in_0003	60	0	0	0	1.0000	1343.2167	1339.4645	1346.9688
angora-mb	/home/tephra/experiments/all_ints_chain/tc_0004.c	/home/tephra/experiments/all_ints_chain/in_0004	60	0	0	0	1.0000	1810.6833	1805.6544	1815.7123
angora-mb	/home/tephra/experiments/all_ints_chain/tc_0005.c	/home/tephra/experiments/all_ints_chain/in_0005	60	0	0	0	1.0000	2259.9833	2253.4647	2266.5020
angora-mb	/home/tephra/experiments/all_ints_chain/tc_0006.c	/home/tephra/experiments/all_ints_chain/in_0006	60	0	0	0	1.0000	3811.8000	3797.9232	3825.6768
angora-mb	/home/tephra/experiments/all_ints_chain/tc_0007.c	/home/tephra/experiments/all_ints_chain/in_0007	60	0	0	0	1.0000	3993.0500	3971.1027	4014.9973
angora-mb	/home/tephra/experiments/all_ints_chain/tc_0008.c	/home/tephra/experiments/all_ints_chain/in_0008	60	0	0	0	1.0000	3059.6000	3044.2791	3074.9209
angora-mb	/home/tephra/experiments/all_ints_chain/tc_0009.c	/home/tephra/experiments/all_ints_chain/in_0009	60	0	0	0	1.0000	3627.3333	3609.7241	3644.9426
angora-mb	/home/tephra/experiments/all_ints_chain/tc_0010.c	/home/tephra/experiments/all_ints_chain/in_0010	60	0	0	0	1.0000	4777.7333	4756.7023	4798.7644
angora-mb	/home/tephra/experiments/all_ints_chain/tc_0011.c	/home/tephra/experiments/all_ints_chain/in_0011	60	0	0	0	1.0000	5478.7333	5461.5746	5495.8921
angora-mb	/home/tephra/experiments/all_ints_chain/tc_0012.c	/home/tephra/experiments/all_ints_chain/in_0012	60	0	0	0	1.0000	7179.9333	7143.6185	7216.2482
angora-mb	/home/tephra/experiments/all_ints_chain/tc_0013.c	/home/tephra/experiments/all_ints_chain/in_0013	60	0	0	0	1.0000	6530.2000	6505.8498	6554.5502
angora-mb	/home/tephra/experiments/all_ints_chain/tc_0014.c	/home/tephra/experiments/all_ints_chain/in_0014	59	0	0	1	0.9833	5688.6102	5662.1297	5715.0906
angora-mb	/home/tephra/experiments/all_ints_chain/tc_0015.c	/home/tephra/experiments/all_ints_chain/in_0015	60	0	0	0	1.0000	7462.1333	7436.3757	7487.8910
angora-mb	/home/tephra/experiments/all_ints_chain/tc_0016.c	/home/tephra/experiments/all_ints_chain/in_0016	60	0	0	0	1.0000	8111.1667	8080.0660	8142.2673
angora-mb	/home/tephra/experiments/all_ints_chain/tc_0032.c	/home/tephra/experiments/all_ints_chain/in_0032	60	0	0	0	1.0000	22838.6333	22681.0854	22996.1813
angora-mb	/home/tephra/experiments/all_ints_chain/tc_0064.c	/home/tephra/experiments/all_ints_chain/in_0064	60	0	0	0	1.0000	21707.3500	21619.4722	21795.2278
angora-mb	/home/tephra/experiments/all_ints_chain/tc_0128.c	/home/tephra/experiments/all_ints_chain/in_0128	60	0	0	0	1.0000	32137.7500	32081.7531	32193.7469
angora-mb	/home/tephra/experiments/all_ints_chain/tc_0256.c	/home/tephra/experiments/all_ints_chain/in_0256	60	0	0	0	1.0000	72254.2167	72217.4177	72291.0156
angora-mb	/home/tephra/experiments/all_ints_chain/tc_0512.c	/home/tephra/experiments/all_ints_chain/in_0512	60	0	0	0	1.0000	142880.4167	142629.5738	143131.2596
angora-mb	/home/tephra/experiments/all_ints_chain/tc_1024.c	/home/tephra/experiments/all_ints_chain/in_1024	57	3	0	0	0.9500	288999.5614	288472.4479	289526.6749
angora-mb	/home/tephra/experiments/all_ints_chain/tc_16384.c	/home/tephra/experiments/all_ints_chain/in_16384	0	0	0	60	0.0000	-	-	-
angora-mb	/home/tephra/experiments/all_ints_chain/tc_2048.c	/home/tephra/experiments/all_ints_chain/in_2048	59	1	0	0	0.9833	749148.5932	748117.2028	750179.9836
angora-mb	/home/tephra/experiments/all_ints_chain/tc_32768.c	/home/tephra/experiments/all_ints_chain/in_32768	0	0	0	60	0.0000	-	-	-
angora-mb	/home/tephra/experiments/all_ints_chain/tc_4096.c	/home/tephra/experiments/all_ints_chain/in_4096	0	0	0	60	0.0000	-	-	-
angora-mb	/home/tephra/experiments/all_ints_chain/tc_8192.c	/home/tephra/experiments/all_ints_chain/in_8192	0	0	0	60	0.0000	-	-	-
angora-random	/home/tephra/experiments/all_ints_chain/tc_0001.c	/home/tephra/experiments/all_ints_chain/in_0001	0	60	0	0	0.0000	-	-	-
angora-random	/home/tephra/experiments/all_ints_chain/tc_0002.c	/home/tephra/experiments/all_ints_chain/in_0002	0	60	0	0	0.0000	-	-	-
angora-random	/home/tephra/experiments/all_ints_chain/tc_0003.c	/home/tephra/experiments/all_ints_chain/in_0003	0	59	0	1	0.0000	-	-	-
angora-random	/home/tephra/experiments/all_ints_chain/tc_0004.c	/home/tephra/experiments/all_ints_chain/in_0004	0	60	0	0	0.0000	-	-	-
angora-random	/home/tephra/experiments/all_ints_chain/tc_0005.c	/home/tephra/experiments/all_ints_chain/in_0005	0	60	0	0	0.0000	-	-	-
angora-random	/home/tephra/experiments/all_ints_chain/tc_0006.c	/home/tephra/experiments/all_ints_chain/in_0006	0	60	0	0	0.0000	-	-	-
angora-random	/home/tephra/experiments/all_ints_chain/tc_0007.c	/home/tephra/experiments/all_ints_chain/in_0007	0	60	0	0	0.0000	-	-	-
angora-random	/home/tephra/experiments/all_ints_chain/tc_0008.c	/home/tephra/experiments/all_ints_chain/in_0008	0	60	0	0	0.0000	-	-	-
angora-random	/home/tephra/experiments/all_ints_chain/tc_0009.c	/home/tephra/experiments/all_ints_chain/in_0009	0	59	0	1	0.0000	-	-	-
angora-random	/home/tephra/experiments/all_ints_chain/tc_0010.c	/home/tephra/experiments/all_ints_chain/in_0010	0	60	0	0	0.0000	-	-	-
angora-random	/home/tephra/experiments/all_ints_chain/tc_0011.c	/home/tephra/experiments/all_ints_chain/in_0011	0	60	0	0	0.0000	-	-	-
angora-random	/home/tephra/experiments/all_ints_chain/tc_0012.c	/home/tephra/experiments/all_ints_chain/in_0012	0	60	0	0	0.0000	-	-	-
angora-random	/home/tephra/experiments/all_ints_chain/tc_0013.c	/home/tephra/experiments/all_ints_chain/in_0013	0	60	0	0	0.0000	-	-	-
angora-random	/home/tephra/experiments/all_ints_chain/tc_0014.c	/home/tephra/experiments/all_ints_chain/in_0014	0	60	0	0	0.0000	-	-	-
angora-random	/home/tephra/experiments/all_ints_chain/tc_0015.c	/home/tephra/experiments/all_ints_chain/in_0015	0	60	0	0	0.0000	-	-	-
angora-random	/home/tephra/experiments/all_ints_chain/tc_0016.c	/home/tephra/experiments/all_ints_chain/in_0016	0	60	0	0	0.0000	-	-	-
angora-random	/home/tephra/experiments/all_ints_chain/tc_0032.c	/home/tephra/experiments/all_ints_chain/in_0032	0	60	0	0	0.0000	-	-	-
angora-random	/home/tephra/experiments/all_ints_chain/tc_0064.c	/home/tephra/experiments/all_ints_chain/in_0064	0	60	0	0	0.0000	-	-	-
angora-random	/home/tephra/experiments/all_ints_chain/tc_0128.c	/home/tephra/experiments/all_ints_chain/in_0128	0	60	0	0	0.0000	-	-	-
angora-random	/home/tephra/experiments/all_ints_chain/tc_0256.c	/home/tephra/experiments/all_ints_chain/in_0256	0	60	0	0	0.0000	-	-	-
angora-random	/home/tephra/experiments/all_ints_chain/tc_0512.c	/home/tephra/experiments/all_ints_chain/in_0512	0	60	0	0	0.0000	-	-	-
angora-random	/home/tephra/experiments/all_ints_chain/tc_1024.c	/home/tephra/experiments/all_ints_chain/in_1024	0	60	0	0	0.0000	-	-	-
angora-random	/home/tephra/experiments/all_ints_chain/tc_16384.c	/home/tephra/experiments/all_ints_chain/in_16384	0	0	0	60	0.0000	-	-	-
angora-random	/home/tephra/experiments/all_ints_chain/tc_2048.c	/home/tephra/experiments/all_ints_chain/in_2048	0	60	0	0	0.0000	-	-	-
angora-random	/home/tephra/experiments/all_ints_chain/tc_32768.c	/home/tephra/experiments/all_ints_chain/in_32768	0	0	0	60	0.0000	-	-	-
angora-random	/home/tephra/experiments/all_ints_chain/tc_4096.c	/home/tephra/experiments/all_ints_chain/in_4096	0	0	0	60	0.0000	-	-	-
angora-random	/home/tephra/experiments/all_ints_chain/tc_8192.c	/home/tephra/experiments/all_ints_chain/in_8192	0	0	0	60	0.0000	-	-	-
libfuzzer	/home/tephra/experiments/all_ints_chain/tc_0011.c	/home/tephra/experiments/all_ints_chain/in_0011	60	0	0	0	1.0000	4868.9833	4850.2824	4887.6843
libfuzzer	/home/tephra/experiments/all_ints_chain/tc_0012.c	/home/tephra/experiments/all_ints_chain/in_0012	60	0	0	0	1.0000	16056.6000	15979.7024	16133.4976
libfuzzer	/home/tephra/experiments/all_ints_chain/tc_0013.c	/home/tephra/experiments/all_ints_chain/in_0013	60	0	0	0	1.0000	5355.0500	5327.8893	5382.2107
libfuzzer	/home/tephra/experiments/all_ints_chain/tc_0014.c	/home/tephra/experiments/all_ints_chain/in_0014	60	0	0	0	1.0000	14357.3167	14302.1828	14412.4506
libfuzzer	/home/tephra/experiments/all_ints_chain/tc_0015.c	/home/tephra/experiments/all_ints_chain/in_0015	60	0	0	0	1.0000	16168.4500	16050.6003	16286.2997
libfuzzer	/home/tephra/experiments/all_ints_chain/tc_0016.c	/home/tephra/experiments/all_ints_chain/in_0016	59	1	0	0	0.9833	63915.5254	63640.3921	64190.6588
libfuzzer	/home/tephra/experiments/all_ints_chain/tc_0032.c	/home/tephra/experiments/all_ints_chain/in_0032	25	35	0	0	0.4167	-	-	-
libfuzzer	/home/tephra/experiments/all_ints_chain/tc_0064.c	/home/tephra/experiments/all_ints_chain/in_0064	6	54	0	0	0.1000	-	-	-
libfuzzer-entropic	/home/tephra/experiments/all_ints_chain/tc_0011.c	/home/tephra/experiments/all_ints_chain/in_0011	60	0	0	0	1.0000	6326.2500	6298.5816	6353.9184
libfuzzer-entropic	/home/tephra/experiments/all_ints_chain/tc_0012.c	/home/tephra/experiments/all_ints_chain/in_0012	60	0	0	0	1.0000	19985.8000	19894.4056	20077.1944
libfuzzer-entropic	/home/tephra/experiments/all_ints_chain/tc_0013.c	/home/tephra/experiments/all_ints_chain/in_0013	60	0	0	0	1.0000	9385.5500	9340.0863	9431.0137
libfuzzer-entropic	/home/tephra/experiments/all_ints_chain/tc_0014.c	/home/tephra/experiments/all_ints_chain/in_0014	60	0	0	0	1.0000	19882.8333	19788.4457	19977.2210
libfuzzer-entropic	/home/tephra/experiments/all_ints_chain/tc_0015.c	/home/tephra/experiments/all_ints_chain/in_0015	60	0	0	0	1.0000	31704.3500	31477.7895	31930.9105
libfuzzer-entropic	/home/tephra/experiments/all_ints_chain/tc_0016.c	/home/tephra/experiments/all_ints_chain/in_0016	45	15	0	0	0.7500	82283.4444	81825.0927	82741.7962
libfuzzer-entropic	/home/tephra/experiments/all_ints_chain/tc_0032.c	/home/tephra/experiments/all_ints_chain/in_0032	26	34	0	0	0.4333	-	-	-
libfuzzer-entropic	/home/tephra/experiments/all_ints_chain/tc_0064.c	/home/tephra/experiments/all_ints_chain/in_0064	16	44	0	0	0.2667	-	-	-
afl++	/home/tephra/experiments/all_ints_chain/tc_0011.c	/home/tephra/experiments/all_ints_chain/in_0011	0	60	0	0	0.0000	-	-	-
afl++	/home/tephra/experiments/all_ints_chain/tc_0012.c	/home/tephra/experiments/all_ints_chain/in_0012	1	59	0	0	0.0167	-	-	-
afl++	/home/tephra/experiments/all_ints_chain/tc_0013.c	/home/tephra/experiments/all_ints_chain/in_0013	0	60	0	0	0.0000	-	-	-
afl++	/home/tephra/experiments/all_ints_chain/tc_0014.c	/home/tephra/experiments/all_ints_chain/in_0014	0	60	0	0	0.0000	-	-	-
afl++	/home/tephra/experiments/all_ints_chain/tc_0015.c	/home/tephra/experiments/all_ints_chain/in_0015	1	59	0	0	0.0167	-	-	-
afl++	/home/tephra/experiments/all_ints_chain/tc_0016.c	/home/tephra/experiments/all_ints_chain/in_0016	0	60	0	0	0.0000	-	-	-
afl++	/home/tephra/experiments/all_ints_chain/tc_0032.c	/home/tephra/experiments/all_ints_chain/in_0032	0	60	0	0	0.0000	-	-	-
afl++	/home/tephra/experiments/all_ints_chain/tc_0064.c	/home/tephra/experiments/all_ints_chain/in_0064	0	60	0	0	0.0000	-	-	-
afl++-cmplog	/home/tephra/experiments/all_ints_chain/tc_0011.c	/home/tephra/experiments/all_ints_chain/in_0011	60	0	0	0	1.0000	126080.3167	125314.4752	126846.1581
afl++-cmplog	/home/tephra/experiments/all_ints_chain/tc_0012.c	/home/tephra/experiments/all_ints_chain/in_0012	60	0	0	0	1.0000	308116.9500	306004.5813	310229.3187
afl++-cmplog	/home/tephra/experiments/all_ints_chain/tc_0013.c	/home/tephra/experiments/all_ints_chain/in_0013	60	0	0	0	1.0000	183783.7667	182366.1958	185201.3375
afl++-cmplog	/home/tephra/experiments/all_ints_chain/tc_0014.c	/home/tephra/experiments/all_ints_chain/in_0014	0	60	0	0	0.0000	-	-	-
afl++-cmplog	/home/tephra/experiments/all_ints_chain/tc_0015.c	/home/tephra/experiments/all_ints_chain/in_0015	60	0	0	0	1.0000	70878.3833	70501.6467	71255.1199
afl++-cmplog	/home/tephra/experiments/all_ints_chain/tc_0016.c	/home/tephra/experiments/all_ints_chain/in_0016	0	60	0	0	0.0000	-	-	-
afl++-cmplog	/home/tephra/experiments/all_ints_chain/tc_0032.c	/home/tephra/experiments/all_ints_chain/in_0032	0	60	0	0	0.0000	-	-	-
afl++-cmplog	/home/tephra/experiments/all_ints_chain/tc_0064.c	/home/tephra/experiments/all_ints_chain/in_0064	0	60	0	0	0.0000	-	-	-
afl++-mopt	/home/tephra/experiments/all_ints_chain/tc_0011.c	/home/tephra/experiments/all_ints_chain/in_0011	0	60	0	0	0.0000	-	-	-
afl++-mopt	/home/tephra/experiments/all_ints_chain/tc_0012.c	/home/tephra/experiments/all_ints_chain/in_0012	0	60	0	0	0.0000	-	-	-
afl++-mopt	/home/tephra/experiments/all_ints_chain/tc_0013.c	/home/tephra/experiments/all_ints_chain/in_0013	0	60	0	0	0.0000	-	-	-
afl++-mopt	/home/tephra/experiments/all_ints_chain/tc_0014.c	/home/tephra/experiments/all_ints_chain/in_0014	0	60	0	0	0.0000	-	-	-
afl++-mopt	/home/tephra/experiments/all_ints_chain/tc_0015.c	/home/tephra/experiments/all_ints_chain/in_0015	1	59	0	0	0.0167	-	-	-
afl++-mopt	/home/tephra/experiments/all_ints_chain/tc_0016.c	/home/tephra/experiments/all_ints_chain/in_0016	0	60	0	0	0.0000	-	-	-
afl++-mopt	/home/tephra/experiments/all_ints_chain/tc_0032.c	/home/tephra/experiments/all_ints_chain/in_0032	0	60	0	0	0.0000	-	-	-
afl++-mopt	/home/tephra/experiments/all_ints_chain/tc_0064.c	/home/tephra/experiments/all_ints_chain/in_0064	0	60	0	0	0.0000	-	-	-
honggfuzz	/home/tephra/experiments/all_ints_chain/tc_0011.c	/home/tephra/experiments/all_ints_chain/in_0011	60	0	0	0	1.0000	71478.9833	70107.1680	72850.7986
honggfuzz	/home/tephra/experiments/all_ints_chain/tc_0012.c	/home/tephra/experiments/all_ints_chain/in_0012	60	0	0	0	1.0000	161408.8667	160800.3610	162017.3723
honggfuzz	/home/tephra/experiments/all_ints_chain/tc_0013.c	/home/tephra/experiments/all_ints_chain/in_0013	60	0	0	0	1.0000	90252.0333	89722.8940	90781.1727
honggfuzz	/home/tephra/experiments/all_ints_chain/tc_0014.c	/home/tephra/experiments/all_ints_chain/in_0014	60	0	0	0	1.0000	88582.1333	88165.3655	88998.9012
honggfuzz	/home/tephra/experiments/all_ints_chain/tc_0015.c	/home/tephra/experiments/all_ints_chain/in_0015	60	0	0	0	1.0000	341139.0167	337896.6476	344381.3857
honggfuzz	/home/tephra/experiments/all_ints_chain/tc_0016.c	/home/tephra/experiments/all_ints_chain/in_0016	60	0	0	0	1.0000	342452.2167	339840.1850	345064.2483
honggfuzz	/home/tephra/experiments/all_ints_chain/tc_0032.c	/home/tephra/experiments/all_ints_chain/in_0032	24	36	0	0	0.4000	-	-	-
honggfuzz	/home/tephra/experiments/all_ints_chain/tc_0064.c	/home/tephra/experiments/all_ints_chain/in_0064	0	60	0	0	0.0000	-	-	-
wingfuzz	/home/tephra/experiments/all_ints_chain/tc_0011.c	/home/tephra/experiments/all_ints_chain/in_0011	60	0	0	0	1.0000	9164.0167	9101.2102	9226.8231
wingfuzz	/home/tephra/experiments/all_ints_chain/tc_0012.c	/home/tephra/experiments/all_ints_chain/in_0012	60	0	0	0	1.0000	21258.0167	20979.9696	21536.0638
wingfuzz	/home/tephra/experiments/all_ints_chain/tc_0013.c	/home/tephra/experiments/all_ints_chain/in_0013	59	1	0	0	0.9833	5767.5593	5736.7815	5798.3371
wingfuzz	/home/tephra/experiments/all_ints_chain/tc_0014.c	/home/tephra/experiments/all_ints_chain/in_0014	60	0	0	0	1.0000	13521.1333	13373.6081	13668.6586
wingfuzz	/home/tephra/experiments/all_ints_chain/tc_0015.c	/home/tephra/experiments/all_ints_chain/in_0015	59	1	0	0	0.9833	25067.7627	24782.9279	25352.5976
wingfuzz	/home/tephra/experiments/all_ints_chain/tc_0016.c	/home/tephra/experiments/all_ints_chain/in_0016	55	5	0	0	0.9167	49644.6182	49140.3886	50148.8478
wingfuzz	/home/tephra/experiments/all_ints_chain/tc_0032.c	/home/tephra/experiments/all_ints_chain/in_0032	43	17	0	0	0.7167	59729.8837	59082.8174	60376.9500
wingfuzz	/home/tephra/experiments/all_ints_chain/tc_0064.c	/home/tephra/experiments/all_ints_chain/in_0064	40	20	0	0	0.6667	184043.7250	183269.4703	184817.9797
libafl	/home/tephra/experiments/all_ints_chain/tc_0011.c	/home/tephra/experiments/all_ints_chain/in_0011	60	0	0	0	1.0000	732.3667	726.7117	738.0216
libafl	/home/tephra/experiments/all_ints_chain/tc_0012.c	/home/tephra/experiments/all_ints_chain/in_0012	60	0	0	0	1.0000	7600.0167	7544.9385	7655.0948
libafl	/home/tephra/experiments/all_ints_chain/tc_0013.c	/home/tephra/experiments/all_ints_chain/in_0013	60	0	0	0	1.0000	8127.0500	8059.9821	8194.1179
libafl	/home/tephra/experiments/all_ints_chain/tc_0014.c	/home/tephra/experiments/all_ints_chain/in_0014	60	0	0	0	1.0000	854.9500	848.2973	861.6027
libafl	/home/tephra/experiments/all_ints_chain/tc_0015.c	/home/tephra/experiments/all_ints_chain/in_0015	60	0	0	0	1.0000	43987.9667	43689.0676	44286.8657
libafl	/home/tephra/experiments/all_ints_chain/tc_0016.c	/home/tephra/experiments/all_ints_chain/in_0016	0	60	0	0	0.0000	-	-	-
libafl	/home/tephra/experiments/all_ints_chain/tc_0032.c	/home/tephra/experiments/all_ints_chain/in_0032	0	60	0	0	0.0000	-	-	-
libafl	/home/tephra/experiments/all_ints_chain/tc_0064.c	/home/tephra/experiments/all_ints_chain/in_0064	0	60	0	0	0.0000	-	-	-
libafl-libfuzzer	/home/tephra/experiments/all_ints_chain/tc_0011.c	/home/tephra/experiments/all_ints_chain/in_0011	0	60	0	0	0.0000	-	-	-
libafl-libfuzzer	/home/tephra/experiments/all_ints_chain/tc_0012.c	/home/tephra/experiments/all_ints_chain/in_0012	0	60	0	0	0.0000	-	-	-
libafl-libfuzzer	/home/tephra/experiments/all_ints_chain/tc_0013.c	/home/tephra/experiments/all_ints_chain/in_0013	0	60	0	0	0.0000	-	-	-
libafl-libfuzzer	/home/tephra/experiments/all_ints_chain/tc_0014.c	/home/tephra/experiments/all_ints_chain/in_0014	0	60	0	0	0.0000	-	-	-
libafl-libfuzzer	/home/tephra/experiments/all_ints_chain/tc_0015.c	/home/tephra/experiments/all_ints_chain/in_0015	0	60	0	0	0.0000	-	-	-
libafl-libfuzzer	/home/tephra/experiments/all_ints_chain/tc_0016.c	/home/tephra/experiments/all_ints_chain/in_0016	0	60	0	0	0.0000	-	-	-
libafl-libfuzzer	/home/tephra/experiments/all_ints_chain/tc_0032.c	/home/tephra/experiments/all_ints_chain/in_0032	0	60	0	0	0.0000	-	-	-
libafl-libfuzzer	/home/tephra/experiments/all_ints_chain/tc_0064.c	/home/tephra/experiments/all_ints_chain/in_0064	0	60	0	0	0.0000	-	-	-
aflgo	/home/tephra/experiments/all_ints_chain/tc_0001.c	/home/tephra/experiments/all_ints_chain/in_0001	0	60	0	0	0.0000	-	-	-
aflgo	/home/tephra/experiments/all_ints_chain/tc_0002.c	/home/tephra/experiments/all_ints_chain/in_0002	0	60	0	0	0.0000	-	-	-
aflgo	/home/tephra/experiments/all_ints_chain/tc_0003.c	/home/tephra/experiments/all_ints_chain/in_0003	0	60	0	0	0.0000	-	-	-
aflgo	/home/tephra/experiments/all_ints_chain/tc_0004.c	/home/tephra/experiments/all_ints_chain/in_0004	0	60	0	0	0.0000	-	-	-
aflgo	/home/tephra/experiments/all_ints_chain/tc_0005.c	/home/tephra/experiments/all_ints_chain/in_0005	0	60	0	0	0.0000	-	-	-
aflgo	/home/tephra/experiments/all_ints_chain/tc_0006.c	/home/tephra/experiments/all_ints_chain/in_0006	0	60	0	0	0.0000	-	-	-
aflgo	/home/tephra/experiments/all_ints_chain/tc_0007.c	/home/tephra/experiments/all_ints_chain/in_0007	0	60	0	0	0.0000	-	-	-
aflgo	/home/tephra/experiments/all_ints_chain/tc_0008.c	/home/tephra/experiments/all_ints_chain/in_0008	0	60	0	0	0.0000	-	-	-
aflgo	/home/tephra/experiments/all_ints_chain/tc_0009.c	/home/tephra/experiments/all_ints_chain/in_0009	0	60	0	0	0.0000	-	-	-
aflgo	/home/tephra/experiments/all_ints_chain/tc_0010.c	/home/tephra/experiments/all_ints_chain/in_0010	0	60	0	0	0.0000	-	-	-
afl++-qemu-cmplog	/home/tephra/experiments/all_ints_chain/tc_0001.c	/home/tephra/experiments/all_ints_chain/in_0001	0	60	0	0	0.0000	-	-	-
afl++-qemu-cmplog	/home/tephra/experiments/all_ints_chain/tc_0002.c	/home/tephra/experiments/all_ints_chain/in_0002	0	60	0	0	0.0000	-	-	-
afl++-qemu-cmplog	/home/tephra/experiments/all_ints_chain/tc_0003.c	/home/tephra/experiments/all_ints_chain/in_0003	0	60	0	0	0.0000	-	-	-
afl++-qemu-cmplog	/home/tephra/experiments/all_ints_chain/tc_0004.c	/home/tephra/experiments/all_ints_chain/in_0004	0	60	0	0	0.0000	-	-	-
afl++-qemu-cmplog	/home/tephra/experiments/all_ints_chain/tc_0005.c	/home/tephra/experiments/all_ints_chain/in_0005	0	60	0	0	0.0000	-	-	-
afl++-qemu-cmplog	/home/tephra/experiments/all_ints_chain/tc_0006.c	/home/tephra/experiments/all_ints_chain/in_0006	0	60	0	0	0.0000	-	-	-
afl++-qemu-cmplog	/home/tephra/experiments/all_ints_chain/tc_0007.c	/home/tephra/experiments/all_ints_chain/in_0007	0	60	0	0	0.0000	-	-	-
afl++-qemu-cmplog	/home/tephra/experiments/all_ints_chain/tc_0008.c	/home/tephra/experiments/all_ints_chain/in_0008	0	60	0	0	0.0000	-	-	-
afl++-qemu-cmplog	/home/tephra/experiments/all_ints_chain/tc_0009.c	/home/tephra/experiments/all_ints_chain/in_0009	0	60	0	0	0.0000	-	-	-
afl++-qemu-cmplog	/home/tephra/experiments/all_ints_chain/tc_0010.c	/home/tephra/experiments/all_ints_chain/in_0010	0	60	0	0	0.0000	-	-	-
afl++-qemu-compcov	/home/tephra/experiments/all_ints_chain/tc_0001.c	/home/tephra/experiments/all_ints_chain/in_0001	60	0	0	0	1.0000	9047.4333	8990.7187	9104.1480
afl++-qemu-compcov	/home/tephra/experiments/all_ints_chain/tc_0002.c	/home/tephra/experiments/all_ints_chain/in_0002	60	0	0	0	1.0000	85165.1333	84718.2165	85612.0501
afl++-qemu-compcov	/home/tephra/experiments/all_ints_chain/tc_0003.c	/home/tephra/experiments/all_ints_chain/in_0003	60	0	0	0	1.0000	120600.9667	120156.2800	121045.6533
afl++-qemu-compcov	/home/tephra/experiments/all_ints_chain/tc_0004.c	/home/tephra/experiments/all_ints_chain/in_0004	60	0	0	0	1.0000	180447.5500	179686.0156	181209.0844
afl++-qemu-compcov	/home/tephra/experiments/all_ints_chain/tc_0005.c	/home/tephra/experiments/all_ints_chain/in_0005	60	0	0	0	1.0000	224464.6667	223721.6599	225207.6735
afl++-qemu-compcov	/home/tephra/experiments/all_ints_chain/tc_0006.c	/home/tephra/experiments/all_ints_chain/in_0006	60	0	0	0	1.0000	302383.6667	301138.3576	303628.9758
afl++-qemu-compcov	/home/tephra/experiments/all_ints_chain/tc_0007.c	/home/tephra/experiments/all_ints_chain/in_0007	60	0	0	0	1.0000	268422.1500	267508.8362	269335.4638
afl++-qemu-compcov	/home/tephra/experiments/all_ints_chain/tc_0008.c	/home/tephra/experiments/all_ints_chain/in_0008	0	60	0	0	0.0000	-	-	-
afl++-qemu-compcov	/home/tephra/experiments/all_ints_chain/tc_0009.c	/home/tephra/experiments/all_ints_chain/in_0009	60	0	0	0	1.0000	932308.1833	928716.9701	935899.3966
afl++-qemu-compcov	/home/tephra/experiments/all_ints_chain/tc_0010.c	/home/tephra/experiments/all_ints_chain/in_0010	32	28	0	0	0.5333	2893610.6875	2888207.7554	2899013.6196
honggfuzz-qemu	/home/tephra/experiments/all_ints_chain/tc_0001.c	/home/tephra/experiments/all_ints_chain/in_0001	60	0	0	0	1.0000	131091.4333	130217.4982	131965.3685
honggfuzz-qemu	/home/tephra/experiments/all_ints_chain/tc_0002.c	/home/tephra/experiments/all_ints_chain/in_0002	58	2	0	0	0.9667	1000725.1897	995216.1710	1006234.2083
honggfuzz-qemu	/home/tephra/experiments/all_ints_chain/tc_0003.c	/home/tephra/experiments/all_ints_chain/in_0003	47	13	0	0	0.7833	1894200.6383	1887832.7910	1900568.4856
honggfuzz-qemu	/home/tephra/experiments/all_ints_chain/tc_0004.c	/home/tephra/experiments/all_ints_chain/in_0004	30	30	0	0	0.5000	-	-	-
honggfuzz-qemu	/home/tephra/experiments/all_ints_chain/tc_0005.c	/home/tephra/experiments/all_ints_chain/in_0005	21	39	0	0	0.3500	-	-	-
honggfuzz-qemu	/home/tephra/experiments/all_ints_chain/tc_0006.c	/home/tephra/experiments/all_ints_chain/in_0006	2	58	0	0	0.0333	-	-	-
honggfuzz-qemu	/home/tephra/experiments/all_ints_chain/tc_0007.c	/home/tephra/experiments/all_ints_chain/in_0007	15	45	0	0	0.2500	-	-	-
honggfuzz-qemu	/home/tephra/experiments/all_ints_chain/tc_0008.c	/home/tephra/experiments/all_ints_chain/in_0008	0	60	0	0	0.0000	-	-	-
honggfuzz-qemu	/home/tephra/experiments/all_ints_chain/tc_0009.c	/home/tephra/experiments/all_ints_chain/in_0009	0	60	0	0	0.0000	-	-	-
honggfuzz-qemu	/home/tephra/experiments/all_ints_chain/tc_0010.c	/home/tephra/experiments/all_ints_chain/in_0010	0	60	0	0	0.0000	-	-	-
dataflow	/home/tephra/experiments/all_ints_chain/tc_0001.c	/home/tephra/experiments/all_ints_chain/in_0001	0	60	0	0	0.0000	-	-	-
dataflow	/home/tephra/experiments/all_ints_chain/tc_0002.c	/home/tephra/experiments/all_ints_chain/in_0002	0	60	0	0	0.0000	-	-	-
dataflow	/home/tephra/experiments/all_ints_chain/tc_0003.c	/home/tephra/experiments/all_ints_chain/in_0003	0	60	0	0	0.0000	-	-	-
dataflow	/home/tephra/experiments/all_ints_chain/tc_0004.c	/home/tephra/experiments/all_ints_chain/in_0004	0	60	0	0	0.0000	-	-	-
dataflow	/home/tephra/experiments/all_ints_chain/tc_0005.c	/home/tephra/experiments/all_ints_chain/in_0005	0	60	0	0	0.0000	-	-	-
dataflow	/home/tephra/experiments/all_ints_chain/tc_0006.c	/home/tephra/experiments/all_ints_chain/in_0006	0	60	0	0	0.0000	-	-	-
dataflow	/home/tephra/experiments/all_ints_chain/tc_0007.c	/home/tephra/experiments/all_ints_chain/in_0007	0	60	0	0	0.0000	-	-	-
dataflow	/home/tephra/experiments/all_ints_chain/tc_0008.c	/home/tephra/experiments/all_ints_chain/in_0008	0	60	0	0	0.0000	-	-	-
dataflow	/home/tephra/experiments/all_ints_chain/tc_0009.c	/home/tephra/experiments/all_ints_chain/in_0009	0	60	0	0	0.0000	-	-	-
dataflow	/home/tephra/experiments/all_ints_chain/tc_0010.c	/home/tephra/experiments/all_ints_chain/in_0010	0	60	0	0	0.0000	-	-	-
klee	/home/tephra/experiments/all_ints_chain/tc_0001.c	/home/tephra/experiments/all_ints_chain/in_0001	60	0	0	0	1.0000	688.4167	688.2816	688.5517
klee	/home/tephra/experiments/all_ints_chain/tc_0002.c	/home/tephra/experiments/all_ints_chain/in_0002	60	0	0	0	1.0000	688.4167	688.2711	688.5622
klee	/home/tephra/experiments/all_ints_chain/tc_0003.c	/home/tephra/experiments/all_ints_chain/in_0003	60	0	0	0	1.0000	736.5500	736.3760	736.7240
klee	/home/tephra/experiments/all_ints_chain/tc_0004.c	/home/tephra/experiments/all_ints_chain/in_0004	60	0	0	0	1.0000	733.9000	733.7715	734.0285
klee	/home/tephra/experiments/all_ints_chain/tc_0005.c	/home/tephra/experiments/all_ints_chain/in_0005	60	0	0	0	1.0000	765.8333	765.6492	766.0174
klee	/home/tephra/experiments/all_ints_chain/tc_0006.c	/home/tephra/experiments/all_ints_chain/in_0006	60	0	0	0	1.0000	758.2167	758.0447	758.3886
klee	/home/tephra/experiments/all_ints_chain/tc_0007.c	/home/tephra/experiments/all_ints_chain/in_0007	60	0	0	0	1.0000	815.0000	814.8188	815.1812
klee	/home/tephra/experiments/all_ints_chain/tc_0008.c	/home/tephra/experiments/all_ints_chain/in_0008	60	0	0	0	1.0000	703.1833	703.0071	703.3596
klee	/home/tephra/experiments/all_ints_chain/tc_0009.c	/home/tephra/experiments/all_ints_chain/in_0009	60	0	0	0	1.0000	814.8333	814.6285	815.0382
klee	/home/tephra/experiments/all_ints_chain/tc_0010.c	/home/tephra/experiments/all_ints_chain/in_0010	60	0	0	0	1.0000	786.8333	786.6389	787.0278
symcc	/home/tephra/experiments/all_ints_chain/tc_0001.c	/home/tephra/experiments/all_ints_chain/in_0001	60	0	0	0	1.0000	1900.8500	1900.3459	1901.3541
symcc	/home/tephra/experiments/all_ints_chain/tc_0002.c	/home/tephra/experiments/all_ints_chain/in_0002	60	0	0	0	1.0000	4231.3667	4227.2960	4235.4374
symcc	/home/tephra/experiments/all_ints_chain/tc_0003.c	/home/tephra/experiments/all_ints_chain/in_0003	60	0	0	0	1.0000	10500.3667	10490.7687	10509.9646
symcc	/home/tephra/experiments/all_ints_chain/tc_0004.c	/home/tephra/experiments/all_ints_chain/in_0004	60	0	0	0	1.0000	25061.2000	25042.6141	25079.7859
symcc	/home/tephra/experiments/all_ints_chain/tc_0005.c	/home/tephra/experiments/all_ints_chain/in_0005	60	0	0	0	1.0000	59293.7167	59232.3611	59355.0723
symcc	/home/tephra/experiments/all_ints_chain/tc_0006.c	/home/tephra/experiments/all_ints_chain/in_0006	60	0	0	0	1.0000	142545.2000	142360.6064	142729.7936
symcc	/home/tephra/experiments/all_ints_chain/tc_0007.c	/home/tephra/experiments/all_ints_chain/in_0007	60	0	0	0	1.0000	346620.8667	346073.1094	347168.6239
symcc	/home/tephra/experiments/all_ints_chain/tc_0008.c	/home/tephra/experiments/all_ints_chain/in_0008	60	0	0	0	1.0000	766652.0667	766467.3977	766836.7357
symcc	/home/tephra/experiments/all_ints_chain/tc_0009.c	/home/tephra/experiments/all_ints_chain/in_0009	60	0	0	0	1.0000	1802850.2000	1799024.0765	1806676.3235
symcc	/home/tephra/experiments/all_ints_chain/tc_0010.c	/home/tephra/experiments/all_ints_chain/in_0010	30	30	0	0	0.5000	-	-	-
libfuzzer	/home/tephra/experiments/all_ints_chain/tc_0128.c	/home/tephra/experiments/all_ints_chain/in_0128	0	60	0	0	0.0000	-	-	-
libfuzzer	/home/tephra/experiments/all_ints_chain/tc_0256.c	/home/tephra/experiments/all_ints_chain/in_0256	0	60	0	0	0.0000	-	-	-
libfuzzer	/home/tephra/experiments/all_ints_chain/tc_0512.c	/home/tephra/experiments/all_ints_chain/in_0512	0	60	0	0	0.0000	-	-	-
libfuzzer	/home/tephra/experiments/all_ints_chain/tc_1024.c	/home/tephra/experiments/all_ints_chain/in_1024	0	60	0	0	0.0000	-	-	-
libfuzzer-entropic	/home/tephra/experiments/all_ints_chain/tc_0128.c	/home/tephra/experiments/all_ints_chain/in_0128	0	60	0	0	0.0000	-	-	-
libfuzzer-entropic	/home/tephra/experiments/all_ints_chain/tc_0256.c	/home/tephra/experiments/all_ints_chain/in_0256	0	60	0	0	0.0000	-	-	-
libfuzzer-entropic	/home/tephra/experiments/all_ints_chain/tc_0512.c	/home/tephra/experiments/all_ints_chain/in_0512	0	60	0	0	0.0000	-	-	-
libfuzzer-entropic	/home/tephra/experiments/all_ints_chain/tc_1024.c	/home/tephra/experiments/all_ints_chain/in_1024	0	60	0	0	0.0000	-	-	-
afl++-cmplog	/home/tephra/experiments/all_ints_chain/tc_0128.c	/home/tephra/experiments/all_ints_chain/in_0128	0	60	0	0	0.0000	-	-	-
afl++-cmplog	/home/tephra/experiments/all_ints_chain/tc_0256.c	/home/tephra/experiments/all_ints_chain/in_0256	0	60	0	0	0.0000	-	-	-
afl++-cmplog	/home/tephra/experiments/all_ints_chain/tc_0512.c	/home/tephra/experiments/all_ints_chain/in_0512	0	60	0	0	0.0000	-	-	-
afl++-cmplog	/home/tephra/experiments/all_ints_chain/tc_1024.c	/home/tephra/experiments/all_ints_chain/in_1024	0	60	0	0	0.0000	-	-	-
honggfuzz	/home/tephra/experiments/all_ints_chain/tc_0128.c	/home/tephra/experiments/all_ints_chain/in_0128	0	60	0	0	0.0000	-	-	-
honggfuzz	/home/tephra/experiments/all_ints_chain/tc_0256.c	/home/tephra/experiments/all_ints_chain/in_0256	0	60	0	0	0.0000	-	-	-
honggfuzz	/home/tephra/experiments/all_ints_chain/tc_0512.c	/home/tephra/experiments/all_ints_chain/in_0512	0	60	0	0	0.0000	-	-	-
honggfuzz	/home/tephra/experiments/all_ints_chain/tc_1024.c	/home/tephra/experiments/all_ints_chain/in_1024	0	60	0	0	0.0000	-	-	-
wingfuzz	/home/tephra/experiments/all_ints_chain/tc_0128.c	/home/tephra/experiments/all_ints_chain/in_0128	16	44	0	0	0.2667	-	-	-
wingfuzz	/home/tephra/experiments/all_ints_chain/tc_0256.c	/home/tephra/experiments/all_ints_chain/in_0256	0	60	0	0	0.0000	-	-	-
wingfuzz	/home/tephra/experiments/all_ints_chain/tc_0512.c	/home/tephra/experiments/all_ints_chain/in_0512	0	60	0	0	0.0000	-	-	-
wingfuzz	/home/tephra/experiments/all_ints_chain/tc_1024.c	/home/tephra/experiments/all_ints_chain/in_1024	0	60	0	0	0.0000	-	-	-
afl-qemu	/home/tephra/experiments/all_ints_chain/tc_0001.c	/home/tephra/experiments/all_ints_chain/in_0001	0	60	0	0	0.0000	-	-	-
afl-qemu	/home/tephra/experiments/all_ints_chain/tc_0002.c	/home/tephra/experiments/all_ints_chain/in_0002	0	60	0	0	0.0000	-	-	-
afl-qemu	/home/tephra/experiments/all_ints_chain/tc_0003.c	/home/tephra/experiments/all_ints_chain/in_0003	0	60	0	0	0.0000	-	-	-
afl-qemu	/home/tephra/experiments/all_ints_chain/tc_0004.c	/home/tephra/experiments/all_ints_chain/in_0004	0	60	0	0	0.0000	-	-	-
afl-qemu	/home/tephra/experiments/all_ints_chain/tc_0005.c	/home/tephra/experiments/all_ints_chain/in_0005	0	60	0	0	0.0000	-	-	-
afl-qemu	/home/tephra/experiments/all_ints_chain/tc_0006.c	/home/tephra/experiments/all_ints_chain/in_0006	0	60	0	0	0.0000	-	-	-
afl-qemu	/home/tephra/experiments/all_ints_chain/tc_0007.c	/home/tephra/experiments/all_ints_chain/in_0007	0	60	0	0	0.0000	-	-	-
afl-qemu	/home/tephra/experiments/all_ints_chain/tc_0008.c	/home/tephra/experiments/all_ints_chain/in_0008	0	60	0	0	0.0000	-	-	-
afl-qemu	/home/tephra/experiments/all_ints_chain/tc_0009.c	/home/tephra/experiments/all_ints_chain/in_0009	0	60	0	0	0.0000	-	-	-
afl-qemu	/home/tephra/experiments/all_ints_chain/tc_0010.c	/home/tephra/experiments/all_ints_chain/in_0010	0	60	0	0	0.0000	-	-	-
afl++-qemu-compcov	/home/tephra/experiments/all_ints_chain/tc_0011.c	/home/tephra/experiments/all_ints_chain/in_0011	16	44	0	0	0.2667	-	-	-
afl++-qemu-compcov	/home/tephra/experiments/all_ints_chain/tc_0012.c	/home/tephra/experiments/all_ints_chain/in_0012	4	56	0	0	0.0667	-	-	-
afl++-qemu-compcov	/home/tephra/experiments/all_ints_chain/tc_0013.c	/home/tephra/experiments/all_ints_chain/in_0013	36	24	0	0	0.6000	2832201.3889	2826626.9474	2837775.8304
afl++-qemu-compcov	/home/tephra/experiments/all_ints_chain/tc_0014.c	/home/tephra/experiments/all_ints_chain/in_0014	0	60	0	0	0.0000	-	-	-
afl++-qemu-compcov	/home/tephra/experiments/all_ints_chain/tc_0015.c	/home/tephra/experiments/all_ints_chain/in_0015	0	60	0	0	0.0000	-	-	-
afl++-qemu-compcov	/home/tephra/experiments/all_ints_chain/tc_0016.c	/home/tephra/experiments/all_ints_chain/in_0016	0	60	0	0	0.0000	-	-	-
afl++-qemu-compcov	/home/tephra/experiments/all_ints_chain/tc_0032.c	/home/tephra/experiments/all_ints_chain/in_0032	0	60	0	0	0.0000	-	-	-
afl++-qemu-compcov	/home/tephra/experiments/all_ints_chain/tc_0064.c	/home/tephra/experiments/all_ints_chain/in_0064	0	60	0	0	0.0000	-	-	-
afl++-qemu-compcov	/home/tephra/experiments/all_ints_chain/tc_0128.c	/home/tephra/experiments/all_ints_chain/in_0128	0	60	0	0	0.0000	-	-	-
afl++-qemu-compcov	/home/tephra/experiments/all_ints_chain/tc_0256.c	/home/tephra/experiments/all_ints_chain/in_0256	0	60	0	0	0.0000	-	-	-
afl++-qemu-compcov	/home/tephra/experiments/all_ints_chain/tc_0512.c	/home/tephra/experiments/all_ints_chain/in_0512	0	60	0	0	0.0000	-	-	-
afl++-qemu-compcov	/home/tephra/experiments/all_ints_chain/tc_1024.c	/home/tephra/experiments/all_ints_chain/in_1024	0	60	0	0	0.0000	-	-	-
afl++-qemu-compcov	/home/tephra/experiments/all_ints_chain/tc_2048.c	/home/tephra/experiments/all_ints_chain/in_2048	0	60	0	0	0.0000	-	-	-
klee	/home/tephra/experiments/all_ints_chain/tc_0011.c	/home/tephra/experiments/all_ints_chain/in_0011	60	0	0	0	1.0000	764.1000	763.9831	764.2169
klee	/home/tephra/experiments/all_ints_chain/tc_0012.c	/home/tephra/experiments/all_ints_chain/in_0012	60	0	0	0	1.0000	826.4500	825.7035	827.1965
klee	/home/tephra/experiments/all_ints_chain/tc_0013.c	/home/tephra/experiments/all_ints_chain/in_0013	60	0	0	0	1.0000	813.8333	813.2263	814.4403
klee	/home/tephra/experiments/all_ints_chain/tc_0014.c	/home/tephra/experiments/all_ints_chain/in_0014	60	0	0	0	1.0000	938.8333	938.2237	939.4430
klee	/home/tephra/experiments/all_ints_chain/tc_0015.c	/home/tephra/experiments/all_ints_chain/in_0015	60	0	0	0	1.0000	800.5833	799.6402	801.5264
klee	/home/tephra/experiments/all_ints_chain/tc_0016.c	/home/tephra/experiments/all_ints_chain/in_0016	60	0	0	0	1.0000	916.8500	915.6942	918.0058
klee	/home/tephra/experiments/all_ints_chain/tc_0032.c	/home/tephra/experiments/all_ints_chain/in_0032	60	0	0	0	1.0000	1149.1833	1148.4093	1149.9574
klee	/home/tephra/experiments/all_ints_chain/tc_0064.c	/home/tephra/experiments/all_ints_chain/in_0064	0	0	60	0	0.0000	-	-	-
klee	/home/tephra/experiments/all_ints_chain/tc_0128.c	/home/tephra/experiments/all_ints_chain/in_0128	0	0	60	0	0.0000	-	-	-
klee	/home/tephra/experiments/all_ints_chain/tc_0256.c	/home/tephra/experiments/all_ints_chain/in_0256	0	0	60	0	0.0000	-	-	-
klee	/home/tephra/experiments/all_ints_chain/tc_0512.c	/home/tephra/experiments/all_ints_chain/in_0512	0	0	60	0	0.0000	-	-	-
klee	/home/tephra/experiments/all_ints_chain/tc_1024.c	/home/tephra/experiments/all_ints_chain/in_1024	0	0	60	0	0.0000	-	-	-
klee	/home/tephra/experiments/all_ints_chain/tc_2048.c	/home/tephra/experiments/all_ints_chain/in_2048	0	0	60	0	0.0000	-	-	-
symcc	/home/tephra/experiments/all_ints_chain/tc_0011.c	/home/tephra/experiments/all_ints_chain/in_0011	0	60	0	0	0.0000	-	-	-
symcc	/home/tephra/experiments/all_ints_chain/tc_0012.c	/home/tephra/experiments/all_ints_chain/in_0012	0	60	0	0	0.0000	-	-	-
symcc	/home/tephra/experiments/all_ints_chain/tc_0013.c	/home/tephra/experiments/all_ints_chain/in_0013	0	60	0	0	0.0000	-	-	-
symcc	/home/tephra/experiments/all_ints_chain/tc_0014.c	/home/tephra/experiments/all_ints_chain/in_0014	0	60	0	0	0.0000	-	-	-
symcc	/home/tephra/experiments/all_ints_chain/tc_0015.c	/home/tephra/experiments/all_ints_chain/in_0015	0	60	0	0	0.0000	-	-	-
symcc	/home/tephra/experiments/all_ints_chain/tc_0016.c	/home/tephra/experiments/all_ints_chain/in_0016	0	60	0	0	0.0000	-	-	-
symcc	/home/tephra/experiments/all_ints_chain/tc_0032.c	/home/tephra/experiments/all_ints_chain/in_0032	0	60	0	0	0.0000	-	-	-
symcc	/home/tephra/experiments/all_ints_chain/tc_0064.c	/home/tephra/experiments/all_ints_chain/in_0064	0	60	0	0	0.0000	-	-	-
symcc	/home/tephra/experiments/all_ints_chain/tc_0128.c	/home/tephra/experiments/all_ints_chain/in_0128	0	60	0	0	0.0000	-	-	-
symcc	/home/tephra/experiments/all_ints_chain/tc_0256.c	/home/tephra/experiments/all_ints_chain/in_0256	0	60	0	0	0.0000	-	-	-
symcc	/home/tephra/experiments/all_ints_chain/tc_0512.c	/home/tephra/experiments/all_ints_chain/in_0512	0	60	0	0	0.0000	-	-	-
symcc	/home/tephra/experiments/all_ints_chain/tc_1024.c	/home/tephra/experiments/all_ints_chain/in_1024	0	60	0	0	0.0000	-	-	-
symcc	/home/tephra/experiments/all_ints_chain/tc_2048.c	/home/tephra/experiments/all_ints_chain/in_2048	0	60	0	0	0.0000	-	-	-
