fuzzer	put	corpus	success	timeout	invalid	error	ratio	ttt	cleft	cright
afl-gcc	/home/tephra/experiments/uint16_const_chain/tc_0001.c	/home/tephra/experiments/uint16_const_chain/in_0001	60	0	0	0	1.0000	203356.0833	200374.3691	206337.7976
afl-gcc	/home/tephra/experiments/uint16_const_chain/tc_0002.c	/home/tephra/experiments/uint16_const_chain/in_0002	3	57	0	0	0.0500	-	-	-
afl-gcc	/home/tephra/experiments/uint16_const_chain/tc_0003.c	/home/tephra/experiments/uint16_const_chain/in_0003	0	60	0	0	0.0000	-	-	-
afl-gcc	/home/tephra/experiments/uint16_const_chain/tc_0004.c	/home/tephra/experiments/uint16_const_chain/in_0004	0	60	0	0	0.0000	-	-	-
afl-gcc	/home/tephra/experiments/uint16_const_chain/tc_0005.c	/home/tephra/experiments/uint16_const_chain/in_0005	0	60	0	0	0.0000	-	-	-
afl-gcc	/home/tephra/experiments/uint16_const_chain/tc_0006.c	/home/tephra/experiments/uint16_const_chain/in_0006	0	60	0	0	0.0000	-	-	-
afl-gcc	/home/tephra/experiments/uint16_const_chain/tc_0007.c	/home/tephra/experiments/uint16_const_chain/in_0007	0	60	0	0	0.0000	-	-	-
afl-gcc	/home/tephra/experiments/uint16_const_chain/tc_0008.c	/home/tephra/experiments/uint16_const_chain/in_0008	0	60	0	0	0.0000	-	-	-
afl-gcc	/home/tephra/experiments/uint16_const_chain/tc_0009.c	/home/tephra/experiments/uint16_const_chain/in_0009	0	60	0	0	0.0000	-	-	-
afl-gcc	/home/tephra/experiments/uint16_const_chain/tc_0010.c	/home/tephra/experiments/uint16_const_chain/in_0010	0	60	0	0	0.0000	-	-	-
radamsa	/home/tephra/experiments/uint16_const_chain/tc_0001.c	/home/tephra/experiments/uint16_const_chain/in_0001	60	0	0	0	1.0000	342126.0000	339027.8898	345224.1102
radamsa	/home/tephra/experiments/uint16_const_chain/tc_0002.c	/home/tephra/experiments/uint16_const_chain/in_0002	0	54	6	0	0.0000	-	-	-
radamsa	/home/tephra/experiments/uint16_const_chain/tc_0003.c	/home/tephra/experiments/uint16_const_chain/in_0003	0	55	5	0	0.0000	-	-	-
radamsa	/home/tephra/experiments/uint16_const_chain/tc_0004.c	/home/tephra/experiments/uint16_const_chain/in_0004	0	56	4	0	0.0000	-	-	-
radamsa	/home/tephra/experiments/uint16_const_chain/tc_0005.c	/home/tephra/experiments/uint16_const_chain/in_0005	0	57	3	0	0.0000	-	-	-
radamsa	/home/tephra/experiments/uint16_const_chain/tc_0006.c	/home/tephra/experiments/uint16_const_chain/in_0006	0	58	2	0	0.0000	-	-	-
radamsa	/home/tephra/experiments/uint16_const_chain/tc_0007.c	/home/tephra/experiments/uint16_const_chain/in_0007	0	58	2	0	0.0000	-	-	-
radamsa	/home/tephra/experiments/uint16_const_chain/tc_0008.c	/home/tephra/experiments/uint16_const_chain/in_0008	0	56	4	0	0.0000	-	-	-
radamsa	/home/tephra/experiments/uint16_const_chain/tc_0009.c	/home/tephra/experiments/uint16_const_chain/in_0009	0	60	0	0	0.0000	-	-	-
radamsa	/home/tephra/experiments/uint16_const_chain/tc_0010.c	/home/tephra/experiments/uint16_const_chain/in_0010	0	60	0	0	0.0000	-	-	-
dev-urandom	/home/tephra/experiments/uint16_const_chain/tc_0001.c	/home/tephra/experiments/uint16_const_chain/in_0001	60	0	0	0	1.0000	2495.0000	2478.2360	2511.7640
dev-urandom	/home/tephra/experiments/uint16_const_chain/tc_0002.c	/home/tephra/experiments/uint16_const_chain/in_0002	0	60	0	0	0.0000	-	-	-
dev-urandom	/home/tephra/experiments/uint16_const_chain/tc_0003.c	/home/tephra/experiments/uint16_const_chain/in_0003	0	60	0	0	0.0000	-	-	-
dev-urandom	/home/tephra/experiments/uint16_const_chain/tc_0004.c	/home/tephra/experiments/uint16_const_chain/in_0004	0	60	0	0	0.0000	-	-	-
dev-urandom	/home/tephra/experiments/uint16_const_chain/tc_0005.c	/home/tephra/experiments/uint16_const_chain/in_0005	0	60	0	0	0.0000	-	-	-
dev-urandom	/home/tephra/experiments/uint16_const_chain/tc_0006.c	/home/tephra/experiments/uint16_const_chain/in_0006	0	60	0	0	0.0000	-	-	-
dev-urandom	/home/tephra/experiments/uint16_const_chain/tc_0007.c	/home/tephra/experiments/uint16_const_chain/in_0007	0	60	0	0	0.0000	-	-	-
dev-urandom	/home/tephra/experiments/uint16_const_chain/tc_0008.c	/home/tephra/experiments/uint16_const_chain/in_0008	0	60	0	0	0.0000	-	-	-
dev-urandom	/home/tephra/experiments/uint16_const_chain/tc_0009.c	/home/tephra/experiments/uint16_const_chain/in_0009	0	60	0	0	0.0000	-	-	-
dev-urandom	/home/tephra/experiments/uint16_const_chain/tc_0010.c	/home/tephra/experiments/uint16_const_chain/in_0010	0	60	0	0	0.0000	-	-	-
afl++	/home/tephra/experiments/uint16_const_chain/tc_0001.c	/home/tephra/experiments/uint16_const_chain/in_0001	60	0	0	0	1.0000	4265.8667	4231.0890	4300.6443
afl++	/home/tephra/experiments/uint16_const_chain/tc_0002.c	/home/tephra/experiments/uint16_const_chain/in_0002	60	0	0	0	1.0000	561485.8333	556198.5818	566773.0848
afl++	/home/tephra/experiments/uint16_const_chain/tc_0003.c	/home/tephra/experiments/uint16_const_chain/in_0003	28	32	0	0	0.4667	-	-	-
afl++	/home/tephra/experiments/uint16_const_chain/tc_0004.c	/home/tephra/experiments/uint16_const_chain/in_0004	6	54	0	0	0.1000	-	-	-
afl++	/home/tephra/experiments/uint16_const_chain/tc_0005.c	/home/tephra/experiments/uint16_const_chain/in_0005	0	60	0	0	0.0000	-	-	-
afl++	/home/tephra/experiments/uint16_const_chain/tc_0006.c	/home/tephra/experiments/uint16_const_chain/in_0006	0	55	0	5	0.0000	-	-	-
afl++	/home/tephra/experiments/uint16_const_chain/tc_0007.c	/home/tephra/experiments/uint16_const_chain/in_0007	0	47	0	13	0.0000	-	-	-
afl++	/home/tephra/experiments/uint16_const_chain/tc_0008.c	/home/tephra/experiments/uint16_const_chain/in_0008	0	44	0	16	0.0000	-	-	-
afl++	/home/tephra/experiments/uint16_const_chain/tc_0009.c	/home/tephra/experiments/uint16_const_chain/in_0009	0	29	0	31	0.0000	-	-	-
afl++	/home/tephra/experiments/uint16_const_chain/tc_0010.c	/home/tephra/experiments/uint16_const_chain/in_0010	0	39	0	21	0.0000	-	-	-
afl++-cmplog	/home/tephra/experiments/uint16_const_chain/tc_0001.c	/home/tephra/experiments/uint16_const_chain/in_0001	0	0	0	60	0.0000	-	-	-
afl++-cmplog	/home/tephra/experiments/uint16_const_chain/tc_0002.c	/home/tephra/experiments/uint16_const_chain/in_0002	0	0	0	60	0.0000	-	-	-
afl++-cmplog	/home/tephra/experiments/uint16_const_chain/tc_0003.c	/home/tephra/experiments/uint16_const_chain/in_0003	0	0	0	60	0.0000	-	-	-
afl++-cmplog	/home/tephra/experiments/uint16_const_chain/tc_0004.c	/home/tephra/experiments/uint16_const_chain/in_0004	0	0	0	60	0.0000	-	-	-
afl++-cmplog	/home/tephra/experiments/uint16_const_chain/tc_0005.c	/home/tephra/experiments/uint16_const_chain/in_0005	0	0	0	60	0.0000	-	-	-
afl++-cmplog	/home/tephra/experiments/uint16_const_chain/tc_0006.c	/home/tephra/experiments/uint16_const_chain/in_0006	0	0	0	60	0.0000	-	-	-
afl++-cmplog	/home/tephra/experiments/uint16_const_chain/tc_0007.c	/home/tephra/experiments/uint16_const_chain/in_0007	0	0	0	60	0.0000	-	-	-
afl++-cmplog	/home/tephra/experiments/uint16_const_chain/tc_0008.c	/home/tephra/experiments/uint16_const_chain/in_0008	0	0	0	60	0.0000	-	-	-
afl++-cmplog	/home/tephra/experiments/uint16_const_chain/tc_0009.c	/home/tephra/experiments/uint16_const_chain/in_0009	0	0	0	60	0.0000	-	-	-
afl++-cmplog	/home/tephra/experiments/uint16_const_chain/tc_0010.c	/home/tephra/experiments/uint16_const_chain/in_0010	0	0	0	60	0.0000	-	-	-
afl++-laf	/home/tephra/experiments/uint16_const_chain/tc_0001.c	/home/tephra/experiments/uint16_const_chain/in_0001	0	0	0	60	0.0000	-	-	-
afl++-laf	/home/tephra/experiments/uint16_const_chain/tc_0002.c	/home/tephra/experiments/uint16_const_chain/in_0002	0	0	0	60	0.0000	-	-	-
afl++-laf	/home/tephra/experiments/uint16_const_chain/tc_0003.c	/home/tephra/experiments/uint16_const_chain/in_0003	0	0	0	60	0.0000	-	-	-
afl++-laf	/home/tephra/experiments/uint16_const_chain/tc_0004.c	/home/tephra/experiments/uint16_const_chain/in_0004	0	0	0	60	0.0000	-	-	-
afl++-laf	/home/tephra/experiments/uint16_const_chain/tc_0005.c	/home/tephra/experiments/uint16_const_chain/in_0005	0	0	0	60	0.0000	-	-	-
afl++-laf	/home/tephra/experiments/uint16_const_chain/tc_0006.c	/home/tephra/experiments/uint16_const_chain/in_0006	0	0	0	60	0.0000	-	-	-
afl++-laf	/home/tephra/experiments/uint16_const_chain/tc_0007.c	/home/tephra/experiments/uint16_const_chain/in_0007	0	0	0	60	0.0000	-	-	-
afl++-laf	/home/tephra/experiments/uint16_const_chain/tc_0008.c	/home/tephra/experiments/uint16_const_chain/in_0008	0	0	0	60	0.0000	-	-	-
afl++-laf	/home/tephra/experiments/uint16_const_chain/tc_0009.c	/home/tephra/experiments/uint16_const_chain/in_0009	0	0	0	60	0.0000	-	-	-
afl++-laf	/home/tephra/experiments/uint16_const_chain/tc_0010.c	/home/tephra/experiments/uint16_const_chain/in_0010	0	0	0	60	0.0000	-	-	-
afl++-mopt	/home/tephra/experiments/uint16_const_chain/tc_0001.c	/home/tephra/experiments/uint16_const_chain/in_0001	0	0	0	60	0.0000	-	-	-
afl++-mopt	/home/tephra/experiments/uint16_const_chain/tc_0002.c	/home/tephra/experiments/uint16_const_chain/in_0002	4	0	0	56	0.0667	-	-	-
afl++-mopt	/home/tephra/experiments/uint16_const_chain/tc_0003.c	/home/tephra/experiments/uint16_const_chain/in_0003	0	0	0	60	0.0000	-	-	-
afl++-mopt	/home/tephra/experiments/uint16_const_chain/tc_0004.c	/home/tephra/experiments/uint16_const_chain/in_0004	0	0	0	60	0.0000	-	-	-
afl++-mopt	/home/tephra/experiments/uint16_const_chain/tc_0005.c	/home/tephra/experiments/uint16_const_chain/in_0005	0	0	0	60	0.0000	-	-	-
afl++-mopt	/home/tephra/experiments/uint16_const_chain/tc_0006.c	/home/tephra/experiments/uint16_const_chain/in_0006	0	0	0	60	0.0000	-	-	-
afl++-mopt	/home/tephra/experiments/uint16_const_chain/tc_0007.c	/home/tephra/experiments/uint16_const_chain/in_0007	0	0	0	60	0.0000	-	-	-
afl++-mopt	/home/tephra/experiments/uint16_const_chain/tc_0008.c	/home/tephra/experiments/uint16_const_chain/in_0008	0	0	0	60	0.0000	-	-	-
afl++-mopt	/home/tephra/experiments/uint16_const_chain/tc_0009.c	/home/tephra/experiments/uint16_const_chain/in_0009	0	0	0	60	0.0000	-	-	-
afl++-mopt	/home/tephra/experiments/uint16_const_chain/tc_0010.c	/home/tephra/experiments/uint16_const_chain/in_0010	0	0	0	60	0.0000	-	-	-
honggfuzz	/home/tephra/experiments/uint16_const_chain/tc_0001.c	/home/tephra/experiments/uint16_const_chain/in_0001	60	0	0	0	1.0000	1004.4500	1004.4447	1004.4553
honggfuzz	/home/tephra/experiments/uint16_const_chain/tc_0002.c	/home/tephra/experiments/uint16_const_chain/in_0002	60	0	0	0	1.0000	1004.4333	1004.4283	1004.4384
honggfuzz	/home/tephra/experiments/uint16_const_chain/tc_0003.c	/home/tephra/experiments/uint16_const_chain/in_0003	60	0	0	0	1.0000	1011.0667	1010.6479	1011.4854
honggfuzz	/home/tephra/experiments/uint16_const_chain/tc_0004.c	/home/tephra/experiments/uint16_const_chain/in_0004	60	0	0	0	1.0000	1217.9333	1215.0891	1220.7776
honggfuzz	/home/tephra/experiments/uint16_const_chain/tc_0005.c	/home/tephra/experiments/uint16_const_chain/in_0005	60	0	0	0	1.0000	5011.7833	4998.7152	5024.8514
honggfuzz	/home/tephra/experiments/uint16_const_chain/tc_0006.c	/home/tephra/experiments/uint16_const_chain/in_0006	60	0	0	0	1.0000	5228.4500	5211.0672	5245.8328
honggfuzz	/home/tephra/experiments/uint16_const_chain/tc_0007.c	/home/tephra/experiments/uint16_const_chain/in_0007	60	0	0	0	1.0000	9378.4333	9350.9281	9405.9386
honggfuzz	/home/tephra/experiments/uint16_const_chain/tc_0008.c	/home/tephra/experiments/uint16_const_chain/in_0008	60	0	0	0	1.0000	13552.1333	13510.0972	13594.1695
honggfuzz	/home/tephra/experiments/uint16_const_chain/tc_0009.c	/home/tephra/experiments/uint16_const_chain/in_0009	60	0	0	0	1.0000	49025.5333	47567.2760	50483.7907
honggfuzz	/home/tephra/experiments/uint16_const_chain/tc_0010.c	/home/tephra/experiments/uint16_const_chain/in_0010	60	0	0	0	1.0000	35575.4167	35000.4948	36150.3385
angora	/home/tephra/experiments/uint16_const_chain/tc_0001.c	/home/tephra/experiments/uint16_const_chain/in_0001	58	0	0	2	0.9667	1805.5690	1792.3387	1818.7992
angora	/home/tephra/experiments/uint16_const_chain/tc_0002.c	/home/tephra/experiments/uint16_const_chain/in_0002	60	0	0	0	1.0000	3163.6333	3140.3355	3186.9311
angora	/home/tephra/experiments/uint16_const_chain/tc_0003.c	/home/tephra/experiments/uint16_const_chain/in_0003	60	0	0	0	1.0000	4781.8167	4745.7346	4817.8988
angora	/home/tephra/experiments/uint16_const_chain/tc_0004.c	/home/tephra/experiments/uint16_const_chain/in_0004	59	0	0	1	0.9833	7638.2881	7595.9566	7680.6196
angora	/home/tephra/experiments/uint16_const_chain/tc_0005.c	/home/tephra/experiments/uint16_const_chain/in_0005	60	0	0	0	1.0000	8109.3500	8075.4136	8143.2864
angora	/home/tephra/experiments/uint16_const_chain/tc_0006.c	/home/tephra/experiments/uint16_const_chain/in_0006	60	0	0	0	1.0000	7003.6833	6987.0788	7020.2879
angora	/home/tephra/experiments/uint16_const_chain/tc_0007.c	/home/tephra/experiments/uint16_const_chain/in_0007	60	0	0	0	1.0000	7737.9167	7711.7687	7764.0646
angora	/home/tephra/experiments/uint16_const_chain/tc_0008.c	/home/tephra/experiments/uint16_const_chain/in_0008	60	0	0	0	1.0000	7319.7500	7288.5353	7350.9647
angora	/home/tephra/experiments/uint16_const_chain/tc_0009.c	/home/tephra/experiments/uint16_const_chain/in_0009	60	0	0	0	1.0000	9104.2333	9066.6325	9141.8341
angora	/home/tephra/experiments/uint16_const_chain/tc_0010.c	/home/tephra/experiments/uint16_const_chain/in_0010	59	0	0	1	0.9833	7392.1525	7363.2660	7421.0391
angora-mb	/home/tephra/experiments/uint16_const_chain/tc_0001.c	/home/tephra/experiments/uint16_const_chain/in_0001	60	0	0	0	1.0000	1751.3000	1745.4939	1757.1061
angora-mb	/home/tephra/experiments/uint16_const_chain/tc_0002.c	/home/tephra/experiments/uint16_const_chain/in_0002	60	0	0	0	1.0000	2067.0667	2060.2378	2073.8955
angora-mb	/home/tephra/experiments/uint16_const_chain/tc_0003.c	/home/tephra/experiments/uint16_const_chain/in_0003	60	0	0	0	1.0000	3085.2500	3071.3804	3099.1196
angora-mb	/home/tephra/experiments/uint16_const_chain/tc_0004.c	/home/tephra/experiments/uint16_const_chain/in_0004	60	0	0	0	1.0000	4001.8333	3982.5631	4021.1035
angora-mb	/home/tephra/experiments/uint16_const_chain/tc_0005.c	/home/tephra/experiments/uint16_const_chain/in_0005	60	0	0	0	1.0000	4402.4333	4386.1642	4418.7024
angora-mb	/home/tephra/experiments/uint16_const_chain/tc_0006.c	/home/tephra/experiments/uint16_const_chain/in_0006	59	0	0	1	0.9833	3882.3220	3863.6900	3900.9541
angora-mb	/home/tephra/experiments/uint16_const_chain/tc_0007.c	/home/tephra/experiments/uint16_const_chain/in_0007	60	0	0	0	1.0000	5469.2667	5447.2292	5491.3042
angora-mb	/home/tephra/experiments/uint16_const_chain/tc_0008.c	/home/tephra/experiments/uint16_const_chain/in_0008	60	0	0	0	1.0000	8922.4167	8890.2823	8954.5511
angora-mb	/home/tephra/experiments/uint16_const_chain/tc_0009.c	/home/tephra/experiments/uint16_const_chain/in_0009	59	0	0	1	0.9833	9361.9153	9317.1867	9406.6438
angora-mb	/home/tephra/experiments/uint16_const_chain/tc_0010.c	/home/tephra/experiments/uint16_const_chain/in_0010	58	0	0	2	0.9667	7796.2759	7769.8946	7822.6571
angora-random	/home/tephra/experiments/uint16_const_chain/tc_0001.c	/home/tephra/experiments/uint16_const_chain/in_0001	59	0	0	1	0.9833	123296.6271	120638.3732	125954.8810
angora-random	/home/tephra/experiments/uint16_const_chain/tc_0002.c	/home/tephra/experiments/uint16_const_chain/in_0002	60	0	0	0	1.0000	635072.7167	628480.0713	641665.3620
angora-random	/home/tephra/experiments/uint16_const_chain/tc_0003.c	/home/tephra/experiments/uint16_const_chain/in_0003	60	0	0	0	1.0000	823680.8167	817405.6600	829955.9734
angora-random	/home/tephra/experiments/uint16_const_chain/tc_0004.c	/home/tephra/experiments/uint16_const_chain/in_0004	60	0	0	0	1.0000	967276.7167	960841.6732	973711.7602
angora-random	/home/tephra/experiments/uint16_const_chain/tc_0005.c	/home/tephra/experiments/uint16_const_chain/in_0005	54	5	0	1	0.9000	1088074.1852	1080726.3011	1095422.0693
angora-random	/home/tephra/experiments/uint16_const_chain/tc_0006.c	/home/tephra/experiments/uint16_const_chain/in_0006	48	11	0	1	0.8000	1130723.7083	1125016.6223	1136430.7944
angora-random	/home/tephra/experiments/uint16_const_chain/tc_0007.c	/home/tephra/experiments/uint16_const_chain/in_0007	57	2	0	1	0.9500	941160.8246	937055.9408	945265.7083
angora-random	/home/tephra/experiments/uint16_const_chain/tc_0008.c	/home/tephra/experiments/uint16_const_chain/in_0008	59	0	0	1	0.9833	1321513.8305	1316351.5447	1326676.1163
angora-random	/home/tephra/experiments/uint16_const_chain/tc_0009.c	/home/tephra/experiments/uint16_const_chain/in_0009	58	2	0	0	0.9667	1393149.2586	1387765.7944	1398532.7229
angora-random	/home/tephra/experiments/uint16_const_chain/tc_0010.c	/home/tephra/experiments/uint16_const_chain/in_0010	60	0	0	0	1.0000	1203468.3833	1198342.7298	1208594.0369
afl-clang-fast	/home/tephra/experiments/uint16_const_chain/tc_0001.c	/home/tephra/experiments/uint16_const_chain/in_0001	60	0	0	0	1.0000	214155.2500	212362.2178	215948.2822
afl-clang-fast	/home/tephra/experiments/uint16_const_chain/tc_0002.c	/home/tephra/experiments/uint16_const_chain/in_0002	21	39	0	0	0.3500	-	-	-
afl-clang-fast	/home/tephra/experiments/uint16_const_chain/tc_0003.c	/home/tephra/experiments/uint16_const_chain/in_0003	0	60	0	0	0.0000	-	-	-
afl-clang-fast	/home/tephra/experiments/uint16_const_chain/tc_0004.c	/home/tephra/experiments/uint16_const_chain/in_0004	0	60	0	0	0.0000	-	-	-
afl-clang-fast	/home/tephra/experiments/uint16_const_chain/tc_0005.c	/home/tephra/experiments/uint16_const_chain/in_0005	0	60	0	0	0.0000	-	-	-
afl-clang-fast	/home/tephra/experiments/uint16_const_chain/tc_0006.c	/home/tephra/experiments/uint16_const_chain/in_0006	0	60	0	0	0.0000	-	-	-
afl-clang-fast	/home/tephra/experiments/uint16_const_chain/tc_0007.c	/home/tephra/experiments/uint16_const_chain/in_0007	0	60	0	0	0.0000	-	-	-
afl-clang-fast	/home/tephra/experiments/uint16_const_chain/tc_0008.c	/home/tephra/experiments/uint16_const_chain/in_0008	0	60	0	0	0.0000	-	-	-
afl-clang-fast	/home/tephra/experiments/uint16_const_chain/tc_0009.c	/home/tephra/experiments/uint16_const_chain/in_0009	0	60	0	0	0.0000	-	-	-
afl-clang-fast	/home/tephra/experiments/uint16_const_chain/tc_0010.c	/home/tephra/experiments/uint16_const_chain/in_0010	0	60	0	0	0.0000	-	-	-
afl-libtokencap	/home/tephra/experiments/uint16_const_chain/tc_0001.c	/home/tephra/experiments/uint16_const_chain/in_0001	60	0	0	0	1.0000	311709.4833	308828.7495	314590.2172
afl-libtokencap	/home/tephra/experiments/uint16_const_chain/tc_0002.c	/home/tephra/experiments/uint16_const_chain/in_0002	22	38	0	0	0.3667	-	-	-
afl-libtokencap	/home/tephra/experiments/uint16_const_chain/tc_0003.c	/home/tephra/experiments/uint16_const_chain/in_0003	0	60	0	0	0.0000	-	-	-
afl-libtokencap	/home/tephra/experiments/uint16_const_chain/tc_0004.c	/home/tephra/experiments/uint16_const_chain/in_0004	0	60	0	0	0.0000	-	-	-
afl-libtokencap	/home/tephra/experiments/uint16_const_chain/tc_0005.c	/home/tephra/experiments/uint16_const_chain/in_0005	0	60	0	0	0.0000	-	-	-
afl-libtokencap	/home/tephra/experiments/uint16_const_chain/tc_0006.c	/home/tephra/experiments/uint16_const_chain/in_0006	0	60	0	0	0.0000	-	-	-
afl-libtokencap	/home/tephra/experiments/uint16_const_chain/tc_0007.c	/home/tephra/experiments/uint16_const_chain/in_0007	0	60	0	0	0.0000	-	-	-
afl-libtokencap	/home/tephra/experiments/uint16_const_chain/tc_0008.c	/home/tephra/experiments/uint16_const_chain/in_0008	0	60	0	0	0.0000	-	-	-
afl-libtokencap	/home/tephra/experiments/uint16_const_chain/tc_0009.c	/home/tephra/experiments/uint16_const_chain/in_0009	0	60	0	0	0.0000	-	-	-
afl-libtokencap	/home/tephra/experiments/uint16_const_chain/tc_0010.c	/home/tephra/experiments/uint16_const_chain/in_0010	0	60	0	0	0.0000	-	-	-
libfuzzer	/home/tephra/experiments/uint16_const_chain/tc_0001.c	/home/tephra/experiments/uint16_const_chain/in_0001	60	0	0	0	1.0000	171.6333	171.5516	171.7151
libfuzzer	/home/tephra/experiments/uint16_const_chain/tc_0002.c	/home/tephra/experiments/uint16_const_chain/in_0002	60	0	0	0	1.0000	181.3000	181.2049	181.3951
libfuzzer	/home/tephra/experiments/uint16_const_chain/tc_0003.c	/home/tephra/experiments/uint16_const_chain/in_0003	60	0	0	0	1.0000	245.9333	245.4503	246.4163
libfuzzer	/home/tephra/experiments/uint16_const_chain/tc_0004.c	/home/tephra/experiments/uint16_const_chain/in_0004	60	0	0	0	1.0000	372.0500	370.8669	373.2331
libfuzzer	/home/tephra/experiments/uint16_const_chain/tc_0005.c	/home/tephra/experiments/uint16_const_chain/in_0005	60	0	0	0	1.0000	539.3500	537.1559	541.5441
libfuzzer	/home/tephra/experiments/uint16_const_chain/tc_0006.c	/home/tephra/experiments/uint16_const_chain/in_0006	60	0	0	0	1.0000	998.2000	993.5654	1002.8346
libfuzzer	/home/tephra/experiments/uint16_const_chain/tc_0007.c	/home/tephra/experiments/uint16_const_chain/in_0007	60	0	0	0	1.0000	1326.3167	1320.4439	1332.1895
libfuzzer	/home/tephra/experiments/uint16_const_chain/tc_0008.c	/home/tephra/experiments/uint16_const_chain/in_0008	60	0	0	0	1.0000	2267.7500	2257.8805	2277.6195
libfuzzer	/home/tephra/experiments/uint16_const_chain/tc_0009.c	/home/tephra/experiments/uint16_const_chain/in_0009	60	0	0	0	1.0000	2717.9333	2705.7367	2730.1300
libfuzzer	/home/tephra/experiments/uint16_const_chain/tc_0010.c	/home/tephra/experiments/uint16_const_chain/in_0010	60	0	0	0	1.0000	3845.2333	3825.8845	3864.5822
libfuzzer-entropic	/home/tephra/experiments/uint16_const_chain/tc_0001.c	/home/tephra/experiments/uint16_const_chain/in_0001	60	0	0	0	1.0000	158.7333	158.6822	158.7845
libfuzzer-entropic	/home/tephra/experiments/uint16_const_chain/tc_0002.c	/home/tephra/experiments/uint16_const_chain/in_0002	60	0	0	0	1.0000	168.3667	168.1497	168.5836
libfuzzer-entropic	/home/tephra/experiments/uint16_const_chain/tc_0003.c	/home/tephra/experiments/uint16_const_chain/in_0003	60	0	0	0	1.0000	258.9000	257.9764	259.8236
libfuzzer-entropic	/home/tephra/experiments/uint16_const_chain/tc_0004.c	/home/tephra/experiments/uint16_const_chain/in_0004	60	0	0	0	1.0000	441.8500	439.8412	443.8588
libfuzzer-entropic	/home/tephra/experiments/uint16_const_chain/tc_0005.c	/home/tephra/experiments/uint16_const_chain/in_0005	60	0	0	0	1.0000	789.5667	786.2161	792.9172
libfuzzer-entropic	/home/tephra/experiments/uint16_const_chain/tc_0006.c	/home/tephra/experiments/uint16_const_chain/in_0006	60	0	0	0	1.0000	1499.4500	1491.7034	1507.1966
libfuzzer-entropic	/home/tephra/experiments/uint16_const_chain/tc_0007.c	/home/tephra/experiments/uint16_const_chain/in_0007	60	0	0	0	1.0000	2716.2167	2700.3071	2732.1263
libfuzzer-entropic	/home/tephra/experiments/uint16_const_chain/tc_0008.c	/home/tephra/experiments/uint16_const_chain/in_0008	60	0	0	0	1.0000	3407.4833	3386.0453	3428.9213
libfuzzer-entropic	/home/tephra/experiments/uint16_const_chain/tc_0009.c	/home/tephra/experiments/uint16_const_chain/in_0009	60	0	0	0	1.0000	4676.6333	4653.8627	4699.4039
libfuzzer-entropic	/home/tephra/experiments/uint16_const_chain/tc_0010.c	/home/tephra/experiments/uint16_const_chain/in_0010	60	0	0	0	1.0000	5736.3833	5706.3449	5766.4218
wingfuzz	/home/tephra/experiments/uint16_const_chain/tc_0001.c	/home/tephra/experiments/uint16_const_chain/in_0001	60	0	0	0	1.0000	16.8333	16.6772	16.9895
wingfuzz	/home/tephra/experiments/uint16_const_chain/tc_0002.c	/home/tephra/experiments/uint16_const_chain/in_0002	60	0	0	0	1.0000	72.0000	71.1216	72.8784
wingfuzz	/home/tephra/experiments/uint16_const_chain/tc_0003.c	/home/tephra/experiments/uint16_const_chain/in_0003	60	0	0	0	1.0000	326.8000	322.5484	331.0516
wingfuzz	/home/tephra/experiments/uint16_const_chain/tc_0004.c	/home/tephra/experiments/uint16_const_chain/in_0004	60	0	0	0	1.0000	491.9500	485.7651	498.1349
wingfuzz	/home/tephra/experiments/uint16_const_chain/tc_0005.c	/home/tephra/experiments/uint16_const_chain/in_0005	60	0	0	0	1.0000	687.1667	678.8195	695.5139
wingfuzz	/home/tephra/experiments/uint16_const_chain/tc_0006.c	/home/tephra/experiments/uint16_const_chain/in_0006	60	0	0	0	1.0000	1506.8167	1475.3694	1538.2639
wingfuzz	/home/tephra/experiments/uint16_const_chain/tc_0007.c	/home/tephra/experiments/uint16_const_chain/in_0007	59	1	0	0	0.9833	4711.2712	4627.6845	4794.8579
wingfuzz	/home/tephra/experiments/uint16_const_chain/tc_0008.c	/home/tephra/experiments/uint16_const_chain/in_0008	60	0	0	0	1.0000	4402.2667	4327.2000	4477.3334
wingfuzz	/home/tephra/experiments/uint16_const_chain/tc_0009.c	/home/tephra/experiments/uint16_const_chain/in_0009	60	0	0	0	1.0000	4121.0167	4075.4490	4166.5844
wingfuzz	/home/tephra/experiments/uint16_const_chain/tc_0010.c	/home/tephra/experiments/uint16_const_chain/in_0010	60	0	0	0	1.0000	3321.6333	3266.0544	3377.2123
libafl	/home/tephra/experiments/uint16_const_chain/tc_0001.c	/home/tephra/experiments/uint16_const_chain/in_0001	60	0	0	0	1.0000	10.0833	10.0692	10.0975
libafl	/home/tephra/experiments/uint16_const_chain/tc_0002.c	/home/tephra/experiments/uint16_const_chain/in_0002	60	0	0	0	1.0000	9.7333	9.7212	9.7454
libafl	/home/tephra/experiments/uint16_const_chain/tc_0003.c	/home/tephra/experiments/uint16_const_chain/in_0003	60	0	0	0	1.0000	11.3333	11.3169	11.3498
libafl	/home/tephra/experiments/uint16_const_chain/tc_0004.c	/home/tephra/experiments/uint16_const_chain/in_0004	60	0	0	0	1.0000	10.7000	10.6836	10.7164
libafl	/home/tephra/experiments/uint16_const_chain/tc_0005.c	/home/tephra/experiments/uint16_const_chain/in_0005	60	0	0	0	1.0000	9.9667	9.9508	9.9826
libafl	/home/tephra/experiments/uint16_const_chain/tc_0006.c	/home/tephra/experiments/uint16_const_chain/in_0006	60	0	0	0	1.0000	11.6833	11.6591	11.7076
libafl	/home/tephra/experiments/uint16_const_chain/tc_0007.c	/home/tephra/experiments/uint16_const_chain/in_0007	60	0	0	0	1.0000	11.5833	11.5665	11.6002
libafl	/home/tephra/experiments/uint16_const_chain/tc_0008.c	/home/tephra/experiments/uint16_const_chain/in_0008	0	60	0	0	0.0000	-	-	-
libafl	/home/tephra/experiments/uint16_const_chain/tc_0009.c	/home/tephra/experiments/uint16_const_chain/in_0009	0	60	0	0	0.0000	-	-	-
libafl	/home/tephra/experiments/uint16_const_chain/tc_0010.c	/home/tephra/experiments/uint16_const_chain/in_0010	0	60	0	0	0.0000	-	-	-
libafl-libfuzzer	/home/tephra/experiments/uint16_const_chain/tc_0001.c	/home/tephra/experiments/uint16_const_chain/in_0001	60	0	0	0	1.0000	1527.6000	1518.2413	1536.9587
libafl-libfuzzer	/home/tephra/experiments/uint16_const_chain/tc_0002.c	/home/tephra/experiments/uint16_const_chain/in_0002	58	2	0	0	0.9667	357427.9483	353681.2257	361174.6708
libafl-libfuzzer	/home/tephra/experiments/uint16_const_chain/tc_0003.c	/home/tephra/experiments/uint16_const_chain/in_0003	49	11	0	0	0.8167	541416.2041	533800.4807	549031.9274
libafl-libfuzzer	/home/tephra/experiments/uint16_const_chain/tc_0004.c	/home/tephra/experiments/uint16_const_chain/in_0004	44	16	0	0	0.7333	1251543.7273	1243461.5770	1259625.8776
libafl-libfuzzer	/home/tephra/experiments/uint16_const_chain/tc_0005.c	/home/tephra/experiments/uint16_const_chain/in_0005	41	19	0	0	0.6833	237697.1951	230480.9732	244913.4170
libafl-libfuzzer	/home/tephra/experiments/uint16_const_chain/tc_0006.c	/home/tephra/experiments/uint16_const_chain/in_0006	13	47	0	0	0.2167	-	-	-
libafl-libfuzzer	/home/tephra/experiments/uint16_const_chain/tc_0007.c	/home/tephra/experiments/uint16_const_chain/in_0007	0	60	0	0	0.0000	-	-	-
libafl-libfuzzer	/home/tephra/experiments/uint16_const_chain/tc_0008.c	/home/tephra/experiments/uint16_const_chain/in_0008	0	60	0	0	0.0000	-	-	-
libafl-libfuzzer	/home/tephra/experiments/uint16_const_chain/tc_0009.c	/home/tephra/experiments/uint16_const_chain/in_0009	0	60	0	0	0.0000	-	-	-
libafl-libfuzzer	/home/tephra/experiments/uint16_const_chain/tc_0010.c	/home/tephra/experiments/uint16_const_chain/in_0010	0	59	1	0	0.0000	-	-	-
ddfuzz	/home/tephra/experiments/uint16_const_chain/tc_0001.c	/home/tephra/experiments/uint16_const_chain/in_0001	60	0	0	0	1.0000	83406.5167	82811.9309	84001.1024
ddfuzz	/home/tephra/experiments/uint16_const_chain/tc_0002.c	/home/tephra/experiments/uint16_const_chain/in_0002	46	14	0	0	0.7667	1502360.9348	1493185.7647	1511536.1048
ddfuzz	/home/tephra/experiments/uint16_const_chain/tc_0003.c	/home/tephra/experiments/uint16_const_chain/in_0003	1	59	0	0	0.0167	-	-	-
ddfuzz	/home/tephra/experiments/uint16_const_chain/tc_0004.c	/home/tephra/experiments/uint16_const_chain/in_0004	0	60	0	0	0.0000	-	-	-
ddfuzz	/home/tephra/experiments/uint16_const_chain/tc_0005.c	/home/tephra/experiments/uint16_const_chain/in_0005	1	59	0	0	0.0167	-	-	-
ddfuzz	/home/tephra/experiments/uint16_const_chain/tc_0006.c	/home/tephra/experiments/uint16_const_chain/in_0006	4	56	0	0	0.0667	-	-	-
ddfuzz	/home/tephra/experiments/uint16_const_chain/tc_0007.c	/home/tephra/experiments/uint16_const_chain/in_0007	0	60	0	0	0.0000	-	-	-
ddfuzz	/home/tephra/experiments/uint16_const_chain/tc_0008.c	/home/tephra/experiments/uint16_const_chain/in_0008	0	60	0	0	0.0000	-	-	-
ddfuzz	/home/tephra/experiments/uint16_const_chain/tc_0009.c	/home/tephra/experiments/uint16_const_chain/in_0009	0	60	0	0	0.0000	-	-	-
ddfuzz	/home/tephra/experiments/uint16_const_chain/tc_0010.c	/home/tephra/experiments/uint16_const_chain/in_0010	0	60	0	0	0.0000	-	-	-
fairfuzz	/home/tephra/experiments/uint16_const_chain/tc_0001.c	/home/tephra/experiments/uint16_const_chain/in_0001	60	0	0	0	1.0000	38378.4000	38109.5882	38647.2118
fairfuzz	/home/tephra/experiments/uint16_const_chain/tc_0002.c	/home/tephra/experiments/uint16_const_chain/in_0002	60	0	0	0	1.0000	92214.1333	91573.9595	92854.3071
fairfuzz	/home/tephra/experiments/uint16_const_chain/tc_0003.c	/home/tephra/experiments/uint16_const_chain/in_0003	58	2	0	0	0.9667	816111.9483	809551.7006	822672.1959
fairfuzz	/home/tephra/experiments/uint16_const_chain/tc_0004.c	/home/tephra/experiments/uint16_const_chain/in_0004	60	0	0	0	1.0000	150210.3667	148616.2474	151804.4859
fairfuzz	/home/tephra/experiments/uint16_const_chain/tc_0005.c	/home/tephra/experiments/uint16_const_chain/in_0005	53	7	0	0	0.8833	1132634.0377	1125191.9858	1140076.0897
fairfuzz	/home/tephra/experiments/uint16_const_chain/tc_0006.c	/home/tephra/experiments/uint16_const_chain/in_0006	60	0	0	0	1.0000	234382.5833	232797.1668	235967.9999
fairfuzz	/home/tephra/experiments/uint16_const_chain/tc_0007.c	/home/tephra/experiments/uint16_const_chain/in_0007	51	9	0	0	0.8500	1159476.9020	1151326.0230	1167627.7809
fairfuzz	/home/tephra/experiments/uint16_const_chain/tc_0008.c	/home/tephra/experiments/uint16_const_chain/in_0008	19	41	0	0	0.3167	-	-	-
fairfuzz	/home/tephra/experiments/uint16_const_chain/tc_0009.c	/home/tephra/experiments/uint16_const_chain/in_0009	3	57	0	0	0.0500	-	-	-
fairfuzz	/home/tephra/experiments/uint16_const_chain/tc_0010.c	/home/tephra/experiments/uint16_const_chain/in_0010	8	52	0	0	0.1333	-	-	-
ecofuzz	/home/tephra/experiments/uint16_const_chain/tc_0001.c	/home/tephra/experiments/uint16_const_chain/in_0001	60	0	0	0	1.0000	148597.5167	147536.1836	149658.8497
ecofuzz	/home/tephra/experiments/uint16_const_chain/tc_0002.c	/home/tephra/experiments/uint16_const_chain/in_0002	24	36	0	0	0.4000	-	-	-
ecofuzz	/home/tephra/experiments/uint16_const_chain/tc_0003.c	/home/tephra/experiments/uint16_const_chain/in_0003	1	59	0	0	0.0167	-	-	-
ecofuzz	/home/tephra/experiments/uint16_const_chain/tc_0004.c	/home/tephra/experiments/uint16_const_chain/in_0004	0	60	0	0	0.0000	-	-	-
ecofuzz	/home/tephra/experiments/uint16_const_chain/tc_0005.c	/home/tephra/experiments/uint16_const_chain/in_0005	0	60	0	0	0.0000	-	-	-
ecofuzz	/home/tephra/experiments/uint16_const_chain/tc_0006.c	/home/tephra/experiments/uint16_const_chain/in_0006	2	58	0	0	0.0333	-	-	-
ecofuzz	/home/tephra/experiments/uint16_const_chain/tc_0007.c	/home/tephra/experiments/uint16_const_chain/in_0007	0	60	0	0	0.0000	-	-	-
ecofuzz	/home/tephra/experiments/uint16_const_chain/tc_0008.c	/home/tephra/experiments/uint16_const_chain/in_0008	0	60	0	0	0.0000	-	-	-
ecofuzz	/home/tephra/experiments/uint16_const_chain/tc_0009.c	/home/tephra/experiments/uint16_const_chain/in_0009	0	60	0	0	0.0000	-	-	-
ecofuzz	/home/tephra/experiments/uint16_const_chain/tc_0010.c	/home/tephra/experiments/uint16_const_chain/in_0010	0	60	0	0	0.0000	-	-	-
fafuzz	/home/tephra/experiments/uint16_const_chain/tc_0001.c	/home/tephra/experiments/uint16_const_chain/in_0001	60	0	0	0	1.0000	54844.6833	54373.9337	55315.4329
fafuzz	/home/tephra/experiments/uint16_const_chain/tc_0002.c	/home/tephra/experiments/uint16_const_chain/in_0002	60	0	0	0	1.0000	806238.4667	800516.6085	811960.3249
fafuzz	/home/tephra/experiments/uint16_const_chain/tc_0003.c	/home/tephra/experiments/uint16_const_chain/in_0003	2	58	0	0	0.0333	-	-	-
fafuzz	/home/tephra/experiments/uint16_const_chain/tc_0004.c	/home/tephra/experiments/uint16_const_chain/in_0004	10	50	0	0	0.1667	-	-	-
fafuzz	/home/tephra/experiments/uint16_const_chain/tc_0005.c	/home/tephra/experiments/uint16_const_chain/in_0005	0	60	0	0	0.0000	-	-	-
fafuzz	/home/tephra/experiments/uint16_const_chain/tc_0006.c	/home/tephra/experiments/uint16_const_chain/in_0006	2	58	0	0	0.0333	-	-	-
fafuzz	/home/tephra/experiments/uint16_const_chain/tc_0007.c	/home/tephra/experiments/uint16_const_chain/in_0007	0	60	0	0	0.0000	-	-	-
fafuzz	/home/tephra/experiments/uint16_const_chain/tc_0008.c	/home/tephra/experiments/uint16_const_chain/in_0008	0	60	0	0	0.0000	-	-	-
fafuzz	/home/tephra/experiments/uint16_const_chain/tc_0009.c	/home/tephra/experiments/uint16_const_chain/in_0009	0	60	0	0	0.0000	-	-	-
fafuzz	/home/tephra/experiments/uint16_const_chain/tc_0010.c	/home/tephra/experiments/uint16_const_chain/in_0010	0	60	0	0	0.0000	-	-	-
darwin	/home/tephra/experiments/uint16_const_chain/tc_0001.c	/home/tephra/experiments/uint16_const_chain/in_0001	60	0	0	0	1.0000	53600.4833	53203.0803	53997.8863
darwin	/home/tephra/experiments/uint16_const_chain/tc_0002.c	/home/tephra/experiments/uint16_const_chain/in_0002	22	38	0	0	0.3667	-	-	-
darwin	/home/tephra/experiments/uint16_const_chain/tc_0003.c	/home/tephra/experiments/uint16_const_chain/in_0003	3	57	0	0	0.0500	-	-	-
darwin	/home/tephra/experiments/uint16_const_chain/tc_0004.c	/home/tephra/experiments/uint16_const_chain/in_0004	8	52	0	0	0.1333	-	-	-
darwin	/home/tephra/experiments/uint16_const_chain/tc_0005.c	/home/tephra/experiments/uint16_const_chain/in_0005	0	60	0	0	0.0000	-	-	-
darwin	/home/tephra/experiments/uint16_const_chain/tc_0006.c	/home/tephra/experiments/uint16_const_chain/in_0006	11	49	0	0	0.1833	-	-	-
darwin	/home/tephra/experiments/uint16_const_chain/tc_0007.c	/home/tephra/experiments/uint16_const_chain/in_0007	1	59	0	0	0.0167	-	-	-
darwin	/home/tephra/experiments/uint16_const_chain/tc_0008.c	/home/tephra/experiments/uint16_const_chain/in_0008	0	60	0	0	0.0000	-	-	-
darwin	/home/tephra/experiments/uint16_const_chain/tc_0009.c	/home/tephra/experiments/uint16_const_chain/in_0009	0	60	0	0	0.0000	-	-	-
darwin	/home/tephra/experiments/uint16_const_chain/tc_0010.c	/home/tephra/experiments/uint16_const_chain/in_0010	0	60	0	0	0.0000	-	-	-
libfuzzer	/home/tephra/experiments/uint16_const_chain_exp/tc_0016.c	/home/tephra/experiments/uint16_const_chain_exp/in_0016	60	0	0	0	1.0000	27153.1167	27005.6160	27300.6173
libfuzzer	/home/tephra/experiments/uint16_const_chain_exp/tc_0032.c	/home/tephra/experiments/uint16_const_chain_exp/in_0032	43	17	0	0	0.7167	140335.0698	139749.3627	140920.7768
libfuzzer	/home/tephra/experiments/uint16_const_chain_exp/tc_0064.c	/home/tephra/experiments/uint16_const_chain_exp/in_0064	38	22	0	0	0.6333	543887.2368	541608.9881	546165.4856
libfuzzer	/home/tephra/experiments/uint16_const_chain_exp/tc_0128.c	/home/tephra/experiments/uint16_const_chain_exp/in_0128	11	49	0	0	0.1833	-	-	-
libfuzzer	/home/tephra/experiments/uint16_const_chain_exp/tc_0256.c	/home/tephra/experiments/uint16_const_chain_exp/in_0256	3	57	0	0	0.0500	-	-	-
libfuzzer	/home/tephra/experiments/uint16_const_chain_exp/tc_0512.c	/home/tephra/experiments/uint16_const_chain_exp/in_0512	0	60	0	0	0.0000	-	-	-
libfuzzer	/home/tephra/experiments/uint16_const_chain_exp/tc_1024.c	/home/tephra/experiments/uint16_const_chain_exp/in_1024	0	60	0	0	0.0000	-	-	-
libfuzzer	/home/tephra/experiments/uint16_const_chain_exp/tc_2048.c	/home/tephra/experiments/uint16_const_chain_exp/in_2048	0	60	0	0	0.0000	-	-	-
libfuzzer	/home/tephra/experiments/uint16_const_chain_exp/tc_4096.c	/home/tephra/experiments/uint16_const_chain_exp/in_4096	0	60	0	0	0.0000	-	-	-
honggfuzz	/home/tephra/experiments/uint16_const_chain_exp/tc_0016.c	/home/tephra/experiments/uint16_const_chain_exp/in_0016	60	0	0	0	1.0000	94990.9833	94025.1887	95956.7779
honggfuzz	/home/tephra/experiments/uint16_const_chain_exp/tc_0032.c	/home/tephra/experiments/uint16_const_chain_exp/in_0032	40	20	0	0	0.6667	1831569.9750	1822293.8428	1840846.1072
honggfuzz	/home/tephra/experiments/uint16_const_chain_exp/tc_0064.c	/home/tephra/experiments/uint16_const_chain_exp/in_0064	0	60	0	0	0.0000	-	-	-
honggfuzz	/home/tephra/experiments/uint16_const_chain_exp/tc_0128.c	/home/tephra/experiments/uint16_const_chain_exp/in_0128	0	60	0	0	0.0000	-	-	-
honggfuzz	/home/tephra/experiments/uint16_const_chain_exp/tc_0256.c	/home/tephra/experiments/uint16_const_chain_exp/in_0256	0	60	0	0	0.0000	-	-	-
honggfuzz	/home/tephra/experiments/uint16_const_chain_exp/tc_0512.c	/home/tephra/experiments/uint16_const_chain_exp/in_0512	0	60	0	0	0.0000	-	-	-
honggfuzz	/home/tephra/experiments/uint16_const_chain_exp/tc_1024.c	/home/tephra/experiments/uint16_const_chain_exp/in_1024	0	60	0	0	0.0000	-	-	-
honggfuzz	/home/tephra/experiments/uint16_const_chain_exp/tc_2048.c	/home/tephra/experiments/uint16_const_chain_exp/in_2048	0	60	0	0	0.0000	-	-	-
honggfuzz	/home/tephra/experiments/uint16_const_chain_exp/tc_4096.c	/home/tephra/experiments/uint16_const_chain_exp/in_4096	0	60	0	0	0.0000	-	-	-
angora	/home/tephra/experiments/uint16_const_chain_exp/tc_0016.c	/home/tephra/experiments/uint16_const_chain_exp/in_0016	60	0	0	0	1.0000	24052.1167	23886.5976	24217.6358
angora	/home/tephra/experiments/uint16_const_chain_exp/tc_0032.c	/home/tephra/experiments/uint16_const_chain_exp/in_0032	60	0	0	0	1.0000	29552.5667	29455.3519	29649.7814
angora	/home/tephra/experiments/uint16_const_chain_exp/tc_0064.c	/home/tephra/experiments/uint16_const_chain_exp/in_0064	60	0	0	0	1.0000	27220.4167	27090.3041	27350.5292
angora	/home/tephra/experiments/uint16_const_chain_exp/tc_0128.c	/home/tephra/experiments/uint16_const_chain_exp/in_0128	59	0	0	1	0.9833	61686.7119	61357.2356	62016.1881
angora	/home/tephra/experiments/uint16_const_chain_exp/tc_0256.c	/home/tephra/experiments/uint16_const_chain_exp/in_0256	59	0	0	1	0.9833	114007.2881	113582.2916	114432.2847
angora	/home/tephra/experiments/uint16_const_chain_exp/tc_0512.c	/home/tephra/experiments/uint16_const_chain_exp/in_0512	59	0	0	1	0.9833	227644.2712	226619.3741	228669.1682
angora	/home/tephra/experiments/uint16_const_chain_exp/tc_1024.c	/home/tephra/experiments/uint16_const_chain_exp/in_1024	60	0	0	0	1.0000	507733.7333	506098.5527	509368.9139
angora	/home/tephra/experiments/uint16_const_chain_exp/tc_2048.c	/home/tephra/experiments/uint16_const_chain_exp/in_2048	60	0	0	0	1.0000	998793.7333	997392.0344	1000195.4323
angora	/home/tephra/experiments/uint16_const_chain_exp/tc_4096.c	/home/tephra/experiments/uint16_const_chain_exp/in_4096	60	0	0	0	1.0000	2396196.2833	2395440.9167	2396951.6500
angora-mb	/home/tephra/experiments/uint16_const_chain_exp/tc_0016.c	/home/tephra/experiments/uint16_const_chain_exp/in_0016	60	0	0	0	1.0000	7153.0500	7127.2346	7178.8654
angora-mb	/home/tephra/experiments/uint16_const_chain_exp/tc_0032.c	/home/tephra/experiments/uint16_const_chain_exp/in_0032	60	0	0	0	1.0000	29817.9167	29657.3330	29978.5004
angora-mb	/home/tephra/experiments/uint16_const_chain_exp/tc_0064.c	/home/tephra/experiments/uint16_const_chain_exp/in_0064	60	0	0	0	1.0000	31057.9833	30965.5298	31150.4369
angora-mb	/home/tephra/experiments/uint16_const_chain_exp/tc_0128.c	/home/tephra/experiments/uint16_const_chain_exp/in_0128	59	0	0	1	0.9833	66133.5932	65890.9927	66376.1937
angora-mb	/home/tephra/experiments/uint16_const_chain_exp/tc_0256.c	/home/tephra/experiments/uint16_const_chain_exp/in_0256	60	0	0	0	1.0000	130191.4667	129816.2949	130566.6385
angora-mb	/home/tephra/experiments/uint16_const_chain_exp/tc_0512.c	/home/tephra/experiments/uint16_const_chain_exp/in_0512	60	0	0	0	1.0000	224367.7500	223875.4844	224860.0156
angora-mb	/home/tephra/experiments/uint16_const_chain_exp/tc_1024.c	/home/tephra/experiments/uint16_const_chain_exp/in_1024	60	0	0	0	1.0000	491082.7000	490412.3837	491753.0163
angora-mb	/home/tephra/experiments/uint16_const_chain_exp/tc_2048.c	/home/tephra/experiments/uint16_const_chain_exp/in_2048	60	0	0	0	1.0000	1065540.3167	1063820.0584	1067260.5749
angora-mb	/home/tephra/experiments/uint16_const_chain_exp/tc_4096.c	/home/tephra/experiments/uint16_const_chain_exp/in_4096	60	0	0	0	1.0000	2478245.8500	2477011.7027	2479479.9973
angora-random	/home/tephra/experiments/uint16_const_chain_exp/tc_0016.c	/home/tephra/experiments/uint16_const_chain_exp/in_0016	6	54	0	0	0.1000	-	-	-
angora-random	/home/tephra/experiments/uint16_const_chain_exp/tc_0032.c	/home/tephra/experiments/uint16_const_chain_exp/in_0032	0	60	0	0	0.0000	-	-	-
angora-random	/home/tephra/experiments/uint16_const_chain_exp/tc_0064.c	/home/tephra/experiments/uint16_const_chain_exp/in_0064	0	60	0	0	0.0000	-	-	-
angora-random	/home/tephra/experiments/uint16_const_chain_exp/tc_0128.c	/home/tephra/experiments/uint16_const_chain_exp/in_0128	0	60	0	0	0.0000	-	-	-
angora-random	/home/tephra/experiments/uint16_const_chain_exp/tc_0256.c	/home/tephra/experiments/uint16_const_chain_exp/in_0256	0	60	0	0	0.0000	-	-	-
angora-random	/home/tephra/experiments/uint16_const_chain_exp/tc_0512.c	/home/tephra/experiments/uint16_const_chain_exp/in_0512	0	60	0	0	0.0000	-	-	-
angora-random	/home/tephra/experiments/uint16_const_chain_exp/tc_1024.c	/home/tephra/experiments/uint16_const_chain_exp/in_1024	0	60	0	0	0.0000	-	-	-
angora-random	/home/tephra/experiments/uint16_const_chain_exp/tc_2048.c	/home/tephra/experiments/uint16_const_chain_exp/in_2048	0	60	0	0	0.0000	-	-	-
angora-random	/home/tephra/experiments/uint16_const_chain_exp/tc_4096.c	/home/tephra/experiments/uint16_const_chain_exp/in_4096	0	60	0	0	0.0000	-	-	-
libfuzzer-entropic	/home/tephra/experiments/uint16_const_chain/tc_0016.c	/home/tephra/experiments/uint16_const_chain/in_0016	60	0	0	0	1.0000	20731.5833	20639.9174	20823.2493
libfuzzer-entropic	/home/tephra/experiments/uint16_const_chain/tc_0032.c	/home/tephra/experiments/uint16_const_chain/in_0032	44	16	0	0	0.7333	179867.4091	177024.1287	182710.6895
libfuzzer-entropic	/home/tephra/experiments/uint16_const_chain/tc_0064.c	/home/tephra/experiments/uint16_const_chain/in_0064	23	37	0	0	0.3833	-	-	-
libfuzzer-entropic	/home/tephra/experiments/uint16_const_chain/tc_0128.c	/home/tephra/experiments/uint16_const_chain/in_0128	21	39	0	0	0.3500	-	-	-
libfuzzer-entropic	/home/tephra/experiments/uint16_const_chain/tc_0256.c	/home/tephra/experiments/uint16_const_chain/in_0256	14	46	0	0	0.2333	-	-	-
libfuzzer-entropic	/home/tephra/experiments/uint16_const_chain/tc_0512.c	/home/tephra/experiments/uint16_const_chain/in_0512	0	60	0	0	0.0000	-	-	-
libfuzzer-entropic	/home/tephra/experiments/uint16_const_chain/tc_1024.c	/home/tephra/experiments/uint16_const_chain/in_1024	0	60	0	0	0.0000	-	-	-
libfuzzer-entropic	/home/tephra/experiments/uint16_const_chain/tc_2048.c	/home/tephra/experiments/uint16_const_chain/in_2048	0	60	0	0	0.0000	-	-	-
libfuzzer-entropic	/home/tephra/experiments/uint16_const_chain/tc_4096.c	/home/tephra/experiments/uint16_const_chain/in_4096	0	60	0	0	0.0000	-	-	-
wingfuzz	/home/tephra/experiments/uint16_const_chain/tc_0016.c	/home/tephra/experiments/uint16_const_chain/in_0016	59	1	0	0	0.9833	51799.5763	49822.0205	53777.1320
wingfuzz	/home/tephra/experiments/uint16_const_chain/tc_0032.c	/home/tephra/experiments/uint16_const_chain/in_0032	56	4	0	0	0.9333	45495.5893	45077.3442	45913.8343
wingfuzz	/home/tephra/experiments/uint16_const_chain/tc_0064.c	/home/tephra/experiments/uint16_const_chain/in_0064	46	14	0	0	0.7667	144426.4565	143171.5532	145681.3598
wingfuzz	/home/tephra/experiments/uint16_const_chain/tc_0128.c	/home/tephra/experiments/uint16_const_chain/in_0128	31	29	0	0	0.5167	356229.8387	353330.1244	359129.5530
wingfuzz	/home/tephra/experiments/uint16_const_chain/tc_0256.c	/home/tephra/experiments/uint16_const_chain/in_0256	19	41	0	0	0.3167	-	-	-
wingfuzz	/home/tephra/experiments/uint16_const_chain/tc_0512.c	/home/tephra/experiments/uint16_const_chain/in_0512	0	60	0	0	0.0000	-	-	-
wingfuzz	/home/tephra/experiments/uint16_const_chain/tc_1024.c	/home/tephra/experiments/uint16_const_chain/in_1024	0	60	0	0	0.0000	-	-	-
wingfuzz	/home/tephra/experiments/uint16_const_chain/tc_2048.c	/home/tephra/experiments/uint16_const_chain/in_2048	0	60	0	0	0.0000	-	-	-
wingfuzz	/home/tephra/experiments/uint16_const_chain/tc_4096.c	/home/tephra/experiments/uint16_const_chain/in_4096	0	60	0	0	0.0000	-	-	-
angora	/home/tephra/experiments/uint16_const_chain/tc_8192.c	/home/tephra/experiments/uint16_const_chain/in_8192	0	0	0	60	0.0000	-	-	-
angora	/home/tephra/experiments/uint16_const_chain/tc_16384.c	/home/tephra/experiments/uint16_const_chain/in_16384	0	0	0	60	0.0000	-	-	-
angora	/home/tephra/experiments/uint16_const_chain/tc_32768.c	/home/tephra/experiments/uint16_const_chain/in_32768	0	0	0	60	0.0000	-	-	-
angora-mb	/home/tephra/experiments/uint16_const_chain/tc_8192.c	/home/tephra/experiments/uint16_const_chain/in_8192	0	0	0	60	0.0000	-	-	-
angora-mb	/home/tephra/experiments/uint16_const_chain/tc_16384.c	/home/tephra/experiments/uint16_const_chain/in_16384	0	0	0	60	0.0000	-	-	-
angora-mb	/home/tephra/experiments/uint16_const_chain/tc_32768.c	/home/tephra/experiments/uint16_const_chain/in_32768	0	0	0	60	0.0000	-	-	-
aflgo	/home/tephra/experiments/uint16_const_chain/tc_0001.c	/home/tephra/experiments/uint16_const_chain/in_0001	60	0	0	0	1.0000	123974.7333	122959.4459	124990.0208
aflgo	/home/tephra/experiments/uint16_const_chain/tc_0002.c	/home/tephra/experiments/uint16_const_chain/in_0002	37	23	0	0	0.6167	1766464.5135	1756362.8049	1776566.2221
aflgo	/home/tephra/experiments/uint16_const_chain/tc_0003.c	/home/tephra/experiments/uint16_const_chain/in_0003	0	60	0	0	0.0000	-	-	-
aflgo	/home/tephra/experiments/uint16_const_chain/tc_0004.c	/home/tephra/experiments/uint16_const_chain/in_0004	0	60	0	0	0.0000	-	-	-
aflgo	/home/tephra/experiments/uint16_const_chain/tc_0005.c	/home/tephra/experiments/uint16_const_chain/in_0005	0	60	0	0	0.0000	-	-	-
aflgo	/home/tephra/experiments/uint16_const_chain/tc_0006.c	/home/tephra/experiments/uint16_const_chain/in_0006	0	60	0	0	0.0000	-	-	-
aflgo	/home/tephra/experiments/uint16_const_chain/tc_0007.c	/home/tephra/experiments/uint16_const_chain/in_0007	0	60	0	0	0.0000	-	-	-
aflgo	/home/tephra/experiments/uint16_const_chain/tc_0008.c	/home/tephra/experiments/uint16_const_chain/in_0008	0	60	0	0	0.0000	-	-	-
aflgo	/home/tephra/experiments/uint16_const_chain/tc_0009.c	/home/tephra/experiments/uint16_const_chain/in_0009	0	60	0	0	0.0000	-	-	-
aflgo	/home/tephra/experiments/uint16_const_chain/tc_0010.c	/home/tephra/experiments/uint16_const_chain/in_0010	0	60	0	0	0.0000	-	-	-
afl++-qemu-cmplog	/home/tephra/experiments/uint16_const_chain/tc_0001.c	/home/tephra/experiments/uint16_const_chain/in_0001	60	0	0	0	1.0000	10354.8333	10288.7676	10420.8991
afl++-qemu-cmplog	/home/tephra/experiments/uint16_const_chain/tc_0002.c	/home/tephra/experiments/uint16_const_chain/in_0002	60	0	0	0	1.0000	815408.0500	808527.9063	822288.1937
afl++-qemu-cmplog	/home/tephra/experiments/uint16_const_chain/tc_0003.c	/home/tephra/experiments/uint16_const_chain/in_0003	12	48	0	0	0.2000	-	-	-
afl++-qemu-cmplog	/home/tephra/experiments/uint16_const_chain/tc_0004.c	/home/tephra/experiments/uint16_const_chain/in_0004	0	60	0	0	0.0000	-	-	-
afl++-qemu-cmplog	/home/tephra/experiments/uint16_const_chain/tc_0005.c	/home/tephra/experiments/uint16_const_chain/in_0005	0	60	0	0	0.0000	-	-	-
afl++-qemu-cmplog	/home/tephra/experiments/uint16_const_chain/tc_0006.c	/home/tephra/experiments/uint16_const_chain/in_0006	0	60	0	0	0.0000	-	-	-
afl++-qemu-cmplog	/home/tephra/experiments/uint16_const_chain/tc_0007.c	/home/tephra/experiments/uint16_const_chain/in_0007	0	60	0	0	0.0000	-	-	-
afl++-qemu-cmplog	/home/tephra/experiments/uint16_const_chain/tc_0008.c	/home/tephra/experiments/uint16_const_chain/in_0008	0	60	0	0	0.0000	-	-	-
afl++-qemu-cmplog	/home/tephra/experiments/uint16_const_chain/tc_0009.c	/home/tephra/experiments/uint16_const_chain/in_0009	0	60	0	0	0.0000	-	-	-
afl++-qemu-cmplog	/home/tephra/experiments/uint16_const_chain/tc_0010.c	/home/tephra/experiments/uint16_const_chain/in_0010	0	60	0	0	0.0000	-	-	-
afl++-qemu-compcov	/home/tephra/experiments/uint16_const_chain/tc_0001.c	/home/tephra/experiments/uint16_const_chain/in_0001	60	0	0	0	1.0000	823.3333	817.6145	829.0522
afl++-qemu-compcov	/home/tephra/experiments/uint16_const_chain/tc_0002.c	/home/tephra/experiments/uint16_const_chain/in_0002	60	0	0	0	1.0000	7880.2000	7814.4350	7945.9650
afl++-qemu-compcov	/home/tephra/experiments/uint16_const_chain/tc_0003.c	/home/tephra/experiments/uint16_const_chain/in_0003	60	0	0	0	1.0000	41592.4000	41311.8245	41872.9755
afl++-qemu-compcov	/home/tephra/experiments/uint16_const_chain/tc_0004.c	/home/tephra/experiments/uint16_const_chain/in_0004	60	0	0	0	1.0000	87201.2833	86883.0724	87519.4942
afl++-qemu-compcov	/home/tephra/experiments/uint16_const_chain/tc_0005.c	/home/tephra/experiments/uint16_const_chain/in_0005	60	0	0	0	1.0000	114638.9000	114185.4282	115092.3718
afl++-qemu-compcov	/home/tephra/experiments/uint16_const_chain/tc_0006.c	/home/tephra/experiments/uint16_const_chain/in_0006	60	0	0	0	1.0000	154857.4667	154243.5165	155471.4168
afl++-qemu-compcov	/home/tephra/experiments/uint16_const_chain/tc_0007.c	/home/tephra/experiments/uint16_const_chain/in_0007	60	0	0	0	1.0000	218690.4500	217904.1253	219476.7747
afl++-qemu-compcov	/home/tephra/experiments/uint16_const_chain/tc_0008.c	/home/tephra/experiments/uint16_const_chain/in_0008	0	60	0	0	0.0000	-	-	-
afl++-qemu-compcov	/home/tephra/experiments/uint16_const_chain/tc_0009.c	/home/tephra/experiments/uint16_const_chain/in_0009	0	60	0	0	0.0000	-	-	-
afl++-qemu-compcov	/home/tephra/experiments/uint16_const_chain/tc_0010.c	/home/tephra/experiments/uint16_const_chain/in_0010	0	60	0	0	0.0000	-	-	-
honggfuzz-qemu	/home/tephra/experiments/uint16_const_chain/tc_0001.c	/home/tephra/experiments/uint16_const_chain/in_0001	60	0	0	0	1.0000	24901.3500	24712.0831	25090.6169
honggfuzz-qemu	/home/tephra/experiments/uint16_const_chain/tc_0002.c	/home/tephra/experiments/uint16_const_chain/in_0002	60	0	0	0	1.0000	116420.9833	115683.9977	117157.9689
honggfuzz-qemu	/home/tephra/experiments/uint16_const_chain/tc_0003.c	/home/tephra/experiments/uint16_const_chain/in_0003	59	1	0	0	0.9833	416682.9661	414119.1560	419246.7762
honggfuzz-qemu	/home/tephra/experiments/uint16_const_chain/tc_0004.c	/home/tephra/experiments/uint16_const_chain/in_0004	60	0	0	0	1.0000	756308.5333	751887.7508	760729.3158
honggfuzz-qemu	/home/tephra/experiments/uint16_const_chain/tc_0005.c	/home/tephra/experiments/uint16_const_chain/in_0005	56	4	0	0	0.9333	1365780.4107	1359618.3535	1371942.4679
honggfuzz-qemu	/home/tephra/experiments/uint16_const_chain/tc_0006.c	/home/tephra/experiments/uint16_const_chain/in_0006	50	10	0	0	0.8333	1989717.2200	1983129.3196	1996305.1204
honggfuzz-qemu	/home/tephra/experiments/uint16_const_chain/tc_0007.c	/home/tephra/experiments/uint16_const_chain/in_0007	25	35	0	0	0.4167	-	-	-
honggfuzz-qemu	/home/tephra/experiments/uint16_const_chain/tc_0008.c	/home/tephra/experiments/uint16_const_chain/in_0008	0	60	0	0	0.0000	-	-	-
honggfuzz-qemu	/home/tephra/experiments/uint16_const_chain/tc_0009.c	/home/tephra/experiments/uint16_const_chain/in_0009	0	60	0	0	0.0000	-	-	-
honggfuzz-qemu	/home/tephra/experiments/uint16_const_chain/tc_0010.c	/home/tephra/experiments/uint16_const_chain/in_0010	0	60	0	0	0.0000	-	-	-
dataflow	/home/tephra/experiments/uint16_const_chain/tc_0001.c	/home/tephra/experiments/uint16_const_chain/in_0001	60	0	0	0	1.0000	204613.2000	202975.4178	206250.9822
dataflow	/home/tephra/experiments/uint16_const_chain/tc_0002.c	/home/tephra/experiments/uint16_const_chain/in_0002	11	49	0	0	0.1833	-	-	-
dataflow	/home/tephra/experiments/uint16_const_chain/tc_0003.c	/home/tephra/experiments/uint16_const_chain/in_0003	0	60	0	0	0.0000	-	-	-
dataflow	/home/tephra/experiments/uint16_const_chain/tc_0004.c	/home/tephra/experiments/uint16_const_chain/in_0004	0	60	0	0	0.0000	-	-	-
dataflow	/home/tephra/experiments/uint16_const_chain/tc_0005.c	/home/tephra/experiments/uint16_const_chain/in_0005	0	60	0	0	0.0000	-	-	-
dataflow	/home/tephra/experiments/uint16_const_chain/tc_0006.c	/home/tephra/experiments/uint16_const_chain/in_0006	0	60	0	0	0.0000	-	-	-
dataflow	/home/tephra/experiments/uint16_const_chain/tc_0007.c	/home/tephra/experiments/uint16_const_chain/in_0007	0	60	0	0	0.0000	-	-	-
dataflow	/home/tephra/experiments/uint16_const_chain/tc_0008.c	/home/tephra/experiments/uint16_const_chain/in_0008	0	60	0	0	0.0000	-	-	-
dataflow	/home/tephra/experiments/uint16_const_chain/tc_0009.c	/home/tephra/experiments/uint16_const_chain/in_0009	0	60	0	0	0.0000	-	-	-
dataflow	/home/tephra/experiments/uint16_const_chain/tc_0010.c	/home/tephra/experiments/uint16_const_chain/in_0010	0	60	0	0	0.0000	-	-	-
klee	/home/tephra/experiments/uint16_const_chain/tc_0001.c	/home/tephra/experiments/uint16_const_chain/in_0001	60	0	0	0	1.0000	697.6500	697.5061	697.7939
klee	/home/tephra/experiments/uint16_const_chain/tc_0002.c	/home/tephra/experiments/uint16_const_chain/in_0002	60	0	0	0	1.0000	715.5167	715.3781	715.6553
klee	/home/tephra/experiments/uint16_const_chain/tc_0003.c	/home/tephra/experiments/uint16_const_chain/in_0003	60	0	0	0	1.0000	744.4833	744.3138	744.6529
klee	/home/tephra/experiments/uint16_const_chain/tc_0004.c	/home/tephra/experiments/uint16_const_chain/in_0004	60	0	0	0	1.0000	778.6833	778.5013	778.8654
klee	/home/tephra/experiments/uint16_const_chain/tc_0005.c	/home/tephra/experiments/uint16_const_chain/in_0005	60	0	0	0	1.0000	806.0833	805.8896	806.2771
klee	/home/tephra/experiments/uint16_const_chain/tc_0006.c	/home/tephra/experiments/uint16_const_chain/in_0006	60	0	0	0	1.0000	830.5333	830.3694	830.6972
klee	/home/tephra/experiments/uint16_const_chain/tc_0007.c	/home/tephra/experiments/uint16_const_chain/in_0007	60	0	0	0	1.0000	866.4833	866.3081	866.6586
klee	/home/tephra/experiments/uint16_const_chain/tc_0008.c	/home/tephra/experiments/uint16_const_chain/in_0008	60	0	0	0	1.0000	897.8167	897.6394	897.9939
klee	/home/tephra/experiments/uint16_const_chain/tc_0009.c	/home/tephra/experiments/uint16_const_chain/in_0009	60	0	0	0	1.0000	924.1500	923.9594	924.3406
klee	/home/tephra/experiments/uint16_const_chain/tc_0010.c	/home/tephra/experiments/uint16_const_chain/in_0010	60	0	0	0	1.0000	959.4000	959.2374	959.5626
symcc	/home/tephra/experiments/uint16_const_chain/tc_0001.c	/home/tephra/experiments/uint16_const_chain/in_0001	60	0	0	0	1.0000	1973.7500	1973.2599	1974.2401
symcc	/home/tephra/experiments/uint16_const_chain/tc_0002.c	/home/tephra/experiments/uint16_const_chain/in_0002	60	0	0	0	1.0000	4700.2667	4699.3166	4701.2168
symcc	/home/tephra/experiments/uint16_const_chain/tc_0003.c	/home/tephra/experiments/uint16_const_chain/in_0003	60	0	0	0	1.0000	11036.3333	11032.9417	11039.7249
symcc	/home/tephra/experiments/uint16_const_chain/tc_0004.c	/home/tephra/experiments/uint16_const_chain/in_0004	60	0	0	0	1.0000	25529.5833	25524.0712	25535.0955
symcc	/home/tephra/experiments/uint16_const_chain/tc_0005.c	/home/tephra/experiments/uint16_const_chain/in_0005	60	0	0	0	1.0000	58717.8833	58705.9215	58729.8452
symcc	/home/tephra/experiments/uint16_const_chain/tc_0006.c	/home/tephra/experiments/uint16_const_chain/in_0006	60	0	0	0	1.0000	143350.8500	143309.0879	143392.6121
symcc	/home/tephra/experiments/uint16_const_chain/tc_0007.c	/home/tephra/experiments/uint16_const_chain/in_0007	60	0	0	0	1.0000	365015.5833	364929.4368	365101.7299
symcc	/home/tephra/experiments/uint16_const_chain/tc_0008.c	/home/tephra/experiments/uint16_const_chain/in_0008	60	0	0	0	1.0000	1071592.1167	1070647.8161	1072536.4173
symcc	/home/tephra/experiments/uint16_const_chain/tc_0009.c	/home/tephra/experiments/uint16_const_chain/in_0009	60	0	0	0	1.0000	2196751.7667	2194229.4991	2199274.0343
symcc	/home/tephra/experiments/uint16_const_chain/tc_0010.c	/home/tephra/experiments/uint16_const_chain/in_0010	0	60	0	0	0.0000	-	-	-
afl-qemu	/home/tephra/experiments/uint16_const_chain/tc_0001.c	/home/tephra/experiments/uint16_const_chain/in_0001	60	0	0	0	1.0000	786942.6667	781058.0075	792827.3258
afl-qemu	/home/tephra/experiments/uint16_const_chain/tc_0002.c	/home/tephra/experiments/uint16_const_chain/in_0002	6	54	0	0	0.1000	-	-	-
afl-qemu	/home/tephra/experiments/uint16_const_chain/tc_0003.c	/home/tephra/experiments/uint16_const_chain/in_0003	0	60	0	0	0.0000	-	-	-
afl-qemu	/home/tephra/experiments/uint16_const_chain/tc_0004.c	/home/tephra/experiments/uint16_const_chain/in_0004	0	60	0	0	0.0000	-	-	-
afl-qemu	/home/tephra/experiments/uint16_const_chain/tc_0005.c	/home/tephra/experiments/uint16_const_chain/in_0005	0	60	0	0	0.0000	-	-	-
afl-qemu	/home/tephra/experiments/uint16_const_chain/tc_0006.c	/home/tephra/experiments/uint16_const_chain/in_0006	0	60	0	0	0.0000	-	-	-
afl-qemu	/home/tephra/experiments/uint16_const_chain/tc_0007.c	/home/tephra/experiments/uint16_const_chain/in_0007	0	60	0	0	0.0000	-	-	-
afl-qemu	/home/tephra/experiments/uint16_const_chain/tc_0008.c	/home/tephra/experiments/uint16_const_chain/in_0008	0	60	0	0	0.0000	-	-	-
afl-qemu	/home/tephra/experiments/uint16_const_chain/tc_0009.c	/home/tephra/experiments/uint16_const_chain/in_0009	0	60	0	0	0.0000	-	-	-
afl-qemu	/home/tephra/experiments/uint16_const_chain/tc_0010.c	/home/tephra/experiments/uint16_const_chain/in_0010	0	60	0	0	0.0000	-	-	-
klee	/home/tephra/experiments/uint16_const_chain/tc_0016.c	/home/tephra/experiments/uint16_const_chain/in_0016	60	0	0	0	1.0000	1075.7000	1074.6518	1076.7482
klee	/home/tephra/experiments/uint16_const_chain/tc_0032.c	/home/tephra/experiments/uint16_const_chain/in_0032	60	0	0	0	1.0000	1424.3833	1422.0188	1426.7479
klee	/home/tephra/experiments/uint16_const_chain/tc_0064.c	/home/tephra/experiments/uint16_const_chain/in_0064	60	0	0	0	1.0000	2096.7500	2092.9878	2100.5122
klee	/home/tephra/experiments/uint16_const_chain/tc_0128.c	/home/tephra/experiments/uint16_const_chain/in_0128	0	0	60	0	0.0000	-	-	-
klee	/home/tephra/experiments/uint16_const_chain/tc_0256.c	/home/tephra/experiments/uint16_const_chain/in_0256	0	0	60	0	0.0000	-	-	-
klee	/home/tephra/experiments/uint16_const_chain/tc_0512.c	/home/tephra/experiments/uint16_const_chain/in_0512	0	0	60	0	0.0000	-	-	-
klee	/home/tephra/experiments/uint16_const_chain/tc_1024.c	/home/tephra/experiments/uint16_const_chain/in_1024	0	0	60	0	0.0000	-	-	-
klee	/home/tephra/experiments/uint16_const_chain/tc_16384.c	/home/tephra/experiments/uint16_const_chain/in_16384	0	0	0	60	0.0000	-	-	-
klee	/home/tephra/experiments/uint16_const_chain/tc_2048.c	/home/tephra/experiments/uint16_const_chain/in_2048	0	0	60	0	0.0000	-	-	-
klee	/home/tephra/experiments/uint16_const_chain/tc_32768.c	/home/tephra/experiments/uint16_const_chain/in_32768	0	0	0	60	0.0000	-	-	-
klee	/home/tephra/experiments/uint16_const_chain/tc_4096.c	/home/tephra/experiments/uint16_const_chain/in_4096	0	0	60	0	0.0000	-	-	-
klee	/home/tephra/experiments/uint16_const_chain/tc_8192.c	/home/tephra/experiments/uint16_const_chain/in_8192	0	0	60	0	0.0000	-	-	-
symcc	/home/tephra/experiments/uint16_const_chain/tc_0016.c	/home/tephra/experiments/uint16_const_chain/in_0016	0	60	0	0	0.0000	-	-	-
symcc	/home/tephra/experiments/uint16_const_chain/tc_0032.c	/home/tephra/experiments/uint16_const_chain/in_0032	0	60	0	0	0.0000	-	-	-
symcc	/home/tephra/experiments/uint16_const_chain/tc_0064.c	/home/tephra/experiments/uint16_const_chain/in_0064	0	60	0	0	0.0000	-	-	-
symcc	/home/tephra/experiments/uint16_const_chain/tc_0128.c	/home/tephra/experiments/uint16_const_chain/in_0128	0	60	0	0	0.0000	-	-	-
angora-random	/home/tephra/experiments/uint16_const_chain/tc_0011.c	/home/tephra/experiments/uint16_const_chain/in_0011	20	40	0	0	0.3333	-	-	-
angora-random	/home/tephra/experiments/uint16_const_chain/tc_0012.c	/home/tephra/experiments/uint16_const_chain/in_0012	23	37	0	0	0.3833	-	-	-
angora-random	/home/tephra/experiments/uint16_const_chain/tc_0013.c	/home/tephra/experiments/uint16_const_chain/in_0013	15	45	0	0	0.2500	-	-	-
angora-random	/home/tephra/experiments/uint16_const_chain/tc_0014.c	/home/tephra/experiments/uint16_const_chain/in_0014	4	55	0	1	0.0667	-	-	-
angora-random	/home/tephra/experiments/uint16_const_chain/tc_0015.c	/home/tephra/experiments/uint16_const_chain/in_0015	26	33	0	1	0.4333	-	-	-
symcc	/home/tephra/experiments/uint16_const_chain/tc_0011.c	/home/tephra/experiments/uint16_const_chain/in_0011	0	60	0	0	0.0000	-	-	-
symcc	/home/tephra/experiments/uint16_const_chain/tc_0012.c	/home/tephra/experiments/uint16_const_chain/in_0012	0	60	0	0	0.0000	-	-	-
symcc	/home/tephra/experiments/uint16_const_chain/tc_0013.c	/home/tephra/experiments/uint16_const_chain/in_0013	0	60	0	0	0.0000	-	-	-
symcc	/home/tephra/experiments/uint16_const_chain/tc_0014.c	/home/tephra/experiments/uint16_const_chain/in_0014	0	60	0	0	0.0000	-	-	-
symcc	/home/tephra/experiments/uint16_const_chain/tc_0015.c	/home/tephra/experiments/uint16_const_chain/in_0015	0	60	0	0	0.0000	-	-	-
