fuzzer	put	corpus	success	timeout	invalid	error	ratio	ttt	cleft	cright
afl-gcc	/home/tephra/experiments/int32_const_chain/tc_0001.c	/home/tephra/experiments/int32_const_chain/in_0001	0	60	0	0	0.0000	-	-	-
afl-gcc	/home/tephra/experiments/int32_const_chain/tc_0002.c	/home/tephra/experiments/int32_const_chain/in_0002	0	60	0	0	0.0000	-	-	-
afl-gcc	/home/tephra/experiments/int32_const_chain/tc_0003.c	/home/tephra/experiments/int32_const_chain/in_0003	0	60	0	0	0.0000	-	-	-
afl-gcc	/home/tephra/experiments/int32_const_chain/tc_0004.c	/home/tephra/experiments/int32_const_chain/in_0004	0	60	0	0	0.0000	-	-	-
afl-gcc	/home/tephra/experiments/int32_const_chain/tc_0005.c	/home/tephra/experiments/int32_const_chain/in_0005	0	60	0	0	0.0000	-	-	-
afl-gcc	/home/tephra/experiments/int32_const_chain/tc_0006.c	/home/tephra/experiments/int32_const_chain/in_0006	0	60	0	0	0.0000	-	-	-
afl-gcc	/home/tephra/experiments/int32_const_chain/tc_0007.c	/home/tephra/experiments/int32_const_chain/in_0007	0	60	0	0	0.0000	-	-	-
afl-gcc	/home/tephra/experiments/int32_const_chain/tc_0008.c	/home/tephra/experiments/int32_const_chain/in_0008	0	60	0	0	0.0000	-	-	-
afl-gcc	/home/tephra/experiments/int32_const_chain/tc_0009.c	/home/tephra/experiments/int32_const_chain/in_0009	0	60	0	0	0.0000	-	-	-
afl-gcc	/home/tephra/experiments/int32_const_chain/tc_0010.c	/home/tephra/experiments/int32_const_chain/in_0010	0	60	0	0	0.0000	-	-	-
afl-clang-fast	/home/tephra/experiments/int32_const_chain/tc_0001.c	/home/tephra/experiments/int32_const_chain/in_0001	0	60	0	0	0.0000	-	-	-
afl-clang-fast	/home/tephra/experiments/int32_const_chain/tc_0002.c	/home/tephra/experiments/int32_const_chain/in_0002	0	60	0	0	0.0000	-	-	-
afl-clang-fast	/home/tephra/experiments/int32_const_chain/tc_0003.c	/home/tephra/experiments/int32_const_chain/in_0003	0	60	0	0	0.0000	-	-	-
afl-clang-fast	/home/tephra/experiments/int32_const_chain/tc_0004.c	/home/tephra/experiments/int32_const_chain/in_0004	0	60	0	0	0.0000	-	-	-
afl-clang-fast	/home/tephra/experiments/int32_const_chain/tc_0005.c	/home/tephra/experiments/int32_const_chain/in_0005	0	60	0	0	0.0000	-	-	-
afl-clang-fast	/home/tephra/experiments/int32_const_chain/tc_0006.c	/home/tephra/experiments/int32_const_chain/in_0006	0	60	0	0	0.0000	-	-	-
afl-clang-fast	/home/tephra/experiments/int32_const_chain/tc_0007.c	/home/tephra/experiments/int32_const_chain/in_0007	0	60	0	0	0.0000	-	-	-
afl-clang-fast	/home/tephra/experiments/int32_const_chain/tc_0008.c	/home/tephra/experiments/int32_const_chain/in_0008	0	60	0	0	0.0000	-	-	-
afl-clang-fast	/home/tephra/experiments/int32_const_chain/tc_0009.c	/home/tephra/experiments/int32_const_chain/in_0009	0	60	0	0	0.0000	-	-	-
afl-clang-fast	/home/tephra/experiments/int32_const_chain/tc_0010.c	/home/tephra/experiments/int32_const_chain/in_0010	0	60	0	0	0.0000	-	-	-
afl-libtokencap	/home/tephra/experiments/int32_const_chain/tc_0001.c	/home/tephra/experiments/int32_const_chain/in_0001	0	60	0	0	0.0000	-	-	-
afl-libtokencap	/home/tephra/experiments/int32_const_chain/tc_0002.c	/home/tephra/experiments/int32_const_chain/in_0002	0	60	0	0	0.0000	-	-	-
afl-libtokencap	/home/tephra/experiments/int32_const_chain/tc_0003.c	/home/tephra/experiments/int32_const_chain/in_0003	0	60	0	0	0.0000	-	-	-
afl-libtokencap	/home/tephra/experiments/int32_const_chain/tc_0004.c	/home/tephra/experiments/int32_const_chain/in_0004	0	60	0	0	0.0000	-	-	-
afl-libtokencap	/home/tephra/experiments/int32_const_chain/tc_0005.c	/home/tephra/experiments/int32_const_chain/in_0005	0	60	0	0	0.0000	-	-	-
afl-libtokencap	/home/tephra/experiments/int32_const_chain/tc_0006.c	/home/tephra/experiments/int32_const_chain/in_0006	0	60	0	0	0.0000	-	-	-
afl-libtokencap	/home/tephra/experiments/int32_const_chain/tc_0007.c	/home/tephra/experiments/int32_const_chain/in_0007	0	60	0	0	0.0000	-	-	-
afl-libtokencap	/home/tephra/experiments/int32_const_chain/tc_0008.c	/home/tephra/experiments/int32_const_chain/in_0008	0	60	0	0	0.0000	-	-	-
afl-libtokencap	/home/tephra/experiments/int32_const_chain/tc_0009.c	/home/tephra/experiments/int32_const_chain/in_0009	0	60	0	0	0.0000	-	-	-
afl-libtokencap	/home/tephra/experiments/int32_const_chain/tc_0010.c	/home/tephra/experiments/int32_const_chain/in_0010	0	60	0	0	0.0000	-	-	-
radamsa	/home/tephra/experiments/int32_const_chain/tc_0001.c	/home/tephra/experiments/int32_const_chain/in_0001	0	59	1	0	0.0000	-	-	-
radamsa	/home/tephra/experiments/int32_const_chain/tc_0002.c	/home/tephra/experiments/int32_const_chain/in_0002	0	58	2	0	0.0000	-	-	-
radamsa	/home/tephra/experiments/int32_const_chain/tc_0003.c	/home/tephra/experiments/int32_const_chain/in_0003	0	54	6	0	0.0000	-	-	-
radamsa	/home/tephra/experiments/int32_const_chain/tc_0004.c	/home/tephra/experiments/int32_const_chain/in_0004	0	59	1	0	0.0000	-	-	-
radamsa	/home/tephra/experiments/int32_const_chain/tc_0005.c	/home/tephra/experiments/int32_const_chain/in_0005	0	59	1	0	0.0000	-	-	-
radamsa	/home/tephra/experiments/int32_const_chain/tc_0006.c	/home/tephra/experiments/int32_const_chain/in_0006	0	58	2	0	0.0000	-	-	-
radamsa	/home/tephra/experiments/int32_const_chain/tc_0007.c	/home/tephra/experiments/int32_const_chain/in_0007	0	57	3	0	0.0000	-	-	-
radamsa	/home/tephra/experiments/int32_const_chain/tc_0008.c	/home/tephra/experiments/int32_const_chain/in_0008	0	59	1	0	0.0000	-	-	-
radamsa	/home/tephra/experiments/int32_const_chain/tc_0009.c	/home/tephra/experiments/int32_const_chain/in_0009	0	59	1	0	0.0000	-	-	-
radamsa	/home/tephra/experiments/int32_const_chain/tc_0010.c	/home/tephra/experiments/int32_const_chain/in_0010	0	56	4	0	0.0000	-	-	-
dev-urandom	/home/tephra/experiments/int32_const_chain/tc_0001.c	/home/tephra/experiments/int32_const_chain/in_0001	0	60	0	0	0.0000	-	-	-
dev-urandom	/home/tephra/experiments/int32_const_chain/tc_0002.c	/home/tephra/experiments/int32_const_chain/in_0002	0	60	0	0	0.0000	-	-	-
dev-urandom	/home/tephra/experiments/int32_const_chain/tc_0003.c	/home/tephra/experiments/int32_const_chain/in_0003	0	60	0	0	0.0000	-	-	-
dev-urandom	/home/tephra/experiments/int32_const_chain/tc_0004.c	/home/tephra/experiments/int32_const_chain/in_0004	0	60	0	0	0.0000	-	-	-
dev-urandom	/home/tephra/experiments/int32_const_chain/tc_0005.c	/home/tephra/experiments/int32_const_chain/in_0005	0	60	0	0	0.0000	-	-	-
dev-urandom	/home/tephra/experiments/int32_const_chain/tc_0006.c	/home/tephra/experiments/int32_const_chain/in_0006	0	60	0	0	0.0000	-	-	-
dev-urandom	/home/tephra/experiments/int32_const_chain/tc_0007.c	/home/tephra/experiments/int32_const_chain/in_0007	0	60	0	0	0.0000	-	-	-
dev-urandom	/home/tephra/experiments/int32_const_chain/tc_0008.c	/home/tephra/experiments/int32_const_chain/in_0008	0	60	0	0	0.0000	-	-	-
dev-urandom	/home/tephra/experiments/int32_const_chain/tc_0009.c	/home/tephra/experiments/int32_const_chain/in_0009	0	60	0	0	0.0000	-	-	-
dev-urandom	/home/tephra/experiments/int32_const_chain/tc_0010.c	/home/tephra/experiments/int32_const_chain/in_0010	0	60	0	0	0.0000	-	-	-
afl++	/home/tephra/experiments/int32_const_chain/tc_0001.c	/home/tephra/experiments/int32_const_chain/in_0001	60	0	0	0	1.0000	192.8000	192.3129	193.2871
afl++	/home/tephra/experiments/int32_const_chain/tc_0002.c	/home/tephra/experiments/int32_const_chain/in_0002	60	0	0	0	1.0000	213.9667	213.9556	213.9777
afl++	/home/tephra/experiments/int32_const_chain/tc_0003.c	/home/tephra/experiments/int32_const_chain/in_0003	60	0	0	0	1.0000	226.6833	226.2723	227.0944
afl++	/home/tephra/experiments/int32_const_chain/tc_0004.c	/home/tephra/experiments/int32_const_chain/in_0004	0	60	0	0	0.0000	-	-	-
afl++	/home/tephra/experiments/int32_const_chain/tc_0005.c	/home/tephra/experiments/int32_const_chain/in_0005	0	60	0	0	0.0000	-	-	-
afl++	/home/tephra/experiments/int32_const_chain/tc_0006.c	/home/tephra/experiments/int32_const_chain/in_0006	0	60	0	0	0.0000	-	-	-
afl++	/home/tephra/experiments/int32_const_chain/tc_0007.c	/home/tephra/experiments/int32_const_chain/in_0007	0	60	0	0	0.0000	-	-	-
afl++	/home/tephra/experiments/int32_const_chain/tc_0008.c	/home/tephra/experiments/int32_const_chain/in_0008	0	60	0	0	0.0000	-	-	-
afl++	/home/tephra/experiments/int32_const_chain/tc_0009.c	/home/tephra/experiments/int32_const_chain/in_0009	0	60	0	0	0.0000	-	-	-
afl++	/home/tephra/experiments/int32_const_chain/tc_0010.c	/home/tephra/experiments/int32_const_chain/in_0010	0	60	0	0	0.0000	-	-	-
afl++-cmplog	/home/tephra/experiments/int32_const_chain/tc_0001.c	/home/tephra/experiments/int32_const_chain/in_0001	60	0	0	0	1.0000	295.2833	295.1634	295.4033
afl++-cmplog	/home/tephra/experiments/int32_const_chain/tc_0002.c	/home/tephra/experiments/int32_const_chain/in_0002	60	0	0	0	1.0000	277.7000	277.5061	277.8939
afl++-cmplog	/home/tephra/experiments/int32_const_chain/tc_0003.c	/home/tephra/experiments/int32_const_chain/in_0003	60	0	0	0	1.0000	293.0000	292.5379	293.4621
afl++-cmplog	/home/tephra/experiments/int32_const_chain/tc_0004.c	/home/tephra/experiments/int32_const_chain/in_0004	0	60	0	0	0.0000	-	-	-
afl++-cmplog	/home/tephra/experiments/int32_const_chain/tc_0005.c	/home/tephra/experiments/int32_const_chain/in_0005	0	60	0	0	0.0000	-	-	-
afl++-cmplog	/home/tephra/experiments/int32_const_chain/tc_0006.c	/home/tephra/experiments/int32_const_chain/in_0006	0	60	0	0	0.0000	-	-	-
afl++-cmplog	/home/tephra/experiments/int32_const_chain/tc_0007.c	/home/tephra/experiments/int32_const_chain/in_0007	0	60	0	0	0.0000	-	-	-
afl++-cmplog	/home/tephra/experiments/int32_const_chain/tc_0008.c	/home/tephra/experiments/int32_const_chain/in_0008	0	60	0	0	0.0000	-	-	-
afl++-cmplog	/home/tephra/experiments/int32_const_chain/tc_0009.c	/home/tephra/experiments/int32_const_chain/in_0009	0	60	0	0	0.0000	-	-	-
afl++-cmplog	/home/tephra/experiments/int32_const_chain/tc_0010.c	/home/tephra/experiments/int32_const_chain/in_0010	0	60	0	0	0.0000	-	-	-
afl++-laf	/home/tephra/experiments/int32_const_chain/tc_0001.c	/home/tephra/experiments/int32_const_chain/in_0001	60	0	0	0	1.0000	199.2500	198.7980	199.7020
afl++-laf	/home/tephra/experiments/int32_const_chain/tc_0002.c	/home/tephra/experiments/int32_const_chain/in_0002	60	0	0	0	1.0000	215.9000	215.8872	215.9128
afl++-laf	/home/tephra/experiments/int32_const_chain/tc_0003.c	/home/tephra/experiments/int32_const_chain/in_0003	60	0	0	0	1.0000	410.6833	408.5290	412.8377
afl++-laf	/home/tephra/experiments/int32_const_chain/tc_0004.c	/home/tephra/experiments/int32_const_chain/in_0004	0	60	0	0	0.0000	-	-	-
afl++-laf	/home/tephra/experiments/int32_const_chain/tc_0005.c	/home/tephra/experiments/int32_const_chain/in_0005	0	60	0	0	0.0000	-	-	-
afl++-laf	/home/tephra/experiments/int32_const_chain/tc_0006.c	/home/tephra/experiments/int32_const_chain/in_0006	0	60	0	0	0.0000	-	-	-
afl++-laf	/home/tephra/experiments/int32_const_chain/tc_0007.c	/home/tephra/experiments/int32_const_chain/in_0007	0	60	0	0	0.0000	-	-	-
afl++-laf	/home/tephra/experiments/int32_const_chain/tc_0008.c	/home/tephra/experiments/int32_const_chain/in_0008	0	60	0	0	0.0000	-	-	-
afl++-laf	/home/tephra/experiments/int32_const_chain/tc_0009.c	/home/tephra/experiments/int32_const_chain/in_0009	0	60	0	0	0.0000	-	-	-
afl++-laf	/home/tephra/experiments/int32_const_chain/tc_0010.c	/home/tephra/experiments/int32_const_chain/in_0010	0	60	0	0	0.0000	-	-	-
afl++-mopt	/home/tephra/experiments/int32_const_chain/tc_0001.c	/home/tephra/experiments/int32_const_chain/in_0001	60	0	0	0	1.0000	203.6667	203.2537	204.0796
afl++-mopt	/home/tephra/experiments/int32_const_chain/tc_0002.c	/home/tephra/experiments/int32_const_chain/in_0002	60	0	0	0	1.0000	219.7667	219.5466	219.9867
afl++-mopt	/home/tephra/experiments/int32_const_chain/tc_0003.c	/home/tephra/experiments/int32_const_chain/in_0003	60	0	0	0	1.0000	498.8667	496.4023	501.3310
afl++-mopt	/home/tephra/experiments/int32_const_chain/tc_0004.c	/home/tephra/experiments/int32_const_chain/in_0004	0	60	0	0	0.0000	-	-	-
afl++-mopt	/home/tephra/experiments/int32_const_chain/tc_0005.c	/home/tephra/experiments/int32_const_chain/in_0005	0	60	0	0	0.0000	-	-	-
afl++-mopt	/home/tephra/experiments/int32_const_chain/tc_0006.c	/home/tephra/experiments/int32_const_chain/in_0006	0	60	0	0	0.0000	-	-	-
afl++-mopt	/home/tephra/experiments/int32_const_chain/tc_0007.c	/home/tephra/experiments/int32_const_chain/in_0007	0	60	0	0	0.0000	-	-	-
afl++-mopt	/home/tephra/experiments/int32_const_chain/tc_0008.c	/home/tephra/experiments/int32_const_chain/in_0008	0	60	0	0	0.0000	-	-	-
afl++-mopt	/home/tephra/experiments/int32_const_chain/tc_0009.c	/home/tephra/experiments/int32_const_chain/in_0009	0	60	0	0	0.0000	-	-	-
afl++-mopt	/home/tephra/experiments/int32_const_chain/tc_0010.c	/home/tephra/experiments/int32_const_chain/in_0010	0	60	0	0	0.0000	-	-	-
honggfuzz	/home/tephra/experiments/int32_const_chain/tc_0001.c	/home/tephra/experiments/int32_const_chain/in_0001	60	0	0	0	1.0000	1005.2000	1005.1945	1005.2055
honggfuzz	/home/tephra/experiments/int32_const_chain/tc_0002.c	/home/tephra/experiments/int32_const_chain/in_0002	60	0	0	0	1.0000	1005.1833	1005.1787	1005.1879
honggfuzz	/home/tephra/experiments/int32_const_chain/tc_0003.c	/home/tephra/experiments/int32_const_chain/in_0003	60	0	0	0	1.0000	1349.3000	1343.9475	1354.6525
honggfuzz	/home/tephra/experiments/int32_const_chain/tc_0004.c	/home/tephra/experiments/int32_const_chain/in_0004	60	0	0	0	1.0000	3313.2500	3303.7081	3322.7919
honggfuzz	/home/tephra/experiments/int32_const_chain/tc_0005.c	/home/tephra/experiments/int32_const_chain/in_0005	60	0	0	0	1.0000	5490.1833	5474.9539	5505.4127
honggfuzz	/home/tephra/experiments/int32_const_chain/tc_0006.c	/home/tephra/experiments/int32_const_chain/in_0006	60	0	0	0	1.0000	17633.4667	17566.8983	17700.0350
honggfuzz	/home/tephra/experiments/int32_const_chain/tc_0007.c	/home/tephra/experiments/int32_const_chain/in_0007	60	0	0	0	1.0000	14563.3167	14516.7081	14609.9252
honggfuzz	/home/tephra/experiments/int32_const_chain/tc_0008.c	/home/tephra/experiments/int32_const_chain/in_0008	60	0	0	0	1.0000	24309.8000	24192.7107	24426.8893
honggfuzz	/home/tephra/experiments/int32_const_chain/tc_0009.c	/home/tephra/experiments/int32_const_chain/in_0009	60	0	0	0	1.0000	33232.8833	33032.2983	33433.4684
honggfuzz	/home/tephra/experiments/int32_const_chain/tc_0010.c	/home/tephra/experiments/int32_const_chain/in_0010	60	0	0	0	1.0000	72729.2500	72333.3594	73125.1406
angora	/home/tephra/experiments/int32_const_chain/tc_0001.c	/home/tephra/experiments/int32_const_chain/in_0001	58	0	0	2	0.9667	1353.1552	1343.4408	1362.8696
angora	/home/tephra/experiments/int32_const_chain/tc_0002.c	/home/tephra/experiments/int32_const_chain/in_0002	60	0	0	0	1.0000	2463.9667	2447.0400	2480.8933
angora	/home/tephra/experiments/int32_const_chain/tc_0003.c	/home/tephra/experiments/int32_const_chain/in_0003	60	0	0	0	1.0000	4332.1500	4297.3094	4366.9906
angora	/home/tephra/experiments/int32_const_chain/tc_0004.c	/home/tephra/experiments/int32_const_chain/in_0004	60	0	0	0	1.0000	7311.9667	7260.7764	7363.1569
angora	/home/tephra/experiments/int32_const_chain/tc_0005.c	/home/tephra/experiments/int32_const_chain/in_0005	60	0	0	0	1.0000	6992.1000	6943.3231	7040.8769
angora	/home/tephra/experiments/int32_const_chain/tc_0006.c	/home/tephra/experiments/int32_const_chain/in_0006	60	0	0	0	1.0000	6053.3333	6028.9363	6077.7304
angora	/home/tephra/experiments/int32_const_chain/tc_0007.c	/home/tephra/experiments/int32_const_chain/in_0007	60	0	0	0	1.0000	5819.1500	5790.5768	5847.7232
angora	/home/tephra/experiments/int32_const_chain/tc_0008.c	/home/tephra/experiments/int32_const_chain/in_0008	60	0	0	0	1.0000	9888.3333	9849.9944	9926.6723
angora	/home/tephra/experiments/int32_const_chain/tc_0009.c	/home/tephra/experiments/int32_const_chain/in_0009	59	0	0	1	0.9833	7731.4915	7697.4332	7765.5498
angora	/home/tephra/experiments/int32_const_chain/tc_0010.c	/home/tephra/experiments/int32_const_chain/in_0010	60	0	0	0	1.0000	6718.6333	6686.1520	6751.1146
angora-mb	/home/tephra/experiments/int32_const_chain/tc_0001.c	/home/tephra/experiments/int32_const_chain/in_0001	60	0	0	0	1.0000	1217.0167	1213.8498	1220.1835
angora-mb	/home/tephra/experiments/int32_const_chain/tc_0002.c	/home/tephra/experiments/int32_const_chain/in_0002	60	0	0	0	1.0000	2367.9500	2361.5042	2374.3958
angora-mb	/home/tephra/experiments/int32_const_chain/tc_0003.c	/home/tephra/experiments/int32_const_chain/in_0003	60	0	0	0	1.0000	3017.7000	3005.8144	3029.5856
angora-mb	/home/tephra/experiments/int32_const_chain/tc_0004.c	/home/tephra/experiments/int32_const_chain/in_0004	60	0	0	0	1.0000	4619.1167	4606.9700	4631.2633
angora-mb	/home/tephra/experiments/int32_const_chain/tc_0005.c	/home/tephra/experiments/int32_const_chain/in_0005	60	0	0	0	1.0000	3550.6667	3536.4015	3564.9319
angora-mb	/home/tephra/experiments/int32_const_chain/tc_0006.c	/home/tephra/experiments/int32_const_chain/in_0006	60	0	0	0	1.0000	4535.1333	4516.7740	4553.4927
angora-mb	/home/tephra/experiments/int32_const_chain/tc_0007.c	/home/tephra/experiments/int32_const_chain/in_0007	60	0	0	0	1.0000	6453.4833	6434.1400	6472.8266
angora-mb	/home/tephra/experiments/int32_const_chain/tc_0008.c	/home/tephra/experiments/int32_const_chain/in_0008	60	0	0	0	1.0000	6904.5000	6874.5089	6934.4911
angora-mb	/home/tephra/experiments/int32_const_chain/tc_0009.c	/home/tephra/experiments/int32_const_chain/in_0009	60	0	0	0	1.0000	8922.1333	8894.5084	8949.7583
angora-mb	/home/tephra/experiments/int32_const_chain/tc_0010.c	/home/tephra/experiments/int32_const_chain/in_0010	60	0	0	0	1.0000	7721.3833	7690.4103	7752.3564
angora-random	/home/tephra/experiments/int32_const_chain/tc_0001.c	/home/tephra/experiments/int32_const_chain/in_0001	0	60	0	0	0.0000	-	-	-
angora-random	/home/tephra/experiments/int32_const_chain/tc_0002.c	/home/tephra/experiments/int32_const_chain/in_0002	0	60	0	0	0.0000	-	-	-
angora-random	/home/tephra/experiments/int32_const_chain/tc_0003.c	/home/tephra/experiments/int32_const_chain/in_0003	0	57	0	3	0.0000	-	-	-
angora-random	/home/tephra/experiments/int32_const_chain/tc_0004.c	/home/tephra/experiments/int32_const_chain/in_0004	0	60	0	0	0.0000	-	-	-
angora-random	/home/tephra/experiments/int32_const_chain/tc_0005.c	/home/tephra/experiments/int32_const_chain/in_0005	0	60	0	0	0.0000	-	-	-
angora-random	/home/tephra/experiments/int32_const_chain/tc_0006.c	/home/tephra/experiments/int32_const_chain/in_0006	0	58	0	2	0.0000	-	-	-
angora-random	/home/tephra/experiments/int32_const_chain/tc_0007.c	/home/tephra/experiments/int32_const_chain/in_0007	0	58	0	2	0.0000	-	-	-
angora-random	/home/tephra/experiments/int32_const_chain/tc_0008.c	/home/tephra/experiments/int32_const_chain/in_0008	0	59	0	1	0.0000	-	-	-
angora-random	/home/tephra/experiments/int32_const_chain/tc_0009.c	/home/tephra/experiments/int32_const_chain/in_0009	0	60	0	0	0.0000	-	-	-
angora-random	/home/tephra/experiments/int32_const_chain/tc_0010.c	/home/tephra/experiments/int32_const_chain/in_0010	0	58	0	2	0.0000	-	-	-
libfuzzer	/home/tephra/experiments/int32_const_chain/tc_0001.c	/home/tephra/experiments/int32_const_chain/in_0001	60	0	0	0	1.0000	173.0000	172.9228	173.0772
libfuzzer	/home/tephra/experiments/int32_const_chain/tc_0002.c	/home/tephra/experiments/int32_const_chain/in_0002	60	0	0	0	1.0000	195.2000	195.0322	195.3678
libfuzzer	/home/tephra/experiments/int32_const_chain/tc_0003.c	/home/tephra/experiments/int32_const_chain/in_0003	60	0	0	0	1.0000	260.4000	259.8227	260.9773
libfuzzer	/home/tephra/experiments/int32_const_chain/tc_0004.c	/home/tephra/experiments/int32_const_chain/in_0004	60	0	0	0	1.0000	401.6500	400.1036	403.1964
libfuzzer	/home/tephra/experiments/int32_const_chain/tc_0005.c	/home/tephra/experiments/int32_const_chain/in_0005	60	0	0	0	1.0000	629.1667	626.6933	631.6400
libfuzzer	/home/tephra/experiments/int32_const_chain/tc_0006.c	/home/tephra/experiments/int32_const_chain/in_0006	60	0	0	0	1.0000	1118.0333	1110.5611	1125.5056
libfuzzer	/home/tephra/experiments/int32_const_chain/tc_0007.c	/home/tephra/experiments/int32_const_chain/in_0007	60	0	0	0	1.0000	1410.1167	1404.3456	1415.8877
libfuzzer	/home/tephra/experiments/int32_const_chain/tc_0008.c	/home/tephra/experiments/int32_const_chain/in_0008	60	0	0	0	1.0000	2053.7833	2043.9388	2063.6279
libfuzzer	/home/tephra/experiments/int32_const_chain/tc_0009.c	/home/tephra/experiments/int32_const_chain/in_0009	60	0	0	0	1.0000	2736.0833	2720.6210	2751.5457
libfuzzer	/home/tephra/experiments/int32_const_chain/tc_0010.c	/home/tephra/experiments/int32_const_chain/in_0010	60	0	0	0	1.0000	3502.3667	3487.6648	3517.0686
libfuzzer-entropic	/home/tephra/experiments/int32_const_chain/tc_0001.c	/home/tephra/experiments/int32_const_chain/in_0001	60	0	0	0	1.0000	162.6333	162.5761	162.6906
libfuzzer-entropic	/home/tephra/experiments/int32_const_chain/tc_0002.c	/home/tephra/experiments/int32_const_chain/in_0002	60	0	0	0	1.0000	166.1500	166.0242	166.2758
libfuzzer-entropic	/home/tephra/experiments/int32_const_chain/tc_0003.c	/home/tephra/experiments/int32_const_chain/in_0003	60	0	0	0	1.0000	229.0833	228.3275	229.8392
libfuzzer-entropic	/home/tephra/experiments/int32_const_chain/tc_0004.c	/home/tephra/experiments/int32_const_chain/in_0004	60	0	0	0	1.0000	461.1500	459.0587	463.2413
libfuzzer-entropic	/home/tephra/experiments/int32_const_chain/tc_0005.c	/home/tephra/experiments/int32_const_chain/in_0005	60	0	0	0	1.0000	921.5667	917.4308	925.7026
libfuzzer-entropic	/home/tephra/experiments/int32_const_chain/tc_0006.c	/home/tephra/experiments/int32_const_chain/in_0006	60	0	0	0	1.0000	1796.5833	1788.3261	1804.8405
libfuzzer-entropic	/home/tephra/experiments/int32_const_chain/tc_0007.c	/home/tephra/experiments/int32_const_chain/in_0007	60	0	0	0	1.0000	2158.0000	2148.9002	2167.0998
libfuzzer-entropic	/home/tephra/experiments/int32_const_chain/tc_0008.c	/home/tephra/experiments/int32_const_chain/in_0008	60	0	0	0	1.0000	3204.4833	3189.8134	3219.1532
libfuzzer-entropic	/home/tephra/experiments/int32_const_chain/tc_0009.c	/home/tephra/experiments/int32_const_chain/in_0009	60	0	0	0	1.0000	4142.4833	4124.0764	4160.8903
libfuzzer-entropic	/home/tephra/experiments/int32_const_chain/tc_0010.c	/home/tephra/experiments/int32_const_chain/in_0010	60	0	0	0	1.0000	5971.7833	5946.2629	5997.3037
wingfuzz	/home/tephra/experiments/int32_const_chain/tc_0001.c	/home/tephra/experiments/int32_const_chain/in_0001	60	0	0	0	1.0000	20.1833	20.0764	20.2902
wingfuzz	/home/tephra/experiments/int32_const_chain/tc_0002.c	/home/tephra/experiments/int32_const_chain/in_0002	60	0	0	0	1.0000	238.1667	235.8150	240.5183
wingfuzz	/home/tephra/experiments/int32_const_chain/tc_0003.c	/home/tephra/experiments/int32_const_chain/in_0003	60	0	0	0	1.0000	605.0500	599.8128	610.2872
wingfuzz	/home/tephra/experiments/int32_const_chain/tc_0004.c	/home/tephra/experiments/int32_const_chain/in_0004	60	0	0	0	1.0000	344.4667	341.1828	347.7506
wingfuzz	/home/tephra/experiments/int32_const_chain/tc_0005.c	/home/tephra/experiments/int32_const_chain/in_0005	60	0	0	0	1.0000	2180.7167	2157.4350	2203.9983
wingfuzz	/home/tephra/experiments/int32_const_chain/tc_0006.c	/home/tephra/experiments/int32_const_chain/in_0006	60	0	0	0	1.0000	3221.4000	3192.3301	3250.4699
wingfuzz	/home/tephra/experiments/int32_const_chain/tc_0007.c	/home/tephra/experiments/int32_const_chain/in_0007	60	0	0	0	1.0000	1471.2167	1464.2198	1478.2135
wingfuzz	/home/tephra/experiments/int32_const_chain/tc_0008.c	/home/tephra/experiments/int32_const_chain/in_0008	60	0	0	0	1.0000	5903.3667	5847.0141	5959.7192
wingfuzz	/home/tephra/experiments/int32_const_chain/tc_0009.c	/home/tephra/experiments/int32_const_chain/in_0009	60	0	0	0	1.0000	9268.1833	9176.2897	9360.0769
wingfuzz	/home/tephra/experiments/int32_const_chain/tc_0010.c	/home/tephra/experiments/int32_const_chain/in_0010	60	0	0	0	1.0000	9548.1667	9457.3696	9638.9637
libafl	/home/tephra/experiments/int32_const_chain/tc_0001.c	/home/tephra/experiments/int32_const_chain/in_0001	60	0	0	0	1.0000	9.9000	9.8840	9.9160
libafl	/home/tephra/experiments/int32_const_chain/tc_0002.c	/home/tephra/experiments/int32_const_chain/in_0002	60	0	0	0	1.0000	10.8167	10.8002	10.8331
libafl	/home/tephra/experiments/int32_const_chain/tc_0003.c	/home/tephra/experiments/int32_const_chain/in_0003	60	0	0	0	1.0000	11.1167	11.1012	11.1322
libafl	/home/tephra/experiments/int32_const_chain/tc_0004.c	/home/tephra/experiments/int32_const_chain/in_0004	0	60	0	0	0.0000	-	-	-
libafl	/home/tephra/experiments/int32_const_chain/tc_0005.c	/home/tephra/experiments/int32_const_chain/in_0005	0	60	0	0	0.0000	-	-	-
libafl	/home/tephra/experiments/int32_const_chain/tc_0006.c	/home/tephra/experiments/int32_const_chain/in_0006	0	60	0	0	0.0000	-	-	-
libafl	/home/tephra/experiments/int32_const_chain/tc_0007.c	/home/tephra/experiments/int32_const_chain/in_0007	0	60	0	0	0.0000	-	-	-
libafl	/home/tephra/experiments/int32_const_chain/tc_0008.c	/home/tephra/experiments/int32_const_chain/in_0008	0	60	0	0	0.0000	-	-	-
libafl	/home/tephra/experiments/int32_const_chain/tc_0009.c	/home/tephra/experiments/int32_const_chain/in_0009	0	60	0	0	0.0000	-	-	-
libafl	/home/tephra/experiments/int32_const_chain/tc_0010.c	/home/tephra/experiments/int32_const_chain/in_0010	31	29	0	0	0.5167	744653.7419	735817.9699	753489.5139
libafl-libfuzzer	/home/tephra/experiments/int32_const_chain/tc_0001.c	/home/tephra/experiments/int32_const_chain/in_0001	60	0	0	0	1.0000	124.2000	124.1511	124.2489
libafl-libfuzzer	/home/tephra/experiments/int32_const_chain/tc_0002.c	/home/tephra/experiments/int32_const_chain/in_0002	60	0	0	0	1.0000	125.4833	125.4474	125.5193
libafl-libfuzzer	/home/tephra/experiments/int32_const_chain/tc_0003.c	/home/tephra/experiments/int32_const_chain/in_0003	60	0	0	0	1.0000	126.9167	126.8771	126.9562
libafl-libfuzzer	/home/tephra/experiments/int32_const_chain/tc_0004.c	/home/tephra/experiments/int32_const_chain/in_0004	60	0	0	0	1.0000	127.4833	127.4444	127.5223
libafl-libfuzzer	/home/tephra/experiments/int32_const_chain/tc_0005.c	/home/tephra/experiments/int32_const_chain/in_0005	60	0	0	0	1.0000	122.2833	122.2326	122.3341
libafl-libfuzzer	/home/tephra/experiments/int32_const_chain/tc_0006.c	/home/tephra/experiments/int32_const_chain/in_0006	60	0	0	0	1.0000	125.3667	125.3161	125.4172
libafl-libfuzzer	/home/tephra/experiments/int32_const_chain/tc_0007.c	/home/tephra/experiments/int32_const_chain/in_0007	60	0	0	0	1.0000	137.8667	137.8057	137.9276
libafl-libfuzzer	/home/tephra/experiments/int32_const_chain/tc_0008.c	/home/tephra/experiments/int32_const_chain/in_0008	60	0	0	0	1.0000	128.2167	128.1657	128.2676
libafl-libfuzzer	/home/tephra/experiments/int32_const_chain/tc_0009.c	/home/tephra/experiments/int32_const_chain/in_0009	60	0	0	0	1.0000	135.3833	135.3182	135.4485
libafl-libfuzzer	/home/tephra/experiments/int32_const_chain/tc_0010.c	/home/tephra/experiments/int32_const_chain/in_0010	60	0	0	0	1.0000	117.2333	117.1563	117.3104
ddfuzz	/home/tephra/experiments/int32_const_chain/tc_0001.c	/home/tephra/experiments/int32_const_chain/in_0001	60	0	0	0	1.0000	282.9667	282.5292	283.4041
ddfuzz	/home/tephra/experiments/int32_const_chain/tc_0002.c	/home/tephra/experiments/int32_const_chain/in_0002	60	0	0	0	1.0000	1084.7000	1075.4190	1093.9810
ddfuzz	/home/tephra/experiments/int32_const_chain/tc_0003.c	/home/tephra/experiments/int32_const_chain/in_0003	60	0	0	0	1.0000	22184.0000	21976.8306	22391.1694
ddfuzz	/home/tephra/experiments/int32_const_chain/tc_0004.c	/home/tephra/experiments/int32_const_chain/in_0004	0	60	0	0	0.0000	-	-	-
ddfuzz	/home/tephra/experiments/int32_const_chain/tc_0005.c	/home/tephra/experiments/int32_const_chain/in_0005	60	0	0	0	1.0000	24919.3833	24599.2160	25239.5507
ddfuzz	/home/tephra/experiments/int32_const_chain/tc_0006.c	/home/tephra/experiments/int32_const_chain/in_0006	60	0	0	0	1.0000	86168.5167	85178.3330	87158.7003
ddfuzz	/home/tephra/experiments/int32_const_chain/tc_0007.c	/home/tephra/experiments/int32_const_chain/in_0007	60	0	0	0	1.0000	223216.8500	220544.7338	225888.9662
ddfuzz	/home/tephra/experiments/int32_const_chain/tc_0008.c	/home/tephra/experiments/int32_const_chain/in_0008	0	60	0	0	0.0000	-	-	-
ddfuzz	/home/tephra/experiments/int32_const_chain/tc_0009.c	/home/tephra/experiments/int32_const_chain/in_0009	60	0	0	0	1.0000	88036.6833	87233.3257	88840.0410
ddfuzz	/home/tephra/experiments/int32_const_chain/tc_0010.c	/home/tephra/experiments/int32_const_chain/in_0010	60	0	0	0	1.0000	264043.9000	261434.8940	266652.9060
fairfuzz	/home/tephra/experiments/int32_const_chain/tc_0001.c	/home/tephra/experiments/int32_const_chain/in_0001	0	60	0	0	0.0000	-	-	-
fairfuzz	/home/tephra/experiments/int32_const_chain/tc_0002.c	/home/tephra/experiments/int32_const_chain/in_0002	0	60	0	0	0.0000	-	-	-
fairfuzz	/home/tephra/experiments/int32_const_chain/tc_0003.c	/home/tephra/experiments/int32_const_chain/in_0003	0	60	0	0	0.0000	-	-	-
fairfuzz	/home/tephra/experiments/int32_const_chain/tc_0004.c	/home/tephra/experiments/int32_const_chain/in_0004	0	60	0	0	0.0000	-	-	-
fairfuzz	/home/tephra/experiments/int32_const_chain/tc_0005.c	/home/tephra/experiments/int32_const_chain/in_0005	0	60	0	0	0.0000	-	-	-
fairfuzz	/home/tephra/experiments/int32_const_chain/tc_0006.c	/home/tephra/experiments/int32_const_chain/in_0006	0	60	0	0	0.0000	-	-	-
fairfuzz	/home/tephra/experiments/int32_const_chain/tc_0007.c	/home/tephra/experiments/int32_const_chain/in_0007	0	60	0	0	0.0000	-	-	-
fairfuzz	/home/tephra/experiments/int32_const_chain/tc_0008.c	/home/tephra/experiments/int32_const_chain/in_0008	0	60	0	0	0.0000	-	-	-
fairfuzz	/home/tephra/experiments/int32_const_chain/tc_0009.c	/home/tephra/experiments/int32_const_chain/in_0009	0	60	0	0	0.0000	-	-	-
fairfuzz	/home/tephra/experiments/int32_const_chain/tc_0010.c	/home/tephra/experiments/int32_const_chain/in_0010	0	60	0	0	0.0000	-	-	-
ecofuzz	/home/tephra/experiments/int32_const_chain/tc_0001.c	/home/tephra/experiments/int32_const_chain/in_0001	60	0	0	0	1.0000	559.8667	556.1223	563.6110
ecofuzz	/home/tephra/experiments/int32_const_chain/tc_0002.c	/home/tephra/experiments/int32_const_chain/in_0002	60	0	0	0	1.0000	70111.2500	69568.0595	70654.4405
ecofuzz	/home/tephra/experiments/int32_const_chain/tc_0003.c	/home/tephra/experiments/int32_const_chain/in_0003	59	1	0	0	0.9833	811346.4915	805242.4300	817450.5531
ecofuzz	/home/tephra/experiments/int32_const_chain/tc_0004.c	/home/tephra/experiments/int32_const_chain/in_0004	53	7	0	0	0.8833	865743.5849	859644.7142	871842.4556
ecofuzz	/home/tephra/experiments/int32_const_chain/tc_0005.c	/home/tephra/experiments/int32_const_chain/in_0005	27	33	0	0	0.4500	-	-	-
ecofuzz	/home/tephra/experiments/int32_const_chain/tc_0006.c	/home/tephra/experiments/int32_const_chain/in_0006	60	0	0	0	1.0000	563101.5667	558614.6214	567588.5119
ecofuzz	/home/tephra/experiments/int32_const_chain/tc_0007.c	/home/tephra/experiments/int32_const_chain/in_0007	5	55	0	0	0.0833	-	-	-
ecofuzz	/home/tephra/experiments/int32_const_chain/tc_0008.c	/home/tephra/experiments/int32_const_chain/in_0008	35	25	0	0	0.5833	1879773.2286	1866245.5552	1893300.9020
ecofuzz	/home/tephra/experiments/int32_const_chain/tc_0009.c	/home/tephra/experiments/int32_const_chain/in_0009	53	7	0	0	0.8833	1387303.3962	1377666.9863	1396939.8062
ecofuzz	/home/tephra/experiments/int32_const_chain/tc_0010.c	/home/tephra/experiments/int32_const_chain/in_0010	1	59	0	0	0.0167	-	-	-
fafuzz	/home/tephra/experiments/int32_const_chain/tc_0001.c	/home/tephra/experiments/int32_const_chain/in_0001	0	60	0	0	0.0000	-	-	-
fafuzz	/home/tephra/experiments/int32_const_chain/tc_0002.c	/home/tephra/experiments/int32_const_chain/in_0002	0	60	0	0	0.0000	-	-	-
fafuzz	/home/tephra/experiments/int32_const_chain/tc_0003.c	/home/tephra/experiments/int32_const_chain/in_0003	0	60	0	0	0.0000	-	-	-
fafuzz	/home/tephra/experiments/int32_const_chain/tc_0004.c	/home/tephra/experiments/int32_const_chain/in_0004	0	60	0	0	0.0000	-	-	-
fafuzz	/home/tephra/experiments/int32_const_chain/tc_0005.c	/home/tephra/experiments/int32_const_chain/in_0005	0	60	0	0	0.0000	-	-	-
fafuzz	/home/tephra/experiments/int32_const_chain/tc_0006.c	/home/tephra/experiments/int32_const_chain/in_0006	0	60	0	0	0.0000	-	-	-
fafuzz	/home/tephra/experiments/int32_const_chain/tc_0007.c	/home/tephra/experiments/int32_const_chain/in_0007	0	60	0	0	0.0000	-	-	-
fafuzz	/home/tephra/experiments/int32_const_chain/tc_0008.c	/home/tephra/experiments/int32_const_chain/in_0008	0	60	0	0	0.0000	-	-	-
fafuzz	/home/tephra/experiments/int32_const_chain/tc_0009.c	/home/tephra/experiments/int32_const_chain/in_0009	0	60	0	0	0.0000	-	-	-
fafuzz	/home/tephra/experiments/int32_const_chain/tc_0010.c	/home/tephra/experiments/int32_const_chain/in_0010	0	60	0	0	0.0000	-	-	-
darwin	/home/tephra/experiments/int32_const_chain/tc_0001.c	/home/tephra/experiments/int32_const_chain/in_0001	0	60	0	0	0.0000	-	-	-
darwin	/home/tephra/experiments/int32_const_chain/tc_0002.c	/home/tephra/experiments/int32_const_chain/in_0002	0	60	0	0	0.0000	-	-	-
darwin	/home/tephra/experiments/int32_const_chain/tc_0003.c	/home/tephra/experiments/int32_const_chain/in_0003	0	60	0	0	0.0000	-	-	-
darwin	/home/tephra/experiments/int32_const_chain/tc_0004.c	/home/tephra/experiments/int32_const_chain/in_0004	0	60	0	0	0.0000	-	-	-
darwin	/home/tephra/experiments/int32_const_chain/tc_0005.c	/home/tephra/experiments/int32_const_chain/in_0005	0	60	0	0	0.0000	-	-	-
darwin	/home/tephra/experiments/int32_const_chain/tc_0006.c	/home/tephra/experiments/int32_const_chain/in_0006	0	60	0	0	0.0000	-	-	-
darwin	/home/tephra/experiments/int32_const_chain/tc_0007.c	/home/tephra/experiments/int32_const_chain/in_0007	0	60	0	0	0.0000	-	-	-
darwin	/home/tephra/experiments/int32_const_chain/tc_0008.c	/home/tephra/experiments/int32_const_chain/in_0008	0	60	0	0	0.0000	-	-	-
darwin	/home/tephra/experiments/int32_const_chain/tc_0009.c	/home/tephra/experiments/int32_const_chain/in_0009	0	60	0	0	0.0000	-	-	-
darwin	/home/tephra/experiments/int32_const_chain/tc_0010.c	/home/tephra/experiments/int32_const_chain/in_0010	0	60	0	0	0.0000	-	-	-
libfuzzer	/home/tephra/experiments/int32_const_chain/tc_0016.c	/home/tephra/experiments/int32_const_chain/in_0016	60	0	0	0	1.0000	12636.8000	12571.8688	12701.7312
libfuzzer	/home/tephra/experiments/int32_const_chain/tc_0032.c	/home/tephra/experiments/int32_const_chain/in_0032	56	4	0	0	0.9333	63891.7679	63588.9598	64194.5759
libfuzzer	/home/tephra/experiments/int32_const_chain/tc_0064.c	/home/tephra/experiments/int32_const_chain/in_0064	31	29	0	0	0.5167	249795.7419	249106.5843	250484.8995
libfuzzer	/home/tephra/experiments/int32_const_chain/tc_0128.c	/home/tephra/experiments/int32_const_chain/in_0128	12	48	0	0	0.2000	-	-	-
libfuzzer	/home/tephra/experiments/int32_const_chain/tc_0256.c	/home/tephra/experiments/int32_const_chain/in_0256	0	60	0	0	0.0000	-	-	-
libfuzzer	/home/tephra/experiments/int32_const_chain/tc_0512.c	/home/tephra/experiments/int32_const_chain/in_0512	0	60	0	0	0.0000	-	-	-
libfuzzer	/home/tephra/experiments/int32_const_chain/tc_1024.c	/home/tephra/experiments/int32_const_chain/in_1024	0	60	0	0	0.0000	-	-	-
libfuzzer	/home/tephra/experiments/int32_const_chain/tc_2048.c	/home/tephra/experiments/int32_const_chain/in_2048	0	60	0	0	0.0000	-	-	-
libfuzzer	/home/tephra/experiments/int32_const_chain/tc_4096.c	/home/tephra/experiments/int32_const_chain/in_4096	0	60	0	0	0.0000	-	-	-
libfuzzer-entropic	/home/tephra/experiments/int32_const_chain/tc_0016.c	/home/tephra/experiments/int32_const_chain/in_0016	60	0	0	0	1.0000	21856.2667	21731.5073	21981.0261
libfuzzer-entropic	/home/tephra/experiments/int32_const_chain/tc_0032.c	/home/tephra/experiments/int32_const_chain/in_0032	58	2	0	0	0.9667	85462.2759	84986.1907	85938.3610
libfuzzer-entropic	/home/tephra/experiments/int32_const_chain/tc_0064.c	/home/tephra/experiments/int32_const_chain/in_0064	32	28	0	0	0.5333	276555.6875	275118.4207	277992.9543
libfuzzer-entropic	/home/tephra/experiments/int32_const_chain/tc_0128.c	/home/tephra/experiments/int32_const_chain/in_0128	33	27	0	0	0.5500	889739.5455	887419.7399	892059.3511
libfuzzer-entropic	/home/tephra/experiments/int32_const_chain/tc_0256.c	/home/tephra/experiments/int32_const_chain/in_0256	10	50	0	0	0.1667	-	-	-
libfuzzer-entropic	/home/tephra/experiments/int32_const_chain/tc_0512.c	/home/tephra/experiments/int32_const_chain/in_0512	0	60	0	0	0.0000	-	-	-
libfuzzer-entropic	/home/tephra/experiments/int32_const_chain/tc_1024.c	/home/tephra/experiments/int32_const_chain/in_1024	0	60	0	0	0.0000	-	-	-
libfuzzer-entropic	/home/tephra/experiments/int32_const_chain/tc_2048.c	/home/tephra/experiments/int32_const_chain/in_2048	0	60	0	0	0.0000	-	-	-
libfuzzer-entropic	/home/tephra/experiments/int32_const_chain/tc_4096.c	/home/tephra/experiments/int32_const_chain/in_4096	0	60	0	0	0.0000	-	-	-
honggfuzz	/home/tephra/experiments/int32_const_chain/tc_0016.c	/home/tephra/experiments/int32_const_chain/in_0016	60	0	0	0	1.0000	117015.2833	116522.2156	117508.3511
honggfuzz	/home/tephra/experiments/int32_const_chain/tc_0032.c	/home/tephra/experiments/int32_const_chain/in_0032	52	8	0	0	0.8667	1791486.3654	1783863.2170	1799109.5138
honggfuzz	/home/tephra/experiments/int32_const_chain/tc_0064.c	/home/tephra/experiments/int32_const_chain/in_0064	0	60	0	0	0.0000	-	-	-
honggfuzz	/home/tephra/experiments/int32_const_chain/tc_0128.c	/home/tephra/experiments/int32_const_chain/in_0128	0	60	0	0	0.0000	-	-	-
honggfuzz	/home/tephra/experiments/int32_const_chain/tc_0256.c	/home/tephra/experiments/int32_const_chain/in_0256	0	60	0	0	0.0000	-	-	-
honggfuzz	/home/tephra/experiments/int32_const_chain/tc_0512.c	/home/tephra/experiments/int32_const_chain/in_0512	0	60	0	0	0.0000	-	-	-
honggfuzz	/home/tephra/experiments/int32_const_chain/tc_1024.c	/home/tephra/experiments/int32_const_chain/in_1024	0	60	0	0	0.0000	-	-	-
honggfuzz	/home/tephra/experiments/int32_const_chain/tc_2048.c	/home/tephra/experiments/int32_const_chain/in_2048	0	60	0	0	0.0000	-	-	-
honggfuzz	/home/tephra/experiments/int32_const_chain/tc_4096.c	/home/tephra/experiments/int32_const_chain/in_4096	0	60	0	0	0.0000	-	-	-
wingfuzz	/home/tephra/experiments/int32_const_chain/tc_0016.c	/home/tephra/experiments/int32_const_chain/in_0016	60	0	0	0	1.0000	27456.9667	27227.1042	27686.8291
wingfuzz	/home/tephra/experiments/int32_const_chain/tc_0032.c	/home/tephra/experiments/int32_const_chain/in_0032	47	13	0	0	0.7833	48043.8723	47652.3534	48435.3913
wingfuzz	/home/tephra/experiments/int32_const_chain/tc_0064.c	/home/tephra/experiments/int32_const_chain/in_0064	49	11	0	0	0.8167	199916.6735	198196.6720	201636.6750
wingfuzz	/home/tephra/experiments/int32_const_chain/tc_0128.c	/home/tephra/experiments/int32_const_chain/in_0128	38	22	0	0	0.6333	492591.0000	490801.6721	494380.3279
wingfuzz	/home/tephra/experiments/int32_const_chain/tc_0256.c	/home/tephra/experiments/int32_const_chain/in_0256	33	27	0	0	0.5500	2242043.3333	2238392.9609	2245693.7057
wingfuzz	/home/tephra/experiments/int32_const_chain/tc_0512.c	/home/tephra/experiments/int32_const_chain/in_0512	0	60	0	0	0.0000	-	-	-
wingfuzz	/home/tephra/experiments/int32_const_chain/tc_1024.c	/home/tephra/experiments/int32_const_chain/in_1024	0	60	0	0	0.0000	-	-	-
wingfuzz	/home/tephra/experiments/int32_const_chain/tc_2048.c	/home/tephra/experiments/int32_const_chain/in_2048	0	60	0	0	0.0000	-	-	-
wingfuzz	/home/tephra/experiments/int32_const_chain/tc_4096.c	/home/tephra/experiments/int32_const_chain/in_4096	0	60	0	0	0.0000	-	-	-
libafl	/home/tephra/experiments/int32_const_chain/tc_0016.c	/home/tephra/experiments/int32_const_chain/in_0016	0	60	0	0	0.0000	-	-	-
libafl	/home/tephra/experiments/int32_const_chain/tc_0032.c	/home/tephra/experiments/int32_const_chain/in_0032	0	60	0	0	0.0000	-	-	-
libafl	/home/tephra/experiments/int32_const_chain/tc_0064.c	/home/tephra/experiments/int32_const_chain/in_0064	0	60	0	0	0.0000	-	-	-
libafl	/home/tephra/experiments/int32_const_chain/tc_0128.c	/home/tephra/experiments/int32_const_chain/in_0128	0	60	0	0	0.0000	-	-	-
libafl	/home/tephra/experiments/int32_const_chain/tc_0256.c	/home/tephra/experiments/int32_const_chain/in_0256	0	60	0	0	0.0000	-	-	-
libafl	/home/tephra/experiments/int32_const_chain/tc_0512.c	/home/tephra/experiments/int32_const_chain/in_0512	0	60	0	0	0.0000	-	-	-
libafl	/home/tephra/experiments/int32_const_chain/tc_1024.c	/home/tephra/experiments/int32_const_chain/in_1024	0	60	0	0	0.0000	-	-	-
libafl	/home/tephra/experiments/int32_const_chain/tc_2048.c	/home/tephra/experiments/int32_const_chain/in_2048	0	60	0	0	0.0000	-	-	-
libafl	/home/tephra/experiments/int32_const_chain/tc_4096.c	/home/tephra/experiments/int32_const_chain/in_4096	0	60	0	0	0.0000	-	-	-
libafl-libfuzzer	/home/tephra/experiments/int32_const_chain/tc_0016.c	/home/tephra/experiments/int32_const_chain/in_0016	60	0	0	0	1.0000	166.0500	165.9466	166.1534
libafl-libfuzzer	/home/tephra/experiments/int32_const_chain/tc_0032.c	/home/tephra/experiments/int32_const_chain/in_0032	60	0	0	0	1.0000	263.6000	263.3395	263.8605
libafl-libfuzzer	/home/tephra/experiments/int32_const_chain/tc_0064.c	/home/tephra/experiments/int32_const_chain/in_0064	60	0	0	0	1.0000	201.7167	201.2798	202.1536
libafl-libfuzzer	/home/tephra/experiments/int32_const_chain/tc_0128.c	/home/tephra/experiments/int32_const_chain/in_0128	60	0	0	0	1.0000	308.7167	305.4370	311.9964
libafl-libfuzzer	/home/tephra/experiments/int32_const_chain/tc_0256.c	/home/tephra/experiments/int32_const_chain/in_0256	60	0	0	0	1.0000	3267.6333	3202.2395	3333.0272
libafl-libfuzzer	/home/tephra/experiments/int32_const_chain/tc_0512.c	/home/tephra/experiments/int32_const_chain/in_0512	60	0	0	0	1.0000	50826.2000	49989.9143	51662.4857
libafl-libfuzzer	/home/tephra/experiments/int32_const_chain/tc_1024.c	/home/tephra/experiments/int32_const_chain/in_1024	44	16	0	0	0.7333	211607.6136	209424.5937	213790.6335
libafl-libfuzzer	/home/tephra/experiments/int32_const_chain/tc_2048.c	/home/tephra/experiments/int32_const_chain/in_2048	0	60	0	0	0.0000	-	-	-
libafl-libfuzzer	/home/tephra/experiments/int32_const_chain/tc_4096.c	/home/tephra/experiments/int32_const_chain/in_4096	0	60	0	0	0.0000	-	-	-
ddfuzz	/home/tephra/experiments/int32_const_chain/tc_0016.c	/home/tephra/experiments/int32_const_chain/in_0016	0	60	0	0	0.0000	-	-	-
ddfuzz	/home/tephra/experiments/int32_const_chain/tc_0032.c	/home/tephra/experiments/int32_const_chain/in_0032	0	60	0	0	0.0000	-	-	-
ddfuzz	/home/tephra/experiments/int32_const_chain/tc_0064.c	/home/tephra/experiments/int32_const_chain/in_0064	0	60	0	0	0.0000	-	-	-
ddfuzz	/home/tephra/experiments/int32_const_chain/tc_0128.c	/home/tephra/experiments/int32_const_chain/in_0128	0	60	0	0	0.0000	-	-	-
ddfuzz	/home/tephra/experiments/int32_const_chain/tc_0256.c	/home/tephra/experiments/int32_const_chain/in_0256	0	60	0	0	0.0000	-	-	-
ddfuzz	/home/tephra/experiments/int32_const_chain/tc_0512.c	/home/tephra/experiments/int32_const_chain/in_0512	0	60	0	0	0.0000	-	-	-
ddfuzz	/home/tephra/experiments/int32_const_chain/tc_1024.c	/home/tephra/experiments/int32_const_chain/in_1024	0	60	0	0	0.0000	-	-	-
ddfuzz	/home/tephra/experiments/int32_const_chain/tc_2048.c	/home/tephra/experiments/int32_const_chain/in_2048	0	60	0	0	0.0000	-	-	-
ddfuzz	/home/tephra/experiments/int32_const_chain/tc_4096.c	/home/tephra/experiments/int32_const_chain/in_4096	0	60	0	0	0.0000	-	-	-
ecofuzz	/home/tephra/experiments/int32_const_chain/tc_0016.c	/home/tephra/experiments/int32_const_chain/in_0016	0	60	0	0	0.0000	-	-	-
ecofuzz	/home/tephra/experiments/int32_const_chain/tc_0032.c	/home/tephra/experiments/int32_const_chain/in_0032	0	60	0	0	0.0000	-	-	-
ecofuzz	/home/tephra/experiments/int32_const_chain/tc_0064.c	/home/tephra/experiments/int32_const_chain/in_0064	0	60	0	0	0.0000	-	-	-
ecofuzz	/home/tephra/experiments/int32_const_chain/tc_0128.c	/home/tephra/experiments/int32_const_chain/in_0128	0	60	0	0	0.0000	-	-	-
ecofuzz	/home/tephra/experiments/int32_const_chain/tc_0256.c	/home/tephra/experiments/int32_const_chain/in_0256	0	60	0	0	0.0000	-	-	-
ecofuzz	/home/tephra/experiments/int32_const_chain/tc_0512.c	/home/tephra/experiments/int32_const_chain/in_0512	0	60	0	0	0.0000	-	-	-
ecofuzz	/home/tephra/experiments/int32_const_chain/tc_1024.c	/home/tephra/experiments/int32_const_chain/in_1024	0	60	0	0	0.0000	-	-	-
ecofuzz	/home/tephra/experiments/int32_const_chain/tc_2048.c	/home/tephra/experiments/int32_const_chain/in_2048	0	60	0	0	0.0000	-	-	-
ecofuzz	/home/tephra/experiments/int32_const_chain/tc_4096.c	/home/tephra/experiments/int32_const_chain/in_4096	0	60	0	0	0.0000	-	-	-
angora	/home/tephra/experiments/int32_const_chain/tc_0011.c	/home/tephra/experiments/int32_const_chain/in_0011	57	0	0	3	0.9500	12331.2632	12196.6584	12465.8680
angora	/home/tephra/experiments/int32_const_chain/tc_0012.c	/home/tephra/experiments/int32_const_chain/in_0012	60	0	0	0	1.0000	17488.0667	17292.5130	17683.6203
angora	/home/tephra/experiments/int32_const_chain/tc_0013.c	/home/tephra/experiments/int32_const_chain/in_0013	60	0	0	0	1.0000	26043.5000	25811.1595	26275.8405
angora	/home/tephra/experiments/int32_const_chain/tc_0014.c	/home/tephra/experiments/int32_const_chain/in_0014	60	0	0	0	1.0000	26544.1667	26303.7179	26784.6154
angora	/home/tephra/experiments/int32_const_chain/tc_0015.c	/home/tephra/experiments/int32_const_chain/in_0015	60	0	0	0	1.0000	21536.3500	21286.6843	21786.0157
angora	/home/tephra/experiments/int32_const_chain/tc_0016.c	/home/tephra/experiments/int32_const_chain/in_0016	60	0	0	0	1.0000	6972.5833	6942.9876	7002.1790
angora	/home/tephra/experiments/int32_const_chain/tc_0032.c	/home/tephra/experiments/int32_const_chain/in_0032	60	0	0	0	1.0000	15480.7000	15414.3938	15547.0062
angora	/home/tephra/experiments/int32_const_chain/tc_0064.c	/home/tephra/experiments/int32_const_chain/in_0064	59	0	0	1	0.9833	30096.1525	29909.2926	30283.0124
angora	/home/tephra/experiments/int32_const_chain/tc_0128.c	/home/tephra/experiments/int32_const_chain/in_0128	60	0	0	0	1.0000	45875.8500	45670.4670	46081.2330
angora	/home/tephra/experiments/int32_const_chain/tc_0256.c	/home/tephra/experiments/int32_const_chain/in_0256	60	0	0	0	1.0000	96480.3667	96073.6760	96887.0573
angora	/home/tephra/experiments/int32_const_chain/tc_0512.c	/home/tephra/experiments/int32_const_chain/in_0512	59	0	0	1	0.9833	169320.9492	169048.9771	169592.9212
angora	/home/tephra/experiments/int32_const_chain/tc_1024.c	/home/tephra/experiments/int32_const_chain/in_1024	60	0	0	0	1.0000	387120.2833	386446.8146	387793.7521
angora	/home/tephra/experiments/int32_const_chain/tc_2048.c	/home/tephra/experiments/int32_const_chain/in_2048	59	0	0	1	0.9833	636800.1017	635106.3343	638493.8691
angora	/home/tephra/experiments/int32_const_chain/tc_4096.c	/home/tephra/experiments/int32_const_chain/in_4096	0	0	0	60	0.0000	-	-	-
angora-mb	/home/tephra/experiments/int32_const_chain/tc_0011.c	/home/tephra/experiments/int32_const_chain/in_0011	59	0	0	1	0.9833	4428.1356	4418.0781	4438.1931
angora-mb	/home/tephra/experiments/int32_const_chain/tc_0012.c	/home/tephra/experiments/int32_const_chain/in_0012	60	0	0	0	1.0000	6372.6667	6345.5551	6399.7782
angora-mb	/home/tephra/experiments/int32_const_chain/tc_0013.c	/home/tephra/experiments/int32_const_chain/in_0013	60	0	0	0	1.0000	8256.5000	8224.6884	8288.3116
angora-mb	/home/tephra/experiments/int32_const_chain/tc_0014.c	/home/tephra/experiments/int32_const_chain/in_0014	60	0	0	0	1.0000	7689.4500	7663.4049	7715.4951
angora-mb	/home/tephra/experiments/int32_const_chain/tc_0015.c	/home/tephra/experiments/int32_const_chain/in_0015	60	0	0	0	1.0000	8256.1667	8226.3747	8285.9586
angora-mb	/home/tephra/experiments/int32_const_chain/tc_0016.c	/home/tephra/experiments/int32_const_chain/in_0016	60	0	0	0	1.0000	7757.0000	7730.5236	7783.4764
angora-mb	/home/tephra/experiments/int32_const_chain/tc_0032.c	/home/tephra/experiments/int32_const_chain/in_0032	60	0	0	0	1.0000	16847.3167	16777.9083	16916.7251
angora-mb	/home/tephra/experiments/int32_const_chain/tc_0064.c	/home/tephra/experiments/int32_const_chain/in_0064	60	0	0	0	1.0000	33474.2000	33290.2005	33658.1995
angora-mb	/home/tephra/experiments/int32_const_chain/tc_0128.c	/home/tephra/experiments/int32_const_chain/in_0128	60	0	0	0	1.0000	47921.1500	47811.4671	48030.8329
angora-mb	/home/tephra/experiments/int32_const_chain/tc_0256.c	/home/tephra/experiments/int32_const_chain/in_0256	59	0	0	1	0.9833	91866.0000	91771.1563	91960.8437
angora-mb	/home/tephra/experiments/int32_const_chain/tc_0512.c	/home/tephra/experiments/int32_const_chain/in_0512	60	0	0	0	1.0000	182826.7167	182532.6172	183120.8162
angora-mb	/home/tephra/experiments/int32_const_chain/tc_1024.c	/home/tephra/experiments/int32_const_chain/in_1024	60	0	0	0	1.0000	317170.2000	316536.7207	317803.6793
angora-mb	/home/tephra/experiments/int32_const_chain/tc_2048.c	/home/tephra/experiments/int32_const_chain/in_2048	60	0	0	0	1.0000	524023.2000	522635.1781	525411.2219
angora-mb	/home/tephra/experiments/int32_const_chain/tc_4096.c	/home/tephra/experiments/int32_const_chain/in_4096	0	0	0	60	0.0000	-	-	-
aflgo	/home/tephra/experiments/int32_const_chain/tc_0001.c	/home/tephra/experiments/int32_const_chain/in_0001	0	60	0	0	0.0000	-	-	-
aflgo	/home/tephra/experiments/int32_const_chain/tc_0002.c	/home/tephra/experiments/int32_const_chain/in_0002	0	60	0	0	0.0000	-	-	-
aflgo	/home/tephra/experiments/int32_const_chain/tc_0003.c	/home/tephra/experiments/int32_const_chain/in_0003	0	60	0	0	0.0000	-	-	-
aflgo	/home/tephra/experiments/int32_const_chain/tc_0004.c	/home/tephra/experiments/int32_const_chain/in_0004	0	60	0	0	0.0000	-	-	-
aflgo	/home/tephra/experiments/int32_const_chain/tc_0005.c	/home/tephra/experiments/int32_const_chain/in_0005	0	60	0	0	0.0000	-	-	-
aflgo	/home/tephra/experiments/int32_const_chain/tc_0006.c	/home/tephra/experiments/int32_const_chain/in_0006	0	60	0	0	0.0000	-	-	-
aflgo	/home/tephra/experiments/int32_const_chain/tc_0007.c	/home/tephra/experiments/int32_const_chain/in_0007	0	60	0	0	0.0000	-	-	-
aflgo	/home/tephra/experiments/int32_const_chain/tc_0008.c	/home/tephra/experiments/int32_const_chain/in_0008	0	60	0	0	0.0000	-	-	-
aflgo	/home/tephra/experiments/int32_const_chain/tc_0009.c	/home/tephra/experiments/int32_const_chain/in_0009	0	60	0	0	0.0000	-	-	-
aflgo	/home/tephra/experiments/int32_const_chain/tc_0010.c	/home/tephra/experiments/int32_const_chain/in_0010	0	60	0	0	0.0000	-	-	-
afl++-qemu-cmplog	/home/tephra/experiments/int32_const_chain/tc_0001.c	/home/tephra/experiments/int32_const_chain/in_0001	0	60	0	0	0.0000	-	-	-
afl++-qemu-cmplog	/home/tephra/experiments/int32_const_chain/tc_0002.c	/home/tephra/experiments/int32_const_chain/in_0002	0	60	0	0	0.0000	-	-	-
afl++-qemu-cmplog	/home/tephra/experiments/int32_const_chain/tc_0003.c	/home/tephra/experiments/int32_const_chain/in_0003	0	60	0	0	0.0000	-	-	-
afl++-qemu-cmplog	/home/tephra/experiments/int32_const_chain/tc_0004.c	/home/tephra/experiments/int32_const_chain/in_0004	0	60	0	0	0.0000	-	-	-
afl++-qemu-cmplog	/home/tephra/experiments/int32_const_chain/tc_0005.c	/home/tephra/experiments/int32_const_chain/in_0005	0	60	0	0	0.0000	-	-	-
afl++-qemu-cmplog	/home/tephra/experiments/int32_const_chain/tc_0006.c	/home/tephra/experiments/int32_const_chain/in_0006	0	60	0	0	0.0000	-	-	-
afl++-qemu-cmplog	/home/tephra/experiments/int32_const_chain/tc_0007.c	/home/tephra/experiments/int32_const_chain/in_0007	0	60	0	0	0.0000	-	-	-
afl++-qemu-cmplog	/home/tephra/experiments/int32_const_chain/tc_0008.c	/home/tephra/experiments/int32_const_chain/in_0008	0	60	0	0	0.0000	-	-	-
afl++-qemu-cmplog	/home/tephra/experiments/int32_const_chain/tc_0009.c	/home/tephra/experiments/int32_const_chain/in_0009	0	60	0	0	0.0000	-	-	-
afl++-qemu-cmplog	/home/tephra/experiments/int32_const_chain/tc_0010.c	/home/tephra/experiments/int32_const_chain/in_0010	0	60	0	0	0.0000	-	-	-
afl++-qemu-compcov	/home/tephra/experiments/int32_const_chain/tc_0001.c	/home/tephra/experiments/int32_const_chain/in_0001	60	0	0	0	1.0000	9422.5500	9353.6532	9491.4468
afl++-qemu-compcov	/home/tephra/experiments/int32_const_chain/tc_0002.c	/home/tephra/experiments/int32_const_chain/in_0002	60	0	0	0	1.0000	49840.7000	49537.2932	50144.1068
afl++-qemu-compcov	/home/tephra/experiments/int32_const_chain/tc_0003.c	/home/tephra/experiments/int32_const_chain/in_0003	60	0	0	0	1.0000	156417.8667	155786.1947	157049.5386
afl++-qemu-compcov	/home/tephra/experiments/int32_const_chain/tc_0004.c	/home/tephra/experiments/int32_const_chain/in_0004	0	60	0	0	0.0000	-	-	-
afl++-qemu-compcov	/home/tephra/experiments/int32_const_chain/tc_0005.c	/home/tephra/experiments/int32_const_chain/in_0005	0	60	0	0	0.0000	-	-	-
afl++-qemu-compcov	/home/tephra/experiments/int32_const_chain/tc_0006.c	/home/tephra/experiments/int32_const_chain/in_0006	0	60	0	0	0.0000	-	-	-
afl++-qemu-compcov	/home/tephra/experiments/int32_const_chain/tc_0007.c	/home/tephra/experiments/int32_const_chain/in_0007	0	60	0	0	0.0000	-	-	-
afl++-qemu-compcov	/home/tephra/experiments/int32_const_chain/tc_0008.c	/home/tephra/experiments/int32_const_chain/in_0008	0	60	0	0	0.0000	-	-	-
afl++-qemu-compcov	/home/tephra/experiments/int32_const_chain/tc_0009.c	/home/tephra/experiments/int32_const_chain/in_0009	0	60	0	0	0.0000	-	-	-
afl++-qemu-compcov	/home/tephra/experiments/int32_const_chain/tc_0010.c	/home/tephra/experiments/int32_const_chain/in_0010	0	60	0	0	0.0000	-	-	-
honggfuzz-qemu	/home/tephra/experiments/int32_const_chain/tc_0001.c	/home/tephra/experiments/int32_const_chain/in_0001	60	0	0	0	1.0000	219574.9500	216079.5124	223070.3876
honggfuzz-qemu	/home/tephra/experiments/int32_const_chain/tc_0002.c	/home/tephra/experiments/int32_const_chain/in_0002	58	2	0	0	0.9667	747853.4655	743981.4001	751725.5309
honggfuzz-qemu	/home/tephra/experiments/int32_const_chain/tc_0003.c	/home/tephra/experiments/int32_const_chain/in_0003	44	16	0	0	0.7333	1860635.9545	1853856.4354	1867415.4737
honggfuzz-qemu	/home/tephra/experiments/int32_const_chain/tc_0004.c	/home/tephra/experiments/int32_const_chain/in_0004	0	60	0	0	0.0000	-	-	-
honggfuzz-qemu	/home/tephra/experiments/int32_const_chain/tc_0005.c	/home/tephra/experiments/int32_const_chain/in_0005	0	60	0	0	0.0000	-	-	-
honggfuzz-qemu	/home/tephra/experiments/int32_const_chain/tc_0006.c	/home/tephra/experiments/int32_const_chain/in_0006	0	60	0	0	0.0000	-	-	-
honggfuzz-qemu	/home/tephra/experiments/int32_const_chain/tc_0007.c	/home/tephra/experiments/int32_const_chain/in_0007	0	60	0	0	0.0000	-	-	-
honggfuzz-qemu	/home/tephra/experiments/int32_const_chain/tc_0008.c	/home/tephra/experiments/int32_const_chain/in_0008	0	60	0	0	0.0000	-	-	-
honggfuzz-qemu	/home/tephra/experiments/int32_const_chain/tc_0009.c	/home/tephra/experiments/int32_const_chain/in_0009	0	60	0	0	0.0000	-	-	-
honggfuzz-qemu	/home/tephra/experiments/int32_const_chain/tc_0010.c	/home/tephra/experiments/int32_const_chain/in_0010	0	60	0	0	0.0000	-	-	-
dataflow	/home/tephra/experiments/int32_const_chain/tc_0001.c	/home/tephra/experiments/int32_const_chain/in_0001	0	60	0	0	0.0000	-	-	-
dataflow	/home/tephra/experiments/int32_const_chain/tc_0002.c	/home/tephra/experiments/int32_const_chain/in_0002	0	60	0	0	0.0000	-	-	-
dataflow	/home/tephra/experiments/int32_const_chain/tc_0003.c	/home/tephra/experiments/int32_const_chain/in_0003	0	60	0	0	0.0000	-	-	-
dataflow	/home/tephra/experiments/int32_const_chain/tc_0004.c	/home/tephra/experiments/int32_const_chain/in_0004	0	60	0	0	0.0000	-	-	-
dataflow	/home/tephra/experiments/int32_const_chain/tc_0005.c	/home/tephra/experiments/int32_const_chain/in_0005	0	60	0	0	0.0000	-	-	-
dataflow	/home/tephra/experiments/int32_const_chain/tc_0006.c	/home/tephra/experiments/int32_const_chain/in_0006	0	60	0	0	0.0000	-	-	-
dataflow	/home/tephra/experiments/int32_const_chain/tc_0007.c	/home/tephra/experiments/int32_const_chain/in_0007	0	60	0	0	0.0000	-	-	-
dataflow	/home/tephra/experiments/int32_const_chain/tc_0008.c	/home/tephra/experiments/int32_const_chain/in_0008	0	60	0	0	0.0000	-	-	-
dataflow	/home/tephra/experiments/int32_const_chain/tc_0009.c	/home/tephra/experiments/int32_const_chain/in_0009	0	60	0	0	0.0000	-	-	-
dataflow	/home/tephra/experiments/int32_const_chain/tc_0010.c	/home/tephra/experiments/int32_const_chain/in_0010	0	60	0	0	0.0000	-	-	-
klee	/home/tephra/experiments/int32_const_chain/tc_0001.c	/home/tephra/experiments/int32_const_chain/in_0001	60	0	0	0	1.0000	606.5167	605.9676	607.0657
klee	/home/tephra/experiments/int32_const_chain/tc_0002.c	/home/tephra/experiments/int32_const_chain/in_0002	60	0	0	0	1.0000	629.7500	629.3873	630.1127
klee	/home/tephra/experiments/int32_const_chain/tc_0003.c	/home/tephra/experiments/int32_const_chain/in_0003	60	0	0	0	1.0000	644.2833	643.9604	644.6062
klee	/home/tephra/experiments/int32_const_chain/tc_0004.c	/home/tephra/experiments/int32_const_chain/in_0004	60	0	0	0	1.0000	642.2500	641.9033	642.5967
klee	/home/tephra/experiments/int32_const_chain/tc_0005.c	/home/tephra/experiments/int32_const_chain/in_0005	60	0	0	0	1.0000	646.5333	646.2087	646.8580
klee	/home/tephra/experiments/int32_const_chain/tc_0006.c	/home/tephra/experiments/int32_const_chain/in_0006	60	0	0	0	1.0000	655.1833	654.8823	655.4844
klee	/home/tephra/experiments/int32_const_chain/tc_0007.c	/home/tephra/experiments/int32_const_chain/in_0007	60	0	0	0	1.0000	630.5000	630.1411	630.8589
klee	/home/tephra/experiments/int32_const_chain/tc_0008.c	/home/tephra/experiments/int32_const_chain/in_0008	60	0	0	0	1.0000	636.5333	636.1590	636.9076
klee	/home/tephra/experiments/int32_const_chain/tc_0009.c	/home/tephra/experiments/int32_const_chain/in_0009	60	0	0	0	1.0000	631.6667	631.3066	632.0268
klee	/home/tephra/experiments/int32_const_chain/tc_0010.c	/home/tephra/experiments/int32_const_chain/in_0010	60	0	0	0	1.0000	630.4833	630.0831	630.8836
symcc	/home/tephra/experiments/int32_const_chain/tc_0001.c	/home/tephra/experiments/int32_const_chain/in_0001	60	0	0	0	1.0000	2053.7667	2053.1995	2054.3339
symcc	/home/tephra/experiments/int32_const_chain/tc_0002.c	/home/tephra/experiments/int32_const_chain/in_0002	60	0	0	0	1.0000	4787.9500	4786.3656	4789.5344
symcc	/home/tephra/experiments/int32_const_chain/tc_0003.c	/home/tephra/experiments/int32_const_chain/in_0003	60	0	0	0	1.0000	11620.3000	11616.7260	11623.8740
symcc	/home/tephra/experiments/int32_const_chain/tc_0004.c	/home/tephra/experiments/int32_const_chain/in_0004	60	0	0	0	1.0000	27212.3833	27204.4185	27220.3482
symcc	/home/tephra/experiments/int32_const_chain/tc_0005.c	/home/tephra/experiments/int32_const_chain/in_0005	60	0	0	0	1.0000	61206.2167	61190.6700	61221.7633
symcc	/home/tephra/experiments/int32_const_chain/tc_0006.c	/home/tephra/experiments/int32_const_chain/in_0006	60	0	0	0	1.0000	136231.9000	136195.5374	136268.2626
symcc	/home/tephra/experiments/int32_const_chain/tc_0007.c	/home/tephra/experiments/int32_const_chain/in_0007	60	0	0	0	1.0000	357441.9833	357312.4804	357571.4863
symcc	/home/tephra/experiments/int32_const_chain/tc_0008.c	/home/tephra/experiments/int32_const_chain/in_0008	60	0	0	0	1.0000	993504.7500	992797.5887	994211.9113
symcc	/home/tephra/experiments/int32_const_chain/tc_0009.c	/home/tephra/experiments/int32_const_chain/in_0009	60	0	0	0	1.0000	1956706.4667	1954486.9998	1958925.9336
symcc	/home/tephra/experiments/int32_const_chain/tc_0010.c	/home/tephra/experiments/int32_const_chain/in_0010	29	31	0	0	0.4833	-	-	-
libfuzzer	/home/tephra/experiments/int32_const_chain/tc_0011.c	/home/tephra/experiments/int32_const_chain/in_0011	60	0	0	0	1.0000	4645.3667	4622.9795	4667.7538
libfuzzer	/home/tephra/experiments/int32_const_chain/tc_0012.c	/home/tephra/experiments/int32_const_chain/in_0012	60	0	0	0	1.0000	5672.6167	5643.1658	5702.0675
libfuzzer	/home/tephra/experiments/int32_const_chain/tc_0013.c	/home/tephra/experiments/int32_const_chain/in_0013	60	0	0	0	1.0000	8597.0333	8547.4820	8646.5847
libfuzzer	/home/tephra/experiments/int32_const_chain/tc_0014.c	/home/tephra/experiments/int32_const_chain/in_0014	60	0	0	0	1.0000	9915.6167	9858.0559	9973.1775
libfuzzer	/home/tephra/experiments/int32_const_chain/tc_0015.c	/home/tephra/experiments/int32_const_chain/in_0015	60	0	0	0	1.0000	10216.9500	10162.5162	10271.3838
libfuzzer-entropic	/home/tephra/experiments/int32_const_chain/tc_0011.c	/home/tephra/experiments/int32_const_chain/in_0011	60	0	0	0	1.0000	7436.6000	7398.5559	7474.6441
libfuzzer-entropic	/home/tephra/experiments/int32_const_chain/tc_0012.c	/home/tephra/experiments/int32_const_chain/in_0012	60	0	0	0	1.0000	7014.9000	6981.2054	7048.5946
libfuzzer-entropic	/home/tephra/experiments/int32_const_chain/tc_0013.c	/home/tephra/experiments/int32_const_chain/in_0013	60	0	0	0	1.0000	10674.6333	10606.3764	10742.8902
libfuzzer-entropic	/home/tephra/experiments/int32_const_chain/tc_0014.c	/home/tephra/experiments/int32_const_chain/in_0014	60	0	0	0	1.0000	14495.4333	14424.1696	14566.6970
libfuzzer-entropic	/home/tephra/experiments/int32_const_chain/tc_0015.c	/home/tephra/experiments/int32_const_chain/in_0015	60	0	0	0	1.0000	18594.3833	18474.8891	18713.8775
honggfuzz	/home/tephra/experiments/int32_const_chain/tc_0011.c	/home/tephra/experiments/int32_const_chain/in_0011	0	60	0	0	0.0000	-	-	-
honggfuzz	/home/tephra/experiments/int32_const_chain/tc_0012.c	/home/tephra/experiments/int32_const_chain/in_0012	0	60	0	0	0.0000	-	-	-
honggfuzz	/home/tephra/experiments/int32_const_chain/tc_0013.c	/home/tephra/experiments/int32_const_chain/in_0013	0	60	0	0	0.0000	-	-	-
honggfuzz	/home/tephra/experiments/int32_const_chain/tc_0014.c	/home/tephra/experiments/int32_const_chain/in_0014	0	60	0	0	0.0000	-	-	-
honggfuzz	/home/tephra/experiments/int32_const_chain/tc_0015.c	/home/tephra/experiments/int32_const_chain/in_0015	0	60	0	0	0.0000	-	-	-
wingfuzz	/home/tephra/experiments/int32_const_chain/tc_0011.c	/home/tephra/experiments/int32_const_chain/in_0011	60	0	0	0	1.0000	13760.9333	13644.4175	13877.4491
wingfuzz	/home/tephra/experiments/int32_const_chain/tc_0012.c	/home/tephra/experiments/int32_const_chain/in_0012	60	0	0	0	1.0000	13794.0667	13639.2826	13948.8507
wingfuzz	/home/tephra/experiments/int32_const_chain/tc_0013.c	/home/tephra/experiments/int32_const_chain/in_0013	60	0	0	0	1.0000	14638.5667	14522.7403	14754.3930
wingfuzz	/home/tephra/experiments/int32_const_chain/tc_0014.c	/home/tephra/experiments/int32_const_chain/in_0014	60	0	0	0	1.0000	15185.7667	15057.2172	15314.3162
wingfuzz	/home/tephra/experiments/int32_const_chain/tc_0015.c	/home/tephra/experiments/int32_const_chain/in_0015	60	0	0	0	1.0000	18664.7000	18540.4073	18788.9927
libafl	/home/tephra/experiments/int32_const_chain/tc_0011.c	/home/tephra/experiments/int32_const_chain/in_0011	0	60	0	0	0.0000	-	-	-
libafl	/home/tephra/experiments/int32_const_chain/tc_0012.c	/home/tephra/experiments/int32_const_chain/in_0012	0	60	0	0	0.0000	-	-	-
libafl	/home/tephra/experiments/int32_const_chain/tc_0013.c	/home/tephra/experiments/int32_const_chain/in_0013	0	60	0	0	0.0000	-	-	-
libafl	/home/tephra/experiments/int32_const_chain/tc_0014.c	/home/tephra/experiments/int32_const_chain/in_0014	0	60	0	0	0.0000	-	-	-
libafl	/home/tephra/experiments/int32_const_chain/tc_0015.c	/home/tephra/experiments/int32_const_chain/in_0015	0	60	0	0	0.0000	-	-	-
libafl-libfuzzer	/home/tephra/experiments/int32_const_chain/tc_0011.c	/home/tephra/experiments/int32_const_chain/in_0011	60	0	0	0	1.0000	162.1167	162.0262	162.2071
libafl-libfuzzer	/home/tephra/experiments/int32_const_chain/tc_0012.c	/home/tephra/experiments/int32_const_chain/in_0012	60	0	0	0	1.0000	153.7333	153.6741	153.7926
libafl-libfuzzer	/home/tephra/experiments/int32_const_chain/tc_0013.c	/home/tephra/experiments/int32_const_chain/in_0013	60	0	0	0	1.0000	166.8833	166.7832	166.9835
libafl-libfuzzer	/home/tephra/experiments/int32_const_chain/tc_0014.c	/home/tephra/experiments/int32_const_chain/in_0014	60	0	0	0	1.0000	163.7500	163.6511	163.8489
libafl-libfuzzer	/home/tephra/experiments/int32_const_chain/tc_0015.c	/home/tephra/experiments/int32_const_chain/in_0015	60	0	0	0	1.0000	186.8500	186.7221	186.9779
ddfuzz	/home/tephra/experiments/int32_const_chain/tc_0011.c	/home/tephra/experiments/int32_const_chain/in_0011	0	60	0	0	0.0000	-	-	-
ddfuzz	/home/tephra/experiments/int32_const_chain/tc_0012.c	/home/tephra/experiments/int32_const_chain/in_0012	0	60	0	0	0.0000	-	-	-
ddfuzz	/home/tephra/experiments/int32_const_chain/tc_0013.c	/home/tephra/experiments/int32_const_chain/in_0013	0	60	0	0	0.0000	-	-	-
ddfuzz	/home/tephra/experiments/int32_const_chain/tc_0014.c	/home/tephra/experiments/int32_const_chain/in_0014	0	60	0	0	0.0000	-	-	-
ddfuzz	/home/tephra/experiments/int32_const_chain/tc_0015.c	/home/tephra/experiments/int32_const_chain/in_0015	0	60	0	0	0.0000	-	-	-
ecofuzz	/home/tephra/experiments/int32_const_chain/tc_0011.c	/home/tephra/experiments/int32_const_chain/in_0011	21	39	0	0	0.3500	-	-	-
ecofuzz	/home/tephra/experiments/int32_const_chain/tc_0012.c	/home/tephra/experiments/int32_const_chain/in_0012	0	60	0	0	0.0000	-	-	-
ecofuzz	/home/tephra/experiments/int32_const_chain/tc_0013.c	/home/tephra/experiments/int32_const_chain/in_0013	0	60	0	0	0.0000	-	-	-
ecofuzz	/home/tephra/experiments/int32_const_chain/tc_0014.c	/home/tephra/experiments/int32_const_chain/in_0014	0	60	0	0	0.0000	-	-	-
ecofuzz	/home/tephra/experiments/int32_const_chain/tc_0015.c	/home/tephra/experiments/int32_const_chain/in_0015	18	42	0	0	0.3000	-	-	-
afl-qemu	/home/tephra/experiments/int32_const_chain/tc_0001.c	/home/tephra/experiments/int32_const_chain/in_0001	0	60	0	0	0.0000	-	-	-
afl-qemu	/home/tephra/experiments/int32_const_chain/tc_0002.c	/home/tephra/experiments/int32_const_chain/in_0002	0	60	0	0	0.0000	-	-	-
afl-qemu	/home/tephra/experiments/int32_const_chain/tc_0003.c	/home/tephra/experiments/int32_const_chain/in_0003	0	60	0	0	0.0000	-	-	-
afl-qemu	/home/tephra/experiments/int32_const_chain/tc_0004.c	/home/tephra/experiments/int32_const_chain/in_0004	0	60	0	0	0.0000	-	-	-
afl-qemu	/home/tephra/experiments/int32_const_chain/tc_0005.c	/home/tephra/experiments/int32_const_chain/in_0005	0	60	0	0	0.0000	-	-	-
afl-qemu	/home/tephra/experiments/int32_const_chain/tc_0006.c	/home/tephra/experiments/int32_const_chain/in_0006	0	60	0	0	0.0000	-	-	-
afl-qemu	/home/tephra/experiments/int32_const_chain/tc_0007.c	/home/tephra/experiments/int32_const_chain/in_0007	0	60	0	0	0.0000	-	-	-
afl-qemu	/home/tephra/experiments/int32_const_chain/tc_0008.c	/home/tephra/experiments/int32_const_chain/in_0008	0	60	0	0	0.0000	-	-	-
afl-qemu	/home/tephra/experiments/int32_const_chain/tc_0009.c	/home/tephra/experiments/int32_const_chain/in_0009	0	60	0	0	0.0000	-	-	-
afl-qemu	/home/tephra/experiments/int32_const_chain/tc_0010.c	/home/tephra/experiments/int32_const_chain/in_0010	0	60	0	0	0.0000	-	-	-
klee	/home/tephra/experiments/int32_const_chain/tc_0011.c	/home/tephra/experiments/int32_const_chain/in_0011	60	0	0	0	1.0000	694.9500	694.4842	695.4158
klee	/home/tephra/experiments/int32_const_chain/tc_0012.c	/home/tephra/experiments/int32_const_chain/in_0012	60	0	0	0	1.0000	699.3833	699.0293	699.7374
klee	/home/tephra/experiments/int32_const_chain/tc_0013.c	/home/tephra/experiments/int32_const_chain/in_0013	60	0	0	0	1.0000	725.4000	725.0325	725.7675
klee	/home/tephra/experiments/int32_const_chain/tc_0014.c	/home/tephra/experiments/int32_const_chain/in_0014	60	0	0	0	1.0000	720.1167	719.8237	720.4096
klee	/home/tephra/experiments/int32_const_chain/tc_0015.c	/home/tephra/experiments/int32_const_chain/in_0015	60	0	0	0	1.0000	706.0833	705.7474	706.4192
klee	/home/tephra/experiments/int32_const_chain/tc_0016.c	/home/tephra/experiments/int32_const_chain/in_0016	60	0	0	0	1.0000	682.7500	682.4882	683.0118
klee	/home/tephra/experiments/int32_const_chain/tc_0032.c	/home/tephra/experiments/int32_const_chain/in_0032	60	0	0	0	1.0000	732.6000	732.3880	732.8120
klee	/home/tephra/experiments/int32_const_chain/tc_0064.c	/home/tephra/experiments/int32_const_chain/in_0064	0	0	60	0	0.0000	-	-	-
klee	/home/tephra/experiments/int32_const_chain/tc_0128.c	/home/tephra/experiments/int32_const_chain/in_0128	0	0	60	0	0.0000	-	-	-
klee	/home/tephra/experiments/int32_const_chain/tc_0256.c	/home/tephra/experiments/int32_const_chain/in_0256	0	0	60	0	0.0000	-	-	-
klee	/home/tephra/experiments/int32_const_chain/tc_0512.c	/home/tephra/experiments/int32_const_chain/in_0512	0	0	60	0	0.0000	-	-	-
klee	/home/tephra/experiments/int32_const_chain/tc_1024.c	/home/tephra/experiments/int32_const_chain/in_1024	0	0	60	0	0.0000	-	-	-
klee	/home/tephra/experiments/int32_const_chain/tc_2048.c	/home/tephra/experiments/int32_const_chain/in_2048	0	0	60	0	0.0000	-	-	-
klee	/home/tephra/experiments/int32_const_chain/tc_4096.c	/home/tephra/experiments/int32_const_chain/in_4096	0	0	60	0	0.0000	-	-	-
symcc	/home/tephra/experiments/int32_const_chain/tc_0011.c	/home/tephra/experiments/int32_const_chain/in_0011	0	60	0	0	0.0000	-	-	-
symcc	/home/tephra/experiments/int32_const_chain/tc_0012.c	/home/tephra/experiments/int32_const_chain/in_0012	0	60	0	0	0.0000	-	-	-
symcc	/home/tephra/experiments/int32_const_chain/tc_0013.c	/home/tephra/experiments/int32_const_chain/in_0013	0	60	0	0	0.0000	-	-	-
symcc	/home/tephra/experiments/int32_const_chain/tc_0014.c	/home/tephra/experiments/int32_const_chain/in_0014	0	60	0	0	0.0000	-	-	-
symcc	/home/tephra/experiments/int32_const_chain/tc_0015.c	/home/tephra/experiments/int32_const_chain/in_0015	0	60	0	0	0.0000	-	-	-
symcc	/home/tephra/experiments/int32_const_chain/tc_0016.c	/home/tephra/experiments/int32_const_chain/in_0016	0	60	0	0	0.0000	-	-	-
symcc	/home/tephra/experiments/int32_const_chain/tc_0032.c	/home/tephra/experiments/int32_const_chain/in_0032	0	60	0	0	0.0000	-	-	-
symcc	/home/tephra/experiments/int32_const_chain/tc_0064.c	/home/tephra/experiments/int32_const_chain/in_0064	0	60	0	0	0.0000	-	-	-
