fuzzer	put	corpus	success	timeout	invalid	error	ratio	ttt	cleft	cright
afl-gcc	/home/tephra/experiments/float_simple_intervals/tc_00000000-1.c	/home/tephra/experiments/float_simple_intervals/in_00000000-1	60	0	0	0	1.0000	8161.0167	8101.7577	8220.2756
afl-gcc	/home/tephra/experiments/float_simple_intervals/tc_00000000-2.c	/home/tephra/experiments/float_simple_intervals/in_00000000-2	60	0	0	0	1.0000	11456.4500	11365.3936	11547.5064
afl-gcc	/home/tephra/experiments/float_simple_intervals/tc_00000000-3.c	/home/tephra/experiments/float_simple_intervals/in_00000000-3	60	0	0	0	1.0000	408059.6833	404796.7844	411322.5823
afl-gcc	/home/tephra/experiments/float_simple_intervals/tc_00000000-4.c	/home/tephra/experiments/float_simple_intervals/in_00000000-4	54	6	0	0	0.9000	1078225.0556	1069848.2465	1086601.8646
afl-gcc	/home/tephra/experiments/float_simple_intervals/tc_00000000-5.c	/home/tephra/experiments/float_simple_intervals/in_00000000-5	0	60	0	0	0.0000	-	-	-
afl-gcc	/home/tephra/experiments/float_simple_intervals/tc_00000000-6.c	/home/tephra/experiments/float_simple_intervals/in_00000000-6	1	59	0	0	0.0167	-	-	-
afl-gcc	/home/tephra/experiments/float_simple_intervals/tc_0000000000.c	/home/tephra/experiments/float_simple_intervals/in_0000000000	60	0	0	0	1.0000	383.1167	382.3616	383.8718
afl-gcc	/home/tephra/experiments/float_simple_intervals/tc_0000000001.c	/home/tephra/experiments/float_simple_intervals/in_0000000001	60	0	0	0	1.0000	236.5833	236.2187	236.9480
afl-gcc	/home/tephra/experiments/float_simple_intervals/tc_0000000002.c	/home/tephra/experiments/float_simple_intervals/in_0000000002	60	0	0	0	1.0000	225.1500	225.1167	225.1833
afl-gcc	/home/tephra/experiments/float_simple_intervals/tc_0000000003.c	/home/tephra/experiments/float_simple_intervals/in_0000000003	60	0	0	0	1.0000	238.4167	238.0049	238.8284
afl-gcc	/home/tephra/experiments/float_simple_intervals/tc_0000000004.c	/home/tephra/experiments/float_simple_intervals/in_0000000004	60	0	0	0	1.0000	224.2500	224.2092	224.2908
afl-gcc	/home/tephra/experiments/float_simple_intervals/tc_0000000005.c	/home/tephra/experiments/float_simple_intervals/in_0000000005	60	0	0	0	1.0000	270.6000	269.9140	271.2860
afl-gcc	/home/tephra/experiments/float_simple_intervals/tc_0000000006.c	/home/tephra/experiments/float_simple_intervals/in_0000000006	60	0	0	0	1.0000	244.9667	244.4670	245.4663
afl-clang-fast	/home/tephra/experiments/float_simple_intervals/tc_00000000-1.c	/home/tephra/experiments/float_simple_intervals/in_00000000-1	60	0	0	0	1.0000	7155.4000	7103.3890	7207.4110
afl-clang-fast	/home/tephra/experiments/float_simple_intervals/tc_00000000-2.c	/home/tephra/experiments/float_simple_intervals/in_00000000-2	60	0	0	0	1.0000	9007.8000	8939.4797	9076.1203
afl-clang-fast	/home/tephra/experiments/float_simple_intervals/tc_00000000-3.c	/home/tephra/experiments/float_simple_intervals/in_00000000-3	60	0	0	0	1.0000	434772.0000	431065.8646	438478.1354
afl-clang-fast	/home/tephra/experiments/float_simple_intervals/tc_00000000-4.c	/home/tephra/experiments/float_simple_intervals/in_00000000-4	57	3	0	0	0.9500	1039359.2632	1032491.1172	1046227.4091
afl-clang-fast	/home/tephra/experiments/float_simple_intervals/tc_00000000-5.c	/home/tephra/experiments/float_simple_intervals/in_00000000-5	3	57	0	0	0.0500	-	-	-
afl-clang-fast	/home/tephra/experiments/float_simple_intervals/tc_00000000-6.c	/home/tephra/experiments/float_simple_intervals/in_00000000-6	0	60	0	0	0.0000	-	-	-
afl-clang-fast	/home/tephra/experiments/float_simple_intervals/tc_0000000000.c	/home/tephra/experiments/float_simple_intervals/in_0000000000	60	0	0	0	1.0000	435.9333	435.8945	435.9721
afl-clang-fast	/home/tephra/experiments/float_simple_intervals/tc_0000000001.c	/home/tephra/experiments/float_simple_intervals/in_0000000001	60	0	0	0	1.0000	378.7500	378.0369	379.4631
afl-clang-fast	/home/tephra/experiments/float_simple_intervals/tc_0000000002.c	/home/tephra/experiments/float_simple_intervals/in_0000000002	60	0	0	0	1.0000	412.4333	411.9682	412.8985
afl-clang-fast	/home/tephra/experiments/float_simple_intervals/tc_0000000003.c	/home/tephra/experiments/float_simple_intervals/in_0000000003	60	0	0	0	1.0000	436.6833	436.6417	436.7249
afl-clang-fast	/home/tephra/experiments/float_simple_intervals/tc_0000000004.c	/home/tephra/experiments/float_simple_intervals/in_0000000004	60	0	0	0	1.0000	394.9667	394.3482	395.5851
afl-clang-fast	/home/tephra/experiments/float_simple_intervals/tc_0000000005.c	/home/tephra/experiments/float_simple_intervals/in_0000000005	60	0	0	0	1.0000	436.0833	436.0422	436.1245
afl-clang-fast	/home/tephra/experiments/float_simple_intervals/tc_0000000006.c	/home/tephra/experiments/float_simple_intervals/in_0000000006	60	0	0	0	1.0000	424.2667	423.8981	424.6352
afl-libtokencap	/home/tephra/experiments/float_simple_intervals/tc_00000000-1.c	/home/tephra/experiments/float_simple_intervals/in_00000000-1	60	0	0	0	1.0000	6662.5333	6621.0674	6703.9993
afl-libtokencap	/home/tephra/experiments/float_simple_intervals/tc_00000000-2.c	/home/tephra/experiments/float_simple_intervals/in_00000000-2	60	0	0	0	1.0000	9852.5500	9776.0851	9929.0149
afl-libtokencap	/home/tephra/experiments/float_simple_intervals/tc_00000000-3.c	/home/tephra/experiments/float_simple_intervals/in_00000000-3	60	0	0	0	1.0000	535596.1833	530835.5841	540356.7826
afl-libtokencap	/home/tephra/experiments/float_simple_intervals/tc_00000000-4.c	/home/tephra/experiments/float_simple_intervals/in_00000000-4	56	4	0	0	0.9333	945630.0893	939156.5552	952103.6234
afl-libtokencap	/home/tephra/experiments/float_simple_intervals/tc_00000000-5.c	/home/tephra/experiments/float_simple_intervals/in_00000000-5	0	60	0	0	0.0000	-	-	-
afl-libtokencap	/home/tephra/experiments/float_simple_intervals/tc_00000000-6.c	/home/tephra/experiments/float_simple_intervals/in_00000000-6	1	59	0	0	0.0167	-	-	-
afl-libtokencap	/home/tephra/experiments/float_simple_intervals/tc_0000000000.c	/home/tephra/experiments/float_simple_intervals/in_0000000000	60	0	0	0	1.0000	624.7500	623.5843	625.9157
afl-libtokencap	/home/tephra/experiments/float_simple_intervals/tc_0000000001.c	/home/tephra/experiments/float_simple_intervals/in_0000000001	60	0	0	0	1.0000	376.9667	376.1548	377.7785
afl-libtokencap	/home/tephra/experiments/float_simple_intervals/tc_0000000002.c	/home/tephra/experiments/float_simple_intervals/in_0000000002	60	0	0	0	1.0000	389.4500	388.5349	390.3651
afl-libtokencap	/home/tephra/experiments/float_simple_intervals/tc_0000000003.c	/home/tephra/experiments/float_simple_intervals/in_0000000003	60	0	0	0	1.0000	453.4167	452.4149	454.4184
afl-libtokencap	/home/tephra/experiments/float_simple_intervals/tc_0000000004.c	/home/tephra/experiments/float_simple_intervals/in_0000000004	60	0	0	0	1.0000	409.9833	409.1332	410.8335
afl-libtokencap	/home/tephra/experiments/float_simple_intervals/tc_0000000005.c	/home/tephra/experiments/float_simple_intervals/in_0000000005	60	0	0	0	1.0000	574.8667	574.1061	575.6272
afl-libtokencap	/home/tephra/experiments/float_simple_intervals/tc_0000000006.c	/home/tephra/experiments/float_simple_intervals/in_0000000006	60	0	0	0	1.0000	434.9333	433.7142	436.1525
radamsa	/home/tephra/experiments/float_simple_intervals/tc_00000000-1.c	/home/tephra/experiments/float_simple_intervals/in_00000000-1	60	0	0	0	1.0000	16388.6833	16254.2331	16523.1335
radamsa	/home/tephra/experiments/float_simple_intervals/tc_00000000-2.c	/home/tephra/experiments/float_simple_intervals/in_00000000-2	60	0	0	0	1.0000	19450.5500	19294.4644	19606.6356
radamsa	/home/tephra/experiments/float_simple_intervals/tc_00000000-3.c	/home/tephra/experiments/float_simple_intervals/in_00000000-3	42	14	4	0	0.7000	1266095.9762	1257400.7447	1274791.2077
radamsa	/home/tephra/experiments/float_simple_intervals/tc_00000000-4.c	/home/tephra/experiments/float_simple_intervals/in_00000000-4	48	11	1	0	0.8000	1270694.1667	1262096.0688	1279292.2645
radamsa	/home/tephra/experiments/float_simple_intervals/tc_00000000-5.c	/home/tephra/experiments/float_simple_intervals/in_00000000-5	0	55	5	0	0.0000	-	-	-
radamsa	/home/tephra/experiments/float_simple_intervals/tc_00000000-6.c	/home/tephra/experiments/float_simple_intervals/in_00000000-6	0	58	2	0	0.0000	-	-	-
radamsa	/home/tephra/experiments/float_simple_intervals/tc_0000000000.c	/home/tephra/experiments/float_simple_intervals/in_0000000000	60	0	0	0	1.0000	24.8500	24.5376	25.1624
radamsa	/home/tephra/experiments/float_simple_intervals/tc_0000000001.c	/home/tephra/experiments/float_simple_intervals/in_0000000001	60	0	0	0	1.0000	15.7167	15.6615	15.7719
radamsa	/home/tephra/experiments/float_simple_intervals/tc_0000000002.c	/home/tephra/experiments/float_simple_intervals/in_0000000002	60	0	0	0	1.0000	13.1167	13.0805	13.1529
radamsa	/home/tephra/experiments/float_simple_intervals/tc_0000000003.c	/home/tephra/experiments/float_simple_intervals/in_0000000003	60	0	0	0	1.0000	13.8000	13.7631	13.8369
radamsa	/home/tephra/experiments/float_simple_intervals/tc_0000000004.c	/home/tephra/experiments/float_simple_intervals/in_0000000004	60	0	0	0	1.0000	15.3833	15.2760	15.4906
radamsa	/home/tephra/experiments/float_simple_intervals/tc_0000000005.c	/home/tephra/experiments/float_simple_intervals/in_0000000005	60	0	0	0	1.0000	13.9333	13.8735	13.9932
radamsa	/home/tephra/experiments/float_simple_intervals/tc_0000000006.c	/home/tephra/experiments/float_simple_intervals/in_0000000006	60	0	0	0	1.0000	13.0833	13.0428	13.1238
libfuzzer	/home/tephra/experiments/float_simple_intervals/tc_00000000-1.c	/home/tephra/experiments/float_simple_intervals/in_00000000-1	60	0	0	0	1.0000	175.6667	175.6027	175.7306
libfuzzer	/home/tephra/experiments/float_simple_intervals/tc_00000000-2.c	/home/tephra/experiments/float_simple_intervals/in_00000000-2	60	0	0	0	1.0000	194.9833	194.6993	195.2674
libfuzzer	/home/tephra/experiments/float_simple_intervals/tc_00000000-3.c	/home/tephra/experiments/float_simple_intervals/in_00000000-3	60	0	0	0	1.0000	559.6500	554.8518	564.4482
libfuzzer	/home/tephra/experiments/float_simple_intervals/tc_00000000-4.c	/home/tephra/experiments/float_simple_intervals/in_00000000-4	60	0	0	0	1.0000	1061.3667	1052.8169	1069.9165
libfuzzer	/home/tephra/experiments/float_simple_intervals/tc_00000000-5.c	/home/tephra/experiments/float_simple_intervals/in_00000000-5	23	37	0	0	0.3833	-	-	-
libfuzzer	/home/tephra/experiments/float_simple_intervals/tc_00000000-6.c	/home/tephra/experiments/float_simple_intervals/in_00000000-6	1	59	0	0	0.0167	-	-	-
libfuzzer	/home/tephra/experiments/float_simple_intervals/tc_0000000000.c	/home/tephra/experiments/float_simple_intervals/in_0000000000	60	0	0	0	1.0000	166.1833	166.1360	166.2306
libfuzzer	/home/tephra/experiments/float_simple_intervals/tc_0000000001.c	/home/tephra/experiments/float_simple_intervals/in_0000000001	60	0	0	0	1.0000	163.8333	163.8183	163.8484
libfuzzer	/home/tephra/experiments/float_simple_intervals/tc_0000000002.c	/home/tephra/experiments/float_simple_intervals/in_0000000002	60	0	0	0	1.0000	164.0500	164.0376	164.0624
libfuzzer	/home/tephra/experiments/float_simple_intervals/tc_0000000003.c	/home/tephra/experiments/float_simple_intervals/in_0000000003	60	0	0	0	1.0000	164.5000	164.4796	164.5204
libfuzzer	/home/tephra/experiments/float_simple_intervals/tc_0000000004.c	/home/tephra/experiments/float_simple_intervals/in_0000000004	60	0	0	0	1.0000	165.6500	165.6277	165.6723
libfuzzer	/home/tephra/experiments/float_simple_intervals/tc_0000000005.c	/home/tephra/experiments/float_simple_intervals/in_0000000005	60	0	0	0	1.0000	166.4333	166.4101	166.4565
libfuzzer	/home/tephra/experiments/float_simple_intervals/tc_0000000006.c	/home/tephra/experiments/float_simple_intervals/in_0000000006	60	0	0	0	1.0000	165.4833	165.4634	165.5032
libfuzzer-entropic	/home/tephra/experiments/float_simple_intervals/tc_00000000-1.c	/home/tephra/experiments/float_simple_intervals/in_00000000-1	60	0	0	0	1.0000	170.9167	170.8344	170.9990
libfuzzer-entropic	/home/tephra/experiments/float_simple_intervals/tc_00000000-2.c	/home/tephra/experiments/float_simple_intervals/in_00000000-2	60	0	0	0	1.0000	192.7167	192.2754	193.1579
libfuzzer-entropic	/home/tephra/experiments/float_simple_intervals/tc_00000000-3.c	/home/tephra/experiments/float_simple_intervals/in_00000000-3	60	0	0	0	1.0000	548.0667	545.3337	550.7997
libfuzzer-entropic	/home/tephra/experiments/float_simple_intervals/tc_00000000-4.c	/home/tephra/experiments/float_simple_intervals/in_00000000-4	60	0	0	0	1.0000	1452.0833	1437.5505	1466.6162
libfuzzer-entropic	/home/tephra/experiments/float_simple_intervals/tc_00000000-5.c	/home/tephra/experiments/float_simple_intervals/in_00000000-5	47	13	0	0	0.7833	45348.5319	45052.7996	45644.2643
libfuzzer-entropic	/home/tephra/experiments/float_simple_intervals/tc_00000000-6.c	/home/tephra/experiments/float_simple_intervals/in_00000000-6	0	60	0	0	0.0000	-	-	-
libfuzzer-entropic	/home/tephra/experiments/float_simple_intervals/tc_0000000000.c	/home/tephra/experiments/float_simple_intervals/in_0000000000	60	0	0	0	1.0000	171.0500	171.0096	171.0904
libfuzzer-entropic	/home/tephra/experiments/float_simple_intervals/tc_0000000001.c	/home/tephra/experiments/float_simple_intervals/in_0000000001	60	0	0	0	1.0000	171.3167	171.2951	171.3382
libfuzzer-entropic	/home/tephra/experiments/float_simple_intervals/tc_0000000002.c	/home/tephra/experiments/float_simple_intervals/in_0000000002	60	0	0	0	1.0000	170.2500	170.2246	170.2754
libfuzzer-entropic	/home/tephra/experiments/float_simple_intervals/tc_0000000003.c	/home/tephra/experiments/float_simple_intervals/in_0000000003	60	0	0	0	1.0000	168.6667	168.6448	168.6885
libfuzzer-entropic	/home/tephra/experiments/float_simple_intervals/tc_0000000004.c	/home/tephra/experiments/float_simple_intervals/in_0000000004	60	0	0	0	1.0000	169.8833	169.8620	169.9047
libfuzzer-entropic	/home/tephra/experiments/float_simple_intervals/tc_0000000005.c	/home/tephra/experiments/float_simple_intervals/in_0000000005	60	0	0	0	1.0000	169.5000	169.4830	169.5170
libfuzzer-entropic	/home/tephra/experiments/float_simple_intervals/tc_0000000006.c	/home/tephra/experiments/float_simple_intervals/in_0000000006	60	0	0	0	1.0000	169.0500	169.0360	169.0640
dev-urandom	/home/tephra/experiments/float_simple_intervals/tc_00000000-1.c	/home/tephra/experiments/float_simple_intervals/in_00000000-1	60	0	0	0	1.0000	38.0667	37.7714	38.3620
dev-urandom	/home/tephra/experiments/float_simple_intervals/tc_00000000-2.c	/home/tephra/experiments/float_simple_intervals/in_00000000-2	60	0	0	0	1.0000	111.8500	110.9749	112.7251
dev-urandom	/home/tephra/experiments/float_simple_intervals/tc_00000000-3.c	/home/tephra/experiments/float_simple_intervals/in_00000000-3	60	0	0	0	1.0000	4560.1333	4529.7644	4590.5023
dev-urandom	/home/tephra/experiments/float_simple_intervals/tc_00000000-4.c	/home/tephra/experiments/float_simple_intervals/in_00000000-4	60	0	0	0	1.0000	3019.6000	2997.4711	3041.7289
dev-urandom	/home/tephra/experiments/float_simple_intervals/tc_00000000-5.c	/home/tephra/experiments/float_simple_intervals/in_00000000-5	60	0	0	0	1.0000	711564.7833	705289.7025	717839.8641
dev-urandom	/home/tephra/experiments/float_simple_intervals/tc_00000000-6.c	/home/tephra/experiments/float_simple_intervals/in_00000000-6	57	3	0	0	0.9500	1305438.6842	1297234.5920	1313642.7764
dev-urandom	/home/tephra/experiments/float_simple_intervals/tc_0000000000.c	/home/tephra/experiments/float_simple_intervals/in_0000000000	60	0	0	0	1.0000	1.9500	1.9477	1.9523
dev-urandom	/home/tephra/experiments/float_simple_intervals/tc_0000000001.c	/home/tephra/experiments/float_simple_intervals/in_0000000001	60	0	0	0	1.0000	1.9667	1.9652	1.9681
dev-urandom	/home/tephra/experiments/float_simple_intervals/tc_0000000002.c	/home/tephra/experiments/float_simple_intervals/in_0000000002	60	0	0	0	1.0000	1.9667	1.9646	1.9688
dev-urandom	/home/tephra/experiments/float_simple_intervals/tc_0000000003.c	/home/tephra/experiments/float_simple_intervals/in_0000000003	60	0	0	0	1.0000	1.9667	1.9652	1.9681
dev-urandom	/home/tephra/experiments/float_simple_intervals/tc_0000000004.c	/home/tephra/experiments/float_simple_intervals/in_0000000004	60	0	0	0	1.0000	1.9833	1.9815	1.9852
dev-urandom	/home/tephra/experiments/float_simple_intervals/tc_0000000005.c	/home/tephra/experiments/float_simple_intervals/in_0000000005	60	0	0	0	1.0000	2.0000	1.9979	2.0021
dev-urandom	/home/tephra/experiments/float_simple_intervals/tc_0000000006.c	/home/tephra/experiments/float_simple_intervals/in_0000000006	60	0	0	0	1.0000	2.0000	2.0000	2.0000
afl++	/home/tephra/experiments/float_simple_intervals/tc_00000000-1.c	/home/tephra/experiments/float_simple_intervals/in_00000000-1	60	0	0	0	1.0000	416.5833	414.4453	418.7214
afl++	/home/tephra/experiments/float_simple_intervals/tc_00000000-2.c	/home/tephra/experiments/float_simple_intervals/in_00000000-2	60	0	0	0	1.0000	267.8167	267.0316	268.6017
afl++	/home/tephra/experiments/float_simple_intervals/tc_00000000-3.c	/home/tephra/experiments/float_simple_intervals/in_00000000-3	60	0	0	0	1.0000	10856.8833	10771.5647	10942.2019
afl++	/home/tephra/experiments/float_simple_intervals/tc_00000000-4.c	/home/tephra/experiments/float_simple_intervals/in_00000000-4	60	0	0	0	1.0000	55935.2167	55467.6181	56402.8152
afl++	/home/tephra/experiments/float_simple_intervals/tc_00000000-5.c	/home/tephra/experiments/float_simple_intervals/in_00000000-5	11	49	0	0	0.1833	-	-	-
afl++	/home/tephra/experiments/float_simple_intervals/tc_00000000-6.c	/home/tephra/experiments/float_simple_intervals/in_00000000-6	5	55	0	0	0.0833	-	-	-
afl++	/home/tephra/experiments/float_simple_intervals/tc_0000000000.c	/home/tephra/experiments/float_simple_intervals/in_0000000000	60	0	0	0	1.0000	214.8000	214.7687	214.8313
afl++	/home/tephra/experiments/float_simple_intervals/tc_0000000001.c	/home/tephra/experiments/float_simple_intervals/in_0000000001	60	0	0	0	1.0000	214.7833	214.7616	214.8051
afl++	/home/tephra/experiments/float_simple_intervals/tc_0000000002.c	/home/tephra/experiments/float_simple_intervals/in_0000000002	60	0	0	0	1.0000	215.1333	215.1007	215.1660
afl++	/home/tephra/experiments/float_simple_intervals/tc_0000000003.c	/home/tephra/experiments/float_simple_intervals/in_0000000003	60	0	0	0	1.0000	214.7000	214.6799	214.7201
afl++	/home/tephra/experiments/float_simple_intervals/tc_0000000004.c	/home/tephra/experiments/float_simple_intervals/in_0000000004	60	0	0	0	1.0000	215.1667	215.1359	215.1974
afl++	/home/tephra/experiments/float_simple_intervals/tc_0000000005.c	/home/tephra/experiments/float_simple_intervals/in_0000000005	60	0	0	0	1.0000	214.8500	214.8247	214.8753
afl++	/home/tephra/experiments/float_simple_intervals/tc_0000000006.c	/home/tephra/experiments/float_simple_intervals/in_0000000006	0	0	0	60	0.0000	-	-	-
afl++-cmplog	/home/tephra/experiments/float_simple_intervals/tc_00000000-1.c	/home/tephra/experiments/float_simple_intervals/in_00000000-1	60	0	0	0	1.0000	244.9500	244.9165	244.9835
afl++-cmplog	/home/tephra/experiments/float_simple_intervals/tc_00000000-2.c	/home/tephra/experiments/float_simple_intervals/in_00000000-2	60	0	0	0	1.0000	245.4667	245.4336	245.4997
afl++-cmplog	/home/tephra/experiments/float_simple_intervals/tc_00000000-3.c	/home/tephra/experiments/float_simple_intervals/in_00000000-3	60	0	0	0	1.0000	245.0167	244.9806	245.0527
afl++-cmplog	/home/tephra/experiments/float_simple_intervals/tc_00000000-4.c	/home/tephra/experiments/float_simple_intervals/in_00000000-4	60	0	0	0	1.0000	246.5000	246.4686	246.5314
afl++-cmplog	/home/tephra/experiments/float_simple_intervals/tc_00000000-5.c	/home/tephra/experiments/float_simple_intervals/in_00000000-5	60	0	0	0	1.0000	244.5833	244.5525	244.6142
afl++-cmplog	/home/tephra/experiments/float_simple_intervals/tc_00000000-6.c	/home/tephra/experiments/float_simple_intervals/in_00000000-6	60	0	0	0	1.0000	244.0333	244.0016	244.0651
afl++-cmplog	/home/tephra/experiments/float_simple_intervals/tc_0000000000.c	/home/tephra/experiments/float_simple_intervals/in_0000000000	60	0	0	0	1.0000	246.7833	246.7426	246.8240
afl++-cmplog	/home/tephra/experiments/float_simple_intervals/tc_0000000001.c	/home/tephra/experiments/float_simple_intervals/in_0000000001	60	0	0	0	1.0000	246.5333	246.4932	246.5735
afl++-cmplog	/home/tephra/experiments/float_simple_intervals/tc_0000000002.c	/home/tephra/experiments/float_simple_intervals/in_0000000002	60	0	0	0	1.0000	246.2833	246.2419	246.3248
afl++-cmplog	/home/tephra/experiments/float_simple_intervals/tc_0000000003.c	/home/tephra/experiments/float_simple_intervals/in_0000000003	60	0	0	0	1.0000	244.6833	244.6453	244.7213
afl++-cmplog	/home/tephra/experiments/float_simple_intervals/tc_0000000004.c	/home/tephra/experiments/float_simple_intervals/in_0000000004	60	0	0	0	1.0000	245.2833	245.2467	245.3200
afl++-cmplog	/home/tephra/experiments/float_simple_intervals/tc_0000000005.c	/home/tephra/experiments/float_simple_intervals/in_0000000005	60	0	0	0	1.0000	246.0833	246.0367	246.1299
afl++-cmplog	/home/tephra/experiments/float_simple_intervals/tc_0000000006.c	/home/tephra/experiments/float_simple_intervals/in_0000000006	0	0	0	60	0.0000	-	-	-
afl++-laf	/home/tephra/experiments/float_simple_intervals/tc_00000000-1.c	/home/tephra/experiments/float_simple_intervals/in_00000000-1	60	0	0	0	1.0000	214.2500	214.2376	214.2624
afl++-laf	/home/tephra/experiments/float_simple_intervals/tc_00000000-2.c	/home/tephra/experiments/float_simple_intervals/in_00000000-2	60	0	0	0	1.0000	214.1500	214.1344	214.1656
afl++-laf	/home/tephra/experiments/float_simple_intervals/tc_00000000-3.c	/home/tephra/experiments/float_simple_intervals/in_00000000-3	6	0	54	0	0.1000	-	-	-
afl++-laf	/home/tephra/experiments/float_simple_intervals/tc_00000000-4.c	/home/tephra/experiments/float_simple_intervals/in_00000000-4	21	0	39	0	0.3500	-	-	-
afl++-laf	/home/tephra/experiments/float_simple_intervals/tc_00000000-5.c	/home/tephra/experiments/float_simple_intervals/in_00000000-5	2	0	58	0	0.0333	-	-	-
afl++-laf	/home/tephra/experiments/float_simple_intervals/tc_00000000-6.c	/home/tephra/experiments/float_simple_intervals/in_00000000-6	1	0	59	0	0.0167	-	-	-
afl++-laf	/home/tephra/experiments/float_simple_intervals/tc_0000000000.c	/home/tephra/experiments/float_simple_intervals/in_0000000000	60	0	0	0	1.0000	214.5500	214.5251	214.5749
afl++-laf	/home/tephra/experiments/float_simple_intervals/tc_0000000001.c	/home/tephra/experiments/float_simple_intervals/in_0000000001	60	0	0	0	1.0000	214.2167	214.1959	214.2374
afl++-laf	/home/tephra/experiments/float_simple_intervals/tc_0000000002.c	/home/tephra/experiments/float_simple_intervals/in_0000000002	60	0	0	0	1.0000	214.5833	214.5595	214.6072
afl++-laf	/home/tephra/experiments/float_simple_intervals/tc_0000000003.c	/home/tephra/experiments/float_simple_intervals/in_0000000003	60	0	0	0	1.0000	214.1833	214.1663	214.2004
afl++-laf	/home/tephra/experiments/float_simple_intervals/tc_0000000004.c	/home/tephra/experiments/float_simple_intervals/in_0000000004	60	0	0	0	1.0000	214.2167	214.1972	214.2361
afl++-laf	/home/tephra/experiments/float_simple_intervals/tc_0000000005.c	/home/tephra/experiments/float_simple_intervals/in_0000000005	60	0	0	0	1.0000	215.3167	215.2889	215.3445
afl++-laf	/home/tephra/experiments/float_simple_intervals/tc_0000000006.c	/home/tephra/experiments/float_simple_intervals/in_0000000006	0	0	0	60	0.0000	-	-	-
afl++-mopt	/home/tephra/experiments/float_simple_intervals/tc_00000000-1.c	/home/tephra/experiments/float_simple_intervals/in_00000000-1	60	0	0	0	1.0000	417.9833	415.5678	420.3989
afl++-mopt	/home/tephra/experiments/float_simple_intervals/tc_00000000-2.c	/home/tephra/experiments/float_simple_intervals/in_00000000-2	60	0	0	0	1.0000	376.3167	374.4876	378.1458
afl++-mopt	/home/tephra/experiments/float_simple_intervals/tc_00000000-3.c	/home/tephra/experiments/float_simple_intervals/in_00000000-3	60	0	0	0	1.0000	17857.0167	17667.7812	18046.2521
afl++-mopt	/home/tephra/experiments/float_simple_intervals/tc_00000000-4.c	/home/tephra/experiments/float_simple_intervals/in_00000000-4	60	0	0	0	1.0000	20751.7667	20578.5160	20925.0173
afl++-mopt	/home/tephra/experiments/float_simple_intervals/tc_00000000-5.c	/home/tephra/experiments/float_simple_intervals/in_00000000-5	17	43	0	0	0.2833	-	-	-
afl++-mopt	/home/tephra/experiments/float_simple_intervals/tc_00000000-6.c	/home/tephra/experiments/float_simple_intervals/in_00000000-6	8	52	0	0	0.1333	-	-	-
afl++-mopt	/home/tephra/experiments/float_simple_intervals/tc_0000000000.c	/home/tephra/experiments/float_simple_intervals/in_0000000000	60	0	0	0	1.0000	216.9000	216.8590	216.9410
afl++-mopt	/home/tephra/experiments/float_simple_intervals/tc_0000000001.c	/home/tephra/experiments/float_simple_intervals/in_0000000001	60	0	0	0	1.0000	217.5000	217.4418	217.5582
afl++-mopt	/home/tephra/experiments/float_simple_intervals/tc_0000000002.c	/home/tephra/experiments/float_simple_intervals/in_0000000002	60	0	0	0	1.0000	217.1167	217.0747	217.1586
afl++-mopt	/home/tephra/experiments/float_simple_intervals/tc_0000000003.c	/home/tephra/experiments/float_simple_intervals/in_0000000003	60	0	0	0	1.0000	216.6167	216.5887	216.6446
afl++-mopt	/home/tephra/experiments/float_simple_intervals/tc_0000000004.c	/home/tephra/experiments/float_simple_intervals/in_0000000004	60	0	0	0	1.0000	217.9333	217.8803	217.9864
afl++-mopt	/home/tephra/experiments/float_simple_intervals/tc_0000000005.c	/home/tephra/experiments/float_simple_intervals/in_0000000005	60	0	0	0	1.0000	217.2500	217.2077	217.2923
afl++-mopt	/home/tephra/experiments/float_simple_intervals/tc_0000000006.c	/home/tephra/experiments/float_simple_intervals/in_0000000006	0	0	0	60	0.0000	-	-	-
honggfuzz	/home/tephra/experiments/float_simple_intervals/tc_00000000-1.c	/home/tephra/experiments/float_simple_intervals/in_00000000-1	60	0	0	0	1.0000	7342.1833	7283.8175	7400.5492
honggfuzz	/home/tephra/experiments/float_simple_intervals/tc_00000000-2.c	/home/tephra/experiments/float_simple_intervals/in_00000000-2	60	0	0	0	1.0000	11595.5167	11514.2503	11676.7830
honggfuzz	/home/tephra/experiments/float_simple_intervals/tc_00000000-3.c	/home/tephra/experiments/float_simple_intervals/in_00000000-3	49	11	0	0	0.8167	1205487.6122	1196825.5495	1214149.6750
honggfuzz	/home/tephra/experiments/float_simple_intervals/tc_00000000-4.c	/home/tephra/experiments/float_simple_intervals/in_00000000-4	60	0	0	0	1.0000	593013.1833	588334.9717	597691.3950
honggfuzz	/home/tephra/experiments/float_simple_intervals/tc_00000000-5.c	/home/tephra/experiments/float_simple_intervals/in_00000000-5	1	59	0	0	0.0167	-	-	-
honggfuzz	/home/tephra/experiments/float_simple_intervals/tc_00000000-6.c	/home/tephra/experiments/float_simple_intervals/in_00000000-6	0	60	0	0	0.0000	-	-	-
honggfuzz	/home/tephra/experiments/float_simple_intervals/tc_0000000000.c	/home/tephra/experiments/float_simple_intervals/in_0000000000	60	0	0	0	1.0000	1006.2000	1006.1956	1006.2044
honggfuzz	/home/tephra/experiments/float_simple_intervals/tc_0000000001.c	/home/tephra/experiments/float_simple_intervals/in_0000000001	60	0	0	0	1.0000	1006.2167	1006.2127	1006.2206
honggfuzz	/home/tephra/experiments/float_simple_intervals/tc_0000000002.c	/home/tephra/experiments/float_simple_intervals/in_0000000002	60	0	0	0	1.0000	1006.3833	1006.3777	1006.3889
honggfuzz	/home/tephra/experiments/float_simple_intervals/tc_0000000003.c	/home/tephra/experiments/float_simple_intervals/in_0000000003	60	0	0	0	1.0000	1006.2167	1006.2115	1006.2218
honggfuzz	/home/tephra/experiments/float_simple_intervals/tc_0000000004.c	/home/tephra/experiments/float_simple_intervals/in_0000000004	60	0	0	0	1.0000	1006.3333	1006.3289	1006.3377
honggfuzz	/home/tephra/experiments/float_simple_intervals/tc_0000000005.c	/home/tephra/experiments/float_simple_intervals/in_0000000005	60	0	0	0	1.0000	1006.1000	1006.0959	1006.1041
honggfuzz	/home/tephra/experiments/float_simple_intervals/tc_0000000006.c	/home/tephra/experiments/float_simple_intervals/in_0000000006	60	0	0	0	1.0000	1006.1000	1006.0971	1006.1029
wingfuzz	/home/tephra/experiments/float_simple_intervals/tc_00000000-1.c	/home/tephra/experiments/float_simple_intervals/in_00000000-1	60	0	0	0	1.0000	17.8833	17.7953	17.9714
wingfuzz	/home/tephra/experiments/float_simple_intervals/tc_00000000-2.c	/home/tephra/experiments/float_simple_intervals/in_00000000-2	60	0	0	0	1.0000	48.9167	48.5380	49.2954
wingfuzz	/home/tephra/experiments/float_simple_intervals/tc_00000000-3.c	/home/tephra/experiments/float_simple_intervals/in_00000000-3	60	0	0	0	1.0000	635.7333	628.6005	642.8662
wingfuzz	/home/tephra/experiments/float_simple_intervals/tc_00000000-4.c	/home/tephra/experiments/float_simple_intervals/in_00000000-4	60	0	0	0	1.0000	882.2500	875.3244	889.1756
wingfuzz	/home/tephra/experiments/float_simple_intervals/tc_00000000-5.c	/home/tephra/experiments/float_simple_intervals/in_00000000-5	35	25	0	0	0.5833	38788.6857	38478.6125	39098.7589
wingfuzz	/home/tephra/experiments/float_simple_intervals/tc_00000000-6.c	/home/tephra/experiments/float_simple_intervals/in_00000000-6	1	59	0	0	0.0167	-	-	-
wingfuzz	/home/tephra/experiments/float_simple_intervals/tc_0000000000.c	/home/tephra/experiments/float_simple_intervals/in_0000000000	60	0	0	0	1.0000	9.4167	9.4101	9.4232
wingfuzz	/home/tephra/experiments/float_simple_intervals/tc_0000000001.c	/home/tephra/experiments/float_simple_intervals/in_0000000001	60	0	0	0	1.0000	9.4000	9.3935	9.4065
wingfuzz	/home/tephra/experiments/float_simple_intervals/tc_0000000002.c	/home/tephra/experiments/float_simple_intervals/in_0000000002	60	0	0	0	1.0000	9.4333	9.4268	9.4399
wingfuzz	/home/tephra/experiments/float_simple_intervals/tc_0000000003.c	/home/tephra/experiments/float_simple_intervals/in_0000000003	60	0	0	0	1.0000	9.7500	9.7422	9.7578
wingfuzz	/home/tephra/experiments/float_simple_intervals/tc_0000000004.c	/home/tephra/experiments/float_simple_intervals/in_0000000004	60	0	0	0	1.0000	9.4500	9.4425	9.4575
wingfuzz	/home/tephra/experiments/float_simple_intervals/tc_0000000005.c	/home/tephra/experiments/float_simple_intervals/in_0000000005	60	0	0	0	1.0000	9.8333	9.8259	9.8408
wingfuzz	/home/tephra/experiments/float_simple_intervals/tc_0000000006.c	/home/tephra/experiments/float_simple_intervals/in_0000000006	60	0	0	0	1.0000	9.5167	9.5089	9.5245
libafl	/home/tephra/experiments/float_simple_intervals/tc_00000000-1.c	/home/tephra/experiments/float_simple_intervals/in_00000000-1	60	0	0	0	1.0000	51.8500	51.5099	52.1901
libafl	/home/tephra/experiments/float_simple_intervals/tc_00000000-2.c	/home/tephra/experiments/float_simple_intervals/in_00000000-2	60	0	0	0	1.0000	31.0000	30.8403	31.1597
libafl	/home/tephra/experiments/float_simple_intervals/tc_00000000-3.c	/home/tephra/experiments/float_simple_intervals/in_00000000-3	60	0	0	0	1.0000	3276.1833	3248.7585	3303.6082
libafl	/home/tephra/experiments/float_simple_intervals/tc_00000000-4.c	/home/tephra/experiments/float_simple_intervals/in_00000000-4	60	0	0	0	1.0000	3699.8667	3672.3578	3727.3755
libafl	/home/tephra/experiments/float_simple_intervals/tc_00000000-5.c	/home/tephra/experiments/float_simple_intervals/in_00000000-5	55	5	0	0	0.9167	1100494.0182	1093629.8394	1107358.1970
libafl	/home/tephra/experiments/float_simple_intervals/tc_00000000-6.c	/home/tephra/experiments/float_simple_intervals/in_00000000-6	24	36	0	0	0.4000	-	-	-
libafl	/home/tephra/experiments/float_simple_intervals/tc_0000000000.c	/home/tephra/experiments/float_simple_intervals/in_0000000000	60	0	0	0	1.0000	10.0500	10.0440	10.0560
libafl	/home/tephra/experiments/float_simple_intervals/tc_0000000001.c	/home/tephra/experiments/float_simple_intervals/in_0000000001	60	0	0	0	1.0000	9.8000	9.7924	9.8076
libafl	/home/tephra/experiments/float_simple_intervals/tc_0000000002.c	/home/tephra/experiments/float_simple_intervals/in_0000000002	60	0	0	0	1.0000	9.9500	9.9434	9.9566
libafl	/home/tephra/experiments/float_simple_intervals/tc_0000000003.c	/home/tephra/experiments/float_simple_intervals/in_0000000003	60	0	0	0	1.0000	9.8333	9.8268	9.8399
libafl	/home/tephra/experiments/float_simple_intervals/tc_0000000004.c	/home/tephra/experiments/float_simple_intervals/in_0000000004	60	0	0	0	1.0000	10.0000	9.9935	10.0065
libafl	/home/tephra/experiments/float_simple_intervals/tc_0000000005.c	/home/tephra/experiments/float_simple_intervals/in_0000000005	60	0	0	0	1.0000	10.1000	10.0924	10.1076
libafl	/home/tephra/experiments/float_simple_intervals/tc_0000000006.c	/home/tephra/experiments/float_simple_intervals/in_0000000006	60	0	0	0	1.0000	9.9333	9.9280	9.9387
libafl-libfuzzer	/home/tephra/experiments/float_simple_intervals/tc_00000000-1.c	/home/tephra/experiments/float_simple_intervals/in_00000000-1	60	0	0	0	1.0000	169.6167	169.3936	169.8398
libafl-libfuzzer	/home/tephra/experiments/float_simple_intervals/tc_00000000-2.c	/home/tephra/experiments/float_simple_intervals/in_00000000-2	60	0	0	0	1.0000	166.5000	166.2769	166.7231
libafl-libfuzzer	/home/tephra/experiments/float_simple_intervals/tc_00000000-3.c	/home/tephra/experiments/float_simple_intervals/in_00000000-3	60	0	0	0	1.0000	5637.5000	5567.1636	5707.8364
libafl-libfuzzer	/home/tephra/experiments/float_simple_intervals/tc_00000000-4.c	/home/tephra/experiments/float_simple_intervals/in_00000000-4	60	0	0	0	1.0000	4416.3333	4376.8130	4455.8537
libafl-libfuzzer	/home/tephra/experiments/float_simple_intervals/tc_00000000-5.c	/home/tephra/experiments/float_simple_intervals/in_00000000-5	52	8	0	0	0.8667	1152653.5000	1143768.8883	1161538.1117
libafl-libfuzzer	/home/tephra/experiments/float_simple_intervals/tc_00000000-6.c	/home/tephra/experiments/float_simple_intervals/in_00000000-6	12	48	0	0	0.2000	-	-	-
libafl-libfuzzer	/home/tephra/experiments/float_simple_intervals/tc_0000000000.c	/home/tephra/experiments/float_simple_intervals/in_0000000000	60	0	0	0	1.0000	142.1167	142.0781	142.1553
libafl-libfuzzer	/home/tephra/experiments/float_simple_intervals/tc_0000000001.c	/home/tephra/experiments/float_simple_intervals/in_0000000001	60	0	0	0	1.0000	142.0833	142.0471	142.1195
libafl-libfuzzer	/home/tephra/experiments/float_simple_intervals/tc_0000000002.c	/home/tephra/experiments/float_simple_intervals/in_0000000002	60	0	0	0	1.0000	141.3667	141.3386	141.3947
libafl-libfuzzer	/home/tephra/experiments/float_simple_intervals/tc_0000000003.c	/home/tephra/experiments/float_simple_intervals/in_0000000003	60	0	0	0	1.0000	142.5000	142.4585	142.5415
libafl-libfuzzer	/home/tephra/experiments/float_simple_intervals/tc_0000000004.c	/home/tephra/experiments/float_simple_intervals/in_0000000004	60	0	0	0	1.0000	141.6667	141.6373	141.6961
libafl-libfuzzer	/home/tephra/experiments/float_simple_intervals/tc_0000000005.c	/home/tephra/experiments/float_simple_intervals/in_0000000005	60	0	0	0	1.0000	140.8667	140.8365	140.8968
libafl-libfuzzer	/home/tephra/experiments/float_simple_intervals/tc_0000000006.c	/home/tephra/experiments/float_simple_intervals/in_0000000006	60	0	0	0	1.0000	140.2833	140.2583	140.3084
ddfuzz	/home/tephra/experiments/float_simple_intervals/tc_00000000-1.c	/home/tephra/experiments/float_simple_intervals/in_00000000-1	60	0	0	0	1.0000	641.7333	637.4615	646.0052
ddfuzz	/home/tephra/experiments/float_simple_intervals/tc_00000000-2.c	/home/tephra/experiments/float_simple_intervals/in_00000000-2	60	0	0	0	1.0000	646.3333	643.0086	649.6581
ddfuzz	/home/tephra/experiments/float_simple_intervals/tc_00000000-3.c	/home/tephra/experiments/float_simple_intervals/in_00000000-3	60	0	0	0	1.0000	22602.3500	22433.9984	22770.7016
ddfuzz	/home/tephra/experiments/float_simple_intervals/tc_00000000-4.c	/home/tephra/experiments/float_simple_intervals/in_00000000-4	60	0	0	0	1.0000	77170.4667	76555.6494	77785.2840
ddfuzz	/home/tephra/experiments/float_simple_intervals/tc_00000000-5.c	/home/tephra/experiments/float_simple_intervals/in_00000000-5	11	49	0	0	0.1833	-	-	-
ddfuzz	/home/tephra/experiments/float_simple_intervals/tc_00000000-6.c	/home/tephra/experiments/float_simple_intervals/in_00000000-6	6	54	0	0	0.1000	-	-	-
ddfuzz	/home/tephra/experiments/float_simple_intervals/tc_0000000000.c	/home/tephra/experiments/float_simple_intervals/in_0000000000	60	0	0	0	1.0000	198.8667	198.2125	199.5209
ddfuzz	/home/tephra/experiments/float_simple_intervals/tc_0000000001.c	/home/tephra/experiments/float_simple_intervals/in_0000000001	60	0	0	0	1.0000	210.9833	210.4253	211.5414
ddfuzz	/home/tephra/experiments/float_simple_intervals/tc_0000000002.c	/home/tephra/experiments/float_simple_intervals/in_0000000002	60	0	0	0	1.0000	186.8333	186.1192	187.5475
ddfuzz	/home/tephra/experiments/float_simple_intervals/tc_0000000003.c	/home/tephra/experiments/float_simple_intervals/in_0000000003	60	0	0	0	1.0000	214.6167	214.0878	215.1455
ddfuzz	/home/tephra/experiments/float_simple_intervals/tc_0000000004.c	/home/tephra/experiments/float_simple_intervals/in_0000000004	60	0	0	0	1.0000	196.5333	195.8764	197.1903
ddfuzz	/home/tephra/experiments/float_simple_intervals/tc_0000000005.c	/home/tephra/experiments/float_simple_intervals/in_0000000005	60	0	0	0	1.0000	193.8500	193.1748	194.5252
ddfuzz	/home/tephra/experiments/float_simple_intervals/tc_0000000006.c	/home/tephra/experiments/float_simple_intervals/in_0000000006	60	0	0	0	1.0000	176.3500	175.6044	177.0956
fairfuzz	/home/tephra/experiments/float_simple_intervals/tc_00000000-1.c	/home/tephra/experiments/float_simple_intervals/in_00000000-1	60	0	0	0	1.0000	1092.2333	1085.5126	1098.9540
fairfuzz	/home/tephra/experiments/float_simple_intervals/tc_00000000-2.c	/home/tephra/experiments/float_simple_intervals/in_00000000-2	60	0	0	0	1.0000	1767.3500	1752.8629	1781.8371
fairfuzz	/home/tephra/experiments/float_simple_intervals/tc_00000000-3.c	/home/tephra/experiments/float_simple_intervals/in_00000000-3	60	0	0	0	1.0000	113001.6167	112098.4087	113904.8246
fairfuzz	/home/tephra/experiments/float_simple_intervals/tc_00000000-4.c	/home/tephra/experiments/float_simple_intervals/in_00000000-4	60	0	0	0	1.0000	164327.6500	162923.3395	165731.9605
fairfuzz	/home/tephra/experiments/float_simple_intervals/tc_00000000-5.c	/home/tephra/experiments/float_simple_intervals/in_00000000-5	10	50	0	0	0.1667	-	-	-
fairfuzz	/home/tephra/experiments/float_simple_intervals/tc_00000000-6.c	/home/tephra/experiments/float_simple_intervals/in_00000000-6	3	57	0	0	0.0500	-	-	-
fairfuzz	/home/tephra/experiments/float_simple_intervals/tc_0000000000.c	/home/tephra/experiments/float_simple_intervals/in_0000000000	60	0	0	0	1.0000	218.0333	218.0020	218.0647
fairfuzz	/home/tephra/experiments/float_simple_intervals/tc_0000000001.c	/home/tephra/experiments/float_simple_intervals/in_0000000001	60	0	0	0	1.0000	217.8000	217.7728	217.8272
fairfuzz	/home/tephra/experiments/float_simple_intervals/tc_0000000002.c	/home/tephra/experiments/float_simple_intervals/in_0000000002	60	0	0	0	1.0000	218.1000	218.0708	218.1292
fairfuzz	/home/tephra/experiments/float_simple_intervals/tc_0000000003.c	/home/tephra/experiments/float_simple_intervals/in_0000000003	60	0	0	0	1.0000	217.7833	217.7586	217.8081
fairfuzz	/home/tephra/experiments/float_simple_intervals/tc_0000000004.c	/home/tephra/experiments/float_simple_intervals/in_0000000004	60	0	0	0	1.0000	219.0500	219.0210	219.0790
fairfuzz	/home/tephra/experiments/float_simple_intervals/tc_0000000005.c	/home/tephra/experiments/float_simple_intervals/in_0000000005	60	0	0	0	1.0000	218.5333	218.5045	218.5621
fairfuzz	/home/tephra/experiments/float_simple_intervals/tc_0000000006.c	/home/tephra/experiments/float_simple_intervals/in_0000000006	60	0	0	0	1.0000	219.2833	219.2462	219.3205
ecofuzz	/home/tephra/experiments/float_simple_intervals/tc_00000000-1.c	/home/tephra/experiments/float_simple_intervals/in_00000000-1	60	0	0	0	1.0000	868.8167	861.6717	875.9617
ecofuzz	/home/tephra/experiments/float_simple_intervals/tc_00000000-2.c	/home/tephra/experiments/float_simple_intervals/in_00000000-2	60	0	0	0	1.0000	1856.3667	1845.0688	1867.6645
ecofuzz	/home/tephra/experiments/float_simple_intervals/tc_00000000-3.c	/home/tephra/experiments/float_simple_intervals/in_00000000-3	60	0	0	0	1.0000	146914.8333	145872.8068	147956.8599
ecofuzz	/home/tephra/experiments/float_simple_intervals/tc_00000000-4.c	/home/tephra/experiments/float_simple_intervals/in_00000000-4	60	0	0	0	1.0000	226443.6333	223830.1510	229057.1157
ecofuzz	/home/tephra/experiments/float_simple_intervals/tc_00000000-5.c	/home/tephra/experiments/float_simple_intervals/in_00000000-5	7	53	0	0	0.1167	-	-	-
ecofuzz	/home/tephra/experiments/float_simple_intervals/tc_00000000-6.c	/home/tephra/experiments/float_simple_intervals/in_00000000-6	0	60	0	0	0.0000	-	-	-
ecofuzz	/home/tephra/experiments/float_simple_intervals/tc_0000000000.c	/home/tephra/experiments/float_simple_intervals/in_0000000000	60	0	0	0	1.0000	222.8333	222.7968	222.8699
ecofuzz	/home/tephra/experiments/float_simple_intervals/tc_0000000001.c	/home/tephra/experiments/float_simple_intervals/in_0000000001	60	0	0	0	1.0000	222.7833	222.7407	222.8259
ecofuzz	/home/tephra/experiments/float_simple_intervals/tc_0000000002.c	/home/tephra/experiments/float_simple_intervals/in_0000000002	60	0	0	0	1.0000	223.2833	223.2411	223.3255
ecofuzz	/home/tephra/experiments/float_simple_intervals/tc_0000000003.c	/home/tephra/experiments/float_simple_intervals/in_0000000003	60	0	0	0	1.0000	223.2000	223.1607	223.2393
ecofuzz	/home/tephra/experiments/float_simple_intervals/tc_0000000004.c	/home/tephra/experiments/float_simple_intervals/in_0000000004	60	0	0	0	1.0000	222.0333	221.9866	222.0801
ecofuzz	/home/tephra/experiments/float_simple_intervals/tc_0000000005.c	/home/tephra/experiments/float_simple_intervals/in_0000000005	60	0	0	0	1.0000	221.5167	221.4789	221.5544
ecofuzz	/home/tephra/experiments/float_simple_intervals/tc_0000000006.c	/home/tephra/experiments/float_simple_intervals/in_0000000006	60	0	0	0	1.0000	222.1833	222.1357	222.2310
fafuzz	/home/tephra/experiments/float_simple_intervals/tc_00000000-1.c	/home/tephra/experiments/float_simple_intervals/in_00000000-1	60	0	0	0	1.0000	1564.7500	1553.9001	1575.5999
fafuzz	/home/tephra/experiments/float_simple_intervals/tc_00000000-2.c	/home/tephra/experiments/float_simple_intervals/in_00000000-2	60	0	0	0	1.0000	2193.9333	2178.4784	2209.3883
fafuzz	/home/tephra/experiments/float_simple_intervals/tc_00000000-3.c	/home/tephra/experiments/float_simple_intervals/in_00000000-3	60	0	0	0	1.0000	171769.3167	169793.1483	173745.4850
fafuzz	/home/tephra/experiments/float_simple_intervals/tc_00000000-4.c	/home/tephra/experiments/float_simple_intervals/in_00000000-4	60	0	0	0	1.0000	167516.4667	165977.0863	169055.8470
fafuzz	/home/tephra/experiments/float_simple_intervals/tc_00000000-5.c	/home/tephra/experiments/float_simple_intervals/in_00000000-5	7	53	0	0	0.1167	-	-	-
fafuzz	/home/tephra/experiments/float_simple_intervals/tc_00000000-6.c	/home/tephra/experiments/float_simple_intervals/in_00000000-6	2	58	0	0	0.0333	-	-	-
fafuzz	/home/tephra/experiments/float_simple_intervals/tc_0000000000.c	/home/tephra/experiments/float_simple_intervals/in_0000000000	60	0	0	0	1.0000	219.5667	219.5221	219.6112
fafuzz	/home/tephra/experiments/float_simple_intervals/tc_0000000001.c	/home/tephra/experiments/float_simple_intervals/in_0000000001	60	0	0	0	1.0000	221.5167	221.4705	221.5628
fafuzz	/home/tephra/experiments/float_simple_intervals/tc_0000000002.c	/home/tephra/experiments/float_simple_intervals/in_0000000002	60	0	0	0	1.0000	220.4500	220.4030	220.4970
fafuzz	/home/tephra/experiments/float_simple_intervals/tc_0000000003.c	/home/tephra/experiments/float_simple_intervals/in_0000000003	60	0	0	0	1.0000	220.4500	220.4063	220.4937
fafuzz	/home/tephra/experiments/float_simple_intervals/tc_0000000004.c	/home/tephra/experiments/float_simple_intervals/in_0000000004	60	0	0	0	1.0000	219.8500	219.8056	219.8944
fafuzz	/home/tephra/experiments/float_simple_intervals/tc_0000000005.c	/home/tephra/experiments/float_simple_intervals/in_0000000005	60	0	0	0	1.0000	221.2000	221.1537	221.2463
fafuzz	/home/tephra/experiments/float_simple_intervals/tc_0000000006.c	/home/tephra/experiments/float_simple_intervals/in_0000000006	60	0	0	0	1.0000	219.8500	219.8089	219.8911
darwin	/home/tephra/experiments/float_simple_intervals/tc_00000000-1.c	/home/tephra/experiments/float_simple_intervals/in_00000000-1	60	0	0	0	1.0000	1886.5000	1875.6185	1897.3815
darwin	/home/tephra/experiments/float_simple_intervals/tc_00000000-2.c	/home/tephra/experiments/float_simple_intervals/in_00000000-2	60	0	0	0	1.0000	2628.0333	2610.8253	2645.2414
darwin	/home/tephra/experiments/float_simple_intervals/tc_00000000-3.c	/home/tephra/experiments/float_simple_intervals/in_00000000-3	60	0	0	0	1.0000	145737.2000	144420.0983	147054.3017
darwin	/home/tephra/experiments/float_simple_intervals/tc_00000000-4.c	/home/tephra/experiments/float_simple_intervals/in_00000000-4	60	0	0	0	1.0000	51774.2500	51125.9239	52422.5761
darwin	/home/tephra/experiments/float_simple_intervals/tc_00000000-5.c	/home/tephra/experiments/float_simple_intervals/in_00000000-5	27	33	0	0	0.4500	-	-	-
darwin	/home/tephra/experiments/float_simple_intervals/tc_00000000-6.c	/home/tephra/experiments/float_simple_intervals/in_00000000-6	11	49	0	0	0.1833	-	-	-
darwin	/home/tephra/experiments/float_simple_intervals/tc_0000000000.c	/home/tephra/experiments/float_simple_intervals/in_0000000000	60	0	0	0	1.0000	220.3500	220.3176	220.3824
darwin	/home/tephra/experiments/float_simple_intervals/tc_0000000001.c	/home/tephra/experiments/float_simple_intervals/in_0000000001	60	0	0	0	1.0000	230.0833	229.6013	230.5653
darwin	/home/tephra/experiments/float_simple_intervals/tc_0000000002.c	/home/tephra/experiments/float_simple_intervals/in_0000000002	60	0	0	0	1.0000	218.8167	218.7881	218.8453
darwin	/home/tephra/experiments/float_simple_intervals/tc_0000000003.c	/home/tephra/experiments/float_simple_intervals/in_0000000003	60	0	0	0	1.0000	220.0167	219.9876	220.0457
darwin	/home/tephra/experiments/float_simple_intervals/tc_0000000004.c	/home/tephra/experiments/float_simple_intervals/in_0000000004	60	0	0	0	1.0000	219.1500	219.1237	219.1763
darwin	/home/tephra/experiments/float_simple_intervals/tc_0000000005.c	/home/tephra/experiments/float_simple_intervals/in_0000000005	60	0	0	0	1.0000	223.0667	222.8519	223.2815
darwin	/home/tephra/experiments/float_simple_intervals/tc_0000000006.c	/home/tephra/experiments/float_simple_intervals/in_0000000006	60	0	0	0	1.0000	218.8833	218.8553	218.9113
angora	/home/tephra/experiments/float_simple_intervals/tc_00000000-1.c	/home/tephra/experiments/float_simple_intervals/in_00000000-1	60	0	0	0	1.0000	6374.1500	6247.3890	6500.9110
angora	/home/tephra/experiments/float_simple_intervals/tc_00000000-2.c	/home/tephra/experiments/float_simple_intervals/in_00000000-2	59	0	0	1	0.9833	14316.8644	14026.8695	14606.8593
angora	/home/tephra/experiments/float_simple_intervals/tc_00000000-3.c	/home/tephra/experiments/float_simple_intervals/in_00000000-3	59	1	0	0	0.9833	485961.7458	480232.6104	491690.8811
angora	/home/tephra/experiments/float_simple_intervals/tc_00000000-4.c	/home/tephra/experiments/float_simple_intervals/in_00000000-4	60	0	0	0	1.0000	336485.5833	331043.9769	341927.1897
angora	/home/tephra/experiments/float_simple_intervals/tc_00000000-5.c	/home/tephra/experiments/float_simple_intervals/in_00000000-5	6	54	0	0	0.1000	-	-	-
angora	/home/tephra/experiments/float_simple_intervals/tc_00000000-6.c	/home/tephra/experiments/float_simple_intervals/in_00000000-6	3	56	0	1	0.0500	-	-	-
angora	/home/tephra/experiments/float_simple_intervals/tc_0000000000.c	/home/tephra/experiments/float_simple_intervals/in_0000000000	60	0	0	0	1.0000	1041.8833	1041.8638	1041.9028
angora	/home/tephra/experiments/float_simple_intervals/tc_0000000001.c	/home/tephra/experiments/float_simple_intervals/in_0000000001	59	0	0	1	0.9833	1041.4915	1041.4702	1041.5128
angora	/home/tephra/experiments/float_simple_intervals/tc_0000000002.c	/home/tephra/experiments/float_simple_intervals/in_0000000002	60	0	0	0	1.0000	1041.5000	1041.4823	1041.5177
angora	/home/tephra/experiments/float_simple_intervals/tc_0000000003.c	/home/tephra/experiments/float_simple_intervals/in_0000000003	59	0	0	1	0.9833	1040.6271	1040.6135	1040.6408
angora	/home/tephra/experiments/float_simple_intervals/tc_0000000004.c	/home/tephra/experiments/float_simple_intervals/in_0000000004	60	0	0	0	1.0000	1040.3167	1040.2946	1040.3387
angora	/home/tephra/experiments/float_simple_intervals/tc_0000000005.c	/home/tephra/experiments/float_simple_intervals/in_0000000005	59	0	0	1	0.9833	1040.7458	1040.7251	1040.7664
angora	/home/tephra/experiments/float_simple_intervals/tc_0000000006.c	/home/tephra/experiments/float_simple_intervals/in_0000000006	60	0	0	0	1.0000	1040.7833	1040.7659	1040.8008
angora-mb	/home/tephra/experiments/float_simple_intervals/tc_00000000-1.c	/home/tephra/experiments/float_simple_intervals/in_00000000-1	60	0	0	0	1.0000	2075.8333	2064.1952	2087.4714
angora-mb	/home/tephra/experiments/float_simple_intervals/tc_00000000-2.c	/home/tephra/experiments/float_simple_intervals/in_00000000-2	60	0	0	0	1.0000	4128.6833	4102.5439	4154.8227
angora-mb	/home/tephra/experiments/float_simple_intervals/tc_00000000-3.c	/home/tephra/experiments/float_simple_intervals/in_00000000-3	60	0	0	0	1.0000	150772.0667	149125.8819	152418.2515
angora-mb	/home/tephra/experiments/float_simple_intervals/tc_00000000-4.c	/home/tephra/experiments/float_simple_intervals/in_00000000-4	60	0	0	0	1.0000	91844.3833	91195.1391	92493.6275
angora-mb	/home/tephra/experiments/float_simple_intervals/tc_00000000-5.c	/home/tephra/experiments/float_simple_intervals/in_00000000-5	19	40	0	1	0.3167	-	-	-
angora-mb	/home/tephra/experiments/float_simple_intervals/tc_00000000-6.c	/home/tephra/experiments/float_simple_intervals/in_00000000-6	6	54	0	0	0.1000	-	-	-
angora-mb	/home/tephra/experiments/float_simple_intervals/tc_0000000000.c	/home/tephra/experiments/float_simple_intervals/in_0000000000	60	0	0	0	1.0000	1052.1667	1052.1456	1052.1878
angora-mb	/home/tephra/experiments/float_simple_intervals/tc_0000000001.c	/home/tephra/experiments/float_simple_intervals/in_0000000001	60	0	0	0	1.0000	1052.3333	1052.3126	1052.3541
angora-mb	/home/tephra/experiments/float_simple_intervals/tc_0000000002.c	/home/tephra/experiments/float_simple_intervals/in_0000000002	60	0	0	0	1.0000	1053.3667	1053.3460	1053.3874
angora-mb	/home/tephra/experiments/float_simple_intervals/tc_0000000003.c	/home/tephra/experiments/float_simple_intervals/in_0000000003	60	0	0	0	1.0000	1053.5667	1053.5420	1053.5914
angora-mb	/home/tephra/experiments/float_simple_intervals/tc_0000000004.c	/home/tephra/experiments/float_simple_intervals/in_0000000004	60	0	0	0	1.0000	1053.5333	1053.5202	1053.5465
angora-mb	/home/tephra/experiments/float_simple_intervals/tc_0000000005.c	/home/tephra/experiments/float_simple_intervals/in_0000000005	59	0	0	1	0.9833	1053.0000	1052.9819	1053.0181
angora-mb	/home/tephra/experiments/float_simple_intervals/tc_0000000006.c	/home/tephra/experiments/float_simple_intervals/in_0000000006	59	0	0	1	0.9833	1053.3390	1053.3211	1053.3569
aflgo	/home/tephra/experiments/float_simple_intervals/tc_00000000-1.c	/home/tephra/experiments/float_simple_intervals/in_00000000-1	60	0	0	0	1.0000	3750.1500	3721.8690	3778.4310
aflgo	/home/tephra/experiments/float_simple_intervals/tc_00000000-2.c	/home/tephra/experiments/float_simple_intervals/in_00000000-2	60	0	0	0	1.0000	5131.3833	5096.0797	5166.6869
aflgo	/home/tephra/experiments/float_simple_intervals/tc_00000000-3.c	/home/tephra/experiments/float_simple_intervals/in_00000000-3	60	0	0	0	1.0000	163517.5333	162534.3584	164500.7083
aflgo	/home/tephra/experiments/float_simple_intervals/tc_00000000-4.c	/home/tephra/experiments/float_simple_intervals/in_00000000-4	60	0	0	0	1.0000	442115.7000	438838.6656	445392.7344
aflgo	/home/tephra/experiments/float_simple_intervals/tc_00000000-5.c	/home/tephra/experiments/float_simple_intervals/in_00000000-5	2	58	0	0	0.0333	-	-	-
aflgo	/home/tephra/experiments/float_simple_intervals/tc_00000000-6.c	/home/tephra/experiments/float_simple_intervals/in_00000000-6	4	56	0	0	0.0667	-	-	-
aflgo	/home/tephra/experiments/float_simple_intervals/tc_0000000000.c	/home/tephra/experiments/float_simple_intervals/in_0000000000	60	0	0	0	1.0000	218.0667	218.0244	218.1090
aflgo	/home/tephra/experiments/float_simple_intervals/tc_0000000001.c	/home/tephra/experiments/float_simple_intervals/in_0000000001	60	0	0	0	1.0000	219.5667	219.5100	219.6234
aflgo	/home/tephra/experiments/float_simple_intervals/tc_0000000002.c	/home/tephra/experiments/float_simple_intervals/in_0000000002	60	0	0	0	1.0000	219.0833	219.0433	219.1234
aflgo	/home/tephra/experiments/float_simple_intervals/tc_0000000003.c	/home/tephra/experiments/float_simple_intervals/in_0000000003	60	0	0	0	1.0000	221.1667	221.1208	221.2126
aflgo	/home/tephra/experiments/float_simple_intervals/tc_0000000004.c	/home/tephra/experiments/float_simple_intervals/in_0000000004	60	0	0	0	1.0000	220.5333	220.4997	220.5670
aflgo	/home/tephra/experiments/float_simple_intervals/tc_0000000005.c	/home/tephra/experiments/float_simple_intervals/in_0000000005	60	0	0	0	1.0000	219.2167	219.1779	219.2555
aflgo	/home/tephra/experiments/float_simple_intervals/tc_0000000006.c	/home/tephra/experiments/float_simple_intervals/in_0000000006	60	0	0	0	1.0000	220.2667	220.2200	220.3133
afl++-qemu-cmplog	/home/tephra/experiments/float_simple_intervals/tc_00000000-1.c	/home/tephra/experiments/float_simple_intervals/in_00000000-1	60	0	0	0	1.0000	629.5500	628.1800	630.9200
afl++-qemu-cmplog	/home/tephra/experiments/float_simple_intervals/tc_00000000-2.c	/home/tephra/experiments/float_simple_intervals/in_00000000-2	60	0	0	0	1.0000	613.9167	612.5168	615.3165
afl++-qemu-cmplog	/home/tephra/experiments/float_simple_intervals/tc_00000000-3.c	/home/tephra/experiments/float_simple_intervals/in_00000000-3	60	0	0	0	1.0000	19912.9833	19766.5930	20059.3737
afl++-qemu-cmplog	/home/tephra/experiments/float_simple_intervals/tc_00000000-4.c	/home/tephra/experiments/float_simple_intervals/in_00000000-4	60	0	0	0	1.0000	39480.2333	39179.9191	39780.5475
afl++-qemu-cmplog	/home/tephra/experiments/float_simple_intervals/tc_00000000-5.c	/home/tephra/experiments/float_simple_intervals/in_00000000-5	10	50	0	0	0.1667	-	-	-
afl++-qemu-cmplog	/home/tephra/experiments/float_simple_intervals/tc_00000000-6.c	/home/tephra/experiments/float_simple_intervals/in_00000000-6	32	28	0	0	0.5333	1467913.4062	1455710.5059	1480116.3066
afl++-qemu-cmplog	/home/tephra/experiments/float_simple_intervals/tc_0000000000.c	/home/tephra/experiments/float_simple_intervals/in_0000000000	60	0	0	0	1.0000	495.9000	495.4083	496.3917
afl++-qemu-cmplog	/home/tephra/experiments/float_simple_intervals/tc_0000000001.c	/home/tephra/experiments/float_simple_intervals/in_0000000001	60	0	0	0	1.0000	440.3833	439.9567	440.8100
afl++-qemu-cmplog	/home/tephra/experiments/float_simple_intervals/tc_0000000002.c	/home/tephra/experiments/float_simple_intervals/in_0000000002	60	0	0	0	1.0000	427.3667	426.9693	427.7640
afl++-qemu-cmplog	/home/tephra/experiments/float_simple_intervals/tc_0000000003.c	/home/tephra/experiments/float_simple_intervals/in_0000000003	60	0	0	0	1.0000	410.3167	409.9598	410.6735
afl++-qemu-cmplog	/home/tephra/experiments/float_simple_intervals/tc_0000000004.c	/home/tephra/experiments/float_simple_intervals/in_0000000004	60	0	0	0	1.0000	414.5167	414.1510	414.8823
afl++-qemu-cmplog	/home/tephra/experiments/float_simple_intervals/tc_0000000005.c	/home/tephra/experiments/float_simple_intervals/in_0000000005	60	0	0	0	1.0000	412.1833	411.8021	412.5646
afl++-qemu-cmplog	/home/tephra/experiments/float_simple_intervals/tc_0000000006.c	/home/tephra/experiments/float_simple_intervals/in_0000000006	60	0	0	0	1.0000	416.3333	415.9058	416.7609
afl++-qemu-compcov	/home/tephra/experiments/float_simple_intervals/tc_00000000-1.c	/home/tephra/experiments/float_simple_intervals/in_00000000-1	60	0	0	0	1.0000	569.7833	566.9072	572.6595
afl++-qemu-compcov	/home/tephra/experiments/float_simple_intervals/tc_00000000-2.c	/home/tephra/experiments/float_simple_intervals/in_00000000-2	60	0	0	0	1.0000	530.3333	528.4379	532.2287
afl++-qemu-compcov	/home/tephra/experiments/float_simple_intervals/tc_00000000-3.c	/home/tephra/experiments/float_simple_intervals/in_00000000-3	60	0	0	0	1.0000	17710.6333	17576.1351	17845.1315
afl++-qemu-compcov	/home/tephra/experiments/float_simple_intervals/tc_00000000-4.c	/home/tephra/experiments/float_simple_intervals/in_00000000-4	60	0	0	0	1.0000	72594.0833	72034.9965	73153.1702
afl++-qemu-compcov	/home/tephra/experiments/float_simple_intervals/tc_00000000-5.c	/home/tephra/experiments/float_simple_intervals/in_00000000-5	18	42	0	0	0.3000	-	-	-
afl++-qemu-compcov	/home/tephra/experiments/float_simple_intervals/tc_00000000-6.c	/home/tephra/experiments/float_simple_intervals/in_00000000-6	5	55	0	0	0.0833	-	-	-
afl++-qemu-compcov	/home/tephra/experiments/float_simple_intervals/tc_0000000000.c	/home/tephra/experiments/float_simple_intervals/in_0000000000	60	0	0	0	1.0000	347.7667	347.4361	348.0972
afl++-qemu-compcov	/home/tephra/experiments/float_simple_intervals/tc_0000000001.c	/home/tephra/experiments/float_simple_intervals/in_0000000001	60	0	0	0	1.0000	344.2500	343.9039	344.5961
afl++-qemu-compcov	/home/tephra/experiments/float_simple_intervals/tc_0000000002.c	/home/tephra/experiments/float_simple_intervals/in_0000000002	60	0	0	0	1.0000	332.3333	332.1124	332.5543
afl++-qemu-compcov	/home/tephra/experiments/float_simple_intervals/tc_0000000003.c	/home/tephra/experiments/float_simple_intervals/in_0000000003	60	0	0	0	1.0000	325.8167	325.6504	325.9829
afl++-qemu-compcov	/home/tephra/experiments/float_simple_intervals/tc_0000000004.c	/home/tephra/experiments/float_simple_intervals/in_0000000004	60	0	0	0	1.0000	329.0333	328.8192	329.2474
afl++-qemu-compcov	/home/tephra/experiments/float_simple_intervals/tc_0000000005.c	/home/tephra/experiments/float_simple_intervals/in_0000000005	60	0	0	0	1.0000	327.6833	327.4725	327.8942
afl++-qemu-compcov	/home/tephra/experiments/float_simple_intervals/tc_0000000006.c	/home/tephra/experiments/float_simple_intervals/in_0000000006	60	0	0	0	1.0000	329.7333	329.5119	329.9548
honggfuzz-qemu	/home/tephra/experiments/float_simple_intervals/tc_00000000-1.c	/home/tephra/experiments/float_simple_intervals/in_00000000-1	60	0	0	0	1.0000	77051.7833	76408.2659	77695.3008
honggfuzz-qemu	/home/tephra/experiments/float_simple_intervals/tc_00000000-2.c	/home/tephra/experiments/float_simple_intervals/in_00000000-2	60	0	0	0	1.0000	166771.7333	165381.6294	168161.8373
honggfuzz-qemu	/home/tephra/experiments/float_simple_intervals/tc_00000000-3.c	/home/tephra/experiments/float_simple_intervals/in_00000000-3	16	44	0	0	0.2667	-	-	-
honggfuzz-qemu	/home/tephra/experiments/float_simple_intervals/tc_00000000-4.c	/home/tephra/experiments/float_simple_intervals/in_00000000-4	31	29	0	0	0.5167	1226532.2581	1215248.3596	1237816.1566
honggfuzz-qemu	/home/tephra/experiments/float_simple_intervals/tc_00000000-5.c	/home/tephra/experiments/float_simple_intervals/in_00000000-5	0	60	0	0	0.0000	-	-	-
honggfuzz-qemu	/home/tephra/experiments/float_simple_intervals/tc_00000000-6.c	/home/tephra/experiments/float_simple_intervals/in_00000000-6	0	60	0	0	0.0000	-	-	-
honggfuzz-qemu	/home/tephra/experiments/float_simple_intervals/tc_0000000000.c	/home/tephra/experiments/float_simple_intervals/in_0000000000	60	0	0	0	1.0000	1010.1833	1010.1743	1010.1923
honggfuzz-qemu	/home/tephra/experiments/float_simple_intervals/tc_0000000001.c	/home/tephra/experiments/float_simple_intervals/in_0000000001	60	0	0	0	1.0000	1009.9000	1009.8920	1009.9080
honggfuzz-qemu	/home/tephra/experiments/float_simple_intervals/tc_0000000002.c	/home/tephra/experiments/float_simple_intervals/in_0000000002	60	0	0	0	1.0000	1010.0167	1010.0094	1010.0239
honggfuzz-qemu	/home/tephra/experiments/float_simple_intervals/tc_0000000003.c	/home/tephra/experiments/float_simple_intervals/in_0000000003	60	0	0	0	1.0000	1009.9500	1009.9429	1009.9571
honggfuzz-qemu	/home/tephra/experiments/float_simple_intervals/tc_0000000004.c	/home/tephra/experiments/float_simple_intervals/in_0000000004	60	0	0	0	1.0000	1009.8333	1009.8256	1009.8411
honggfuzz-qemu	/home/tephra/experiments/float_simple_intervals/tc_0000000005.c	/home/tephra/experiments/float_simple_intervals/in_0000000005	60	0	0	0	1.0000	1009.7667	1009.7599	1009.7734
honggfuzz-qemu	/home/tephra/experiments/float_simple_intervals/tc_0000000006.c	/home/tephra/experiments/float_simple_intervals/in_0000000006	60	0	0	0	1.0000	1009.8000	1009.7932	1009.8068
dataflow	/home/tephra/experiments/float_simple_intervals/tc_00000000-1.c	/home/tephra/experiments/float_simple_intervals/in_00000000-1	60	0	0	0	1.0000	6635.2833	6603.0227	6667.5440
dataflow	/home/tephra/experiments/float_simple_intervals/tc_00000000-2.c	/home/tephra/experiments/float_simple_intervals/in_00000000-2	60	0	0	0	1.0000	6846.3500	6808.6504	6884.0496
dataflow	/home/tephra/experiments/float_simple_intervals/tc_00000000-3.c	/home/tephra/experiments/float_simple_intervals/in_00000000-3	60	0	0	0	1.0000	215915.0500	213763.1250	218066.9750
dataflow	/home/tephra/experiments/float_simple_intervals/tc_00000000-4.c	/home/tephra/experiments/float_simple_intervals/in_00000000-4	59	1	0	0	0.9833	789952.7288	783618.6778	796286.7798
dataflow	/home/tephra/experiments/float_simple_intervals/tc_00000000-5.c	/home/tephra/experiments/float_simple_intervals/in_00000000-5	1	59	0	0	0.0167	-	-	-
dataflow	/home/tephra/experiments/float_simple_intervals/tc_00000000-6.c	/home/tephra/experiments/float_simple_intervals/in_00000000-6	0	60	0	0	0.0000	-	-	-
dataflow	/home/tephra/experiments/float_simple_intervals/tc_0000000000.c	/home/tephra/experiments/float_simple_intervals/in_0000000000	60	0	0	0	1.0000	2233.8833	2233.1953	2234.5713
dataflow	/home/tephra/experiments/float_simple_intervals/tc_0000000001.c	/home/tephra/experiments/float_simple_intervals/in_0000000001	60	0	0	0	1.0000	2233.1333	2232.3574	2233.9093
dataflow	/home/tephra/experiments/float_simple_intervals/tc_0000000002.c	/home/tephra/experiments/float_simple_intervals/in_0000000002	60	0	0	0	1.0000	2256.8667	2256.3049	2257.4284
dataflow	/home/tephra/experiments/float_simple_intervals/tc_0000000003.c	/home/tephra/experiments/float_simple_intervals/in_0000000003	60	0	0	0	1.0000	2237.4333	2236.7247	2238.1420
dataflow	/home/tephra/experiments/float_simple_intervals/tc_0000000004.c	/home/tephra/experiments/float_simple_intervals/in_0000000004	60	0	0	0	1.0000	2226.6167	2225.8608	2227.3725
dataflow	/home/tephra/experiments/float_simple_intervals/tc_0000000005.c	/home/tephra/experiments/float_simple_intervals/in_0000000005	60	0	0	0	1.0000	2245.8167	2245.0756	2246.5577
dataflow	/home/tephra/experiments/float_simple_intervals/tc_0000000006.c	/home/tephra/experiments/float_simple_intervals/in_0000000006	0	0	0	60	0.0000	-	-	-
klee	/home/tephra/experiments/float_simple_intervals/tc_0000000000.c	/home/tephra/experiments/float_simple_intervals/in_0000000000	60	0	0	0	1.0000	657.5833	657.3663	657.8004
klee	/home/tephra/experiments/float_simple_intervals/tc_0000000001.c	/home/tephra/experiments/float_simple_intervals/in_0000000001	60	0	0	0	1.0000	665.9500	665.6520	666.2480
klee	/home/tephra/experiments/float_simple_intervals/tc_0000000002.c	/home/tephra/experiments/float_simple_intervals/in_0000000002	60	0	0	0	1.0000	660.7500	660.5161	660.9839
klee	/home/tephra/experiments/float_simple_intervals/tc_0000000003.c	/home/tephra/experiments/float_simple_intervals/in_0000000003	60	0	0	0	1.0000	659.6667	659.4135	659.9199
klee	/home/tephra/experiments/float_simple_intervals/tc_0000000004.c	/home/tephra/experiments/float_simple_intervals/in_0000000004	60	0	0	0	1.0000	659.1667	658.9409	659.3924
klee	/home/tephra/experiments/float_simple_intervals/tc_0000000005.c	/home/tephra/experiments/float_simple_intervals/in_0000000005	60	0	0	0	1.0000	662.6667	662.4202	662.9132
klee	/home/tephra/experiments/float_simple_intervals/tc_0000000006.c	/home/tephra/experiments/float_simple_intervals/in_0000000006	60	0	0	0	1.0000	665.0667	664.7587	665.3747
klee	/home/tephra/experiments/float_simple_intervals/tc_00000000-1.c	/home/tephra/experiments/float_simple_intervals/in_00000000-1	0	0	60	0	0.0000	-	-	-
klee	/home/tephra/experiments/float_simple_intervals/tc_00000000-2.c	/home/tephra/experiments/float_simple_intervals/in_00000000-2	0	0	60	0	0.0000	-	-	-
klee	/home/tephra/experiments/float_simple_intervals/tc_00000000-3.c	/home/tephra/experiments/float_simple_intervals/in_00000000-3	0	0	60	0	0.0000	-	-	-
klee	/home/tephra/experiments/float_simple_intervals/tc_00000000-4.c	/home/tephra/experiments/float_simple_intervals/in_00000000-4	0	0	60	0	0.0000	-	-	-
klee	/home/tephra/experiments/float_simple_intervals/tc_00000000-5.c	/home/tephra/experiments/float_simple_intervals/in_00000000-5	0	0	60	0	0.0000	-	-	-
klee	/home/tephra/experiments/float_simple_intervals/tc_00000000-6.c	/home/tephra/experiments/float_simple_intervals/in_00000000-6	0	0	60	0	0.0000	-	-	-
symcc	/home/tephra/experiments/float_simple_intervals/tc_00000000-1.c	/home/tephra/experiments/float_simple_intervals/in_00000000-1	2	58	0	0	0.0333	-	-	-
symcc	/home/tephra/experiments/float_simple_intervals/tc_00000000-2.c	/home/tephra/experiments/float_simple_intervals/in_00000000-2	0	60	0	0	0.0000	-	-	-
symcc	/home/tephra/experiments/float_simple_intervals/tc_00000000-3.c	/home/tephra/experiments/float_simple_intervals/in_00000000-3	0	60	0	0	0.0000	-	-	-
symcc	/home/tephra/experiments/float_simple_intervals/tc_00000000-4.c	/home/tephra/experiments/float_simple_intervals/in_00000000-4	0	60	0	0	0.0000	-	-	-
symcc	/home/tephra/experiments/float_simple_intervals/tc_00000000-5.c	/home/tephra/experiments/float_simple_intervals/in_00000000-5	0	60	0	0	0.0000	-	-	-
symcc	/home/tephra/experiments/float_simple_intervals/tc_00000000-6.c	/home/tephra/experiments/float_simple_intervals/in_00000000-6	0	60	0	0	0.0000	-	-	-
symcc	/home/tephra/experiments/float_simple_intervals/tc_0000000000.c	/home/tephra/experiments/float_simple_intervals/in_0000000000	60	0	0	0	1.0000	201.4333	201.2029	201.6638
symcc	/home/tephra/experiments/float_simple_intervals/tc_0000000001.c	/home/tephra/experiments/float_simple_intervals/in_0000000001	60	0	0	0	1.0000	202.5500	202.2557	202.8443
symcc	/home/tephra/experiments/float_simple_intervals/tc_0000000002.c	/home/tephra/experiments/float_simple_intervals/in_0000000002	60	0	0	0	1.0000	195.0333	194.7963	195.2704
symcc	/home/tephra/experiments/float_simple_intervals/tc_0000000003.c	/home/tephra/experiments/float_simple_intervals/in_0000000003	60	0	0	0	1.0000	186.4667	186.3232	186.6101
symcc	/home/tephra/experiments/float_simple_intervals/tc_0000000004.c	/home/tephra/experiments/float_simple_intervals/in_0000000004	60	0	0	0	1.0000	194.9833	194.7385	195.2282
symcc	/home/tephra/experiments/float_simple_intervals/tc_0000000005.c	/home/tephra/experiments/float_simple_intervals/in_0000000005	60	0	0	0	1.0000	189.0333	188.9038	189.1629
symcc	/home/tephra/experiments/float_simple_intervals/tc_0000000006.c	/home/tephra/experiments/float_simple_intervals/in_0000000006	60	0	0	0	1.0000	192.4500	192.2501	192.6499
afl-qemu	/home/tephra/experiments/float_simple_intervals/tc_00000000-1.c	/home/tephra/experiments/float_simple_intervals/in_00000000-1	60	0	0	0	1.0000	20710.1333	20532.9530	20887.3137
afl-qemu	/home/tephra/experiments/float_simple_intervals/tc_00000000-2.c	/home/tephra/experiments/float_simple_intervals/in_00000000-2	60	0	0	0	1.0000	28073.7833	27911.9935	28235.5732
afl-qemu	/home/tephra/experiments/float_simple_intervals/tc_00000000-3.c	/home/tephra/experiments/float_simple_intervals/in_00000000-3	59	1	0	0	0.9833	946349.3898	939377.9396	953320.8400
afl-qemu	/home/tephra/experiments/float_simple_intervals/tc_00000000-4.c	/home/tephra/experiments/float_simple_intervals/in_00000000-4	55	5	0	0	0.9167	1384961.9818	1375230.1070	1394693.8566
afl-qemu	/home/tephra/experiments/float_simple_intervals/tc_00000000-5.c	/home/tephra/experiments/float_simple_intervals/in_00000000-5	2	58	0	0	0.0333	-	-	-
afl-qemu	/home/tephra/experiments/float_simple_intervals/tc_00000000-6.c	/home/tephra/experiments/float_simple_intervals/in_00000000-6	0	60	0	0	0.0000	-	-	-
afl-qemu	/home/tephra/experiments/float_simple_intervals/tc_0000000000.c	/home/tephra/experiments/float_simple_intervals/in_0000000000	60	0	0	0	1.0000	865.0667	864.4142	865.7192
afl-qemu	/home/tephra/experiments/float_simple_intervals/tc_0000000001.c	/home/tephra/experiments/float_simple_intervals/in_0000000001	60	0	0	0	1.0000	673.2667	673.2165	673.3169
afl-qemu	/home/tephra/experiments/float_simple_intervals/tc_0000000002.c	/home/tephra/experiments/float_simple_intervals/in_0000000002	60	0	0	0	1.0000	673.5667	673.5133	673.6200
afl-qemu	/home/tephra/experiments/float_simple_intervals/tc_0000000003.c	/home/tephra/experiments/float_simple_intervals/in_0000000003	60	0	0	0	1.0000	679.2833	678.9815	679.5852
afl-qemu	/home/tephra/experiments/float_simple_intervals/tc_0000000004.c	/home/tephra/experiments/float_simple_intervals/in_0000000004	60	0	0	0	1.0000	672.2167	672.1661	672.2672
afl-qemu	/home/tephra/experiments/float_simple_intervals/tc_0000000005.c	/home/tephra/experiments/float_simple_intervals/in_0000000005	60	0	0	0	1.0000	687.4500	686.9956	687.9044
afl-qemu	/home/tephra/experiments/float_simple_intervals/tc_0000000006.c	/home/tephra/experiments/float_simple_intervals/in_0000000006	60	0	0	0	1.0000	671.7833	671.7152	671.8514
angora-random	/home/tephra/experiments/float_simple_intervals/tc_00000000-1.c	/home/tephra/experiments/float_simple_intervals/in_00000000-1	60	0	0	0	1.0000	3036.4667	3004.2526	3068.6807
angora-random	/home/tephra/experiments/float_simple_intervals/tc_00000000-2.c	/home/tephra/experiments/float_simple_intervals/in_00000000-2	60	0	0	0	1.0000	10823.3667	10657.3809	10989.3524
angora-random	/home/tephra/experiments/float_simple_intervals/tc_00000000-3.c	/home/tephra/experiments/float_simple_intervals/in_00000000-3	59	0	0	1	0.9833	325051.8136	320544.0179	329559.6093
angora-random	/home/tephra/experiments/float_simple_intervals/tc_00000000-4.c	/home/tephra/experiments/float_simple_intervals/in_00000000-4	60	0	0	0	1.0000	172976.4167	169889.4887	176063.3446
angora-random	/home/tephra/experiments/float_simple_intervals/tc_00000000-5.c	/home/tephra/experiments/float_simple_intervals/in_00000000-5	8	52	0	0	0.1333	-	-	-
angora-random	/home/tephra/experiments/float_simple_intervals/tc_00000000-6.c	/home/tephra/experiments/float_simple_intervals/in_00000000-6	4	55	0	1	0.0667	-	-	-
angora-random	/home/tephra/experiments/float_simple_intervals/tc_0000000000.c	/home/tephra/experiments/float_simple_intervals/in_0000000000	60	0	0	0	1.0000	1041.1167	1041.1005	1041.1329
angora-random	/home/tephra/experiments/float_simple_intervals/tc_0000000001.c	/home/tephra/experiments/float_simple_intervals/in_0000000001	60	0	0	0	1.0000	1040.7500	1040.7340	1040.7660
angora-random	/home/tephra/experiments/float_simple_intervals/tc_0000000002.c	/home/tephra/experiments/float_simple_intervals/in_0000000002	59	0	0	1	0.9833	1040.4237	1040.4135	1040.4339
angora-random	/home/tephra/experiments/float_simple_intervals/tc_0000000003.c	/home/tephra/experiments/float_simple_intervals/in_0000000003	60	0	0	0	1.0000	1040.8667	1040.8485	1040.8848
angora-random	/home/tephra/experiments/float_simple_intervals/tc_0000000004.c	/home/tephra/experiments/float_simple_intervals/in_0000000004	60	0	0	0	1.0000	1040.5667	1040.5536	1040.5798
angora-random	/home/tephra/experiments/float_simple_intervals/tc_0000000005.c	/home/tephra/experiments/float_simple_intervals/in_0000000005	60	0	0	0	1.0000	1040.2333	1040.2189	1040.2477
angora-random	/home/tephra/experiments/float_simple_intervals/tc_0000000006.c	/home/tephra/experiments/float_simple_intervals/in_0000000006	59	0	0	1	0.9833	1039.8305	1039.8189	1039.8421
