fuzzer	put	corpus	success	timeout	invalid	error	ratio	ttt	cleft	cright
afl-gcc	/home/tephra/experiments/crc32_const/tc_0000000001.c	/home/tephra/experiments/crc32_const/in_0000000001	60	0	0	0	1.0000	480.2833	477.7741	482.7925
afl-gcc	/home/tephra/experiments/crc32_const/tc_0000000002.c	/home/tephra/experiments/crc32_const/in_0000000002	60	0	0	0	1.0000	477547.3333	473810.4263	481284.2404
afl-gcc	/home/tephra/experiments/crc32_const/tc_0000000004.c	/home/tephra/experiments/crc32_const/in_0000000004	0	60	0	0	0.0000	-	-	-
afl-gcc	/home/tephra/experiments/crc32_const/tc_0000000008.c	/home/tephra/experiments/crc32_const/in_0000000008	0	60	0	0	0.0000	-	-	-
afl-gcc	/home/tephra/experiments/crc32_const/tc_0000000016.c	/home/tephra/experiments/crc32_const/in_0000000016	0	60	0	0	0.0000	-	-	-
afl-gcc	/home/tephra/experiments/crc32_const/tc_0000000032.c	/home/tephra/experiments/crc32_const/in_0000000032	0	60	0	0	0.0000	-	-	-
afl-gcc	/home/tephra/experiments/crc32_const/tc_0000000064.c	/home/tephra/experiments/crc32_const/in_0000000064	0	60	0	0	0.0000	-	-	-
afl-clang-fast	/home/tephra/experiments/crc32_const/tc_0000000001.c	/home/tephra/experiments/crc32_const/in_0000000001	60	0	0	0	1.0000	457.1000	454.8074	459.3926
afl-clang-fast	/home/tephra/experiments/crc32_const/tc_0000000002.c	/home/tephra/experiments/crc32_const/in_0000000002	60	0	0	0	1.0000	573588.5333	568550.1210	578626.9457
afl-clang-fast	/home/tephra/experiments/crc32_const/tc_0000000004.c	/home/tephra/experiments/crc32_const/in_0000000004	0	60	0	0	0.0000	-	-	-
afl-clang-fast	/home/tephra/experiments/crc32_const/tc_0000000008.c	/home/tephra/experiments/crc32_const/in_0000000008	0	60	0	0	0.0000	-	-	-
afl-clang-fast	/home/tephra/experiments/crc32_const/tc_0000000016.c	/home/tephra/experiments/crc32_const/in_0000000016	0	60	0	0	0.0000	-	-	-
afl-clang-fast	/home/tephra/experiments/crc32_const/tc_0000000032.c	/home/tephra/experiments/crc32_const/in_0000000032	0	60	0	0	0.0000	-	-	-
afl-clang-fast	/home/tephra/experiments/crc32_const/tc_0000000064.c	/home/tephra/experiments/crc32_const/in_0000000064	0	60	0	0	0.0000	-	-	-
afl-libtokencap	/home/tephra/experiments/crc32_const/tc_0000000001.c	/home/tephra/experiments/crc32_const/in_0000000001	60	0	0	0	1.0000	593.4667	591.3062	595.6271
afl-libtokencap	/home/tephra/experiments/crc32_const/tc_0000000002.c	/home/tephra/experiments/crc32_const/in_0000000002	60	0	0	0	1.0000	445987.4667	441857.8936	450117.0397
afl-libtokencap	/home/tephra/experiments/crc32_const/tc_0000000004.c	/home/tephra/experiments/crc32_const/in_0000000004	0	60	0	0	0.0000	-	-	-
afl-libtokencap	/home/tephra/experiments/crc32_const/tc_0000000008.c	/home/tephra/experiments/crc32_const/in_0000000008	0	60	0	0	0.0000	-	-	-
afl-libtokencap	/home/tephra/experiments/crc32_const/tc_0000000016.c	/home/tephra/experiments/crc32_const/in_0000000016	0	60	0	0	0.0000	-	-	-
afl-libtokencap	/home/tephra/experiments/crc32_const/tc_0000000032.c	/home/tephra/experiments/crc32_const/in_0000000032	0	60	0	0	0.0000	-	-	-
afl-libtokencap	/home/tephra/experiments/crc32_const/tc_0000000064.c	/home/tephra/experiments/crc32_const/in_0000000064	0	60	0	0	0.0000	-	-	-
radamsa	/home/tephra/experiments/crc32_const/tc_0000000001.c	/home/tephra/experiments/crc32_const/in_0000000001	60	0	0	0	1.0000	618.6333	613.3252	623.9415
radamsa	/home/tephra/experiments/crc32_const/tc_0000000002.c	/home/tephra/experiments/crc32_const/in_0000000002	59	0	1	0	0.9833	525412.0508	520596.3040	530227.7977
radamsa	/home/tephra/experiments/crc32_const/tc_0000000004.c	/home/tephra/experiments/crc32_const/in_0000000004	0	55	5	0	0.0000	-	-	-
radamsa	/home/tephra/experiments/crc32_const/tc_0000000008.c	/home/tephra/experiments/crc32_const/in_0000000008	0	56	4	0	0.0000	-	-	-
radamsa	/home/tephra/experiments/crc32_const/tc_0000000016.c	/home/tephra/experiments/crc32_const/in_0000000016	1	55	4	0	0.0167	-	-	-
radamsa	/home/tephra/experiments/crc32_const/tc_0000000032.c	/home/tephra/experiments/crc32_const/in_0000000032	0	58	2	0	0.0000	-	-	-
radamsa	/home/tephra/experiments/crc32_const/tc_0000000064.c	/home/tephra/experiments/crc32_const/in_0000000064	0	60	0	0	0.0000	-	-	-
libfuzzer	/home/tephra/experiments/crc32_const/tc_0000000001.c	/home/tephra/experiments/crc32_const/in_0000000001	60	0	0	0	1.0000	178.4167	178.3772	178.4561
libfuzzer	/home/tephra/experiments/crc32_const/tc_0000000002.c	/home/tephra/experiments/crc32_const/in_0000000002	60	0	0	0	1.0000	1868.5167	1850.2571	1886.7762
libfuzzer	/home/tephra/experiments/crc32_const/tc_0000000004.c	/home/tephra/experiments/crc32_const/in_0000000004	1	59	0	0	0.0167	-	-	-
libfuzzer	/home/tephra/experiments/crc32_const/tc_0000000008.c	/home/tephra/experiments/crc32_const/in_0000000008	0	60	0	0	0.0000	-	-	-
libfuzzer	/home/tephra/experiments/crc32_const/tc_0000000016.c	/home/tephra/experiments/crc32_const/in_0000000016	0	60	0	0	0.0000	-	-	-
libfuzzer	/home/tephra/experiments/crc32_const/tc_0000000032.c	/home/tephra/experiments/crc32_const/in_0000000032	1	59	0	0	0.0167	-	-	-
libfuzzer	/home/tephra/experiments/crc32_const/tc_0000000064.c	/home/tephra/experiments/crc32_const/in_0000000064	1	59	0	0	0.0167	-	-	-
libfuzzer-entropic	/home/tephra/experiments/crc32_const/tc_0000000001.c	/home/tephra/experiments/crc32_const/in_0000000001	60	0	0	0	1.0000	159.2000	159.1175	159.2825
libfuzzer-entropic	/home/tephra/experiments/crc32_const/tc_0000000002.c	/home/tephra/experiments/crc32_const/in_0000000002	60	0	0	0	1.0000	1330.2000	1320.0528	1340.3472
libfuzzer-entropic	/home/tephra/experiments/crc32_const/tc_0000000004.c	/home/tephra/experiments/crc32_const/in_0000000004	0	60	0	0	0.0000	-	-	-
libfuzzer-entropic	/home/tephra/experiments/crc32_const/tc_0000000008.c	/home/tephra/experiments/crc32_const/in_0000000008	0	60	0	0	0.0000	-	-	-
libfuzzer-entropic	/home/tephra/experiments/crc32_const/tc_0000000016.c	/home/tephra/experiments/crc32_const/in_0000000016	1	59	0	0	0.0167	-	-	-
libfuzzer-entropic	/home/tephra/experiments/crc32_const/tc_0000000032.c	/home/tephra/experiments/crc32_const/in_0000000032	0	60	0	0	0.0000	-	-	-
libfuzzer-entropic	/home/tephra/experiments/crc32_const/tc_0000000064.c	/home/tephra/experiments/crc32_const/in_0000000064	1	59	0	0	0.0167	-	-	-
dev-urandom	/home/tephra/experiments/crc32_const/tc_0000000001.c	/home/tephra/experiments/crc32_const/in_0000000001	60	0	0	0	1.0000	10.9833	10.8750	11.0917
dev-urandom	/home/tephra/experiments/crc32_const/tc_0000000002.c	/home/tephra/experiments/crc32_const/in_0000000002	60	0	0	0	1.0000	2009.8667	1997.1217	2022.6117
dev-urandom	/home/tephra/experiments/crc32_const/tc_0000000004.c	/home/tephra/experiments/crc32_const/in_0000000004	0	60	0	0	0.0000	-	-	-
dev-urandom	/home/tephra/experiments/crc32_const/tc_0000000008.c	/home/tephra/experiments/crc32_const/in_0000000008	0	60	0	0	0.0000	-	-	-
dev-urandom	/home/tephra/experiments/crc32_const/tc_0000000016.c	/home/tephra/experiments/crc32_const/in_0000000016	0	60	0	0	0.0000	-	-	-
dev-urandom	/home/tephra/experiments/crc32_const/tc_0000000032.c	/home/tephra/experiments/crc32_const/in_0000000032	0	60	0	0	0.0000	-	-	-
dev-urandom	/home/tephra/experiments/crc32_const/tc_0000000064.c	/home/tephra/experiments/crc32_const/in_0000000064	0	60	0	0	0.0000	-	-	-
afl++	/home/tephra/experiments/crc32_const/tc_0000000001.c	/home/tephra/experiments/crc32_const/in_0000000001	60	0	0	0	1.0000	211.3833	211.3656	211.4010
afl++	/home/tephra/experiments/crc32_const/tc_0000000002.c	/home/tephra/experiments/crc32_const/in_0000000002	60	0	0	0	1.0000	894.2167	889.1569	899.2764
afl++	/home/tephra/experiments/crc32_const/tc_0000000004.c	/home/tephra/experiments/crc32_const/in_0000000004	0	60	0	0	0.0000	-	-	-
afl++	/home/tephra/experiments/crc32_const/tc_0000000008.c	/home/tephra/experiments/crc32_const/in_0000000008	0	60	0	0	0.0000	-	-	-
afl++	/home/tephra/experiments/crc32_const/tc_0000000016.c	/home/tephra/experiments/crc32_const/in_0000000016	1	59	0	0	0.0167	-	-	-
afl++	/home/tephra/experiments/crc32_const/tc_0000000032.c	/home/tephra/experiments/crc32_const/in_0000000032	1	59	0	0	0.0167	-	-	-
afl++	/home/tephra/experiments/crc32_const/tc_0000000064.c	/home/tephra/experiments/crc32_const/in_0000000064	0	60	0	0	0.0000	-	-	-
afl++-cmplog	/home/tephra/experiments/crc32_const/tc_0000000001.c	/home/tephra/experiments/crc32_const/in_0000000001	60	0	0	0	1.0000	217.1167	217.0990	217.1344
afl++-cmplog	/home/tephra/experiments/crc32_const/tc_0000000002.c	/home/tephra/experiments/crc32_const/in_0000000002	60	0	0	0	1.0000	12094.4833	12008.6584	12180.3082
afl++-cmplog	/home/tephra/experiments/crc32_const/tc_0000000004.c	/home/tephra/experiments/crc32_const/in_0000000004	0	60	0	0	0.0000	-	-	-
afl++-cmplog	/home/tephra/experiments/crc32_const/tc_0000000008.c	/home/tephra/experiments/crc32_const/in_0000000008	0	60	0	0	0.0000	-	-	-
afl++-cmplog	/home/tephra/experiments/crc32_const/tc_0000000016.c	/home/tephra/experiments/crc32_const/in_0000000016	0	60	0	0	0.0000	-	-	-
afl++-cmplog	/home/tephra/experiments/crc32_const/tc_0000000032.c	/home/tephra/experiments/crc32_const/in_0000000032	0	60	0	0	0.0000	-	-	-
afl++-cmplog	/home/tephra/experiments/crc32_const/tc_0000000064.c	/home/tephra/experiments/crc32_const/in_0000000064	0	60	0	0	0.0000	-	-	-
afl++-laf	/home/tephra/experiments/crc32_const/tc_0000000001.c	/home/tephra/experiments/crc32_const/in_0000000001	60	0	0	0	1.0000	225.7500	225.3895	226.1105
afl++-laf	/home/tephra/experiments/crc32_const/tc_0000000002.c	/home/tephra/experiments/crc32_const/in_0000000002	60	0	0	0	1.0000	3879.5167	3850.2516	3908.7818
afl++-laf	/home/tephra/experiments/crc32_const/tc_0000000004.c	/home/tephra/experiments/crc32_const/in_0000000004	0	60	0	0	0.0000	-	-	-
afl++-laf	/home/tephra/experiments/crc32_const/tc_0000000008.c	/home/tephra/experiments/crc32_const/in_0000000008	0	60	0	0	0.0000	-	-	-
afl++-laf	/home/tephra/experiments/crc32_const/tc_0000000016.c	/home/tephra/experiments/crc32_const/in_0000000016	0	60	0	0	0.0000	-	-	-
afl++-laf	/home/tephra/experiments/crc32_const/tc_0000000032.c	/home/tephra/experiments/crc32_const/in_0000000032	0	60	0	0	0.0000	-	-	-
afl++-laf	/home/tephra/experiments/crc32_const/tc_0000000064.c	/home/tephra/experiments/crc32_const/in_0000000064	0	60	0	0	0.0000	-	-	-
afl++-mopt	/home/tephra/experiments/crc32_const/tc_0000000001.c	/home/tephra/experiments/crc32_const/in_0000000001	60	0	0	0	1.0000	219.2833	219.0613	219.5054
afl++-mopt	/home/tephra/experiments/crc32_const/tc_0000000002.c	/home/tephra/experiments/crc32_const/in_0000000002	60	0	0	0	1.0000	923.0333	917.3055	928.7612
afl++-mopt	/home/tephra/experiments/crc32_const/tc_0000000004.c	/home/tephra/experiments/crc32_const/in_0000000004	0	60	0	0	0.0000	-	-	-
afl++-mopt	/home/tephra/experiments/crc32_const/tc_0000000008.c	/home/tephra/experiments/crc32_const/in_0000000008	0	60	0	0	0.0000	-	-	-
afl++-mopt	/home/tephra/experiments/crc32_const/tc_0000000016.c	/home/tephra/experiments/crc32_const/in_0000000016	0	60	0	0	0.0000	-	-	-
afl++-mopt	/home/tephra/experiments/crc32_const/tc_0000000032.c	/home/tephra/experiments/crc32_const/in_0000000032	0	60	0	0	0.0000	-	-	-
afl++-mopt	/home/tephra/experiments/crc32_const/tc_0000000064.c	/home/tephra/experiments/crc32_const/in_0000000064	0	60	0	0	0.0000	-	-	-
honggfuzz	/home/tephra/experiments/crc32_const/tc_0000000001.c	/home/tephra/experiments/crc32_const/in_0000000001	60	0	0	0	1.0000	1005.6000	1005.5960	1005.6040
honggfuzz	/home/tephra/experiments/crc32_const/tc_0000000002.c	/home/tephra/experiments/crc32_const/in_0000000002	60	0	0	0	1.0000	59642.2500	59070.8307	60213.6693
honggfuzz	/home/tephra/experiments/crc32_const/tc_0000000004.c	/home/tephra/experiments/crc32_const/in_0000000004	0	60	0	0	0.0000	-	-	-
honggfuzz	/home/tephra/experiments/crc32_const/tc_0000000008.c	/home/tephra/experiments/crc32_const/in_0000000008	0	60	0	0	0.0000	-	-	-
honggfuzz	/home/tephra/experiments/crc32_const/tc_0000000016.c	/home/tephra/experiments/crc32_const/in_0000000016	0	60	0	0	0.0000	-	-	-
honggfuzz	/home/tephra/experiments/crc32_const/tc_0000000032.c	/home/tephra/experiments/crc32_const/in_0000000032	0	60	0	0	0.0000	-	-	-
honggfuzz	/home/tephra/experiments/crc32_const/tc_0000000064.c	/home/tephra/experiments/crc32_const/in_0000000064	0	60	0	0	0.0000	-	-	-
wingfuzz	/home/tephra/experiments/crc32_const/tc_0000000001.c	/home/tephra/experiments/crc32_const/in_0000000001	60	0	0	0	1.0000	18.3667	18.3331	18.4002
wingfuzz	/home/tephra/experiments/crc32_const/tc_0000000002.c	/home/tephra/experiments/crc32_const/in_0000000002	60	0	0	0	1.0000	1851.5500	1838.8986	1864.2014
wingfuzz	/home/tephra/experiments/crc32_const/tc_0000000004.c	/home/tephra/experiments/crc32_const/in_0000000004	0	60	0	0	0.0000	-	-	-
wingfuzz	/home/tephra/experiments/crc32_const/tc_0000000008.c	/home/tephra/experiments/crc32_const/in_0000000008	0	60	0	0	0.0000	-	-	-
wingfuzz	/home/tephra/experiments/crc32_const/tc_0000000016.c	/home/tephra/experiments/crc32_const/in_0000000016	0	60	0	0	0.0000	-	-	-
wingfuzz	/home/tephra/experiments/crc32_const/tc_0000000032.c	/home/tephra/experiments/crc32_const/in_0000000032	1	59	0	0	0.0167	-	-	-
wingfuzz	/home/tephra/experiments/crc32_const/tc_0000000064.c	/home/tephra/experiments/crc32_const/in_0000000064	1	59	0	0	0.0167	-	-	-
libafl	/home/tephra/experiments/crc32_const/tc_0000000001.c	/home/tephra/experiments/crc32_const/in_0000000001	60	0	0	0	1.0000	15.5833	15.4856	15.6811
libafl	/home/tephra/experiments/crc32_const/tc_0000000002.c	/home/tephra/experiments/crc32_const/in_0000000002	60	0	0	0	1.0000	141.7167	140.7580	142.6753
libafl	/home/tephra/experiments/crc32_const/tc_0000000004.c	/home/tephra/experiments/crc32_const/in_0000000004	2	58	0	0	0.0333	-	-	-
libafl	/home/tephra/experiments/crc32_const/tc_0000000008.c	/home/tephra/experiments/crc32_const/in_0000000008	8	52	0	0	0.1333	-	-	-
libafl	/home/tephra/experiments/crc32_const/tc_0000000016.c	/home/tephra/experiments/crc32_const/in_0000000016	2	58	0	0	0.0333	-	-	-
libafl	/home/tephra/experiments/crc32_const/tc_0000000032.c	/home/tephra/experiments/crc32_const/in_0000000032	3	57	0	0	0.0500	-	-	-
libafl	/home/tephra/experiments/crc32_const/tc_0000000064.c	/home/tephra/experiments/crc32_const/in_0000000064	0	60	0	0	0.0000	-	-	-
libafl-libfuzzer	/home/tephra/experiments/crc32_const/tc_0000000001.c	/home/tephra/experiments/crc32_const/in_0000000001	60	0	0	0	1.0000	150.5500	150.3689	150.7311
libafl-libfuzzer	/home/tephra/experiments/crc32_const/tc_0000000002.c	/home/tephra/experiments/crc32_const/in_0000000002	60	0	0	0	1.0000	1446.9667	1438.7748	1455.1585
libafl-libfuzzer	/home/tephra/experiments/crc32_const/tc_0000000004.c	/home/tephra/experiments/crc32_const/in_0000000004	0	60	0	0	0.0000	-	-	-
libafl-libfuzzer	/home/tephra/experiments/crc32_const/tc_0000000008.c	/home/tephra/experiments/crc32_const/in_0000000008	3	57	0	0	0.0500	-	-	-
libafl-libfuzzer	/home/tephra/experiments/crc32_const/tc_0000000016.c	/home/tephra/experiments/crc32_const/in_0000000016	3	57	0	0	0.0500	-	-	-
libafl-libfuzzer	/home/tephra/experiments/crc32_const/tc_0000000032.c	/home/tephra/experiments/crc32_const/in_0000000032	3	57	0	0	0.0500	-	-	-
libafl-libfuzzer	/home/tephra/experiments/crc32_const/tc_0000000064.c	/home/tephra/experiments/crc32_const/in_0000000064	6	54	0	0	0.1000	-	-	-
ddfuzz	/home/tephra/experiments/crc32_const/tc_0000000001.c	/home/tephra/experiments/crc32_const/in_0000000001	60	0	0	0	1.0000	259.6667	259.5707	259.7626
ddfuzz	/home/tephra/experiments/crc32_const/tc_0000000002.c	/home/tephra/experiments/crc32_const/in_0000000002	60	0	0	0	1.0000	1450.2000	1440.4145	1459.9855
ddfuzz	/home/tephra/experiments/crc32_const/tc_0000000004.c	/home/tephra/experiments/crc32_const/in_0000000004	0	60	0	0	0.0000	-	-	-
ddfuzz	/home/tephra/experiments/crc32_const/tc_0000000008.c	/home/tephra/experiments/crc32_const/in_0000000008	1	59	0	0	0.0167	-	-	-
ddfuzz	/home/tephra/experiments/crc32_const/tc_0000000016.c	/home/tephra/experiments/crc32_const/in_0000000016	1	59	0	0	0.0167	-	-	-
ddfuzz	/home/tephra/experiments/crc32_const/tc_0000000032.c	/home/tephra/experiments/crc32_const/in_0000000032	0	60	0	0	0.0000	-	-	-
ddfuzz	/home/tephra/experiments/crc32_const/tc_0000000064.c	/home/tephra/experiments/crc32_const/in_0000000064	0	60	0	0	0.0000	-	-	-
fairfuzz	/home/tephra/experiments/crc32_const/tc_0000000001.c	/home/tephra/experiments/crc32_const/in_0000000001	60	0	0	0	1.0000	215.2833	215.2679	215.2988
fairfuzz	/home/tephra/experiments/crc32_const/tc_0000000002.c	/home/tephra/experiments/crc32_const/in_0000000002	60	0	0	0	1.0000	56438.9000	55891.4437	56986.3563
fairfuzz	/home/tephra/experiments/crc32_const/tc_0000000004.c	/home/tephra/experiments/crc32_const/in_0000000004	0	60	0	0	0.0000	-	-	-
fairfuzz	/home/tephra/experiments/crc32_const/tc_0000000008.c	/home/tephra/experiments/crc32_const/in_0000000008	0	60	0	0	0.0000	-	-	-
fairfuzz	/home/tephra/experiments/crc32_const/tc_0000000016.c	/home/tephra/experiments/crc32_const/in_0000000016	1	59	0	0	0.0167	-	-	-
fairfuzz	/home/tephra/experiments/crc32_const/tc_0000000032.c	/home/tephra/experiments/crc32_const/in_0000000032	0	60	0	0	0.0000	-	-	-
fairfuzz	/home/tephra/experiments/crc32_const/tc_0000000064.c	/home/tephra/experiments/crc32_const/in_0000000064	0	60	0	0	0.0000	-	-	-
ecofuzz	/home/tephra/experiments/crc32_const/tc_0000000001.c	/home/tephra/experiments/crc32_const/in_0000000001	60	0	0	0	1.0000	316.0667	314.7564	317.3770
ecofuzz	/home/tephra/experiments/crc32_const/tc_0000000002.c	/home/tephra/experiments/crc32_const/in_0000000002	60	0	0	0	1.0000	112062.1167	111269.5068	112854.7265
ecofuzz	/home/tephra/experiments/crc32_const/tc_0000000004.c	/home/tephra/experiments/crc32_const/in_0000000004	0	60	0	0	0.0000	-	-	-
ecofuzz	/home/tephra/experiments/crc32_const/tc_0000000008.c	/home/tephra/experiments/crc32_const/in_0000000008	0	60	0	0	0.0000	-	-	-
ecofuzz	/home/tephra/experiments/crc32_const/tc_0000000016.c	/home/tephra/experiments/crc32_const/in_0000000016	0	60	0	0	0.0000	-	-	-
ecofuzz	/home/tephra/experiments/crc32_const/tc_0000000032.c	/home/tephra/experiments/crc32_const/in_0000000032	0	60	0	0	0.0000	-	-	-
ecofuzz	/home/tephra/experiments/crc32_const/tc_0000000064.c	/home/tephra/experiments/crc32_const/in_0000000064	0	60	0	0	0.0000	-	-	-
fafuzz	/home/tephra/experiments/crc32_const/tc_0000000001.c	/home/tephra/experiments/crc32_const/in_0000000001	60	0	0	0	1.0000	270.6167	269.7077	271.5256
fafuzz	/home/tephra/experiments/crc32_const/tc_0000000002.c	/home/tephra/experiments/crc32_const/in_0000000002	60	0	0	0	1.0000	135416.9833	134015.7030	136818.2636
fafuzz	/home/tephra/experiments/crc32_const/tc_0000000004.c	/home/tephra/experiments/crc32_const/in_0000000004	0	60	0	0	0.0000	-	-	-
fafuzz	/home/tephra/experiments/crc32_const/tc_0000000008.c	/home/tephra/experiments/crc32_const/in_0000000008	0	60	0	0	0.0000	-	-	-
fafuzz	/home/tephra/experiments/crc32_const/tc_0000000016.c	/home/tephra/experiments/crc32_const/in_0000000016	0	60	0	0	0.0000	-	-	-
fafuzz	/home/tephra/experiments/crc32_const/tc_0000000032.c	/home/tephra/experiments/crc32_const/in_0000000032	0	60	0	0	0.0000	-	-	-
fafuzz	/home/tephra/experiments/crc32_const/tc_0000000064.c	/home/tephra/experiments/crc32_const/in_0000000064	0	60	0	0	0.0000	-	-	-
darwin	/home/tephra/experiments/crc32_const/tc_0000000001.c	/home/tephra/experiments/crc32_const/in_0000000001	60	0	0	0	1.0000	244.0500	243.3965	244.7035
darwin	/home/tephra/experiments/crc32_const/tc_0000000002.c	/home/tephra/experiments/crc32_const/in_0000000002	60	0	0	0	1.0000	95646.4333	94873.7293	96419.1373
darwin	/home/tephra/experiments/crc32_const/tc_0000000004.c	/home/tephra/experiments/crc32_const/in_0000000004	0	60	0	0	0.0000	-	-	-
darwin	/home/tephra/experiments/crc32_const/tc_0000000008.c	/home/tephra/experiments/crc32_const/in_0000000008	0	60	0	0	0.0000	-	-	-
darwin	/home/tephra/experiments/crc32_const/tc_0000000016.c	/home/tephra/experiments/crc32_const/in_0000000016	0	60	0	0	0.0000	-	-	-
darwin	/home/tephra/experiments/crc32_const/tc_0000000032.c	/home/tephra/experiments/crc32_const/in_0000000032	0	60	0	0	0.0000	-	-	-
darwin	/home/tephra/experiments/crc32_const/tc_0000000064.c	/home/tephra/experiments/crc32_const/in_0000000064	2	58	0	0	0.0333	-	-	-
angora	/home/tephra/experiments/crc32_const/tc_0000000001.c	/home/tephra/experiments/crc32_const/in_0000000001	60	0	0	0	1.0000	1168.5500	1165.6877	1171.4123
angora	/home/tephra/experiments/crc32_const/tc_0000000002.c	/home/tephra/experiments/crc32_const/in_0000000002	60	0	0	0	1.0000	133781.2333	131188.4617	136374.0049
angora	/home/tephra/experiments/crc32_const/tc_0000000004.c	/home/tephra/experiments/crc32_const/in_0000000004	0	59	0	1	0.0000	-	-	-
angora	/home/tephra/experiments/crc32_const/tc_0000000008.c	/home/tephra/experiments/crc32_const/in_0000000008	0	60	0	0	0.0000	-	-	-
angora	/home/tephra/experiments/crc32_const/tc_0000000016.c	/home/tephra/experiments/crc32_const/in_0000000016	0	60	0	0	0.0000	-	-	-
angora	/home/tephra/experiments/crc32_const/tc_0000000032.c	/home/tephra/experiments/crc32_const/in_0000000032	1	58	0	1	0.0167	-	-	-
angora	/home/tephra/experiments/crc32_const/tc_0000000064.c	/home/tephra/experiments/crc32_const/in_0000000064	0	57	0	3	0.0000	-	-	-
angora-mb	/home/tephra/experiments/crc32_const/tc_0000000001.c	/home/tephra/experiments/crc32_const/in_0000000001	58	0	0	2	0.9667	1040.4138	1040.4014	1040.4262
angora-mb	/home/tephra/experiments/crc32_const/tc_0000000002.c	/home/tephra/experiments/crc32_const/in_0000000002	57	0	0	3	0.9500	38841.4737	38529.2358	39153.7115
angora-mb	/home/tephra/experiments/crc32_const/tc_0000000004.c	/home/tephra/experiments/crc32_const/in_0000000004	0	60	0	0	0.0000	-	-	-
angora-mb	/home/tephra/experiments/crc32_const/tc_0000000008.c	/home/tephra/experiments/crc32_const/in_0000000008	0	60	0	0	0.0000	-	-	-
angora-mb	/home/tephra/experiments/crc32_const/tc_0000000016.c	/home/tephra/experiments/crc32_const/in_0000000016	0	60	0	0	0.0000	-	-	-
angora-mb	/home/tephra/experiments/crc32_const/tc_0000000032.c	/home/tephra/experiments/crc32_const/in_0000000032	0	58	0	2	0.0000	-	-	-
angora-mb	/home/tephra/experiments/crc32_const/tc_0000000064.c	/home/tephra/experiments/crc32_const/in_0000000064	0	58	0	2	0.0000	-	-	-
aflgo	/home/tephra/experiments/crc32_const/tc_0000000001.c	/home/tephra/experiments/crc32_const/in_0000000001	60	0	0	0	1.0000	272.0667	271.0263	273.1071
aflgo	/home/tephra/experiments/crc32_const/tc_0000000002.c	/home/tephra/experiments/crc32_const/in_0000000002	60	0	0	0	1.0000	160723.7333	159527.5893	161919.8773
aflgo	/home/tephra/experiments/crc32_const/tc_0000000004.c	/home/tephra/experiments/crc32_const/in_0000000004	0	60	0	0	0.0000	-	-	-
aflgo	/home/tephra/experiments/crc32_const/tc_0000000008.c	/home/tephra/experiments/crc32_const/in_0000000008	0	60	0	0	0.0000	-	-	-
aflgo	/home/tephra/experiments/crc32_const/tc_0000000016.c	/home/tephra/experiments/crc32_const/in_0000000016	0	60	0	0	0.0000	-	-	-
afl++-qemu-cmplog	/home/tephra/experiments/crc32_const/tc_0000000001.c	/home/tephra/experiments/crc32_const/in_0000000001	60	0	0	0	1.0000	299.4500	299.4044	299.4956
afl++-qemu-cmplog	/home/tephra/experiments/crc32_const/tc_0000000002.c	/home/tephra/experiments/crc32_const/in_0000000002	60	0	0	0	1.0000	33015.9333	32746.8620	33285.0046
afl++-qemu-cmplog	/home/tephra/experiments/crc32_const/tc_0000000004.c	/home/tephra/experiments/crc32_const/in_0000000004	0	60	0	0	0.0000	-	-	-
afl++-qemu-cmplog	/home/tephra/experiments/crc32_const/tc_0000000008.c	/home/tephra/experiments/crc32_const/in_0000000008	0	60	0	0	0.0000	-	-	-
afl++-qemu-cmplog	/home/tephra/experiments/crc32_const/tc_0000000016.c	/home/tephra/experiments/crc32_const/in_0000000016	0	60	0	0	0.0000	-	-	-
afl++-qemu-compcov	/home/tephra/experiments/crc32_const/tc_0000000001.c	/home/tephra/experiments/crc32_const/in_0000000001	60	0	0	0	1.0000	336.0833	335.7385	336.4281
afl++-qemu-compcov	/home/tephra/experiments/crc32_const/tc_0000000002.c	/home/tephra/experiments/crc32_const/in_0000000002	60	0	0	0	1.0000	67495.6667	67038.6327	67952.7006
afl++-qemu-compcov	/home/tephra/experiments/crc32_const/tc_0000000004.c	/home/tephra/experiments/crc32_const/in_0000000004	0	60	0	0	0.0000	-	-	-
afl++-qemu-compcov	/home/tephra/experiments/crc32_const/tc_0000000008.c	/home/tephra/experiments/crc32_const/in_0000000008	0	60	0	0	0.0000	-	-	-
afl++-qemu-compcov	/home/tephra/experiments/crc32_const/tc_0000000016.c	/home/tephra/experiments/crc32_const/in_0000000016	1	59	0	0	0.0167	-	-	-
honggfuzz-qemu	/home/tephra/experiments/crc32_const/tc_0000000001.c	/home/tephra/experiments/crc32_const/in_0000000001	60	0	0	0	1.0000	2603.7500	2587.7229	2619.7771
honggfuzz-qemu	/home/tephra/experiments/crc32_const/tc_0000000002.c	/home/tephra/experiments/crc32_const/in_0000000002	24	36	0	0	0.4000	-	-	-
honggfuzz-qemu	/home/tephra/experiments/crc32_const/tc_0000000004.c	/home/tephra/experiments/crc32_const/in_0000000004	0	60	0	0	0.0000	-	-	-
honggfuzz-qemu	/home/tephra/experiments/crc32_const/tc_0000000008.c	/home/tephra/experiments/crc32_const/in_0000000008	0	60	0	0	0.0000	-	-	-
honggfuzz-qemu	/home/tephra/experiments/crc32_const/tc_0000000016.c	/home/tephra/experiments/crc32_const/in_0000000016	0	60	0	0	0.0000	-	-	-
arvin	/home/tephra/experiments/crc32_const/tc_0000000001.c	/home/tephra/experiments/crc32_const/in_0000000001	53	0	0	7	0.8833	2720.6415	2695.7802	2745.5028
arvin	/home/tephra/experiments/crc32_const/tc_0000000002.c	/home/tephra/experiments/crc32_const/in_0000000002	53	0	0	7	0.8833	121150.2264	119535.2638	122765.1890
arvin	/home/tephra/experiments/crc32_const/tc_0000000004.c	/home/tephra/experiments/crc32_const/in_0000000004	0	54	0	6	0.0000	-	-	-
arvin	/home/tephra/experiments/crc32_const/tc_0000000008.c	/home/tephra/experiments/crc32_const/in_0000000008	0	56	0	4	0.0000	-	-	-
arvin	/home/tephra/experiments/crc32_const/tc_0000000016.c	/home/tephra/experiments/crc32_const/in_0000000016	0	60	0	0	0.0000	-	-	-
dataflow	/home/tephra/experiments/crc32_const/tc_0000000001.c	/home/tephra/experiments/crc32_const/in_0000000001	60	0	0	0	1.0000	2298.1500	2297.1770	2299.1230
dataflow	/home/tephra/experiments/crc32_const/tc_0000000002.c	/home/tephra/experiments/crc32_const/in_0000000002	60	0	0	0	1.0000	244724.0333	242926.9451	246521.1215
dataflow	/home/tephra/experiments/crc32_const/tc_0000000004.c	/home/tephra/experiments/crc32_const/in_0000000004	0	60	0	0	0.0000	-	-	-
dataflow	/home/tephra/experiments/crc32_const/tc_0000000008.c	/home/tephra/experiments/crc32_const/in_0000000008	0	60	0	0	0.0000	-	-	-
dataflow	/home/tephra/experiments/crc32_const/tc_0000000016.c	/home/tephra/experiments/crc32_const/in_0000000016	0	60	0	0	0.0000	-	-	-
klee	/home/tephra/experiments/crc32_const/tc_0000000001.c	/home/tephra/experiments/crc32_const/in_0000000001	60	0	0	0	1.0000	674.0500	673.8378	674.2622
klee	/home/tephra/experiments/crc32_const/tc_0000000002.c	/home/tephra/experiments/crc32_const/in_0000000002	57	0	0	3	0.9500	725.1053	724.9603	725.2502
klee	/home/tephra/experiments/crc32_const/tc_0000000004.c	/home/tephra/experiments/crc32_const/in_0000000004	58	0	0	2	0.9667	838.2414	838.0535	838.4293
klee	/home/tephra/experiments/crc32_const/tc_0000000008.c	/home/tephra/experiments/crc32_const/in_0000000008	60	0	0	0	1.0000	1087.6833	1087.4768	1087.8898
klee	/home/tephra/experiments/crc32_const/tc_0000000016.c	/home/tephra/experiments/crc32_const/in_0000000016	55	0	0	5	0.9167	1663.8545	1663.5695	1664.1396
symcc	/home/tephra/experiments/crc32_const/tc_0000000001.c	/home/tephra/experiments/crc32_const/in_0000000001	6	54	0	0	0.1000	-	-	-
symcc	/home/tephra/experiments/crc32_const/tc_0000000002.c	/home/tephra/experiments/crc32_const/in_0000000002	0	60	0	0	0.0000	-	-	-
symcc	/home/tephra/experiments/crc32_const/tc_0000000004.c	/home/tephra/experiments/crc32_const/in_0000000004	0	60	0	0	0.0000	-	-	-
symcc	/home/tephra/experiments/crc32_const/tc_0000000008.c	/home/tephra/experiments/crc32_const/in_0000000008	0	60	0	0	0.0000	-	-	-
symcc	/home/tephra/experiments/crc32_const/tc_0000000016.c	/home/tephra/experiments/crc32_const/in_0000000016	0	60	0	0	0.0000	-	-	-
afl-qemu	/home/tephra/experiments/crc32_const/tc_0000000001.c	/home/tephra/experiments/crc32_const/in_0000000001	60	0	0	0	1.0000	1162.2500	1155.4661	1169.0339
afl-qemu	/home/tephra/experiments/crc32_const/tc_0000000002.c	/home/tephra/experiments/crc32_const/in_0000000002	57	3	0	0	0.9500	957440.6667	950527.8778	964353.4556
afl-qemu	/home/tephra/experiments/crc32_const/tc_0000000004.c	/home/tephra/experiments/crc32_const/in_0000000004	0	60	0	0	0.0000	-	-	-
afl-qemu	/home/tephra/experiments/crc32_const/tc_0000000008.c	/home/tephra/experiments/crc32_const/in_0000000008	0	60	0	0	0.0000	-	-	-
afl-qemu	/home/tephra/experiments/crc32_const/tc_0000000016.c	/home/tephra/experiments/crc32_const/in_0000000016	0	60	0	0	0.0000	-	-	-
angora-random	/home/tephra/experiments/crc32_const/tc_0000000001.c	/home/tephra/experiments/crc32_const/in_0000000001	59	0	0	1	0.9833	1144.7627	1141.0846	1148.4408
angora-random	/home/tephra/experiments/crc32_const/tc_0000000002.c	/home/tephra/experiments/crc32_const/in_0000000002	60	0	0	0	1.0000	159289.7167	155872.1878	162707.2455
angora-random	/home/tephra/experiments/crc32_const/tc_0000000004.c	/home/tephra/experiments/crc32_const/in_0000000004	0	60	0	0	0.0000	-	-	-
angora-random	/home/tephra/experiments/crc32_const/tc_0000000008.c	/home/tephra/experiments/crc32_const/in_0000000008	0	60	0	0	0.0000	-	-	-
angora-random	/home/tephra/experiments/crc32_const/tc_0000000016.c	/home/tephra/experiments/crc32_const/in_0000000016	0	60	0	0	0.0000	-	-	-
klee	/home/tephra/experiments/crc32_const/tc_0000000032.c	/home/tephra/experiments/crc32_const/in_0000000032	60	0	0	0	1.0000	3169.2333	3166.0973	3172.3694
klee	/home/tephra/experiments/crc32_const/tc_0000000064.c	/home/tephra/experiments/crc32_const/in_0000000064	60	0	0	0	1.0000	5721.4000	5718.1565	5724.6435
klee	/home/tephra/experiments/crc32_const/tc_0000000128.c	/home/tephra/experiments/crc32_const/in_0000000128	60	0	0	0	1.0000	10620.5333	10605.8813	10635.1853
klee	/home/tephra/experiments/crc32_const/tc_0000000256.c	/home/tephra/experiments/crc32_const/in_0000000256	0	0	60	0	0.0000	-	-	-
klee	/home/tephra/experiments/crc32_const/tc_0000000512.c	/home/tephra/experiments/crc32_const/in_0000000512	0	0	60	0	0.0000	-	-	-
klee	/home/tephra/experiments/crc32_const/tc_0000001024.c	/home/tephra/experiments/crc32_const/in_0000001024	0	0	60	0	0.0000	-	-	-
klee	/home/tephra/experiments/crc32_const/tc_0000002048.c	/home/tephra/experiments/crc32_const/in_0000002048	0	0	60	0	0.0000	-	-	-
klee	/home/tephra/experiments/crc32_const/tc_0000004096.c	/home/tephra/experiments/crc32_const/in_0000004096	0	0	60	0	0.0000	-	-	-
klee	/home/tephra/experiments/crc32_const/tc_0000008192.c	/home/tephra/experiments/crc32_const/in_0000008192	0	0	60	0	0.0000	-	-	-
klee	/home/tephra/experiments/crc32_const/tc_0000016384.c	/home/tephra/experiments/crc32_const/in_0000016384	0	0	60	0	0.0000	-	-	-
klee	/home/tephra/experiments/crc32_const/tc_0000032768.c	/home/tephra/experiments/crc32_const/in_0000032768	0	0	60	0	0.0000	-	-	-
