fuzzer	put	corpus	success	timeout	invalid	error	ratio	ttt	cleft	cright
afl-gcc	/home/tephra/experiments/uint64_const_chain/tc_0001.c	/home/tephra/experiments/uint64_const_chain/in_0001	0	60	0	0	0.0000	-	-	-
afl-gcc	/home/tephra/experiments/uint64_const_chain/tc_0002.c	/home/tephra/experiments/uint64_const_chain/in_0002	0	60	0	0	0.0000	-	-	-
afl-gcc	/home/tephra/experiments/uint64_const_chain/tc_0003.c	/home/tephra/experiments/uint64_const_chain/in_0003	0	60	0	0	0.0000	-	-	-
afl-gcc	/home/tephra/experiments/uint64_const_chain/tc_0004.c	/home/tephra/experiments/uint64_const_chain/in_0004	0	60	0	0	0.0000	-	-	-
afl-gcc	/home/tephra/experiments/uint64_const_chain/tc_0005.c	/home/tephra/experiments/uint64_const_chain/in_0005	0	60	0	0	0.0000	-	-	-
afl-gcc	/home/tephra/experiments/uint64_const_chain/tc_0006.c	/home/tephra/experiments/uint64_const_chain/in_0006	0	60	0	0	0.0000	-	-	-
afl-gcc	/home/tephra/experiments/uint64_const_chain/tc_0007.c	/home/tephra/experiments/uint64_const_chain/in_0007	0	60	0	0	0.0000	-	-	-
afl-gcc	/home/tephra/experiments/uint64_const_chain/tc_0008.c	/home/tephra/experiments/uint64_const_chain/in_0008	0	60	0	0	0.0000	-	-	-
afl-gcc	/home/tephra/experiments/uint64_const_chain/tc_0009.c	/home/tephra/experiments/uint64_const_chain/in_0009	0	60	0	0	0.0000	-	-	-
afl-gcc	/home/tephra/experiments/uint64_const_chain/tc_0010.c	/home/tephra/experiments/uint64_const_chain/in_0010	0	60	0	0	0.0000	-	-	-
radamsa	/home/tephra/experiments/uint64_const_chain/tc_0001.c	/home/tephra/experiments/uint64_const_chain/in_0001	0	58	2	0	0.0000	-	-	-
radamsa	/home/tephra/experiments/uint64_const_chain/tc_0002.c	/home/tephra/experiments/uint64_const_chain/in_0002	0	59	1	0	0.0000	-	-	-
radamsa	/home/tephra/experiments/uint64_const_chain/tc_0003.c	/home/tephra/experiments/uint64_const_chain/in_0003	0	59	1	0	0.0000	-	-	-
radamsa	/home/tephra/experiments/uint64_const_chain/tc_0004.c	/home/tephra/experiments/uint64_const_chain/in_0004	0	58	2	0	0.0000	-	-	-
radamsa	/home/tephra/experiments/uint64_const_chain/tc_0005.c	/home/tephra/experiments/uint64_const_chain/in_0005	0	60	0	0	0.0000	-	-	-
radamsa	/home/tephra/experiments/uint64_const_chain/tc_0006.c	/home/tephra/experiments/uint64_const_chain/in_0006	0	60	0	0	0.0000	-	-	-
radamsa	/home/tephra/experiments/uint64_const_chain/tc_0007.c	/home/tephra/experiments/uint64_const_chain/in_0007	0	58	2	0	0.0000	-	-	-
radamsa	/home/tephra/experiments/uint64_const_chain/tc_0008.c	/home/tephra/experiments/uint64_const_chain/in_0008	0	57	3	0	0.0000	-	-	-
radamsa	/home/tephra/experiments/uint64_const_chain/tc_0009.c	/home/tephra/experiments/uint64_const_chain/in_0009	0	60	0	0	0.0000	-	-	-
radamsa	/home/tephra/experiments/uint64_const_chain/tc_0010.c	/home/tephra/experiments/uint64_const_chain/in_0010	0	60	0	0	0.0000	-	-	-
dev-urandom	/home/tephra/experiments/uint64_const_chain/tc_0001.c	/home/tephra/experiments/uint64_const_chain/in_0001	0	60	0	0	0.0000	-	-	-
dev-urandom	/home/tephra/experiments/uint64_const_chain/tc_0002.c	/home/tephra/experiments/uint64_const_chain/in_0002	0	60	0	0	0.0000	-	-	-
dev-urandom	/home/tephra/experiments/uint64_const_chain/tc_0003.c	/home/tephra/experiments/uint64_const_chain/in_0003	0	60	0	0	0.0000	-	-	-
dev-urandom	/home/tephra/experiments/uint64_const_chain/tc_0004.c	/home/tephra/experiments/uint64_const_chain/in_0004	0	60	0	0	0.0000	-	-	-
dev-urandom	/home/tephra/experiments/uint64_const_chain/tc_0005.c	/home/tephra/experiments/uint64_const_chain/in_0005	0	60	0	0	0.0000	-	-	-
dev-urandom	/home/tephra/experiments/uint64_const_chain/tc_0006.c	/home/tephra/experiments/uint64_const_chain/in_0006	0	60	0	0	0.0000	-	-	-
dev-urandom	/home/tephra/experiments/uint64_const_chain/tc_0007.c	/home/tephra/experiments/uint64_const_chain/in_0007	0	60	0	0	0.0000	-	-	-
dev-urandom	/home/tephra/experiments/uint64_const_chain/tc_0008.c	/home/tephra/experiments/uint64_const_chain/in_0008	0	60	0	0	0.0000	-	-	-
dev-urandom	/home/tephra/experiments/uint64_const_chain/tc_0009.c	/home/tephra/experiments/uint64_const_chain/in_0009	0	60	0	0	0.0000	-	-	-
dev-urandom	/home/tephra/experiments/uint64_const_chain/tc_0010.c	/home/tephra/experiments/uint64_const_chain/in_0010	0	60	0	0	0.0000	-	-	-
afl++	/home/tephra/experiments/uint64_const_chain/tc_0001.c	/home/tephra/experiments/uint64_const_chain/in_0001	60	0	0	0	1.0000	214.6333	214.6213	214.6453
afl++	/home/tephra/experiments/uint64_const_chain/tc_0002.c	/home/tephra/experiments/uint64_const_chain/in_0002	60	0	0	0	1.0000	214.6167	214.5966	214.6367
afl++	/home/tephra/experiments/uint64_const_chain/tc_0003.c	/home/tephra/experiments/uint64_const_chain/in_0003	60	0	0	0	1.0000	252.0000	251.2319	252.7681
afl++	/home/tephra/experiments/uint64_const_chain/tc_0004.c	/home/tephra/experiments/uint64_const_chain/in_0004	60	0	0	0	1.0000	483.6333	481.5859	485.6808
afl++	/home/tephra/experiments/uint64_const_chain/tc_0005.c	/home/tephra/experiments/uint64_const_chain/in_0005	60	0	0	0	1.0000	953.6000	949.8920	957.3080
afl++	/home/tephra/experiments/uint64_const_chain/tc_0006.c	/home/tephra/experiments/uint64_const_chain/in_0006	60	0	0	0	1.0000	1743.6000	1736.8259	1750.3741
afl++	/home/tephra/experiments/uint64_const_chain/tc_0007.c	/home/tephra/experiments/uint64_const_chain/in_0007	60	0	0	0	1.0000	3253.7667	3240.5276	3267.0058
afl++	/home/tephra/experiments/uint64_const_chain/tc_0008.c	/home/tephra/experiments/uint64_const_chain/in_0008	60	0	0	0	1.0000	5173.1333	5157.0250	5189.2417
afl++	/home/tephra/experiments/uint64_const_chain/tc_0009.c	/home/tephra/experiments/uint64_const_chain/in_0009	60	0	0	0	1.0000	8120.3333	8091.6951	8148.9716
afl++	/home/tephra/experiments/uint64_const_chain/tc_0010.c	/home/tephra/experiments/uint64_const_chain/in_0010	60	0	0	0	1.0000	9722.1000	9695.5755	9748.6245
afl++-cmplog	/home/tephra/experiments/uint64_const_chain/tc_0001.c	/home/tephra/experiments/uint64_const_chain/in_0001	60	0	0	0	1.0000	239.1000	239.0730	239.1270
afl++-cmplog	/home/tephra/experiments/uint64_const_chain/tc_0002.c	/home/tephra/experiments/uint64_const_chain/in_0002	60	0	0	0	1.0000	240.3000	240.2910	240.3090
afl++-cmplog	/home/tephra/experiments/uint64_const_chain/tc_0003.c	/home/tephra/experiments/uint64_const_chain/in_0003	60	0	0	0	1.0000	239.6333	239.5852	239.6814
afl++-cmplog	/home/tephra/experiments/uint64_const_chain/tc_0004.c	/home/tephra/experiments/uint64_const_chain/in_0004	60	0	0	0	1.0000	239.4667	239.4546	239.4787
afl++-cmplog	/home/tephra/experiments/uint64_const_chain/tc_0005.c	/home/tephra/experiments/uint64_const_chain/in_0005	60	0	0	0	1.0000	254.0333	253.5770	254.4896
afl++-cmplog	/home/tephra/experiments/uint64_const_chain/tc_0006.c	/home/tephra/experiments/uint64_const_chain/in_0006	60	0	0	0	1.0000	238.9833	238.9531	239.0135
afl++-cmplog	/home/tephra/experiments/uint64_const_chain/tc_0007.c	/home/tephra/experiments/uint64_const_chain/in_0007	60	0	0	0	1.0000	240.6833	240.6331	240.7336
afl++-cmplog	/home/tephra/experiments/uint64_const_chain/tc_0008.c	/home/tephra/experiments/uint64_const_chain/in_0008	60	0	0	0	1.0000	274.0667	273.4762	274.6571
afl++-cmplog	/home/tephra/experiments/uint64_const_chain/tc_0009.c	/home/tephra/experiments/uint64_const_chain/in_0009	60	0	0	0	1.0000	364.4667	363.6539	365.2794
afl++-cmplog	/home/tephra/experiments/uint64_const_chain/tc_0010.c	/home/tephra/experiments/uint64_const_chain/in_0010	60	0	0	0	1.0000	374.9833	374.1817	375.7850
afl++-laf	/home/tephra/experiments/uint64_const_chain/tc_0001.c	/home/tephra/experiments/uint64_const_chain/in_0001	60	0	0	0	1.0000	216.5167	216.4712	216.5621
afl++-laf	/home/tephra/experiments/uint64_const_chain/tc_0002.c	/home/tephra/experiments/uint64_const_chain/in_0002	0	60	0	0	0.0000	-	-	-
afl++-laf	/home/tephra/experiments/uint64_const_chain/tc_0003.c	/home/tephra/experiments/uint64_const_chain/in_0003	0	57	0	3	0.0000	-	-	-
afl++-laf	/home/tephra/experiments/uint64_const_chain/tc_0004.c	/home/tephra/experiments/uint64_const_chain/in_0004	0	49	0	11	0.0000	-	-	-
afl++-laf	/home/tephra/experiments/uint64_const_chain/tc_0005.c	/home/tephra/experiments/uint64_const_chain/in_0005	0	53	0	7	0.0000	-	-	-
afl++-laf	/home/tephra/experiments/uint64_const_chain/tc_0006.c	/home/tephra/experiments/uint64_const_chain/in_0006	0	53	0	7	0.0000	-	-	-
afl++-laf	/home/tephra/experiments/uint64_const_chain/tc_0007.c	/home/tephra/experiments/uint64_const_chain/in_0007	0	50	0	10	0.0000	-	-	-
afl++-laf	/home/tephra/experiments/uint64_const_chain/tc_0008.c	/home/tephra/experiments/uint64_const_chain/in_0008	0	12	0	48	0.0000	-	-	-
afl++-laf	/home/tephra/experiments/uint64_const_chain/tc_0009.c	/home/tephra/experiments/uint64_const_chain/in_0009	0	0	0	60	0.0000	-	-	-
afl++-laf	/home/tephra/experiments/uint64_const_chain/tc_0010.c	/home/tephra/experiments/uint64_const_chain/in_0010	0	0	0	60	0.0000	-	-	-
afl++-mopt	/home/tephra/experiments/uint64_const_chain/tc_0001.c	/home/tephra/experiments/uint64_const_chain/in_0001	0	0	0	60	0.0000	-	-	-
afl++-mopt	/home/tephra/experiments/uint64_const_chain/tc_0002.c	/home/tephra/experiments/uint64_const_chain/in_0002	0	0	0	60	0.0000	-	-	-
afl++-mopt	/home/tephra/experiments/uint64_const_chain/tc_0003.c	/home/tephra/experiments/uint64_const_chain/in_0003	0	0	0	60	0.0000	-	-	-
afl++-mopt	/home/tephra/experiments/uint64_const_chain/tc_0004.c	/home/tephra/experiments/uint64_const_chain/in_0004	0	0	0	60	0.0000	-	-	-
afl++-mopt	/home/tephra/experiments/uint64_const_chain/tc_0005.c	/home/tephra/experiments/uint64_const_chain/in_0005	0	0	0	60	0.0000	-	-	-
afl++-mopt	/home/tephra/experiments/uint64_const_chain/tc_0006.c	/home/tephra/experiments/uint64_const_chain/in_0006	0	0	0	60	0.0000	-	-	-
afl++-mopt	/home/tephra/experiments/uint64_const_chain/tc_0007.c	/home/tephra/experiments/uint64_const_chain/in_0007	0	0	0	60	0.0000	-	-	-
afl++-mopt	/home/tephra/experiments/uint64_const_chain/tc_0008.c	/home/tephra/experiments/uint64_const_chain/in_0008	0	0	0	60	0.0000	-	-	-
afl++-mopt	/home/tephra/experiments/uint64_const_chain/tc_0009.c	/home/tephra/experiments/uint64_const_chain/in_0009	0	0	0	60	0.0000	-	-	-
afl++-mopt	/home/tephra/experiments/uint64_const_chain/tc_0010.c	/home/tephra/experiments/uint64_const_chain/in_0010	0	0	0	60	0.0000	-	-	-
honggfuzz	/home/tephra/experiments/uint64_const_chain/tc_0001.c	/home/tephra/experiments/uint64_const_chain/in_0001	60	0	0	0	1.0000	1005.3667	1005.3575	1005.3759
honggfuzz	/home/tephra/experiments/uint64_const_chain/tc_0002.c	/home/tephra/experiments/uint64_const_chain/in_0002	60	0	0	0	1.0000	1031.0667	1030.2505	1031.8828
honggfuzz	/home/tephra/experiments/uint64_const_chain/tc_0003.c	/home/tephra/experiments/uint64_const_chain/in_0003	60	0	0	0	1.0000	5400.2167	5381.6810	5418.7523
honggfuzz	/home/tephra/experiments/uint64_const_chain/tc_0004.c	/home/tephra/experiments/uint64_const_chain/in_0004	60	0	0	0	1.0000	8630.1833	8591.8311	8668.5356
honggfuzz	/home/tephra/experiments/uint64_const_chain/tc_0005.c	/home/tephra/experiments/uint64_const_chain/in_0005	60	0	0	0	1.0000	31621.3333	31441.0475	31801.6192
honggfuzz	/home/tephra/experiments/uint64_const_chain/tc_0006.c	/home/tephra/experiments/uint64_const_chain/in_0006	60	0	0	0	1.0000	52898.1833	52329.5838	53466.7828
honggfuzz	/home/tephra/experiments/uint64_const_chain/tc_0007.c	/home/tephra/experiments/uint64_const_chain/in_0007	60	0	0	0	1.0000	85788.5833	84863.3281	86713.8385
honggfuzz	/home/tephra/experiments/uint64_const_chain/tc_0008.c	/home/tephra/experiments/uint64_const_chain/in_0008	60	0	0	0	1.0000	52927.9667	52715.1775	53140.7559
honggfuzz	/home/tephra/experiments/uint64_const_chain/tc_0009.c	/home/tephra/experiments/uint64_const_chain/in_0009	60	0	0	0	1.0000	144757.9500	143904.7542	145611.1458
honggfuzz	/home/tephra/experiments/uint64_const_chain/tc_0010.c	/home/tephra/experiments/uint64_const_chain/in_0010	60	0	0	0	1.0000	165863.5500	164693.1393	167033.9607
angora	/home/tephra/experiments/uint64_const_chain/tc_0001.c	/home/tephra/experiments/uint64_const_chain/in_0001	60	0	0	0	1.0000	1747.6000	1733.1386	1762.0614
angora	/home/tephra/experiments/uint64_const_chain/tc_0002.c	/home/tephra/experiments/uint64_const_chain/in_0002	60	0	0	0	1.0000	3065.7333	3042.6243	3088.8423
angora	/home/tephra/experiments/uint64_const_chain/tc_0003.c	/home/tephra/experiments/uint64_const_chain/in_0003	59	0	0	1	0.9833	6625.6102	6574.2160	6677.0044
angora	/home/tephra/experiments/uint64_const_chain/tc_0004.c	/home/tephra/experiments/uint64_const_chain/in_0004	59	0	0	1	0.9833	10795.2034	10721.5468	10868.8599
angora	/home/tephra/experiments/uint64_const_chain/tc_0005.c	/home/tephra/experiments/uint64_const_chain/in_0005	60	0	0	0	1.0000	11312.2000	11244.3853	11380.0147
angora	/home/tephra/experiments/uint64_const_chain/tc_0006.c	/home/tephra/experiments/uint64_const_chain/in_0006	60	0	0	0	1.0000	7755.1667	7729.6259	7780.7074
angora	/home/tephra/experiments/uint64_const_chain/tc_0007.c	/home/tephra/experiments/uint64_const_chain/in_0007	60	0	0	0	1.0000	7571.3167	7541.3989	7601.2344
angora	/home/tephra/experiments/uint64_const_chain/tc_0008.c	/home/tephra/experiments/uint64_const_chain/in_0008	58	0	0	2	0.9667	7398.9138	7369.6093	7428.2183
angora	/home/tephra/experiments/uint64_const_chain/tc_0009.c	/home/tephra/experiments/uint64_const_chain/in_0009	60	0	0	0	1.0000	6035.5500	6003.8811	6067.2189
angora	/home/tephra/experiments/uint64_const_chain/tc_0010.c	/home/tephra/experiments/uint64_const_chain/in_0010	59	0	0	1	0.9833	9155.4068	9118.5633	9192.2503
angora-mb	/home/tephra/experiments/uint64_const_chain/tc_0001.c	/home/tephra/experiments/uint64_const_chain/in_0001	60	0	0	0	1.0000	1500.8000	1496.7222	1504.8778
angora-mb	/home/tephra/experiments/uint64_const_chain/tc_0002.c	/home/tephra/experiments/uint64_const_chain/in_0002	60	0	0	0	1.0000	1400.1167	1394.7408	1405.4925
angora-mb	/home/tephra/experiments/uint64_const_chain/tc_0003.c	/home/tephra/experiments/uint64_const_chain/in_0003	60	0	0	0	1.0000	3084.6833	3071.2271	3098.1395
angora-mb	/home/tephra/experiments/uint64_const_chain/tc_0004.c	/home/tephra/experiments/uint64_const_chain/in_0004	60	0	0	0	1.0000	4235.8167	4205.9919	4265.6414
angora-mb	/home/tephra/experiments/uint64_const_chain/tc_0005.c	/home/tephra/experiments/uint64_const_chain/in_0005	60	0	0	0	1.0000	5119.5167	5086.1617	5152.8716
angora-mb	/home/tephra/experiments/uint64_const_chain/tc_0006.c	/home/tephra/experiments/uint64_const_chain/in_0006	60	0	0	0	1.0000	6637.7833	6606.3875	6669.1792
angora-mb	/home/tephra/experiments/uint64_const_chain/tc_0007.c	/home/tephra/experiments/uint64_const_chain/in_0007	60	0	0	0	1.0000	6921.8667	6891.1479	6952.5854
angora-mb	/home/tephra/experiments/uint64_const_chain/tc_0008.c	/home/tephra/experiments/uint64_const_chain/in_0008	60	0	0	0	1.0000	7220.0000	7201.5888	7238.4112
angora-mb	/home/tephra/experiments/uint64_const_chain/tc_0009.c	/home/tephra/experiments/uint64_const_chain/in_0009	60	0	0	0	1.0000	6236.6667	6214.8135	6258.5198
angora-mb	/home/tephra/experiments/uint64_const_chain/tc_0010.c	/home/tephra/experiments/uint64_const_chain/in_0010	60	0	0	0	1.0000	7370.9500	7345.9261	7395.9739
angora-random	/home/tephra/experiments/uint64_const_chain/tc_0001.c	/home/tephra/experiments/uint64_const_chain/in_0001	0	59	0	1	0.0000	-	-	-
angora-random	/home/tephra/experiments/uint64_const_chain/tc_0002.c	/home/tephra/experiments/uint64_const_chain/in_0002	0	60	0	0	0.0000	-	-	-
angora-random	/home/tephra/experiments/uint64_const_chain/tc_0003.c	/home/tephra/experiments/uint64_const_chain/in_0003	0	60	0	0	0.0000	-	-	-
angora-random	/home/tephra/experiments/uint64_const_chain/tc_0004.c	/home/tephra/experiments/uint64_const_chain/in_0004	0	59	0	1	0.0000	-	-	-
angora-random	/home/tephra/experiments/uint64_const_chain/tc_0005.c	/home/tephra/experiments/uint64_const_chain/in_0005	0	60	0	0	0.0000	-	-	-
angora-random	/home/tephra/experiments/uint64_const_chain/tc_0006.c	/home/tephra/experiments/uint64_const_chain/in_0006	0	60	0	0	0.0000	-	-	-
angora-random	/home/tephra/experiments/uint64_const_chain/tc_0007.c	/home/tephra/experiments/uint64_const_chain/in_0007	0	58	0	2	0.0000	-	-	-
angora-random	/home/tephra/experiments/uint64_const_chain/tc_0008.c	/home/tephra/experiments/uint64_const_chain/in_0008	0	60	0	0	0.0000	-	-	-
angora-random	/home/tephra/experiments/uint64_const_chain/tc_0009.c	/home/tephra/experiments/uint64_const_chain/in_0009	0	60	0	0	0.0000	-	-	-
angora-random	/home/tephra/experiments/uint64_const_chain/tc_0010.c	/home/tephra/experiments/uint64_const_chain/in_0010	0	60	0	0	0.0000	-	-	-
afl-clang-fast	/home/tephra/experiments/uint64_const_chain/tc_0001.c	/home/tephra/experiments/uint64_const_chain/in_0001	0	60	0	0	0.0000	-	-	-
afl-clang-fast	/home/tephra/experiments/uint64_const_chain/tc_0002.c	/home/tephra/experiments/uint64_const_chain/in_0002	0	60	0	0	0.0000	-	-	-
afl-clang-fast	/home/tephra/experiments/uint64_const_chain/tc_0003.c	/home/tephra/experiments/uint64_const_chain/in_0003	0	60	0	0	0.0000	-	-	-
afl-clang-fast	/home/tephra/experiments/uint64_const_chain/tc_0004.c	/home/tephra/experiments/uint64_const_chain/in_0004	0	60	0	0	0.0000	-	-	-
afl-clang-fast	/home/tephra/experiments/uint64_const_chain/tc_0005.c	/home/tephra/experiments/uint64_const_chain/in_0005	0	60	0	0	0.0000	-	-	-
afl-clang-fast	/home/tephra/experiments/uint64_const_chain/tc_0006.c	/home/tephra/experiments/uint64_const_chain/in_0006	0	60	0	0	0.0000	-	-	-
afl-clang-fast	/home/tephra/experiments/uint64_const_chain/tc_0007.c	/home/tephra/experiments/uint64_const_chain/in_0007	0	60	0	0	0.0000	-	-	-
afl-clang-fast	/home/tephra/experiments/uint64_const_chain/tc_0008.c	/home/tephra/experiments/uint64_const_chain/in_0008	0	60	0	0	0.0000	-	-	-
afl-clang-fast	/home/tephra/experiments/uint64_const_chain/tc_0009.c	/home/tephra/experiments/uint64_const_chain/in_0009	0	60	0	0	0.0000	-	-	-
afl-clang-fast	/home/tephra/experiments/uint64_const_chain/tc_0010.c	/home/tephra/experiments/uint64_const_chain/in_0010	0	60	0	0	0.0000	-	-	-
afl-libtokencap	/home/tephra/experiments/uint64_const_chain/tc_0001.c	/home/tephra/experiments/uint64_const_chain/in_0001	0	60	0	0	0.0000	-	-	-
afl-libtokencap	/home/tephra/experiments/uint64_const_chain/tc_0002.c	/home/tephra/experiments/uint64_const_chain/in_0002	0	60	0	0	0.0000	-	-	-
afl-libtokencap	/home/tephra/experiments/uint64_const_chain/tc_0003.c	/home/tephra/experiments/uint64_const_chain/in_0003	0	60	0	0	0.0000	-	-	-
afl-libtokencap	/home/tephra/experiments/uint64_const_chain/tc_0004.c	/home/tephra/experiments/uint64_const_chain/in_0004	0	60	0	0	0.0000	-	-	-
afl-libtokencap	/home/tephra/experiments/uint64_const_chain/tc_0005.c	/home/tephra/experiments/uint64_const_chain/in_0005	0	60	0	0	0.0000	-	-	-
afl-libtokencap	/home/tephra/experiments/uint64_const_chain/tc_0006.c	/home/tephra/experiments/uint64_const_chain/in_0006	0	60	0	0	0.0000	-	-	-
afl-libtokencap	/home/tephra/experiments/uint64_const_chain/tc_0007.c	/home/tephra/experiments/uint64_const_chain/in_0007	0	60	0	0	0.0000	-	-	-
afl-libtokencap	/home/tephra/experiments/uint64_const_chain/tc_0008.c	/home/tephra/experiments/uint64_const_chain/in_0008	0	60	0	0	0.0000	-	-	-
afl-libtokencap	/home/tephra/experiments/uint64_const_chain/tc_0009.c	/home/tephra/experiments/uint64_const_chain/in_0009	0	60	0	0	0.0000	-	-	-
afl-libtokencap	/home/tephra/experiments/uint64_const_chain/tc_0010.c	/home/tephra/experiments/uint64_const_chain/in_0010	0	60	0	0	0.0000	-	-	-
libfuzzer	/home/tephra/experiments/uint64_const_chain/tc_0001.c	/home/tephra/experiments/uint64_const_chain/in_0001	60	0	0	0	1.0000	174.8667	174.8066	174.9267
libfuzzer	/home/tephra/experiments/uint64_const_chain/tc_0002.c	/home/tephra/experiments/uint64_const_chain/in_0002	60	0	0	0	1.0000	244.7667	244.1842	245.3491
libfuzzer	/home/tephra/experiments/uint64_const_chain/tc_0003.c	/home/tephra/experiments/uint64_const_chain/in_0003	60	0	0	0	1.0000	392.0667	390.8828	393.2505
libfuzzer	/home/tephra/experiments/uint64_const_chain/tc_0004.c	/home/tephra/experiments/uint64_const_chain/in_0004	60	0	0	0	1.0000	791.3167	787.4957	795.1377
libfuzzer	/home/tephra/experiments/uint64_const_chain/tc_0005.c	/home/tephra/experiments/uint64_const_chain/in_0005	60	0	0	0	1.0000	1160.5500	1154.2578	1166.8422
libfuzzer	/home/tephra/experiments/uint64_const_chain/tc_0006.c	/home/tephra/experiments/uint64_const_chain/in_0006	60	0	0	0	1.0000	1668.3500	1658.1383	1678.5617
libfuzzer	/home/tephra/experiments/uint64_const_chain/tc_0007.c	/home/tephra/experiments/uint64_const_chain/in_0007	60	0	0	0	1.0000	2523.2333	2510.6679	2535.7987
libfuzzer	/home/tephra/experiments/uint64_const_chain/tc_0008.c	/home/tephra/experiments/uint64_const_chain/in_0008	60	0	0	0	1.0000	3527.7500	3506.8579	3548.6421
libfuzzer	/home/tephra/experiments/uint64_const_chain/tc_0009.c	/home/tephra/experiments/uint64_const_chain/in_0009	60	0	0	0	1.0000	4237.5000	4215.3713	4259.6287
libfuzzer	/home/tephra/experiments/uint64_const_chain/tc_0010.c	/home/tephra/experiments/uint64_const_chain/in_0010	60	0	0	0	1.0000	5442.6667	5411.7773	5473.5560
libfuzzer-entropic	/home/tephra/experiments/uint64_const_chain/tc_0001.c	/home/tephra/experiments/uint64_const_chain/in_0001	60	0	0	0	1.0000	161.4667	161.4284	161.5049
libfuzzer-entropic	/home/tephra/experiments/uint64_const_chain/tc_0002.c	/home/tephra/experiments/uint64_const_chain/in_0002	60	0	0	0	1.0000	228.1333	227.5501	228.7165
libfuzzer-entropic	/home/tephra/experiments/uint64_const_chain/tc_0003.c	/home/tephra/experiments/uint64_const_chain/in_0003	60	0	0	0	1.0000	558.1333	555.8725	560.3941
libfuzzer-entropic	/home/tephra/experiments/uint64_const_chain/tc_0004.c	/home/tephra/experiments/uint64_const_chain/in_0004	60	0	0	0	1.0000	1002.2833	997.4275	1007.1392
libfuzzer-entropic	/home/tephra/experiments/uint64_const_chain/tc_0005.c	/home/tephra/experiments/uint64_const_chain/in_0005	60	0	0	0	1.0000	1748.2833	1738.0867	1758.4799
libfuzzer-entropic	/home/tephra/experiments/uint64_const_chain/tc_0006.c	/home/tephra/experiments/uint64_const_chain/in_0006	60	0	0	0	1.0000	2699.4500	2681.3488	2717.5512
libfuzzer-entropic	/home/tephra/experiments/uint64_const_chain/tc_0007.c	/home/tephra/experiments/uint64_const_chain/in_0007	60	0	0	0	1.0000	4093.4667	4069.6541	4117.2793
libfuzzer-entropic	/home/tephra/experiments/uint64_const_chain/tc_0008.c	/home/tephra/experiments/uint64_const_chain/in_0008	60	0	0	0	1.0000	6084.0333	6052.6433	6115.4234
libfuzzer-entropic	/home/tephra/experiments/uint64_const_chain/tc_0009.c	/home/tephra/experiments/uint64_const_chain/in_0009	60	0	0	0	1.0000	6519.4000	6481.7236	6557.0764
libfuzzer-entropic	/home/tephra/experiments/uint64_const_chain/tc_0010.c	/home/tephra/experiments/uint64_const_chain/in_0010	60	0	0	0	1.0000	7655.3167	7601.9000	7708.7333
wingfuzz	/home/tephra/experiments/uint64_const_chain/tc_0001.c	/home/tephra/experiments/uint64_const_chain/in_0001	60	0	0	0	1.0000	23.7000	23.5610	23.8390
wingfuzz	/home/tephra/experiments/uint64_const_chain/tc_0002.c	/home/tephra/experiments/uint64_const_chain/in_0002	60	0	0	0	1.0000	393.5000	389.7815	397.2185
wingfuzz	/home/tephra/experiments/uint64_const_chain/tc_0003.c	/home/tephra/experiments/uint64_const_chain/in_0003	60	0	0	0	1.0000	1410.8333	1393.2720	1428.3946
wingfuzz	/home/tephra/experiments/uint64_const_chain/tc_0004.c	/home/tephra/experiments/uint64_const_chain/in_0004	60	0	0	0	1.0000	3191.3667	3166.1876	3216.5457
wingfuzz	/home/tephra/experiments/uint64_const_chain/tc_0005.c	/home/tephra/experiments/uint64_const_chain/in_0005	60	0	0	0	1.0000	4567.2667	4521.7987	4612.7346
wingfuzz	/home/tephra/experiments/uint64_const_chain/tc_0006.c	/home/tephra/experiments/uint64_const_chain/in_0006	60	0	0	0	1.0000	6571.9833	6492.2334	6651.7333
wingfuzz	/home/tephra/experiments/uint64_const_chain/tc_0007.c	/home/tephra/experiments/uint64_const_chain/in_0007	60	0	0	0	1.0000	5738.6000	5695.3636	5781.8364
wingfuzz	/home/tephra/experiments/uint64_const_chain/tc_0008.c	/home/tephra/experiments/uint64_const_chain/in_0008	60	0	0	0	1.0000	9789.3333	9715.2649	9863.4018
wingfuzz	/home/tephra/experiments/uint64_const_chain/tc_0009.c	/home/tephra/experiments/uint64_const_chain/in_0009	60	0	0	0	1.0000	12385.1500	12305.1576	12465.1424
wingfuzz	/home/tephra/experiments/uint64_const_chain/tc_0010.c	/home/tephra/experiments/uint64_const_chain/in_0010	60	0	0	0	1.0000	14490.6333	14388.3993	14592.8673
libafl	/home/tephra/experiments/uint64_const_chain/tc_0001.c	/home/tephra/experiments/uint64_const_chain/in_0001	60	0	0	0	1.0000	10.8167	10.7971	10.8362
libafl	/home/tephra/experiments/uint64_const_chain/tc_0002.c	/home/tephra/experiments/uint64_const_chain/in_0002	60	0	0	0	1.0000	10.6167	10.6019	10.6314
libafl	/home/tephra/experiments/uint64_const_chain/tc_0003.c	/home/tephra/experiments/uint64_const_chain/in_0003	60	0	0	0	1.0000	11.3000	11.2831	11.3169
libafl	/home/tephra/experiments/uint64_const_chain/tc_0004.c	/home/tephra/experiments/uint64_const_chain/in_0004	60	0	0	0	1.0000	12.3000	12.2811	12.3189
libafl	/home/tephra/experiments/uint64_const_chain/tc_0005.c	/home/tephra/experiments/uint64_const_chain/in_0005	60	0	0	0	1.0000	13.7167	13.6912	13.7421
libafl	/home/tephra/experiments/uint64_const_chain/tc_0006.c	/home/tephra/experiments/uint64_const_chain/in_0006	60	0	0	0	1.0000	16.7333	16.6873	16.7794
libafl	/home/tephra/experiments/uint64_const_chain/tc_0007.c	/home/tephra/experiments/uint64_const_chain/in_0007	60	0	0	0	1.0000	20.5000	20.4255	20.5745
libafl	/home/tephra/experiments/uint64_const_chain/tc_0008.c	/home/tephra/experiments/uint64_const_chain/in_0008	60	0	0	0	1.0000	45.7333	45.4528	46.0139
libafl	/home/tephra/experiments/uint64_const_chain/tc_0009.c	/home/tephra/experiments/uint64_const_chain/in_0009	60	0	0	0	1.0000	117.8167	116.8410	118.7923
libafl	/home/tephra/experiments/uint64_const_chain/tc_0010.c	/home/tephra/experiments/uint64_const_chain/in_0010	60	0	0	0	1.0000	220.8333	219.1163	222.5503
libafl-libfuzzer	/home/tephra/experiments/uint64_const_chain/tc_0001.c	/home/tephra/experiments/uint64_const_chain/in_0001	60	0	0	0	1.0000	124.7000	124.6720	124.7280
libafl-libfuzzer	/home/tephra/experiments/uint64_const_chain/tc_0002.c	/home/tephra/experiments/uint64_const_chain/in_0002	60	0	0	0	1.0000	124.2333	124.1913	124.2754
libafl-libfuzzer	/home/tephra/experiments/uint64_const_chain/tc_0003.c	/home/tephra/experiments/uint64_const_chain/in_0003	60	0	0	0	1.0000	120.6833	120.6302	120.7365
libafl-libfuzzer	/home/tephra/experiments/uint64_const_chain/tc_0004.c	/home/tephra/experiments/uint64_const_chain/in_0004	60	0	0	0	1.0000	127.4667	127.4136	127.5198
libafl-libfuzzer	/home/tephra/experiments/uint64_const_chain/tc_0005.c	/home/tephra/experiments/uint64_const_chain/in_0005	60	0	0	0	1.0000	128.4833	128.4310	128.5356
libafl-libfuzzer	/home/tephra/experiments/uint64_const_chain/tc_0006.c	/home/tephra/experiments/uint64_const_chain/in_0006	60	0	0	0	1.0000	126.9333	126.8632	127.0035
libafl-libfuzzer	/home/tephra/experiments/uint64_const_chain/tc_0007.c	/home/tephra/experiments/uint64_const_chain/in_0007	60	0	0	0	1.0000	130.4000	130.3229	130.4771
libafl-libfuzzer	/home/tephra/experiments/uint64_const_chain/tc_0008.c	/home/tephra/experiments/uint64_const_chain/in_0008	60	0	0	0	1.0000	137.1667	137.1098	137.2235
libafl-libfuzzer	/home/tephra/experiments/uint64_const_chain/tc_0009.c	/home/tephra/experiments/uint64_const_chain/in_0009	60	0	0	0	1.0000	152.4167	152.3281	152.5053
libafl-libfuzzer	/home/tephra/experiments/uint64_const_chain/tc_0010.c	/home/tephra/experiments/uint64_const_chain/in_0010	60	0	0	0	1.0000	136.5000	136.3793	136.6207
ddfuzz	/home/tephra/experiments/uint64_const_chain/tc_0001.c	/home/tephra/experiments/uint64_const_chain/in_0001	60	0	0	0	1.0000	279.1833	278.7564	279.6103
ddfuzz	/home/tephra/experiments/uint64_const_chain/tc_0002.c	/home/tephra/experiments/uint64_const_chain/in_0002	60	0	0	0	1.0000	2011.0667	1994.6976	2027.4357
ddfuzz	/home/tephra/experiments/uint64_const_chain/tc_0003.c	/home/tephra/experiments/uint64_const_chain/in_0003	60	0	0	0	1.0000	53594.4500	52904.6674	54284.2326
ddfuzz	/home/tephra/experiments/uint64_const_chain/tc_0004.c	/home/tephra/experiments/uint64_const_chain/in_0004	60	0	0	0	1.0000	123329.5500	121770.9685	124888.1315
ddfuzz	/home/tephra/experiments/uint64_const_chain/tc_0005.c	/home/tephra/experiments/uint64_const_chain/in_0005	60	0	0	0	1.0000	310416.2500	307416.4259	313416.0741
ddfuzz	/home/tephra/experiments/uint64_const_chain/tc_0006.c	/home/tephra/experiments/uint64_const_chain/in_0006	60	0	0	0	1.0000	473884.0000	470526.5939	477241.4061
ddfuzz	/home/tephra/experiments/uint64_const_chain/tc_0007.c	/home/tephra/experiments/uint64_const_chain/in_0007	60	0	0	0	1.0000	622856.7167	617539.5252	628173.9081
ddfuzz	/home/tephra/experiments/uint64_const_chain/tc_0008.c	/home/tephra/experiments/uint64_const_chain/in_0008	59	1	0	0	0.9833	741481.5424	736074.6359	746888.4489
ddfuzz	/home/tephra/experiments/uint64_const_chain/tc_0009.c	/home/tephra/experiments/uint64_const_chain/in_0009	55	5	0	0	0.9167	1023563.6364	1016367.5880	1030759.6848
ddfuzz	/home/tephra/experiments/uint64_const_chain/tc_0010.c	/home/tephra/experiments/uint64_const_chain/in_0010	53	7	0	0	0.8833	1155364.7358	1147334.7844	1163394.6873
fairfuzz	/home/tephra/experiments/uint64_const_chain/tc_0001.c	/home/tephra/experiments/uint64_const_chain/in_0001	0	60	0	0	0.0000	-	-	-
fairfuzz	/home/tephra/experiments/uint64_const_chain/tc_0002.c	/home/tephra/experiments/uint64_const_chain/in_0002	0	60	0	0	0.0000	-	-	-
fairfuzz	/home/tephra/experiments/uint64_const_chain/tc_0003.c	/home/tephra/experiments/uint64_const_chain/in_0003	0	60	0	0	0.0000	-	-	-
fairfuzz	/home/tephra/experiments/uint64_const_chain/tc_0004.c	/home/tephra/experiments/uint64_const_chain/in_0004	0	60	0	0	0.0000	-	-	-
fairfuzz	/home/tephra/experiments/uint64_const_chain/tc_0005.c	/home/tephra/experiments/uint64_const_chain/in_0005	0	60	0	0	0.0000	-	-	-
fairfuzz	/home/tephra/experiments/uint64_const_chain/tc_0006.c	/home/tephra/experiments/uint64_const_chain/in_0006	0	60	0	0	0.0000	-	-	-
fairfuzz	/home/tephra/experiments/uint64_const_chain/tc_0007.c	/home/tephra/experiments/uint64_const_chain/in_0007	0	60	0	0	0.0000	-	-	-
fairfuzz	/home/tephra/experiments/uint64_const_chain/tc_0008.c	/home/tephra/experiments/uint64_const_chain/in_0008	0	60	0	0	0.0000	-	-	-
fairfuzz	/home/tephra/experiments/uint64_const_chain/tc_0009.c	/home/tephra/experiments/uint64_const_chain/in_0009	0	60	0	0	0.0000	-	-	-
fairfuzz	/home/tephra/experiments/uint64_const_chain/tc_0010.c	/home/tephra/experiments/uint64_const_chain/in_0010	0	60	0	0	0.0000	-	-	-
ecofuzz	/home/tephra/experiments/uint64_const_chain/tc_0001.c	/home/tephra/experiments/uint64_const_chain/in_0001	0	60	0	0	0.0000	-	-	-
ecofuzz	/home/tephra/experiments/uint64_const_chain/tc_0002.c	/home/tephra/experiments/uint64_const_chain/in_0002	0	60	0	0	0.0000	-	-	-
ecofuzz	/home/tephra/experiments/uint64_const_chain/tc_0003.c	/home/tephra/experiments/uint64_const_chain/in_0003	0	60	0	0	0.0000	-	-	-
ecofuzz	/home/tephra/experiments/uint64_const_chain/tc_0004.c	/home/tephra/experiments/uint64_const_chain/in_0004	0	60	0	0	0.0000	-	-	-
ecofuzz	/home/tephra/experiments/uint64_const_chain/tc_0005.c	/home/tephra/experiments/uint64_const_chain/in_0005	0	60	0	0	0.0000	-	-	-
ecofuzz	/home/tephra/experiments/uint64_const_chain/tc_0006.c	/home/tephra/experiments/uint64_const_chain/in_0006	0	60	0	0	0.0000	-	-	-
ecofuzz	/home/tephra/experiments/uint64_const_chain/tc_0007.c	/home/tephra/experiments/uint64_const_chain/in_0007	0	60	0	0	0.0000	-	-	-
ecofuzz	/home/tephra/experiments/uint64_const_chain/tc_0008.c	/home/tephra/experiments/uint64_const_chain/in_0008	0	60	0	0	0.0000	-	-	-
ecofuzz	/home/tephra/experiments/uint64_const_chain/tc_0009.c	/home/tephra/experiments/uint64_const_chain/in_0009	0	60	0	0	0.0000	-	-	-
ecofuzz	/home/tephra/experiments/uint64_const_chain/tc_0010.c	/home/tephra/experiments/uint64_const_chain/in_0010	0	60	0	0	0.0000	-	-	-
fafuzz	/home/tephra/experiments/uint64_const_chain/tc_0001.c	/home/tephra/experiments/uint64_const_chain/in_0001	0	60	0	0	0.0000	-	-	-
fafuzz	/home/tephra/experiments/uint64_const_chain/tc_0002.c	/home/tephra/experiments/uint64_const_chain/in_0002	0	60	0	0	0.0000	-	-	-
fafuzz	/home/tephra/experiments/uint64_const_chain/tc_0003.c	/home/tephra/experiments/uint64_const_chain/in_0003	0	60	0	0	0.0000	-	-	-
fafuzz	/home/tephra/experiments/uint64_const_chain/tc_0004.c	/home/tephra/experiments/uint64_const_chain/in_0004	0	60	0	0	0.0000	-	-	-
fafuzz	/home/tephra/experiments/uint64_const_chain/tc_0005.c	/home/tephra/experiments/uint64_const_chain/in_0005	0	60	0	0	0.0000	-	-	-
fafuzz	/home/tephra/experiments/uint64_const_chain/tc_0006.c	/home/tephra/experiments/uint64_const_chain/in_0006	0	60	0	0	0.0000	-	-	-
fafuzz	/home/tephra/experiments/uint64_const_chain/tc_0007.c	/home/tephra/experiments/uint64_const_chain/in_0007	0	60	0	0	0.0000	-	-	-
fafuzz	/home/tephra/experiments/uint64_const_chain/tc_0008.c	/home/tephra/experiments/uint64_const_chain/in_0008	0	60	0	0	0.0000	-	-	-
fafuzz	/home/tephra/experiments/uint64_const_chain/tc_0009.c	/home/tephra/experiments/uint64_const_chain/in_0009	0	60	0	0	0.0000	-	-	-
fafuzz	/home/tephra/experiments/uint64_const_chain/tc_0010.c	/home/tephra/experiments/uint64_const_chain/in_0010	0	60	0	0	0.0000	-	-	-
darwin	/home/tephra/experiments/uint64_const_chain/tc_0001.c	/home/tephra/experiments/uint64_const_chain/in_0001	0	60	0	0	0.0000	-	-	-
darwin	/home/tephra/experiments/uint64_const_chain/tc_0002.c	/home/tephra/experiments/uint64_const_chain/in_0002	0	60	0	0	0.0000	-	-	-
darwin	/home/tephra/experiments/uint64_const_chain/tc_0003.c	/home/tephra/experiments/uint64_const_chain/in_0003	0	60	0	0	0.0000	-	-	-
darwin	/home/tephra/experiments/uint64_const_chain/tc_0004.c	/home/tephra/experiments/uint64_const_chain/in_0004	0	60	0	0	0.0000	-	-	-
darwin	/home/tephra/experiments/uint64_const_chain/tc_0005.c	/home/tephra/experiments/uint64_const_chain/in_0005	0	60	0	0	0.0000	-	-	-
darwin	/home/tephra/experiments/uint64_const_chain/tc_0006.c	/home/tephra/experiments/uint64_const_chain/in_0006	0	60	0	0	0.0000	-	-	-
darwin	/home/tephra/experiments/uint64_const_chain/tc_0007.c	/home/tephra/experiments/uint64_const_chain/in_0007	0	60	0	0	0.0000	-	-	-
darwin	/home/tephra/experiments/uint64_const_chain/tc_0008.c	/home/tephra/experiments/uint64_const_chain/in_0008	0	60	0	0	0.0000	-	-	-
darwin	/home/tephra/experiments/uint64_const_chain/tc_0009.c	/home/tephra/experiments/uint64_const_chain/in_0009	0	60	0	0	0.0000	-	-	-
darwin	/home/tephra/experiments/uint64_const_chain/tc_0010.c	/home/tephra/experiments/uint64_const_chain/in_0010	0	60	0	0	0.0000	-	-	-
libfuzzer	/home/tephra/experiments/uint64_const_chain_exp/tc_0016.c	/home/tephra/experiments/uint64_const_chain_exp/in_0016	59	1	0	0	0.9833	37153.6102	36940.9000	37366.3203
libfuzzer	/home/tephra/experiments/uint64_const_chain_exp/tc_0032.c	/home/tephra/experiments/uint64_const_chain_exp/in_0032	52	8	0	0	0.8667	117776.8846	117236.8893	118316.8799
libfuzzer	/home/tephra/experiments/uint64_const_chain_exp/tc_0064.c	/home/tephra/experiments/uint64_const_chain_exp/in_0064	34	26	0	0	0.5667	451175.1471	448779.7557	453570.5384
libfuzzer	/home/tephra/experiments/uint64_const_chain_exp/tc_0128.c	/home/tephra/experiments/uint64_const_chain_exp/in_0128	43	17	0	0	0.7167	1145476.8372	1142860.7445	1148092.9299
libfuzzer	/home/tephra/experiments/uint64_const_chain_exp/tc_0256.c	/home/tephra/experiments/uint64_const_chain_exp/in_0256	0	60	0	0	0.0000	-	-	-
libfuzzer	/home/tephra/experiments/uint64_const_chain_exp/tc_0512.c	/home/tephra/experiments/uint64_const_chain_exp/in_0512	0	60	0	0	0.0000	-	-	-
libfuzzer	/home/tephra/experiments/uint64_const_chain_exp/tc_1024.c	/home/tephra/experiments/uint64_const_chain_exp/in_1024	0	60	0	0	0.0000	-	-	-
libfuzzer	/home/tephra/experiments/uint64_const_chain_exp/tc_2048.c	/home/tephra/experiments/uint64_const_chain_exp/in_2048	0	60	0	0	0.0000	-	-	-
libfuzzer	/home/tephra/experiments/uint64_const_chain_exp/tc_4096.c	/home/tephra/experiments/uint64_const_chain_exp/in_4096	0	60	0	0	0.0000	-	-	-
afl++	/home/tephra/experiments/uint64_const_chain_exp/tc_0016.c	/home/tephra/experiments/uint64_const_chain_exp/in_0016	60	0	0	0	1.0000	35429.4833	35336.8134	35522.1532
afl++	/home/tephra/experiments/uint64_const_chain_exp/tc_0032.c	/home/tephra/experiments/uint64_const_chain_exp/in_0032	60	0	0	0	1.0000	291112.4000	290611.1902	291613.6098
afl++	/home/tephra/experiments/uint64_const_chain_exp/tc_0064.c	/home/tephra/experiments/uint64_const_chain_exp/in_0064	9	51	0	0	0.1500	-	-	-
afl++	/home/tephra/experiments/uint64_const_chain_exp/tc_0128.c	/home/tephra/experiments/uint64_const_chain_exp/in_0128	0	60	0	0	0.0000	-	-	-
afl++	/home/tephra/experiments/uint64_const_chain_exp/tc_0256.c	/home/tephra/experiments/uint64_const_chain_exp/in_0256	0	60	0	0	0.0000	-	-	-
afl++	/home/tephra/experiments/uint64_const_chain_exp/tc_0512.c	/home/tephra/experiments/uint64_const_chain_exp/in_0512	0	60	0	0	0.0000	-	-	-
afl++	/home/tephra/experiments/uint64_const_chain_exp/tc_1024.c	/home/tephra/experiments/uint64_const_chain_exp/in_1024	0	60	0	0	0.0000	-	-	-
afl++	/home/tephra/experiments/uint64_const_chain_exp/tc_2048.c	/home/tephra/experiments/uint64_const_chain_exp/in_2048	0	60	0	0	0.0000	-	-	-
afl++	/home/tephra/experiments/uint64_const_chain_exp/tc_4096.c	/home/tephra/experiments/uint64_const_chain_exp/in_4096	0	0	0	60	0.0000	-	-	-
afl++-cmplog	/home/tephra/experiments/uint64_const_chain_exp/tc_0016.c	/home/tephra/experiments/uint64_const_chain_exp/in_0016	60	0	0	0	1.0000	675.7333	675.2751	676.1916
afl++-cmplog	/home/tephra/experiments/uint64_const_chain_exp/tc_0032.c	/home/tephra/experiments/uint64_const_chain_exp/in_0032	60	0	0	0	1.0000	1676.7500	1676.4715	1677.0285
afl++-cmplog	/home/tephra/experiments/uint64_const_chain_exp/tc_0064.c	/home/tephra/experiments/uint64_const_chain_exp/in_0064	60	0	0	0	1.0000	4792.3500	4791.2408	4793.4592
afl++-cmplog	/home/tephra/experiments/uint64_const_chain_exp/tc_0128.c	/home/tephra/experiments/uint64_const_chain_exp/in_0128	0	60	0	0	0.0000	-	-	-
afl++-cmplog	/home/tephra/experiments/uint64_const_chain_exp/tc_0256.c	/home/tephra/experiments/uint64_const_chain_exp/in_0256	0	60	0	0	0.0000	-	-	-
afl++-cmplog	/home/tephra/experiments/uint64_const_chain_exp/tc_0512.c	/home/tephra/experiments/uint64_const_chain_exp/in_0512	0	60	0	0	0.0000	-	-	-
afl++-cmplog	/home/tephra/experiments/uint64_const_chain_exp/tc_1024.c	/home/tephra/experiments/uint64_const_chain_exp/in_1024	0	60	0	0	0.0000	-	-	-
afl++-cmplog	/home/tephra/experiments/uint64_const_chain_exp/tc_2048.c	/home/tephra/experiments/uint64_const_chain_exp/in_2048	0	60	0	0	0.0000	-	-	-
afl++-cmplog	/home/tephra/experiments/uint64_const_chain_exp/tc_4096.c	/home/tephra/experiments/uint64_const_chain_exp/in_4096	0	0	0	60	0.0000	-	-	-
honggfuzz	/home/tephra/experiments/uint64_const_chain_exp/tc_0016.c	/home/tephra/experiments/uint64_const_chain_exp/in_0016	60	0	0	0	1.0000	563369.2833	559673.3538	567065.2129
honggfuzz	/home/tephra/experiments/uint64_const_chain_exp/tc_0032.c	/home/tephra/experiments/uint64_const_chain_exp/in_0032	6	54	0	0	0.1000	-	-	-
honggfuzz	/home/tephra/experiments/uint64_const_chain_exp/tc_0064.c	/home/tephra/experiments/uint64_const_chain_exp/in_0064	0	60	0	0	0.0000	-	-	-
honggfuzz	/home/tephra/experiments/uint64_const_chain_exp/tc_0128.c	/home/tephra/experiments/uint64_const_chain_exp/in_0128	0	60	0	0	0.0000	-	-	-
honggfuzz	/home/tephra/experiments/uint64_const_chain_exp/tc_0256.c	/home/tephra/experiments/uint64_const_chain_exp/in_0256	0	60	0	0	0.0000	-	-	-
honggfuzz	/home/tephra/experiments/uint64_const_chain_exp/tc_0512.c	/home/tephra/experiments/uint64_const_chain_exp/in_0512	0	60	0	0	0.0000	-	-	-
honggfuzz	/home/tephra/experiments/uint64_const_chain_exp/tc_1024.c	/home/tephra/experiments/uint64_const_chain_exp/in_1024	0	60	0	0	0.0000	-	-	-
honggfuzz	/home/tephra/experiments/uint64_const_chain_exp/tc_2048.c	/home/tephra/experiments/uint64_const_chain_exp/in_2048	0	60	0	0	0.0000	-	-	-
honggfuzz	/home/tephra/experiments/uint64_const_chain_exp/tc_4096.c	/home/tephra/experiments/uint64_const_chain_exp/in_4096	0	60	0	0	0.0000	-	-	-
angora	/home/tephra/experiments/uint64_const_chain_exp/tc_0016.c	/home/tephra/experiments/uint64_const_chain_exp/in_0016	60	0	0	0	1.0000	9444.6667	9404.4513	9484.8821
angora	/home/tephra/experiments/uint64_const_chain_exp/tc_0032.c	/home/tephra/experiments/uint64_const_chain_exp/in_0032	60	0	0	0	1.0000	32808.7333	32686.5171	32930.9496
angora	/home/tephra/experiments/uint64_const_chain_exp/tc_0064.c	/home/tephra/experiments/uint64_const_chain_exp/in_0064	60	0	0	0	1.0000	37660.6500	37467.6599	37853.6401
angora	/home/tephra/experiments/uint64_const_chain_exp/tc_0128.c	/home/tephra/experiments/uint64_const_chain_exp/in_0128	60	0	0	0	1.0000	74590.6333	74092.7548	75088.5119
angora	/home/tephra/experiments/uint64_const_chain_exp/tc_0256.c	/home/tephra/experiments/uint64_const_chain_exp/in_0256	59	1	0	0	0.9833	91395.0847	90982.7721	91807.3974
angora	/home/tephra/experiments/uint64_const_chain_exp/tc_0512.c	/home/tephra/experiments/uint64_const_chain_exp/in_0512	60	0	0	0	1.0000	197601.8167	196741.1960	198462.4374
angora	/home/tephra/experiments/uint64_const_chain_exp/tc_1024.c	/home/tephra/experiments/uint64_const_chain_exp/in_1024	60	0	0	0	1.0000	349092.9167	348449.0391	349736.7942
angora	/home/tephra/experiments/uint64_const_chain_exp/tc_2048.c	/home/tephra/experiments/uint64_const_chain_exp/in_2048	0	0	0	60	0.0000	-	-	-
angora	/home/tephra/experiments/uint64_const_chain_exp/tc_4096.c	/home/tephra/experiments/uint64_const_chain_exp/in_4096	0	0	0	60	0.0000	-	-	-
angora-mb	/home/tephra/experiments/uint64_const_chain_exp/tc_0016.c	/home/tephra/experiments/uint64_const_chain_exp/in_0016	60	0	0	0	1.0000	7748.3667	7717.2492	7779.4841
angora-mb	/home/tephra/experiments/uint64_const_chain_exp/tc_0032.c	/home/tephra/experiments/uint64_const_chain_exp/in_0032	60	0	0	0	1.0000	21975.2667	21848.8664	22101.6669
angora-mb	/home/tephra/experiments/uint64_const_chain_exp/tc_0064.c	/home/tephra/experiments/uint64_const_chain_exp/in_0064	57	2	0	1	0.9500	29589.1228	29460.9014	29717.3442
angora-mb	/home/tephra/experiments/uint64_const_chain_exp/tc_0128.c	/home/tephra/experiments/uint64_const_chain_exp/in_0128	60	0	0	0	1.0000	47977.8333	47889.8089	48065.8578
angora-mb	/home/tephra/experiments/uint64_const_chain_exp/tc_0256.c	/home/tephra/experiments/uint64_const_chain_exp/in_0256	60	0	0	0	1.0000	92545.7167	92407.4906	92683.9427
angora-mb	/home/tephra/experiments/uint64_const_chain_exp/tc_0512.c	/home/tephra/experiments/uint64_const_chain_exp/in_0512	60	0	0	0	1.0000	168565.6500	168104.8263	169026.4737
angora-mb	/home/tephra/experiments/uint64_const_chain_exp/tc_1024.c	/home/tephra/experiments/uint64_const_chain_exp/in_1024	60	0	0	0	1.0000	290760.0333	290086.5217	291433.5450
angora-mb	/home/tephra/experiments/uint64_const_chain_exp/tc_2048.c	/home/tephra/experiments/uint64_const_chain_exp/in_2048	0	0	0	60	0.0000	-	-	-
angora-mb	/home/tephra/experiments/uint64_const_chain_exp/tc_4096.c	/home/tephra/experiments/uint64_const_chain_exp/in_4096	0	0	0	60	0.0000	-	-	-
libfuzzer-entropic	/home/tephra/experiments/uint64_const_chain/tc_0016.c	/home/tephra/experiments/uint64_const_chain/in_0016	60	0	0	0	1.0000	26201.6167	26067.7653	26335.4680
libfuzzer-entropic	/home/tephra/experiments/uint64_const_chain/tc_0032.c	/home/tephra/experiments/uint64_const_chain/in_0032	53	7	0	0	0.8833	101943.1509	101374.3795	102511.9224
libfuzzer-entropic	/home/tephra/experiments/uint64_const_chain/tc_0064.c	/home/tephra/experiments/uint64_const_chain/in_0064	42	18	0	0	0.7000	398746.5714	396023.1094	401470.0335
libfuzzer-entropic	/home/tephra/experiments/uint64_const_chain/tc_0128.c	/home/tephra/experiments/uint64_const_chain/in_0128	10	50	0	0	0.1667	-	-	-
libfuzzer-entropic	/home/tephra/experiments/uint64_const_chain/tc_0256.c	/home/tephra/experiments/uint64_const_chain/in_0256	0	60	0	0	0.0000	-	-	-
libfuzzer-entropic	/home/tephra/experiments/uint64_const_chain/tc_0512.c	/home/tephra/experiments/uint64_const_chain/in_0512	0	60	0	0	0.0000	-	-	-
libfuzzer-entropic	/home/tephra/experiments/uint64_const_chain/tc_1024.c	/home/tephra/experiments/uint64_const_chain/in_1024	0	60	0	0	0.0000	-	-	-
libfuzzer-entropic	/home/tephra/experiments/uint64_const_chain/tc_2048.c	/home/tephra/experiments/uint64_const_chain/in_2048	0	60	0	0	0.0000	-	-	-
libfuzzer-entropic	/home/tephra/experiments/uint64_const_chain/tc_4096.c	/home/tephra/experiments/uint64_const_chain/in_4096	0	60	0	0	0.0000	-	-	-
wingfuzz	/home/tephra/experiments/uint64_const_chain/tc_0016.c	/home/tephra/experiments/uint64_const_chain/in_0016	59	1	0	0	0.9833	29494.9661	29303.9845	29685.9477
wingfuzz	/home/tephra/experiments/uint64_const_chain/tc_0032.c	/home/tephra/experiments/uint64_const_chain/in_0032	46	14	0	0	0.7667	126201.3478	124302.2848	128100.4109
wingfuzz	/home/tephra/experiments/uint64_const_chain/tc_0064.c	/home/tephra/experiments/uint64_const_chain/in_0064	38	22	0	0	0.6333	141269.7895	140801.1367	141738.4423
wingfuzz	/home/tephra/experiments/uint64_const_chain/tc_0128.c	/home/tephra/experiments/uint64_const_chain/in_0128	39	21	0	0	0.6500	558424.5128	557058.6114	559790.4142
wingfuzz	/home/tephra/experiments/uint64_const_chain/tc_0256.c	/home/tephra/experiments/uint64_const_chain/in_0256	0	60	0	0	0.0000	-	-	-
wingfuzz	/home/tephra/experiments/uint64_const_chain/tc_0512.c	/home/tephra/experiments/uint64_const_chain/in_0512	0	60	0	0	0.0000	-	-	-
wingfuzz	/home/tephra/experiments/uint64_const_chain/tc_1024.c	/home/tephra/experiments/uint64_const_chain/in_1024	0	60	0	0	0.0000	-	-	-
wingfuzz	/home/tephra/experiments/uint64_const_chain/tc_2048.c	/home/tephra/experiments/uint64_const_chain/in_2048	0	60	0	0	0.0000	-	-	-
wingfuzz	/home/tephra/experiments/uint64_const_chain/tc_4096.c	/home/tephra/experiments/uint64_const_chain/in_4096	0	60	0	0	0.0000	-	-	-
libafl	/home/tephra/experiments/uint64_const_chain/tc_0016.c	/home/tephra/experiments/uint64_const_chain/in_0016	60	0	0	0	1.0000	98689.0000	98079.3294	99298.6706
libafl	/home/tephra/experiments/uint64_const_chain/tc_0032.c	/home/tephra/experiments/uint64_const_chain/in_0032	0	60	0	0	0.0000	-	-	-
libafl	/home/tephra/experiments/uint64_const_chain/tc_0064.c	/home/tephra/experiments/uint64_const_chain/in_0064	0	60	0	0	0.0000	-	-	-
libafl	/home/tephra/experiments/uint64_const_chain/tc_0128.c	/home/tephra/experiments/uint64_const_chain/in_0128	0	60	0	0	0.0000	-	-	-
libafl	/home/tephra/experiments/uint64_const_chain/tc_0256.c	/home/tephra/experiments/uint64_const_chain/in_0256	0	60	0	0	0.0000	-	-	-
libafl	/home/tephra/experiments/uint64_const_chain/tc_0512.c	/home/tephra/experiments/uint64_const_chain/in_0512	0	60	0	0	0.0000	-	-	-
libafl	/home/tephra/experiments/uint64_const_chain/tc_1024.c	/home/tephra/experiments/uint64_const_chain/in_1024	0	60	0	0	0.0000	-	-	-
libafl	/home/tephra/experiments/uint64_const_chain/tc_2048.c	/home/tephra/experiments/uint64_const_chain/in_2048	0	60	0	0	0.0000	-	-	-
libafl	/home/tephra/experiments/uint64_const_chain/tc_4096.c	/home/tephra/experiments/uint64_const_chain/in_4096	0	60	0	0	0.0000	-	-	-
libafl-libfuzzer	/home/tephra/experiments/uint64_const_chain/tc_0016.c	/home/tephra/experiments/uint64_const_chain/in_0016	60	0	0	0	1.0000	147.8667	147.7967	147.9366
libafl-libfuzzer	/home/tephra/experiments/uint64_const_chain/tc_0032.c	/home/tephra/experiments/uint64_const_chain/in_0032	60	0	0	0	1.0000	226.7167	226.5704	226.8629
libafl-libfuzzer	/home/tephra/experiments/uint64_const_chain/tc_0064.c	/home/tephra/experiments/uint64_const_chain/in_0064	60	0	0	0	1.0000	177.0667	176.0994	178.0339
libafl-libfuzzer	/home/tephra/experiments/uint64_const_chain/tc_0128.c	/home/tephra/experiments/uint64_const_chain/in_0128	60	0	0	0	1.0000	756.1500	750.4229	761.8771
libafl-libfuzzer	/home/tephra/experiments/uint64_const_chain/tc_0256.c	/home/tephra/experiments/uint64_const_chain/in_0256	60	0	0	0	1.0000	10388.5167	10280.9634	10496.0699
libafl-libfuzzer	/home/tephra/experiments/uint64_const_chain/tc_0512.c	/home/tephra/experiments/uint64_const_chain/in_0512	60	0	0	0	1.0000	120864.0500	119301.8254	122426.2746
libafl-libfuzzer	/home/tephra/experiments/uint64_const_chain/tc_1024.c	/home/tephra/experiments/uint64_const_chain/in_1024	43	17	0	0	0.7167	1004708.8837	991878.9471	1017538.8203
libafl-libfuzzer	/home/tephra/experiments/uint64_const_chain/tc_2048.c	/home/tephra/experiments/uint64_const_chain/in_2048	0	60	0	0	0.0000	-	-	-
libafl-libfuzzer	/home/tephra/experiments/uint64_const_chain/tc_4096.c	/home/tephra/experiments/uint64_const_chain/in_4096	0	60	0	0	0.0000	-	-	-
ddfuzz	/home/tephra/experiments/uint64_const_chain/tc_0016.c	/home/tephra/experiments/uint64_const_chain/in_0016	18	42	0	0	0.3000	-	-	-
ddfuzz	/home/tephra/experiments/uint64_const_chain/tc_0032.c	/home/tephra/experiments/uint64_const_chain/in_0032	1	59	0	0	0.0167	-	-	-
ddfuzz	/home/tephra/experiments/uint64_const_chain/tc_0064.c	/home/tephra/experiments/uint64_const_chain/in_0064	0	60	0	0	0.0000	-	-	-
ddfuzz	/home/tephra/experiments/uint64_const_chain/tc_0128.c	/home/tephra/experiments/uint64_const_chain/in_0128	0	60	0	0	0.0000	-	-	-
ddfuzz	/home/tephra/experiments/uint64_const_chain/tc_0256.c	/home/tephra/experiments/uint64_const_chain/in_0256	0	60	0	0	0.0000	-	-	-
ddfuzz	/home/tephra/experiments/uint64_const_chain/tc_0512.c	/home/tephra/experiments/uint64_const_chain/in_0512	0	60	0	0	0.0000	-	-	-
ddfuzz	/home/tephra/experiments/uint64_const_chain/tc_1024.c	/home/tephra/experiments/uint64_const_chain/in_1024	0	60	0	0	0.0000	-	-	-
ddfuzz	/home/tephra/experiments/uint64_const_chain/tc_2048.c	/home/tephra/experiments/uint64_const_chain/in_2048	0	60	0	0	0.0000	-	-	-
ddfuzz	/home/tephra/experiments/uint64_const_chain/tc_4096.c	/home/tephra/experiments/uint64_const_chain/in_4096	0	60	0	0	0.0000	-	-	-
aflgo	/home/tephra/experiments/uint64_const_chain/tc_0001.c	/home/tephra/experiments/uint64_const_chain/in_0001	0	60	0	0	0.0000	-	-	-
aflgo	/home/tephra/experiments/uint64_const_chain/tc_0002.c	/home/tephra/experiments/uint64_const_chain/in_0002	0	60	0	0	0.0000	-	-	-
aflgo	/home/tephra/experiments/uint64_const_chain/tc_0003.c	/home/tephra/experiments/uint64_const_chain/in_0003	0	60	0	0	0.0000	-	-	-
aflgo	/home/tephra/experiments/uint64_const_chain/tc_0004.c	/home/tephra/experiments/uint64_const_chain/in_0004	0	60	0	0	0.0000	-	-	-
aflgo	/home/tephra/experiments/uint64_const_chain/tc_0005.c	/home/tephra/experiments/uint64_const_chain/in_0005	0	60	0	0	0.0000	-	-	-
aflgo	/home/tephra/experiments/uint64_const_chain/tc_0006.c	/home/tephra/experiments/uint64_const_chain/in_0006	0	60	0	0	0.0000	-	-	-
aflgo	/home/tephra/experiments/uint64_const_chain/tc_0007.c	/home/tephra/experiments/uint64_const_chain/in_0007	0	60	0	0	0.0000	-	-	-
aflgo	/home/tephra/experiments/uint64_const_chain/tc_0008.c	/home/tephra/experiments/uint64_const_chain/in_0008	0	60	0	0	0.0000	-	-	-
aflgo	/home/tephra/experiments/uint64_const_chain/tc_0009.c	/home/tephra/experiments/uint64_const_chain/in_0009	0	60	0	0	0.0000	-	-	-
aflgo	/home/tephra/experiments/uint64_const_chain/tc_0010.c	/home/tephra/experiments/uint64_const_chain/in_0010	0	60	0	0	0.0000	-	-	-
afl++-qemu-cmplog	/home/tephra/experiments/uint64_const_chain/tc_0001.c	/home/tephra/experiments/uint64_const_chain/in_0001	0	60	0	0	0.0000	-	-	-
afl++-qemu-cmplog	/home/tephra/experiments/uint64_const_chain/tc_0002.c	/home/tephra/experiments/uint64_const_chain/in_0002	0	60	0	0	0.0000	-	-	-
afl++-qemu-cmplog	/home/tephra/experiments/uint64_const_chain/tc_0003.c	/home/tephra/experiments/uint64_const_chain/in_0003	0	60	0	0	0.0000	-	-	-
afl++-qemu-cmplog	/home/tephra/experiments/uint64_const_chain/tc_0004.c	/home/tephra/experiments/uint64_const_chain/in_0004	0	60	0	0	0.0000	-	-	-
afl++-qemu-cmplog	/home/tephra/experiments/uint64_const_chain/tc_0005.c	/home/tephra/experiments/uint64_const_chain/in_0005	0	60	0	0	0.0000	-	-	-
afl++-qemu-cmplog	/home/tephra/experiments/uint64_const_chain/tc_0006.c	/home/tephra/experiments/uint64_const_chain/in_0006	0	60	0	0	0.0000	-	-	-
afl++-qemu-cmplog	/home/tephra/experiments/uint64_const_chain/tc_0007.c	/home/tephra/experiments/uint64_const_chain/in_0007	0	60	0	0	0.0000	-	-	-
afl++-qemu-cmplog	/home/tephra/experiments/uint64_const_chain/tc_0008.c	/home/tephra/experiments/uint64_const_chain/in_0008	0	60	0	0	0.0000	-	-	-
afl++-qemu-cmplog	/home/tephra/experiments/uint64_const_chain/tc_0009.c	/home/tephra/experiments/uint64_const_chain/in_0009	0	60	0	0	0.0000	-	-	-
afl++-qemu-cmplog	/home/tephra/experiments/uint64_const_chain/tc_0010.c	/home/tephra/experiments/uint64_const_chain/in_0010	0	60	0	0	0.0000	-	-	-
afl++-qemu-compcov	/home/tephra/experiments/uint64_const_chain/tc_0001.c	/home/tephra/experiments/uint64_const_chain/in_0001	60	0	0	0	1.0000	85527.1000	85045.4157	86008.7843
afl++-qemu-compcov	/home/tephra/experiments/uint64_const_chain/tc_0002.c	/home/tephra/experiments/uint64_const_chain/in_0002	60	0	0	0	1.0000	235345.1333	234513.2811	236176.9855
afl++-qemu-compcov	/home/tephra/experiments/uint64_const_chain/tc_0003.c	/home/tephra/experiments/uint64_const_chain/in_0003	60	0	0	0	1.0000	734211.3833	732481.2659	735941.5008
afl++-qemu-compcov	/home/tephra/experiments/uint64_const_chain/tc_0004.c	/home/tephra/experiments/uint64_const_chain/in_0004	60	0	0	0	1.0000	1684487.4833	1680060.8936	1688914.0731
afl++-qemu-compcov	/home/tephra/experiments/uint64_const_chain/tc_0005.c	/home/tephra/experiments/uint64_const_chain/in_0005	47	13	0	0	0.7833	2524560.0426	2518788.9312	2530331.1539
afl++-qemu-compcov	/home/tephra/experiments/uint64_const_chain/tc_0006.c	/home/tephra/experiments/uint64_const_chain/in_0006	21	39	0	0	0.3500	-	-	-
afl++-qemu-compcov	/home/tephra/experiments/uint64_const_chain/tc_0007.c	/home/tephra/experiments/uint64_const_chain/in_0007	2	58	0	0	0.0333	-	-	-
afl++-qemu-compcov	/home/tephra/experiments/uint64_const_chain/tc_0008.c	/home/tephra/experiments/uint64_const_chain/in_0008	0	60	0	0	0.0000	-	-	-
afl++-qemu-compcov	/home/tephra/experiments/uint64_const_chain/tc_0009.c	/home/tephra/experiments/uint64_const_chain/in_0009	0	60	0	0	0.0000	-	-	-
afl++-qemu-compcov	/home/tephra/experiments/uint64_const_chain/tc_0010.c	/home/tephra/experiments/uint64_const_chain/in_0010	0	60	0	0	0.0000	-	-	-
honggfuzz-qemu	/home/tephra/experiments/uint64_const_chain/tc_0001.c	/home/tephra/experiments/uint64_const_chain/in_0001	57	3	0	0	0.9500	867260.3333	862080.2740	872440.3927
honggfuzz-qemu	/home/tephra/experiments/uint64_const_chain/tc_0002.c	/home/tephra/experiments/uint64_const_chain/in_0002	29	31	0	0	0.4833	-	-	-
honggfuzz-qemu	/home/tephra/experiments/uint64_const_chain/tc_0003.c	/home/tephra/experiments/uint64_const_chain/in_0003	0	60	0	0	0.0000	-	-	-
honggfuzz-qemu	/home/tephra/experiments/uint64_const_chain/tc_0004.c	/home/tephra/experiments/uint64_const_chain/in_0004	0	60	0	0	0.0000	-	-	-
honggfuzz-qemu	/home/tephra/experiments/uint64_const_chain/tc_0005.c	/home/tephra/experiments/uint64_const_chain/in_0005	0	60	0	0	0.0000	-	-	-
honggfuzz-qemu	/home/tephra/experiments/uint64_const_chain/tc_0006.c	/home/tephra/experiments/uint64_const_chain/in_0006	0	60	0	0	0.0000	-	-	-
honggfuzz-qemu	/home/tephra/experiments/uint64_const_chain/tc_0007.c	/home/tephra/experiments/uint64_const_chain/in_0007	0	60	0	0	0.0000	-	-	-
honggfuzz-qemu	/home/tephra/experiments/uint64_const_chain/tc_0008.c	/home/tephra/experiments/uint64_const_chain/in_0008	0	60	0	0	0.0000	-	-	-
honggfuzz-qemu	/home/tephra/experiments/uint64_const_chain/tc_0009.c	/home/tephra/experiments/uint64_const_chain/in_0009	0	60	0	0	0.0000	-	-	-
honggfuzz-qemu	/home/tephra/experiments/uint64_const_chain/tc_0010.c	/home/tephra/experiments/uint64_const_chain/in_0010	0	60	0	0	0.0000	-	-	-
dataflow	/home/tephra/experiments/uint64_const_chain/tc_0001.c	/home/tephra/experiments/uint64_const_chain/in_0001	0	60	0	0	0.0000	-	-	-
dataflow	/home/tephra/experiments/uint64_const_chain/tc_0002.c	/home/tephra/experiments/uint64_const_chain/in_0002	0	60	0	0	0.0000	-	-	-
dataflow	/home/tephra/experiments/uint64_const_chain/tc_0003.c	/home/tephra/experiments/uint64_const_chain/in_0003	0	60	0	0	0.0000	-	-	-
dataflow	/home/tephra/experiments/uint64_const_chain/tc_0004.c	/home/tephra/experiments/uint64_const_chain/in_0004	0	60	0	0	0.0000	-	-	-
dataflow	/home/tephra/experiments/uint64_const_chain/tc_0005.c	/home/tephra/experiments/uint64_const_chain/in_0005	0	60	0	0	0.0000	-	-	-
dataflow	/home/tephra/experiments/uint64_const_chain/tc_0006.c	/home/tephra/experiments/uint64_const_chain/in_0006	0	60	0	0	0.0000	-	-	-
dataflow	/home/tephra/experiments/uint64_const_chain/tc_0007.c	/home/tephra/experiments/uint64_const_chain/in_0007	0	60	0	0	0.0000	-	-	-
dataflow	/home/tephra/experiments/uint64_const_chain/tc_0008.c	/home/tephra/experiments/uint64_const_chain/in_0008	0	60	0	0	0.0000	-	-	-
dataflow	/home/tephra/experiments/uint64_const_chain/tc_0009.c	/home/tephra/experiments/uint64_const_chain/in_0009	0	60	0	0	0.0000	-	-	-
dataflow	/home/tephra/experiments/uint64_const_chain/tc_0010.c	/home/tephra/experiments/uint64_const_chain/in_0010	0	60	0	0	0.0000	-	-	-
klee	/home/tephra/experiments/uint64_const_chain/tc_0001.c	/home/tephra/experiments/uint64_const_chain/in_0001	60	0	0	0	1.0000	662.3000	661.9443	662.6557
klee	/home/tephra/experiments/uint64_const_chain/tc_0002.c	/home/tephra/experiments/uint64_const_chain/in_0002	60	0	0	0	1.0000	683.4167	683.2178	683.6155
klee	/home/tephra/experiments/uint64_const_chain/tc_0003.c	/home/tephra/experiments/uint64_const_chain/in_0003	60	0	0	0	1.0000	681.1000	680.9192	681.2808
klee	/home/tephra/experiments/uint64_const_chain/tc_0004.c	/home/tephra/experiments/uint64_const_chain/in_0004	60	0	0	0	1.0000	681.5833	681.3888	681.7778
klee	/home/tephra/experiments/uint64_const_chain/tc_0005.c	/home/tephra/experiments/uint64_const_chain/in_0005	60	0	0	0	1.0000	679.8833	679.6917	680.0750
klee	/home/tephra/experiments/uint64_const_chain/tc_0006.c	/home/tephra/experiments/uint64_const_chain/in_0006	60	0	0	0	1.0000	680.6167	680.4445	680.7888
klee	/home/tephra/experiments/uint64_const_chain/tc_0007.c	/home/tephra/experiments/uint64_const_chain/in_0007	60	0	0	0	1.0000	678.9000	678.7100	679.0900
klee	/home/tephra/experiments/uint64_const_chain/tc_0008.c	/home/tephra/experiments/uint64_const_chain/in_0008	60	0	0	0	1.0000	685.0333	684.8452	685.2215
klee	/home/tephra/experiments/uint64_const_chain/tc_0009.c	/home/tephra/experiments/uint64_const_chain/in_0009	60	0	0	0	1.0000	686.0167	685.8212	686.2122
klee	/home/tephra/experiments/uint64_const_chain/tc_0010.c	/home/tephra/experiments/uint64_const_chain/in_0010	60	0	0	0	1.0000	682.5167	682.3114	682.7219
symcc	/home/tephra/experiments/uint64_const_chain/tc_0001.c	/home/tephra/experiments/uint64_const_chain/in_0001	60	0	0	0	1.0000	1955.3833	1954.8392	1955.9274
symcc	/home/tephra/experiments/uint64_const_chain/tc_0002.c	/home/tephra/experiments/uint64_const_chain/in_0002	60	0	0	0	1.0000	4474.6667	4473.7457	4475.5876
symcc	/home/tephra/experiments/uint64_const_chain/tc_0003.c	/home/tephra/experiments/uint64_const_chain/in_0003	60	0	0	0	1.0000	9535.9167	9533.3439	9538.4894
symcc	/home/tephra/experiments/uint64_const_chain/tc_0004.c	/home/tephra/experiments/uint64_const_chain/in_0004	60	0	0	0	1.0000	21709.2833	21703.6140	21714.9526
symcc	/home/tephra/experiments/uint64_const_chain/tc_0005.c	/home/tephra/experiments/uint64_const_chain/in_0005	60	0	0	0	1.0000	48134.5167	48121.0532	48147.9801
symcc	/home/tephra/experiments/uint64_const_chain/tc_0006.c	/home/tephra/experiments/uint64_const_chain/in_0006	60	0	0	0	1.0000	113375.3167	113343.2843	113407.3491
symcc	/home/tephra/experiments/uint64_const_chain/tc_0007.c	/home/tephra/experiments/uint64_const_chain/in_0007	60	0	0	0	1.0000	279272.3167	279192.9317	279351.7016
symcc	/home/tephra/experiments/uint64_const_chain/tc_0008.c	/home/tephra/experiments/uint64_const_chain/in_0008	60	0	0	0	1.0000	803783.4000	803344.7971	804222.0029
symcc	/home/tephra/experiments/uint64_const_chain/tc_0009.c	/home/tephra/experiments/uint64_const_chain/in_0009	60	0	0	0	1.0000	1725097.8500	1723896.7398	1726298.9602
symcc	/home/tephra/experiments/uint64_const_chain/tc_0010.c	/home/tephra/experiments/uint64_const_chain/in_0010	41	19	0	0	0.6833	3272539.7073	3271180.3200	3273899.0947
afl-qemu	/home/tephra/experiments/uint64_const_chain/tc_0001.c	/home/tephra/experiments/uint64_const_chain/in_0001	0	60	0	0	0.0000	-	-	-
afl-qemu	/home/tephra/experiments/uint64_const_chain/tc_0002.c	/home/tephra/experiments/uint64_const_chain/in_0002	0	60	0	0	0.0000	-	-	-
afl-qemu	/home/tephra/experiments/uint64_const_chain/tc_0003.c	/home/tephra/experiments/uint64_const_chain/in_0003	0	60	0	0	0.0000	-	-	-
afl-qemu	/home/tephra/experiments/uint64_const_chain/tc_0004.c	/home/tephra/experiments/uint64_const_chain/in_0004	0	60	0	0	0.0000	-	-	-
afl-qemu	/home/tephra/experiments/uint64_const_chain/tc_0005.c	/home/tephra/experiments/uint64_const_chain/in_0005	0	60	0	0	0.0000	-	-	-
afl-qemu	/home/tephra/experiments/uint64_const_chain/tc_0006.c	/home/tephra/experiments/uint64_const_chain/in_0006	0	60	0	0	0.0000	-	-	-
afl-qemu	/home/tephra/experiments/uint64_const_chain/tc_0007.c	/home/tephra/experiments/uint64_const_chain/in_0007	0	60	0	0	0.0000	-	-	-
afl-qemu	/home/tephra/experiments/uint64_const_chain/tc_0008.c	/home/tephra/experiments/uint64_const_chain/in_0008	0	60	0	0	0.0000	-	-	-
afl-qemu	/home/tephra/experiments/uint64_const_chain/tc_0009.c	/home/tephra/experiments/uint64_const_chain/in_0009	0	60	0	0	0.0000	-	-	-
afl-qemu	/home/tephra/experiments/uint64_const_chain/tc_0010.c	/home/tephra/experiments/uint64_const_chain/in_0010	0	60	0	0	0.0000	-	-	-
klee	/home/tephra/experiments/uint64_const_chain/tc_0016.c	/home/tephra/experiments/uint64_const_chain/in_0016	60	0	0	0	1.0000	690.3500	689.9725	690.7275
klee	/home/tephra/experiments/uint64_const_chain/tc_0032.c	/home/tephra/experiments/uint64_const_chain/in_0032	0	0	60	0	0.0000	-	-	-
klee	/home/tephra/experiments/uint64_const_chain/tc_0064.c	/home/tephra/experiments/uint64_const_chain/in_0064	0	0	60	0	0.0000	-	-	-
klee	/home/tephra/experiments/uint64_const_chain/tc_0128.c	/home/tephra/experiments/uint64_const_chain/in_0128	0	0	60	0	0.0000	-	-	-
klee	/home/tephra/experiments/uint64_const_chain/tc_0256.c	/home/tephra/experiments/uint64_const_chain/in_0256	0	0	60	0	0.0000	-	-	-
klee	/home/tephra/experiments/uint64_const_chain/tc_0512.c	/home/tephra/experiments/uint64_const_chain/in_0512	0	0	60	0	0.0000	-	-	-
klee	/home/tephra/experiments/uint64_const_chain/tc_1024.c	/home/tephra/experiments/uint64_const_chain/in_1024	0	0	60	0	0.0000	-	-	-
klee	/home/tephra/experiments/uint64_const_chain/tc_2048.c	/home/tephra/experiments/uint64_const_chain/in_2048	0	0	60	0	0.0000	-	-	-
klee	/home/tephra/experiments/uint64_const_chain/tc_4096.c	/home/tephra/experiments/uint64_const_chain/in_4096	0	0	60	0	0.0000	-	-	-
symcc	/home/tephra/experiments/uint64_const_chain/tc_0016.c	/home/tephra/experiments/uint64_const_chain/in_0016	0	60	0	0	0.0000	-	-	-
symcc	/home/tephra/experiments/uint64_const_chain/tc_0032.c	/home/tephra/experiments/uint64_const_chain/in_0032	0	60	0	0	0.0000	-	-	-
symcc	/home/tephra/experiments/uint64_const_chain/tc_0064.c	/home/tephra/experiments/uint64_const_chain/in_0064	0	60	0	0	0.0000	-	-	-
symcc	/home/tephra/experiments/uint64_const_chain/tc_0128.c	/home/tephra/experiments/uint64_const_chain/in_0128	0	60	0	0	0.0000	-	-	-
symcc	/home/tephra/experiments/uint64_const_chain/tc_0256.c	/home/tephra/experiments/uint64_const_chain/in_0256	0	60	0	0	0.0000	-	-	-
ddfuzz	/home/tephra/experiments/uint64_const_chain/tc_0011.c	/home/tephra/experiments/uint64_const_chain/in_0011	0	60	0	0	0.0000	-	-	-
ddfuzz	/home/tephra/experiments/uint64_const_chain/tc_0012.c	/home/tephra/experiments/uint64_const_chain/in_0012	0	60	0	0	0.0000	-	-	-
ddfuzz	/home/tephra/experiments/uint64_const_chain/tc_0013.c	/home/tephra/experiments/uint64_const_chain/in_0013	0	60	0	0	0.0000	-	-	-
ddfuzz	/home/tephra/experiments/uint64_const_chain/tc_0014.c	/home/tephra/experiments/uint64_const_chain/in_0014	0	60	0	0	0.0000	-	-	-
ddfuzz	/home/tephra/experiments/uint64_const_chain/tc_0015.c	/home/tephra/experiments/uint64_const_chain/in_0015	0	60	0	0	0.0000	-	-	-
symcc	/home/tephra/experiments/uint64_const_chain/tc_0011.c	/home/tephra/experiments/uint64_const_chain/in_0011	0	60	0	0	0.0000	-	-	-
symcc	/home/tephra/experiments/uint64_const_chain/tc_0012.c	/home/tephra/experiments/uint64_const_chain/in_0012	0	60	0	0	0.0000	-	-	-
symcc	/home/tephra/experiments/uint64_const_chain/tc_0013.c	/home/tephra/experiments/uint64_const_chain/in_0013	0	60	0	0	0.0000	-	-	-
symcc	/home/tephra/experiments/uint64_const_chain/tc_0014.c	/home/tephra/experiments/uint64_const_chain/in_0014	0	60	0	0	0.0000	-	-	-
symcc	/home/tephra/experiments/uint64_const_chain/tc_0015.c	/home/tephra/experiments/uint64_const_chain/in_0015	0	60	0	0	0.0000	-	-	-
