fuzzer	put	corpus	success	timeout	invalid	error	ratio	ttt	cleft	cright
afl-gcc	/home/tephra/experiments/uint8_const_chain/tc_0001.c	/home/tephra/experiments/uint8_const_chain/in_0001	60	0	0	0	1.0000	3255.3833	3223.0325	3287.7341
afl-gcc	/home/tephra/experiments/uint8_const_chain/tc_0002.c	/home/tephra/experiments/uint8_const_chain/in_0002	60	0	0	0	1.0000	47345.8667	46719.5999	47972.1334
afl-gcc	/home/tephra/experiments/uint8_const_chain/tc_0003.c	/home/tephra/experiments/uint8_const_chain/in_0003	59	1	0	0	0.9833	358205.5085	353995.0660	362415.9510
afl-gcc	/home/tephra/experiments/uint8_const_chain/tc_0004.c	/home/tephra/experiments/uint8_const_chain/in_0004	0	60	0	0	0.0000	-	-	-
afl-gcc	/home/tephra/experiments/uint8_const_chain/tc_0005.c	/home/tephra/experiments/uint8_const_chain/in_0005	0	60	0	0	0.0000	-	-	-
afl-gcc	/home/tephra/experiments/uint8_const_chain/tc_0006.c	/home/tephra/experiments/uint8_const_chain/in_0006	0	60	0	0	0.0000	-	-	-
afl-gcc	/home/tephra/experiments/uint8_const_chain/tc_0007.c	/home/tephra/experiments/uint8_const_chain/in_0007	0	60	0	0	0.0000	-	-	-
afl-gcc	/home/tephra/experiments/uint8_const_chain/tc_0008.c	/home/tephra/experiments/uint8_const_chain/in_0008	0	60	0	0	0.0000	-	-	-
afl-gcc	/home/tephra/experiments/uint8_const_chain/tc_0009.c	/home/tephra/experiments/uint8_const_chain/in_0009	0	60	0	0	0.0000	-	-	-
afl-gcc	/home/tephra/experiments/uint8_const_chain/tc_0010.c	/home/tephra/experiments/uint8_const_chain/in_0010	0	60	0	0	0.0000	-	-	-
radamsa	/home/tephra/experiments/uint8_const_chain/tc_0001.c	/home/tephra/experiments/uint8_const_chain/in_0001	60	0	0	0	1.0000	319.1833	315.6857	322.6810
radamsa	/home/tephra/experiments/uint8_const_chain/tc_0002.c	/home/tephra/experiments/uint8_const_chain/in_0002	60	0	0	0	1.0000	268140.4333	265830.2467	270450.6199
radamsa	/home/tephra/experiments/uint8_const_chain/tc_0003.c	/home/tephra/experiments/uint8_const_chain/in_0003	0	59	1	0	0.0000	-	-	-
radamsa	/home/tephra/experiments/uint8_const_chain/tc_0004.c	/home/tephra/experiments/uint8_const_chain/in_0004	0	57	3	0	0.0000	-	-	-
radamsa	/home/tephra/experiments/uint8_const_chain/tc_0005.c	/home/tephra/experiments/uint8_const_chain/in_0005	0	55	5	0	0.0000	-	-	-
radamsa	/home/tephra/experiments/uint8_const_chain/tc_0006.c	/home/tephra/experiments/uint8_const_chain/in_0006	0	57	3	0	0.0000	-	-	-
radamsa	/home/tephra/experiments/uint8_const_chain/tc_0007.c	/home/tephra/experiments/uint8_const_chain/in_0007	0	56	4	0	0.0000	-	-	-
radamsa	/home/tephra/experiments/uint8_const_chain/tc_0008.c	/home/tephra/experiments/uint8_const_chain/in_0008	0	56	4	0	0.0000	-	-	-
radamsa	/home/tephra/experiments/uint8_const_chain/tc_0009.c	/home/tephra/experiments/uint8_const_chain/in_0009	0	57	3	0	0.0000	-	-	-
radamsa	/home/tephra/experiments/uint8_const_chain/tc_0010.c	/home/tephra/experiments/uint8_const_chain/in_0010	0	58	2	0	0.0000	-	-	-
dev-urandom	/home/tephra/experiments/uint8_const_chain/tc_0001.c	/home/tephra/experiments/uint8_const_chain/in_0001	60	0	0	0	1.0000	12.1667	12.0724	12.2609
dev-urandom	/home/tephra/experiments/uint8_const_chain/tc_0002.c	/home/tephra/experiments/uint8_const_chain/in_0002	60	0	0	0	1.0000	2558.7833	2537.7484	2579.8182
dev-urandom	/home/tephra/experiments/uint8_const_chain/tc_0003.c	/home/tephra/experiments/uint8_const_chain/in_0003	44	16	0	0	0.7333	1081108.2727	1072341.8255	1089874.7199
dev-urandom	/home/tephra/experiments/uint8_const_chain/tc_0004.c	/home/tephra/experiments/uint8_const_chain/in_0004	0	60	0	0	0.0000	-	-	-
dev-urandom	/home/tephra/experiments/uint8_const_chain/tc_0005.c	/home/tephra/experiments/uint8_const_chain/in_0005	0	60	0	0	0.0000	-	-	-
dev-urandom	/home/tephra/experiments/uint8_const_chain/tc_0006.c	/home/tephra/experiments/uint8_const_chain/in_0006	0	60	0	0	0.0000	-	-	-
dev-urandom	/home/tephra/experiments/uint8_const_chain/tc_0007.c	/home/tephra/experiments/uint8_const_chain/in_0007	0	60	0	0	0.0000	-	-	-
dev-urandom	/home/tephra/experiments/uint8_const_chain/tc_0008.c	/home/tephra/experiments/uint8_const_chain/in_0008	0	60	0	0	0.0000	-	-	-
dev-urandom	/home/tephra/experiments/uint8_const_chain/tc_0009.c	/home/tephra/experiments/uint8_const_chain/in_0009	0	60	0	0	0.0000	-	-	-
dev-urandom	/home/tephra/experiments/uint8_const_chain/tc_0010.c	/home/tephra/experiments/uint8_const_chain/in_0010	0	60	0	0	0.0000	-	-	-
afl++	/home/tephra/experiments/uint8_const_chain/tc_0001.c	/home/tephra/experiments/uint8_const_chain/in_0001	60	0	0	0	1.0000	213.9833	213.9745	213.9922
afl++	/home/tephra/experiments/uint8_const_chain/tc_0002.c	/home/tephra/experiments/uint8_const_chain/in_0002	60	0	0	0	1.0000	362.4167	360.4069	364.4264
afl++	/home/tephra/experiments/uint8_const_chain/tc_0003.c	/home/tephra/experiments/uint8_const_chain/in_0003	60	0	0	0	1.0000	791.3833	786.7680	795.9987
afl++	/home/tephra/experiments/uint8_const_chain/tc_0004.c	/home/tephra/experiments/uint8_const_chain/in_0004	60	0	0	0	1.0000	199.4167	198.9607	199.8726
afl++	/home/tephra/experiments/uint8_const_chain/tc_0005.c	/home/tephra/experiments/uint8_const_chain/in_0005	60	0	0	0	1.0000	872.5500	866.9211	878.1789
afl++	/home/tephra/experiments/uint8_const_chain/tc_0006.c	/home/tephra/experiments/uint8_const_chain/in_0006	60	0	0	0	1.0000	3431.3000	3409.2014	3453.3986
afl++	/home/tephra/experiments/uint8_const_chain/tc_0007.c	/home/tephra/experiments/uint8_const_chain/in_0007	56	4	0	0	0.9333	873018.0000	866271.4490	879764.5510
afl++	/home/tephra/experiments/uint8_const_chain/tc_0008.c	/home/tephra/experiments/uint8_const_chain/in_0008	60	0	0	0	1.0000	215.9000	215.8899	215.9101
afl++	/home/tephra/experiments/uint8_const_chain/tc_0009.c	/home/tephra/experiments/uint8_const_chain/in_0009	60	0	0	0	1.0000	2378.8500	2362.6307	2395.0693
afl++	/home/tephra/experiments/uint8_const_chain/tc_0010.c	/home/tephra/experiments/uint8_const_chain/in_0010	60	0	0	0	1.0000	4577.4000	4552.9637	4601.8363
afl++-cmplog	/home/tephra/experiments/uint8_const_chain/tc_0001.c	/home/tephra/experiments/uint8_const_chain/in_0001	60	0	0	0	1.0000	215.4500	215.4416	215.4584
afl++-cmplog	/home/tephra/experiments/uint8_const_chain/tc_0002.c	/home/tephra/experiments/uint8_const_chain/in_0002	60	0	0	0	1.0000	388.0000	385.9655	390.0345
afl++-cmplog	/home/tephra/experiments/uint8_const_chain/tc_0003.c	/home/tephra/experiments/uint8_const_chain/in_0003	60	0	0	0	1.0000	1034.8167	1027.7008	1041.9326
afl++-cmplog	/home/tephra/experiments/uint8_const_chain/tc_0004.c	/home/tephra/experiments/uint8_const_chain/in_0004	60	0	0	0	1.0000	235.3833	235.3753	235.3914
afl++-cmplog	/home/tephra/experiments/uint8_const_chain/tc_0005.c	/home/tephra/experiments/uint8_const_chain/in_0005	60	0	0	0	1.0000	353.1667	351.8868	354.4465
afl++-cmplog	/home/tephra/experiments/uint8_const_chain/tc_0006.c	/home/tephra/experiments/uint8_const_chain/in_0006	60	0	0	0	1.0000	3071.3500	3055.3313	3087.3687
afl++-cmplog	/home/tephra/experiments/uint8_const_chain/tc_0007.c	/home/tephra/experiments/uint8_const_chain/in_0007	57	3	0	0	0.9500	1162222.0175	1154773.5654	1169670.4697
afl++-cmplog	/home/tephra/experiments/uint8_const_chain/tc_0008.c	/home/tephra/experiments/uint8_const_chain/in_0008	60	0	0	0	1.0000	236.7167	236.7051	236.7282
afl++-cmplog	/home/tephra/experiments/uint8_const_chain/tc_0009.c	/home/tephra/experiments/uint8_const_chain/in_0009	60	0	0	0	1.0000	972.4833	966.2932	978.6735
afl++-cmplog	/home/tephra/experiments/uint8_const_chain/tc_0010.c	/home/tephra/experiments/uint8_const_chain/in_0010	60	0	0	0	1.0000	4333.1333	4309.9125	4356.3542
afl++-laf	/home/tephra/experiments/uint8_const_chain/tc_0001.c	/home/tephra/experiments/uint8_const_chain/in_0001	60	0	0	0	1.0000	217.1500	217.1252	217.1748
afl++-laf	/home/tephra/experiments/uint8_const_chain/tc_0002.c	/home/tephra/experiments/uint8_const_chain/in_0002	60	0	0	0	1.0000	367.2000	365.4653	368.9347
afl++-laf	/home/tephra/experiments/uint8_const_chain/tc_0003.c	/home/tephra/experiments/uint8_const_chain/in_0003	60	0	0	0	1.0000	847.1333	841.7980	852.4686
afl++-laf	/home/tephra/experiments/uint8_const_chain/tc_0004.c	/home/tephra/experiments/uint8_const_chain/in_0004	60	0	0	0	1.0000	202.6667	202.2599	203.0735
afl++-laf	/home/tephra/experiments/uint8_const_chain/tc_0005.c	/home/tephra/experiments/uint8_const_chain/in_0005	60	0	0	0	1.0000	1276.2500	1266.6960	1285.8040
afl++-laf	/home/tephra/experiments/uint8_const_chain/tc_0006.c	/home/tephra/experiments/uint8_const_chain/in_0006	60	0	0	0	1.0000	3483.4500	3460.0537	3506.8463
afl++-laf	/home/tephra/experiments/uint8_const_chain/tc_0007.c	/home/tephra/experiments/uint8_const_chain/in_0007	29	31	0	0	0.4833	-	-	-
afl++-laf	/home/tephra/experiments/uint8_const_chain/tc_0008.c	/home/tephra/experiments/uint8_const_chain/in_0008	60	0	0	0	1.0000	216.9333	216.9226	216.9441
afl++-laf	/home/tephra/experiments/uint8_const_chain/tc_0009.c	/home/tephra/experiments/uint8_const_chain/in_0009	60	0	0	0	1.0000	1458.7000	1447.4218	1469.9782
afl++-laf	/home/tephra/experiments/uint8_const_chain/tc_0010.c	/home/tephra/experiments/uint8_const_chain/in_0010	60	0	0	0	1.0000	3944.3000	3922.5594	3966.0406
afl++-mopt	/home/tephra/experiments/uint8_const_chain/tc_0001.c	/home/tephra/experiments/uint8_const_chain/in_0001	60	0	0	0	1.0000	218.1167	218.0859	218.1475
afl++-mopt	/home/tephra/experiments/uint8_const_chain/tc_0002.c	/home/tephra/experiments/uint8_const_chain/in_0002	60	0	0	0	1.0000	397.8500	395.7497	399.9503
afl++-mopt	/home/tephra/experiments/uint8_const_chain/tc_0003.c	/home/tephra/experiments/uint8_const_chain/in_0003	60	0	0	0	1.0000	1487.9333	1472.2764	1503.5903
afl++-mopt	/home/tephra/experiments/uint8_const_chain/tc_0004.c	/home/tephra/experiments/uint8_const_chain/in_0004	60	0	0	0	1.0000	207.6333	207.2803	207.9863
afl++-mopt	/home/tephra/experiments/uint8_const_chain/tc_0005.c	/home/tephra/experiments/uint8_const_chain/in_0005	60	0	0	0	1.0000	1014.5000	1008.0888	1020.9112
afl++-mopt	/home/tephra/experiments/uint8_const_chain/tc_0006.c	/home/tephra/experiments/uint8_const_chain/in_0006	60	0	0	0	1.0000	4168.5833	4138.4164	4198.7503
afl++-mopt	/home/tephra/experiments/uint8_const_chain/tc_0007.c	/home/tephra/experiments/uint8_const_chain/in_0007	60	0	0	0	1.0000	757269.6833	751674.9122	762864.4545
afl++-mopt	/home/tephra/experiments/uint8_const_chain/tc_0008.c	/home/tephra/experiments/uint8_const_chain/in_0008	60	0	0	0	1.0000	218.0333	218.0181	218.0486
afl++-mopt	/home/tephra/experiments/uint8_const_chain/tc_0009.c	/home/tephra/experiments/uint8_const_chain/in_0009	60	0	0	0	1.0000	1803.6667	1790.6464	1816.6870
afl++-mopt	/home/tephra/experiments/uint8_const_chain/tc_0010.c	/home/tephra/experiments/uint8_const_chain/in_0010	60	0	0	0	1.0000	8613.3167	8523.7899	8702.8435
honggfuzz	/home/tephra/experiments/uint8_const_chain/tc_0001.c	/home/tephra/experiments/uint8_const_chain/in_0001	60	0	0	0	1.0000	1004.5333	1004.5277	1004.5390
honggfuzz	/home/tephra/experiments/uint8_const_chain/tc_0002.c	/home/tephra/experiments/uint8_const_chain/in_0002	60	0	0	0	1.0000	1004.3000	1004.2944	1004.3056
honggfuzz	/home/tephra/experiments/uint8_const_chain/tc_0003.c	/home/tephra/experiments/uint8_const_chain/in_0003	60	0	0	0	1.0000	1004.1667	1004.1619	1004.1714
honggfuzz	/home/tephra/experiments/uint8_const_chain/tc_0004.c	/home/tephra/experiments/uint8_const_chain/in_0004	60	0	0	0	1.0000	1007.3833	1007.1743	1007.5923
honggfuzz	/home/tephra/experiments/uint8_const_chain/tc_0005.c	/home/tephra/experiments/uint8_const_chain/in_0005	60	0	0	0	1.0000	1020.5667	1019.9471	1021.1862
honggfuzz	/home/tephra/experiments/uint8_const_chain/tc_0006.c	/home/tephra/experiments/uint8_const_chain/in_0006	60	0	0	0	1.0000	1063.4833	1061.9818	1064.9849
honggfuzz	/home/tephra/experiments/uint8_const_chain/tc_0007.c	/home/tephra/experiments/uint8_const_chain/in_0007	60	0	0	0	1.0000	1927.0667	1920.2731	1933.8603
honggfuzz	/home/tephra/experiments/uint8_const_chain/tc_0008.c	/home/tephra/experiments/uint8_const_chain/in_0008	60	0	0	0	1.0000	2610.5500	2597.4171	2623.6829
honggfuzz	/home/tephra/experiments/uint8_const_chain/tc_0009.c	/home/tephra/experiments/uint8_const_chain/in_0009	60	0	0	0	1.0000	10767.1333	10645.1350	10889.1317
honggfuzz	/home/tephra/experiments/uint8_const_chain/tc_0010.c	/home/tephra/experiments/uint8_const_chain/in_0010	60	0	0	0	1.0000	17237.2333	16913.3932	17561.0734
angora	/home/tephra/experiments/uint8_const_chain/tc_0001.c	/home/tephra/experiments/uint8_const_chain/in_0001	60	0	0	0	1.0000	1255.2000	1247.5648	1262.8352
angora	/home/tephra/experiments/uint8_const_chain/tc_0002.c	/home/tephra/experiments/uint8_const_chain/in_0002	60	0	0	0	1.0000	3981.3667	3935.0579	4027.6755
angora	/home/tephra/experiments/uint8_const_chain/tc_0003.c	/home/tephra/experiments/uint8_const_chain/in_0003	60	0	0	0	1.0000	10733.5000	10636.7256	10830.2744
angora	/home/tephra/experiments/uint8_const_chain/tc_0004.c	/home/tephra/experiments/uint8_const_chain/in_0004	60	0	0	0	1.0000	14117.9500	14002.4815	14233.4185
angora	/home/tephra/experiments/uint8_const_chain/tc_0005.c	/home/tephra/experiments/uint8_const_chain/in_0005	60	0	0	0	1.0000	14078.4333	13966.8792	14189.9874
angora	/home/tephra/experiments/uint8_const_chain/tc_0006.c	/home/tephra/experiments/uint8_const_chain/in_0006	60	0	0	0	1.0000	8721.5167	8693.4784	8749.5549
angora	/home/tephra/experiments/uint8_const_chain/tc_0007.c	/home/tephra/experiments/uint8_const_chain/in_0007	60	0	0	0	1.0000	7271.5167	7245.0283	7298.0051
angora	/home/tephra/experiments/uint8_const_chain/tc_0008.c	/home/tephra/experiments/uint8_const_chain/in_0008	60	0	0	0	1.0000	5986.7667	5960.4122	6013.1211
angora	/home/tephra/experiments/uint8_const_chain/tc_0009.c	/home/tephra/experiments/uint8_const_chain/in_0009	60	0	0	0	1.0000	6235.7333	6200.0136	6271.4530
angora	/home/tephra/experiments/uint8_const_chain/tc_0010.c	/home/tephra/experiments/uint8_const_chain/in_0010	60	0	0	0	1.0000	8970.2167	8932.2942	9008.1392
angora-mb	/home/tephra/experiments/uint8_const_chain/tc_0001.c	/home/tephra/experiments/uint8_const_chain/in_0001	60	0	0	0	1.0000	1150.1000	1146.7959	1153.4041
angora-mb	/home/tephra/experiments/uint8_const_chain/tc_0002.c	/home/tephra/experiments/uint8_const_chain/in_0002	60	0	0	0	1.0000	2851.8500	2838.8006	2864.8994
angora-mb	/home/tephra/experiments/uint8_const_chain/tc_0003.c	/home/tephra/experiments/uint8_const_chain/in_0003	60	0	0	0	1.0000	4218.9833	4202.9585	4235.0082
angora-mb	/home/tephra/experiments/uint8_const_chain/tc_0004.c	/home/tephra/experiments/uint8_const_chain/in_0004	60	0	0	0	1.0000	5369.6500	5344.6574	5394.6426
angora-mb	/home/tephra/experiments/uint8_const_chain/tc_0005.c	/home/tephra/experiments/uint8_const_chain/in_0005	60	0	0	0	1.0000	6737.5833	6709.9121	6765.2545
angora-mb	/home/tephra/experiments/uint8_const_chain/tc_0006.c	/home/tephra/experiments/uint8_const_chain/in_0006	60	0	0	0	1.0000	10872.0167	10831.9704	10912.0629
angora-mb	/home/tephra/experiments/uint8_const_chain/tc_0007.c	/home/tephra/experiments/uint8_const_chain/in_0007	59	0	0	1	0.9833	6714.6441	6672.7080	6756.5801
angora-mb	/home/tephra/experiments/uint8_const_chain/tc_0008.c	/home/tephra/experiments/uint8_const_chain/in_0008	59	0	0	1	0.9833	9240.7288	9201.6282	9279.8294
angora-mb	/home/tephra/experiments/uint8_const_chain/tc_0009.c	/home/tephra/experiments/uint8_const_chain/in_0009	60	0	0	0	1.0000	12271.9833	12219.2991	12324.6676
angora-mb	/home/tephra/experiments/uint8_const_chain/tc_0010.c	/home/tephra/experiments/uint8_const_chain/in_0010	60	0	0	0	1.0000	9253.4167	9214.5319	9292.3015
angora-random	/home/tephra/experiments/uint8_const_chain/tc_0001.c	/home/tephra/experiments/uint8_const_chain/in_0001	60	0	0	0	1.0000	1051.2167	1050.1709	1052.2624
angora-random	/home/tephra/experiments/uint8_const_chain/tc_0002.c	/home/tephra/experiments/uint8_const_chain/in_0002	60	0	0	0	1.0000	2451.5833	2441.6533	2461.5134
angora-random	/home/tephra/experiments/uint8_const_chain/tc_0003.c	/home/tephra/experiments/uint8_const_chain/in_0003	60	0	0	0	1.0000	3668.7500	3656.2751	3681.2249
angora-random	/home/tephra/experiments/uint8_const_chain/tc_0004.c	/home/tephra/experiments/uint8_const_chain/in_0004	60	0	0	0	1.0000	4168.9667	4150.6723	4187.2610
angora-random	/home/tephra/experiments/uint8_const_chain/tc_0005.c	/home/tephra/experiments/uint8_const_chain/in_0005	60	0	0	0	1.0000	7487.8000	7451.1610	7524.4390
angora-random	/home/tephra/experiments/uint8_const_chain/tc_0006.c	/home/tephra/experiments/uint8_const_chain/in_0006	60	0	0	0	1.0000	4970.1000	4950.4944	4989.7056
angora-random	/home/tephra/experiments/uint8_const_chain/tc_0007.c	/home/tephra/experiments/uint8_const_chain/in_0007	60	0	0	0	1.0000	6219.4333	6186.3724	6252.4943
angora-random	/home/tephra/experiments/uint8_const_chain/tc_0008.c	/home/tephra/experiments/uint8_const_chain/in_0008	60	0	0	0	1.0000	7969.2167	7931.2242	8007.2091
angora-random	/home/tephra/experiments/uint8_const_chain/tc_0009.c	/home/tephra/experiments/uint8_const_chain/in_0009	60	0	0	0	1.0000	7419.1667	7384.8591	7453.4742
angora-random	/home/tephra/experiments/uint8_const_chain/tc_0010.c	/home/tephra/experiments/uint8_const_chain/in_0010	60	0	0	0	1.0000	7051.5000	7011.6259	7091.3741
afl-clang-fast	/home/tephra/experiments/uint8_const_chain/tc_0001.c	/home/tephra/experiments/uint8_const_chain/in_0001	60	0	0	0	1.0000	404.0167	402.6583	405.3751
afl-clang-fast	/home/tephra/experiments/uint8_const_chain/tc_0002.c	/home/tephra/experiments/uint8_const_chain/in_0002	60	0	0	0	1.0000	32358.4500	32040.7377	32676.1623
afl-clang-fast	/home/tephra/experiments/uint8_const_chain/tc_0003.c	/home/tephra/experiments/uint8_const_chain/in_0003	60	0	0	0	1.0000	161286.6500	159579.2672	162994.0328
afl-clang-fast	/home/tephra/experiments/uint8_const_chain/tc_0004.c	/home/tephra/experiments/uint8_const_chain/in_0004	60	0	0	0	1.0000	279197.9500	277096.1819	281299.7181
afl-clang-fast	/home/tephra/experiments/uint8_const_chain/tc_0005.c	/home/tephra/experiments/uint8_const_chain/in_0005	60	0	0	0	1.0000	574686.0000	570317.2280	579054.7720
afl-clang-fast	/home/tephra/experiments/uint8_const_chain/tc_0006.c	/home/tephra/experiments/uint8_const_chain/in_0006	58	2	0	0	0.9667	948260.4310	941689.2766	954831.5855
afl-clang-fast	/home/tephra/experiments/uint8_const_chain/tc_0007.c	/home/tephra/experiments/uint8_const_chain/in_0007	60	0	0	0	1.0000	588065.9667	584162.1722	591969.7612
afl-clang-fast	/home/tephra/experiments/uint8_const_chain/tc_0008.c	/home/tephra/experiments/uint8_const_chain/in_0008	58	2	0	0	0.9667	923867.5172	918358.0097	929377.0248
afl-clang-fast	/home/tephra/experiments/uint8_const_chain/tc_0009.c	/home/tephra/experiments/uint8_const_chain/in_0009	55	5	0	0	0.9167	1491577.0727	1484510.4259	1498643.7195
afl-clang-fast	/home/tephra/experiments/uint8_const_chain/tc_0010.c	/home/tephra/experiments/uint8_const_chain/in_0010	55	5	0	0	0.9167	1574430.0182	1567070.6392	1581789.3971
afl-libtokencap	/home/tephra/experiments/uint8_const_chain/tc_0001.c	/home/tephra/experiments/uint8_const_chain/in_0001	60	0	0	0	1.0000	417.6000	416.4493	418.7507
afl-libtokencap	/home/tephra/experiments/uint8_const_chain/tc_0002.c	/home/tephra/experiments/uint8_const_chain/in_0002	60	0	0	0	1.0000	42019.1333	41708.3559	42329.9107
afl-libtokencap	/home/tephra/experiments/uint8_const_chain/tc_0003.c	/home/tephra/experiments/uint8_const_chain/in_0003	60	0	0	0	1.0000	159411.6333	158018.5839	160804.6828
afl-libtokencap	/home/tephra/experiments/uint8_const_chain/tc_0004.c	/home/tephra/experiments/uint8_const_chain/in_0004	60	0	0	0	1.0000	337089.6000	334524.7124	339654.4876
afl-libtokencap	/home/tephra/experiments/uint8_const_chain/tc_0005.c	/home/tephra/experiments/uint8_const_chain/in_0005	60	0	0	0	1.0000	550220.9000	546763.3895	553678.4105
afl-libtokencap	/home/tephra/experiments/uint8_const_chain/tc_0006.c	/home/tephra/experiments/uint8_const_chain/in_0006	60	0	0	0	1.0000	708928.2667	704607.3137	713249.2196
afl-libtokencap	/home/tephra/experiments/uint8_const_chain/tc_0007.c	/home/tephra/experiments/uint8_const_chain/in_0007	59	1	0	0	0.9833	624054.1186	619250.3192	628857.9181
afl-libtokencap	/home/tephra/experiments/uint8_const_chain/tc_0008.c	/home/tephra/experiments/uint8_const_chain/in_0008	60	0	0	0	1.0000	985278.3167	978619.5580	991937.0754
afl-libtokencap	/home/tephra/experiments/uint8_const_chain/tc_0009.c	/home/tephra/experiments/uint8_const_chain/in_0009	59	1	0	0	0.9833	1157876.9831	1150920.5417	1164833.4244
afl-libtokencap	/home/tephra/experiments/uint8_const_chain/tc_0010.c	/home/tephra/experiments/uint8_const_chain/in_0010	60	0	0	0	1.0000	1072364.0833	1066482.8204	1078245.3463
libfuzzer	/home/tephra/experiments/uint8_const_chain/tc_0001.c	/home/tephra/experiments/uint8_const_chain/in_0001	60	0	0	0	1.0000	174.7833	174.6829	174.8838
libfuzzer	/home/tephra/experiments/uint8_const_chain/tc_0002.c	/home/tephra/experiments/uint8_const_chain/in_0002	60	0	0	0	1.0000	177.6333	177.5279	177.7388
libfuzzer	/home/tephra/experiments/uint8_const_chain/tc_0003.c	/home/tephra/experiments/uint8_const_chain/in_0003	60	0	0	0	1.0000	185.9667	185.8564	186.0770
libfuzzer	/home/tephra/experiments/uint8_const_chain/tc_0004.c	/home/tephra/experiments/uint8_const_chain/in_0004	60	0	0	0	1.0000	203.8833	203.7513	204.0154
libfuzzer	/home/tephra/experiments/uint8_const_chain/tc_0005.c	/home/tephra/experiments/uint8_const_chain/in_0005	60	0	0	0	1.0000	221.7333	221.3829	222.0838
libfuzzer	/home/tephra/experiments/uint8_const_chain/tc_0006.c	/home/tephra/experiments/uint8_const_chain/in_0006	60	0	0	0	1.0000	219.9667	219.5972	220.3361
libfuzzer	/home/tephra/experiments/uint8_const_chain/tc_0007.c	/home/tephra/experiments/uint8_const_chain/in_0007	60	0	0	0	1.0000	266.3500	265.7699	266.9301
libfuzzer	/home/tephra/experiments/uint8_const_chain/tc_0008.c	/home/tephra/experiments/uint8_const_chain/in_0008	60	0	0	0	1.0000	345.0500	344.3290	345.7710
libfuzzer	/home/tephra/experiments/uint8_const_chain/tc_0009.c	/home/tephra/experiments/uint8_const_chain/in_0009	60	0	0	0	1.0000	450.3333	449.2615	451.4052
libfuzzer	/home/tephra/experiments/uint8_const_chain/tc_0010.c	/home/tephra/experiments/uint8_const_chain/in_0010	60	0	0	0	1.0000	518.4833	517.0716	519.8950
libfuzzer-entropic	/home/tephra/experiments/uint8_const_chain/tc_0001.c	/home/tephra/experiments/uint8_const_chain/in_0001	60	0	0	0	1.0000	151.5667	151.5193	151.6140
libfuzzer-entropic	/home/tephra/experiments/uint8_const_chain/tc_0002.c	/home/tephra/experiments/uint8_const_chain/in_0002	60	0	0	0	1.0000	142.5833	142.5073	142.6593
libfuzzer-entropic	/home/tephra/experiments/uint8_const_chain/tc_0003.c	/home/tephra/experiments/uint8_const_chain/in_0003	60	0	0	0	1.0000	149.9500	149.8394	150.0606
libfuzzer-entropic	/home/tephra/experiments/uint8_const_chain/tc_0004.c	/home/tephra/experiments/uint8_const_chain/in_0004	60	0	0	0	1.0000	185.4000	185.1803	185.6197
libfuzzer-entropic	/home/tephra/experiments/uint8_const_chain/tc_0005.c	/home/tephra/experiments/uint8_const_chain/in_0005	60	0	0	0	1.0000	268.3000	267.7487	268.8513
libfuzzer-entropic	/home/tephra/experiments/uint8_const_chain/tc_0006.c	/home/tephra/experiments/uint8_const_chain/in_0006	60	0	0	0	1.0000	316.3500	315.5306	317.1694
libfuzzer-entropic	/home/tephra/experiments/uint8_const_chain/tc_0007.c	/home/tephra/experiments/uint8_const_chain/in_0007	60	0	0	0	1.0000	370.5167	369.6768	371.3566
libfuzzer-entropic	/home/tephra/experiments/uint8_const_chain/tc_0008.c	/home/tephra/experiments/uint8_const_chain/in_0008	60	0	0	0	1.0000	531.6833	529.9035	533.4631
libfuzzer-entropic	/home/tephra/experiments/uint8_const_chain/tc_0009.c	/home/tephra/experiments/uint8_const_chain/in_0009	60	0	0	0	1.0000	620.2500	618.2770	622.2230
libfuzzer-entropic	/home/tephra/experiments/uint8_const_chain/tc_0010.c	/home/tephra/experiments/uint8_const_chain/in_0010	60	0	0	0	1.0000	757.1000	754.4194	759.7806
wingfuzz	/home/tephra/experiments/uint8_const_chain/tc_0001.c	/home/tephra/experiments/uint8_const_chain/in_0001	60	0	0	0	1.0000	17.2833	17.2166	17.3501
wingfuzz	/home/tephra/experiments/uint8_const_chain/tc_0002.c	/home/tephra/experiments/uint8_const_chain/in_0002	60	0	0	0	1.0000	22.0000	21.9396	22.0604
wingfuzz	/home/tephra/experiments/uint8_const_chain/tc_0003.c	/home/tephra/experiments/uint8_const_chain/in_0003	60	0	0	0	1.0000	30.5000	30.4059	30.5941
wingfuzz	/home/tephra/experiments/uint8_const_chain/tc_0004.c	/home/tephra/experiments/uint8_const_chain/in_0004	60	0	0	0	1.0000	38.7833	38.6371	38.9295
wingfuzz	/home/tephra/experiments/uint8_const_chain/tc_0005.c	/home/tephra/experiments/uint8_const_chain/in_0005	60	0	0	0	1.0000	48.6500	48.3086	48.9914
wingfuzz	/home/tephra/experiments/uint8_const_chain/tc_0006.c	/home/tephra/experiments/uint8_const_chain/in_0006	60	0	0	0	1.0000	49.3167	49.0268	49.6065
wingfuzz	/home/tephra/experiments/uint8_const_chain/tc_0007.c	/home/tephra/experiments/uint8_const_chain/in_0007	60	0	0	0	1.0000	137.3833	136.7071	138.0595
wingfuzz	/home/tephra/experiments/uint8_const_chain/tc_0008.c	/home/tephra/experiments/uint8_const_chain/in_0008	60	0	0	0	1.0000	159.0667	158.0559	160.0775
wingfuzz	/home/tephra/experiments/uint8_const_chain/tc_0009.c	/home/tephra/experiments/uint8_const_chain/in_0009	60	0	0	0	1.0000	170.9000	169.7218	172.0782
wingfuzz	/home/tephra/experiments/uint8_const_chain/tc_0010.c	/home/tephra/experiments/uint8_const_chain/in_0010	60	0	0	0	1.0000	212.9000	211.4226	214.3774
libafl	/home/tephra/experiments/uint8_const_chain/tc_0001.c	/home/tephra/experiments/uint8_const_chain/in_0001	60	0	0	0	1.0000	10.1333	10.1206	10.1461
libafl	/home/tephra/experiments/uint8_const_chain/tc_0002.c	/home/tephra/experiments/uint8_const_chain/in_0002	60	0	0	0	1.0000	10.3000	10.2799	10.3201
libafl	/home/tephra/experiments/uint8_const_chain/tc_0003.c	/home/tephra/experiments/uint8_const_chain/in_0003	60	0	0	0	1.0000	12.2000	12.1723	12.2277
libafl	/home/tephra/experiments/uint8_const_chain/tc_0004.c	/home/tephra/experiments/uint8_const_chain/in_0004	60	0	0	0	1.0000	11.2833	11.2590	11.3077
libafl	/home/tephra/experiments/uint8_const_chain/tc_0005.c	/home/tephra/experiments/uint8_const_chain/in_0005	60	0	0	0	1.0000	12.0833	12.0517	12.1150
libafl	/home/tephra/experiments/uint8_const_chain/tc_0006.c	/home/tephra/experiments/uint8_const_chain/in_0006	60	0	0	0	1.0000	12.4000	12.3693	12.4307
libafl	/home/tephra/experiments/uint8_const_chain/tc_0007.c	/home/tephra/experiments/uint8_const_chain/in_0007	60	0	0	0	1.0000	12.2333	12.2096	12.2571
libafl	/home/tephra/experiments/uint8_const_chain/tc_0008.c	/home/tephra/experiments/uint8_const_chain/in_0008	60	0	0	0	1.0000	11.5167	11.4943	11.5390
libafl	/home/tephra/experiments/uint8_const_chain/tc_0009.c	/home/tephra/experiments/uint8_const_chain/in_0009	60	0	0	0	1.0000	10.6000	10.5796	10.6204
libafl	/home/tephra/experiments/uint8_const_chain/tc_0010.c	/home/tephra/experiments/uint8_const_chain/in_0010	60	0	0	0	1.0000	11.1667	11.1515	11.1819
libafl-libfuzzer	/home/tephra/experiments/uint8_const_chain/tc_0001.c	/home/tephra/experiments/uint8_const_chain/in_0001	60	0	0	0	1.0000	119.1500	119.1013	119.1987
libafl-libfuzzer	/home/tephra/experiments/uint8_const_chain/tc_0002.c	/home/tephra/experiments/uint8_const_chain/in_0002	60	0	0	0	1.0000	363.2333	361.5012	364.9655
libafl-libfuzzer	/home/tephra/experiments/uint8_const_chain/tc_0003.c	/home/tephra/experiments/uint8_const_chain/in_0003	60	0	0	0	1.0000	692.9167	682.8559	702.9774
libafl-libfuzzer	/home/tephra/experiments/uint8_const_chain/tc_0004.c	/home/tephra/experiments/uint8_const_chain/in_0004	60	0	0	0	1.0000	1525.9500	1484.3188	1567.5812
libafl-libfuzzer	/home/tephra/experiments/uint8_const_chain/tc_0005.c	/home/tephra/experiments/uint8_const_chain/in_0005	60	0	0	0	1.0000	861.0167	852.8563	869.1770
libafl-libfuzzer	/home/tephra/experiments/uint8_const_chain/tc_0006.c	/home/tephra/experiments/uint8_const_chain/in_0006	60	0	0	0	1.0000	4583.1167	4522.8512	4643.3821
libafl-libfuzzer	/home/tephra/experiments/uint8_const_chain/tc_0007.c	/home/tephra/experiments/uint8_const_chain/in_0007	60	0	0	0	1.0000	2456.2167	2420.4744	2491.9589
libafl-libfuzzer	/home/tephra/experiments/uint8_const_chain/tc_0008.c	/home/tephra/experiments/uint8_const_chain/in_0008	60	0	0	0	1.0000	1516.1833	1498.5718	1533.7949
libafl-libfuzzer	/home/tephra/experiments/uint8_const_chain/tc_0009.c	/home/tephra/experiments/uint8_const_chain/in_0009	60	0	0	0	1.0000	4219.1833	4176.6980	4261.6687
libafl-libfuzzer	/home/tephra/experiments/uint8_const_chain/tc_0010.c	/home/tephra/experiments/uint8_const_chain/in_0010	60	0	0	0	1.0000	8361.6167	8244.4770	8478.7563
ddfuzz	/home/tephra/experiments/uint8_const_chain/tc_0001.c	/home/tephra/experiments/uint8_const_chain/in_0001	60	0	0	0	1.0000	286.2833	285.7689	286.7978
ddfuzz	/home/tephra/experiments/uint8_const_chain/tc_0002.c	/home/tephra/experiments/uint8_const_chain/in_0002	60	0	0	0	1.0000	11789.4500	11689.0253	11889.8747
ddfuzz	/home/tephra/experiments/uint8_const_chain/tc_0003.c	/home/tephra/experiments/uint8_const_chain/in_0003	60	0	0	0	1.0000	10446.7500	10363.5762	10529.9238
ddfuzz	/home/tephra/experiments/uint8_const_chain/tc_0004.c	/home/tephra/experiments/uint8_const_chain/in_0004	60	0	0	0	1.0000	17332.3833	17201.9340	17462.8327
ddfuzz	/home/tephra/experiments/uint8_const_chain/tc_0005.c	/home/tephra/experiments/uint8_const_chain/in_0005	60	0	0	0	1.0000	54374.6000	53914.9613	54834.2387
ddfuzz	/home/tephra/experiments/uint8_const_chain/tc_0006.c	/home/tephra/experiments/uint8_const_chain/in_0006	60	0	0	0	1.0000	45679.0833	45334.7031	46023.4636
ddfuzz	/home/tephra/experiments/uint8_const_chain/tc_0007.c	/home/tephra/experiments/uint8_const_chain/in_0007	60	0	0	0	1.0000	15487.2000	15354.1486	15620.2514
ddfuzz	/home/tephra/experiments/uint8_const_chain/tc_0008.c	/home/tephra/experiments/uint8_const_chain/in_0008	60	0	0	0	1.0000	45642.9833	45160.1755	46125.7911
ddfuzz	/home/tephra/experiments/uint8_const_chain/tc_0009.c	/home/tephra/experiments/uint8_const_chain/in_0009	60	0	0	0	1.0000	112609.0667	111390.6605	113827.4729
ddfuzz	/home/tephra/experiments/uint8_const_chain/tc_0010.c	/home/tephra/experiments/uint8_const_chain/in_0010	60	0	0	0	1.0000	126464.6000	125294.0512	127635.1488
fairfuzz	/home/tephra/experiments/uint8_const_chain/tc_0001.c	/home/tephra/experiments/uint8_const_chain/in_0001	60	0	0	0	1.0000	221.6167	221.3986	221.8347
fairfuzz	/home/tephra/experiments/uint8_const_chain/tc_0002.c	/home/tephra/experiments/uint8_const_chain/in_0002	60	0	0	0	1.0000	986.8333	981.7163	991.9504
fairfuzz	/home/tephra/experiments/uint8_const_chain/tc_0003.c	/home/tephra/experiments/uint8_const_chain/in_0003	60	0	0	0	1.0000	1329.1833	1324.3449	1334.0218
fairfuzz	/home/tephra/experiments/uint8_const_chain/tc_0004.c	/home/tephra/experiments/uint8_const_chain/in_0004	60	0	0	0	1.0000	924.6500	922.8336	926.4664
fairfuzz	/home/tephra/experiments/uint8_const_chain/tc_0005.c	/home/tephra/experiments/uint8_const_chain/in_0005	60	0	0	0	1.0000	1623.5333	1618.2873	1628.7794
fairfuzz	/home/tephra/experiments/uint8_const_chain/tc_0006.c	/home/tephra/experiments/uint8_const_chain/in_0006	60	0	0	0	1.0000	1337.1833	1332.6938	1341.6728
fairfuzz	/home/tephra/experiments/uint8_const_chain/tc_0007.c	/home/tephra/experiments/uint8_const_chain/in_0007	60	0	0	0	1.0000	1767.4167	1762.1094	1772.7239
fairfuzz	/home/tephra/experiments/uint8_const_chain/tc_0008.c	/home/tephra/experiments/uint8_const_chain/in_0008	60	0	0	0	1.0000	1240.0833	1231.0468	1249.1198
fairfuzz	/home/tephra/experiments/uint8_const_chain/tc_0009.c	/home/tephra/experiments/uint8_const_chain/in_0009	60	0	0	0	1.0000	3758.1500	3748.7488	3767.5512
fairfuzz	/home/tephra/experiments/uint8_const_chain/tc_0010.c	/home/tephra/experiments/uint8_const_chain/in_0010	60	0	0	0	1.0000	3914.8833	3900.0503	3929.7164
ecofuzz	/home/tephra/experiments/uint8_const_chain/tc_0001.c	/home/tephra/experiments/uint8_const_chain/in_0001	60	0	0	0	1.0000	223.1167	222.8106	223.4227
ecofuzz	/home/tephra/experiments/uint8_const_chain/tc_0002.c	/home/tephra/experiments/uint8_const_chain/in_0002	60	0	0	0	1.0000	2081.2167	2068.0947	2094.3386
ecofuzz	/home/tephra/experiments/uint8_const_chain/tc_0003.c	/home/tephra/experiments/uint8_const_chain/in_0003	60	0	0	0	1.0000	9677.2000	9603.2913	9751.1087
ecofuzz	/home/tephra/experiments/uint8_const_chain/tc_0004.c	/home/tephra/experiments/uint8_const_chain/in_0004	60	0	0	0	1.0000	25459.8833	25247.7264	25672.0403
ecofuzz	/home/tephra/experiments/uint8_const_chain/tc_0005.c	/home/tephra/experiments/uint8_const_chain/in_0005	60	0	0	0	1.0000	116280.9833	115101.6588	117460.3079
ecofuzz	/home/tephra/experiments/uint8_const_chain/tc_0006.c	/home/tephra/experiments/uint8_const_chain/in_0006	60	0	0	0	1.0000	208202.1833	207383.4085	209020.9582
ecofuzz	/home/tephra/experiments/uint8_const_chain/tc_0007.c	/home/tephra/experiments/uint8_const_chain/in_0007	60	0	0	0	1.0000	18015.3167	17960.6007	18070.0327
ecofuzz	/home/tephra/experiments/uint8_const_chain/tc_0008.c	/home/tephra/experiments/uint8_const_chain/in_0008	60	0	0	0	1.0000	520278.5833	519902.5022	520654.6645
ecofuzz	/home/tephra/experiments/uint8_const_chain/tc_0009.c	/home/tephra/experiments/uint8_const_chain/in_0009	60	0	0	0	1.0000	565347.0833	561556.3641	569137.8026
ecofuzz	/home/tephra/experiments/uint8_const_chain/tc_0010.c	/home/tephra/experiments/uint8_const_chain/in_0010	46	14	0	0	0.7667	2396155.2174	2391238.2874	2401072.1473
fafuzz	/home/tephra/experiments/uint8_const_chain/tc_0001.c	/home/tephra/experiments/uint8_const_chain/in_0001	60	0	0	0	1.0000	244.1333	243.6139	244.6528
fafuzz	/home/tephra/experiments/uint8_const_chain/tc_0002.c	/home/tephra/experiments/uint8_const_chain/in_0002	60	0	0	0	1.0000	16252.5667	16127.2280	16377.9053
fafuzz	/home/tephra/experiments/uint8_const_chain/tc_0003.c	/home/tephra/experiments/uint8_const_chain/in_0003	60	0	0	0	1.0000	12327.1000	12236.2451	12417.9549
fafuzz	/home/tephra/experiments/uint8_const_chain/tc_0004.c	/home/tephra/experiments/uint8_const_chain/in_0004	60	0	0	0	1.0000	37514.8333	37202.9250	37826.7417
fafuzz	/home/tephra/experiments/uint8_const_chain/tc_0005.c	/home/tephra/experiments/uint8_const_chain/in_0005	60	0	0	0	1.0000	18383.1667	18241.1775	18525.1558
fafuzz	/home/tephra/experiments/uint8_const_chain/tc_0006.c	/home/tephra/experiments/uint8_const_chain/in_0006	60	0	0	0	1.0000	89310.4500	88548.0089	90072.8911
fafuzz	/home/tephra/experiments/uint8_const_chain/tc_0007.c	/home/tephra/experiments/uint8_const_chain/in_0007	60	0	0	0	1.0000	21010.2167	20794.2685	21226.1649
fafuzz	/home/tephra/experiments/uint8_const_chain/tc_0008.c	/home/tephra/experiments/uint8_const_chain/in_0008	60	0	0	0	1.0000	872670.7500	867924.5428	877416.9572
fafuzz	/home/tephra/experiments/uint8_const_chain/tc_0009.c	/home/tephra/experiments/uint8_const_chain/in_0009	60	0	0	0	1.0000	548052.6167	543183.1903	552922.0430
fafuzz	/home/tephra/experiments/uint8_const_chain/tc_0010.c	/home/tephra/experiments/uint8_const_chain/in_0010	60	0	0	0	1.0000	434917.7000	431983.6749	437851.7251
darwin	/home/tephra/experiments/uint8_const_chain/tc_0001.c	/home/tephra/experiments/uint8_const_chain/in_0001	60	0	0	0	1.0000	272.4167	271.4335	273.3998
darwin	/home/tephra/experiments/uint8_const_chain/tc_0002.c	/home/tephra/experiments/uint8_const_chain/in_0002	60	0	0	0	1.0000	7437.5333	7381.8779	7493.1888
darwin	/home/tephra/experiments/uint8_const_chain/tc_0003.c	/home/tephra/experiments/uint8_const_chain/in_0003	60	0	0	0	1.0000	4895.3833	4877.6693	4913.0973
darwin	/home/tephra/experiments/uint8_const_chain/tc_0004.c	/home/tephra/experiments/uint8_const_chain/in_0004	60	0	0	0	1.0000	5420.2500	5401.1173	5439.3827
darwin	/home/tephra/experiments/uint8_const_chain/tc_0005.c	/home/tephra/experiments/uint8_const_chain/in_0005	60	0	0	0	1.0000	8061.3500	8023.9708	8098.7292
darwin	/home/tephra/experiments/uint8_const_chain/tc_0006.c	/home/tephra/experiments/uint8_const_chain/in_0006	60	0	0	0	1.0000	6802.1667	6774.5519	6829.7814
darwin	/home/tephra/experiments/uint8_const_chain/tc_0007.c	/home/tephra/experiments/uint8_const_chain/in_0007	60	0	0	0	1.0000	3789.4000	3785.8320	3792.9680
darwin	/home/tephra/experiments/uint8_const_chain/tc_0008.c	/home/tephra/experiments/uint8_const_chain/in_0008	60	0	0	0	1.0000	2865.1833	2848.1634	2882.2033
darwin	/home/tephra/experiments/uint8_const_chain/tc_0009.c	/home/tephra/experiments/uint8_const_chain/in_0009	60	0	0	0	1.0000	17533.4167	17437.8217	17629.0116
darwin	/home/tephra/experiments/uint8_const_chain/tc_0010.c	/home/tephra/experiments/uint8_const_chain/in_0010	60	0	0	0	1.0000	17013.0333	16948.6659	17077.4008
libfuzzer	/home/tephra/experiments/uint8_const_chain_exp/tc_0016.c	/home/tephra/experiments/uint8_const_chain_exp/in_0016	60	0	0	0	1.0000	3533.4000	3522.3410	3544.4590
libfuzzer	/home/tephra/experiments/uint8_const_chain_exp/tc_0032.c	/home/tephra/experiments/uint8_const_chain_exp/in_0032	60	0	0	0	1.0000	21672.4667	21625.6802	21719.2531
libfuzzer	/home/tephra/experiments/uint8_const_chain_exp/tc_0064.c	/home/tephra/experiments/uint8_const_chain_exp/in_0064	60	0	0	0	1.0000	122018.2167	121807.8420	122228.5914
libfuzzer	/home/tephra/experiments/uint8_const_chain_exp/tc_0128.c	/home/tephra/experiments/uint8_const_chain_exp/in_0128	60	0	0	0	1.0000	649275.8000	648531.4077	650020.1923
libfuzzer	/home/tephra/experiments/uint8_const_chain_exp/tc_0256.c	/home/tephra/experiments/uint8_const_chain_exp/in_0256	60	0	0	0	1.0000	2577286.3333	2574572.2193	2580000.4474
libfuzzer	/home/tephra/experiments/uint8_const_chain_exp/tc_0512.c	/home/tephra/experiments/uint8_const_chain_exp/in_0512	0	60	0	0	0.0000	-	-	-
libfuzzer	/home/tephra/experiments/uint8_const_chain_exp/tc_1024.c	/home/tephra/experiments/uint8_const_chain_exp/in_1024	0	60	0	0	0.0000	-	-	-
libfuzzer	/home/tephra/experiments/uint8_const_chain_exp/tc_2048.c	/home/tephra/experiments/uint8_const_chain_exp/in_2048	0	60	0	0	0.0000	-	-	-
libfuzzer	/home/tephra/experiments/uint8_const_chain_exp/tc_4096.c	/home/tephra/experiments/uint8_const_chain_exp/in_4096	0	60	0	0	0.0000	-	-	-
afl++	/home/tephra/experiments/uint8_const_chain_exp/tc_0016.c	/home/tephra/experiments/uint8_const_chain_exp/in_0016	0	60	0	0	0.0000	-	-	-
afl++	/home/tephra/experiments/uint8_const_chain_exp/tc_0032.c	/home/tephra/experiments/uint8_const_chain_exp/in_0032	0	60	0	0	0.0000	-	-	-
afl++	/home/tephra/experiments/uint8_const_chain_exp/tc_0064.c	/home/tephra/experiments/uint8_const_chain_exp/in_0064	0	60	0	0	0.0000	-	-	-
afl++	/home/tephra/experiments/uint8_const_chain_exp/tc_0128.c	/home/tephra/experiments/uint8_const_chain_exp/in_0128	0	60	0	0	0.0000	-	-	-
afl++	/home/tephra/experiments/uint8_const_chain_exp/tc_0256.c	/home/tephra/experiments/uint8_const_chain_exp/in_0256	0	60	0	0	0.0000	-	-	-
afl++	/home/tephra/experiments/uint8_const_chain_exp/tc_0512.c	/home/tephra/experiments/uint8_const_chain_exp/in_0512	0	60	0	0	0.0000	-	-	-
afl++	/home/tephra/experiments/uint8_const_chain_exp/tc_1024.c	/home/tephra/experiments/uint8_const_chain_exp/in_1024	0	60	0	0	0.0000	-	-	-
afl++	/home/tephra/experiments/uint8_const_chain_exp/tc_2048.c	/home/tephra/experiments/uint8_const_chain_exp/in_2048	0	60	0	0	0.0000	-	-	-
afl++	/home/tephra/experiments/uint8_const_chain_exp/tc_4096.c	/home/tephra/experiments/uint8_const_chain_exp/in_4096	0	0	0	60	0.0000	-	-	-
afl++-cmplog	/home/tephra/experiments/uint8_const_chain_exp/tc_0016.c	/home/tephra/experiments/uint8_const_chain_exp/in_0016	0	60	0	0	0.0000	-	-	-
afl++-cmplog	/home/tephra/experiments/uint8_const_chain_exp/tc_0032.c	/home/tephra/experiments/uint8_const_chain_exp/in_0032	0	60	0	0	0.0000	-	-	-
afl++-cmplog	/home/tephra/experiments/uint8_const_chain_exp/tc_0064.c	/home/tephra/experiments/uint8_const_chain_exp/in_0064	0	60	0	0	0.0000	-	-	-
afl++-cmplog	/home/tephra/experiments/uint8_const_chain_exp/tc_0128.c	/home/tephra/experiments/uint8_const_chain_exp/in_0128	0	60	0	0	0.0000	-	-	-
afl++-cmplog	/home/tephra/experiments/uint8_const_chain_exp/tc_0256.c	/home/tephra/experiments/uint8_const_chain_exp/in_0256	0	60	0	0	0.0000	-	-	-
afl++-cmplog	/home/tephra/experiments/uint8_const_chain_exp/tc_0512.c	/home/tephra/experiments/uint8_const_chain_exp/in_0512	0	60	0	0	0.0000	-	-	-
afl++-cmplog	/home/tephra/experiments/uint8_const_chain_exp/tc_1024.c	/home/tephra/experiments/uint8_const_chain_exp/in_1024	0	60	0	0	0.0000	-	-	-
afl++-cmplog	/home/tephra/experiments/uint8_const_chain_exp/tc_2048.c	/home/tephra/experiments/uint8_const_chain_exp/in_2048	0	60	0	0	0.0000	-	-	-
afl++-cmplog	/home/tephra/experiments/uint8_const_chain_exp/tc_4096.c	/home/tephra/experiments/uint8_const_chain_exp/in_4096	0	0	0	60	0.0000	-	-	-
afl++-laf	/home/tephra/experiments/uint8_const_chain_exp/tc_0016.c	/home/tephra/experiments/uint8_const_chain_exp/in_0016	0	60	0	0	0.0000	-	-	-
afl++-laf	/home/tephra/experiments/uint8_const_chain_exp/tc_0032.c	/home/tephra/experiments/uint8_const_chain_exp/in_0032	0	60	0	0	0.0000	-	-	-
afl++-laf	/home/tephra/experiments/uint8_const_chain_exp/tc_0064.c	/home/tephra/experiments/uint8_const_chain_exp/in_0064	0	60	0	0	0.0000	-	-	-
afl++-laf	/home/tephra/experiments/uint8_const_chain_exp/tc_0128.c	/home/tephra/experiments/uint8_const_chain_exp/in_0128	0	60	0	0	0.0000	-	-	-
afl++-laf	/home/tephra/experiments/uint8_const_chain_exp/tc_0256.c	/home/tephra/experiments/uint8_const_chain_exp/in_0256	0	60	0	0	0.0000	-	-	-
afl++-laf	/home/tephra/experiments/uint8_const_chain_exp/tc_0512.c	/home/tephra/experiments/uint8_const_chain_exp/in_0512	0	60	0	0	0.0000	-	-	-
afl++-laf	/home/tephra/experiments/uint8_const_chain_exp/tc_1024.c	/home/tephra/experiments/uint8_const_chain_exp/in_1024	0	60	0	0	0.0000	-	-	-
afl++-laf	/home/tephra/experiments/uint8_const_chain_exp/tc_2048.c	/home/tephra/experiments/uint8_const_chain_exp/in_2048	0	60	0	0	0.0000	-	-	-
afl++-laf	/home/tephra/experiments/uint8_const_chain_exp/tc_4096.c	/home/tephra/experiments/uint8_const_chain_exp/in_4096	0	0	0	60	0.0000	-	-	-
afl++-mopt	/home/tephra/experiments/uint8_const_chain_exp/tc_0016.c	/home/tephra/experiments/uint8_const_chain_exp/in_0016	0	60	0	0	0.0000	-	-	-
afl++-mopt	/home/tephra/experiments/uint8_const_chain_exp/tc_0032.c	/home/tephra/experiments/uint8_const_chain_exp/in_0032	0	60	0	0	0.0000	-	-	-
afl++-mopt	/home/tephra/experiments/uint8_const_chain_exp/tc_0064.c	/home/tephra/experiments/uint8_const_chain_exp/in_0064	0	60	0	0	0.0000	-	-	-
afl++-mopt	/home/tephra/experiments/uint8_const_chain_exp/tc_0128.c	/home/tephra/experiments/uint8_const_chain_exp/in_0128	0	60	0	0	0.0000	-	-	-
afl++-mopt	/home/tephra/experiments/uint8_const_chain_exp/tc_0256.c	/home/tephra/experiments/uint8_const_chain_exp/in_0256	0	60	0	0	0.0000	-	-	-
afl++-mopt	/home/tephra/experiments/uint8_const_chain_exp/tc_0512.c	/home/tephra/experiments/uint8_const_chain_exp/in_0512	0	60	0	0	0.0000	-	-	-
afl++-mopt	/home/tephra/experiments/uint8_const_chain_exp/tc_1024.c	/home/tephra/experiments/uint8_const_chain_exp/in_1024	0	60	0	0	0.0000	-	-	-
afl++-mopt	/home/tephra/experiments/uint8_const_chain_exp/tc_2048.c	/home/tephra/experiments/uint8_const_chain_exp/in_2048	0	60	0	0	0.0000	-	-	-
afl++-mopt	/home/tephra/experiments/uint8_const_chain_exp/tc_4096.c	/home/tephra/experiments/uint8_const_chain_exp/in_4096	0	0	0	60	0.0000	-	-	-
honggfuzz	/home/tephra/experiments/uint8_const_chain_exp/tc_0016.c	/home/tephra/experiments/uint8_const_chain_exp/in_0016	60	0	0	0	1.0000	65938.9833	65541.3557	66336.6110
honggfuzz	/home/tephra/experiments/uint8_const_chain_exp/tc_0032.c	/home/tephra/experiments/uint8_const_chain_exp/in_0032	49	11	0	0	0.8167	1260847.5918	1254288.8894	1267406.2943
honggfuzz	/home/tephra/experiments/uint8_const_chain_exp/tc_0064.c	/home/tephra/experiments/uint8_const_chain_exp/in_0064	0	60	0	0	0.0000	-	-	-
honggfuzz	/home/tephra/experiments/uint8_const_chain_exp/tc_0128.c	/home/tephra/experiments/uint8_const_chain_exp/in_0128	0	60	0	0	0.0000	-	-	-
honggfuzz	/home/tephra/experiments/uint8_const_chain_exp/tc_0256.c	/home/tephra/experiments/uint8_const_chain_exp/in_0256	0	60	0	0	0.0000	-	-	-
honggfuzz	/home/tephra/experiments/uint8_const_chain_exp/tc_0512.c	/home/tephra/experiments/uint8_const_chain_exp/in_0512	0	60	0	0	0.0000	-	-	-
honggfuzz	/home/tephra/experiments/uint8_const_chain_exp/tc_1024.c	/home/tephra/experiments/uint8_const_chain_exp/in_1024	0	60	0	0	0.0000	-	-	-
honggfuzz	/home/tephra/experiments/uint8_const_chain_exp/tc_2048.c	/home/tephra/experiments/uint8_const_chain_exp/in_2048	0	60	0	0	0.0000	-	-	-
honggfuzz	/home/tephra/experiments/uint8_const_chain_exp/tc_4096.c	/home/tephra/experiments/uint8_const_chain_exp/in_4096	0	60	0	0	0.0000	-	-	-
angora	/home/tephra/experiments/uint8_const_chain_exp/tc_0016.c	/home/tephra/experiments/uint8_const_chain_exp/in_0016	60	0	0	0	1.0000	36091.1000	35851.4369	36330.7631
angora	/home/tephra/experiments/uint8_const_chain_exp/tc_0032.c	/home/tephra/experiments/uint8_const_chain_exp/in_0032	60	0	0	0	1.0000	26717.1667	26591.3813	26842.9521
angora	/home/tephra/experiments/uint8_const_chain_exp/tc_0064.c	/home/tephra/experiments/uint8_const_chain_exp/in_0064	59	0	0	1	0.9833	40196.0678	39970.7125	40421.4231
angora	/home/tephra/experiments/uint8_const_chain_exp/tc_0128.c	/home/tephra/experiments/uint8_const_chain_exp/in_0128	60	0	0	0	1.0000	90575.3500	90028.7342	91121.9658
angora	/home/tephra/experiments/uint8_const_chain_exp/tc_0256.c	/home/tephra/experiments/uint8_const_chain_exp/in_0256	59	0	0	1	0.9833	186796.0169	185331.8271	188260.2068
angora	/home/tephra/experiments/uint8_const_chain_exp/tc_0512.c	/home/tephra/experiments/uint8_const_chain_exp/in_0512	60	0	0	0	1.0000	333165.2333	331828.4504	334502.0162
angora	/home/tephra/experiments/uint8_const_chain_exp/tc_1024.c	/home/tephra/experiments/uint8_const_chain_exp/in_1024	60	0	0	0	1.0000	694224.3167	690874.3873	697574.2460
angora	/home/tephra/experiments/uint8_const_chain_exp/tc_2048.c	/home/tephra/experiments/uint8_const_chain_exp/in_2048	60	0	0	0	1.0000	1226800.3500	1225767.1375	1227833.5625
angora	/home/tephra/experiments/uint8_const_chain_exp/tc_4096.c	/home/tephra/experiments/uint8_const_chain_exp/in_4096	59	0	0	1	0.9833	2162241.9492	2157479.9510	2167003.9473
angora-mb	/home/tephra/experiments/uint8_const_chain_exp/tc_0016.c	/home/tephra/experiments/uint8_const_chain_exp/in_0016	59	0	0	1	0.9833	13504.4407	13442.8418	13566.0396
angora-mb	/home/tephra/experiments/uint8_const_chain_exp/tc_0032.c	/home/tephra/experiments/uint8_const_chain_exp/in_0032	60	0	0	0	1.0000	20820.1500	20745.7164	20894.5836
angora-mb	/home/tephra/experiments/uint8_const_chain_exp/tc_0064.c	/home/tephra/experiments/uint8_const_chain_exp/in_0064	60	0	0	0	1.0000	38251.6333	38121.3879	38381.8788
angora-mb	/home/tephra/experiments/uint8_const_chain_exp/tc_0128.c	/home/tephra/experiments/uint8_const_chain_exp/in_0128	59	0	0	1	0.9833	85849.3390	85592.4948	86106.1832
angora-mb	/home/tephra/experiments/uint8_const_chain_exp/tc_0256.c	/home/tephra/experiments/uint8_const_chain_exp/in_0256	60	0	0	0	1.0000	155952.4833	155546.4983	156358.4684
angora-mb	/home/tephra/experiments/uint8_const_chain_exp/tc_0512.c	/home/tephra/experiments/uint8_const_chain_exp/in_0512	60	0	0	0	1.0000	295285.7500	294864.8056	295706.6944
angora-mb	/home/tephra/experiments/uint8_const_chain_exp/tc_1024.c	/home/tephra/experiments/uint8_const_chain_exp/in_1024	59	0	0	1	0.9833	633076.0000	632903.9305	633248.0695
angora-mb	/home/tephra/experiments/uint8_const_chain_exp/tc_2048.c	/home/tephra/experiments/uint8_const_chain_exp/in_2048	60	0	0	0	1.0000	1262476.3167	1262075.7031	1262876.9302
angora-mb	/home/tephra/experiments/uint8_const_chain_exp/tc_4096.c	/home/tephra/experiments/uint8_const_chain_exp/in_4096	60	0	0	0	1.0000	1905159.7167	1899646.2769	1910673.1564
angora-random	/home/tephra/experiments/uint8_const_chain_exp/tc_0016.c	/home/tephra/experiments/uint8_const_chain_exp/in_0016	60	0	0	0	1.0000	12462.6833	12408.0447	12517.3220
angora-random	/home/tephra/experiments/uint8_const_chain_exp/tc_0032.c	/home/tephra/experiments/uint8_const_chain_exp/in_0032	60	0	0	0	1.0000	23020.6167	22957.0012	23084.2321
angora-random	/home/tephra/experiments/uint8_const_chain_exp/tc_0064.c	/home/tephra/experiments/uint8_const_chain_exp/in_0064	60	0	0	0	1.0000	39349.2000	39278.1033	39420.2967
angora-random	/home/tephra/experiments/uint8_const_chain_exp/tc_0128.c	/home/tephra/experiments/uint8_const_chain_exp/in_0128	60	0	0	0	1.0000	76795.7333	76606.2590	76985.2076
angora-random	/home/tephra/experiments/uint8_const_chain_exp/tc_0256.c	/home/tephra/experiments/uint8_const_chain_exp/in_0256	60	0	0	0	1.0000	149666.4333	149627.3258	149705.5408
angora-random	/home/tephra/experiments/uint8_const_chain_exp/tc_0512.c	/home/tephra/experiments/uint8_const_chain_exp/in_0512	60	0	0	0	1.0000	305503.2333	305484.1951	305522.2715
angora-random	/home/tephra/experiments/uint8_const_chain_exp/tc_1024.c	/home/tephra/experiments/uint8_const_chain_exp/in_1024	60	0	0	0	1.0000	624462.9000	624150.6454	624775.1546
angora-random	/home/tephra/experiments/uint8_const_chain_exp/tc_2048.c	/home/tephra/experiments/uint8_const_chain_exp/in_2048	60	0	0	0	1.0000	920114.7167	918397.1808	921832.2525
angora-random	/home/tephra/experiments/uint8_const_chain_exp/tc_4096.c	/home/tephra/experiments/uint8_const_chain_exp/in_4096	60	0	0	0	1.0000	1399781.6333	1395896.9069	1403666.3598
afl-clang-fast	/home/tephra/experiments/uint8_const_chain/tc_0016.c	/home/tephra/experiments/uint8_const_chain/in_0016	0	60	0	0	0.0000	-	-	-
afl-clang-fast	/home/tephra/experiments/uint8_const_chain/tc_0032.c	/home/tephra/experiments/uint8_const_chain/in_0032	0	60	0	0	0.0000	-	-	-
afl-clang-fast	/home/tephra/experiments/uint8_const_chain/tc_0064.c	/home/tephra/experiments/uint8_const_chain/in_0064	0	60	0	0	0.0000	-	-	-
afl-clang-fast	/home/tephra/experiments/uint8_const_chain/tc_0128.c	/home/tephra/experiments/uint8_const_chain/in_0128	0	60	0	0	0.0000	-	-	-
afl-clang-fast	/home/tephra/experiments/uint8_const_chain/tc_0256.c	/home/tephra/experiments/uint8_const_chain/in_0256	0	60	0	0	0.0000	-	-	-
afl-clang-fast	/home/tephra/experiments/uint8_const_chain/tc_0512.c	/home/tephra/experiments/uint8_const_chain/in_0512	0	60	0	0	0.0000	-	-	-
afl-clang-fast	/home/tephra/experiments/uint8_const_chain/tc_1024.c	/home/tephra/experiments/uint8_const_chain/in_1024	0	60	0	0	0.0000	-	-	-
afl-clang-fast	/home/tephra/experiments/uint8_const_chain/tc_2048.c	/home/tephra/experiments/uint8_const_chain/in_2048	0	60	0	0	0.0000	-	-	-
afl-clang-fast	/home/tephra/experiments/uint8_const_chain/tc_4096.c	/home/tephra/experiments/uint8_const_chain/in_4096	0	60	0	0	0.0000	-	-	-
afl-libtokencap	/home/tephra/experiments/uint8_const_chain/tc_0016.c	/home/tephra/experiments/uint8_const_chain/in_0016	3	57	0	0	0.0500	-	-	-
afl-libtokencap	/home/tephra/experiments/uint8_const_chain/tc_0032.c	/home/tephra/experiments/uint8_const_chain/in_0032	0	60	0	0	0.0000	-	-	-
afl-libtokencap	/home/tephra/experiments/uint8_const_chain/tc_0064.c	/home/tephra/experiments/uint8_const_chain/in_0064	0	60	0	0	0.0000	-	-	-
afl-libtokencap	/home/tephra/experiments/uint8_const_chain/tc_0128.c	/home/tephra/experiments/uint8_const_chain/in_0128	0	60	0	0	0.0000	-	-	-
afl-libtokencap	/home/tephra/experiments/uint8_const_chain/tc_0256.c	/home/tephra/experiments/uint8_const_chain/in_0256	0	60	0	0	0.0000	-	-	-
afl-libtokencap	/home/tephra/experiments/uint8_const_chain/tc_0512.c	/home/tephra/experiments/uint8_const_chain/in_0512	0	60	0	0	0.0000	-	-	-
afl-libtokencap	/home/tephra/experiments/uint8_const_chain/tc_1024.c	/home/tephra/experiments/uint8_const_chain/in_1024	0	60	0	0	0.0000	-	-	-
afl-libtokencap	/home/tephra/experiments/uint8_const_chain/tc_2048.c	/home/tephra/experiments/uint8_const_chain/in_2048	0	60	0	0	0.0000	-	-	-
afl-libtokencap	/home/tephra/experiments/uint8_const_chain/tc_4096.c	/home/tephra/experiments/uint8_const_chain/in_4096	0	60	0	0	0.0000	-	-	-
libfuzzer-entropic	/home/tephra/experiments/uint8_const_chain/tc_0016.c	/home/tephra/experiments/uint8_const_chain/in_0016	60	0	0	0	1.0000	3288.5667	3280.9823	3296.1511
libfuzzer-entropic	/home/tephra/experiments/uint8_const_chain/tc_0032.c	/home/tephra/experiments/uint8_const_chain/in_0032	60	0	0	0	1.0000	16268.2000	16227.9859	16308.4141
libfuzzer-entropic	/home/tephra/experiments/uint8_const_chain/tc_0064.c	/home/tephra/experiments/uint8_const_chain/in_0064	60	0	0	0	1.0000	96151.4833	96010.3366	96292.6300
libfuzzer-entropic	/home/tephra/experiments/uint8_const_chain/tc_0128.c	/home/tephra/experiments/uint8_const_chain/in_0128	60	0	0	0	1.0000	525180.4000	524655.3875	525705.4125
libfuzzer-entropic	/home/tephra/experiments/uint8_const_chain/tc_0256.c	/home/tephra/experiments/uint8_const_chain/in_0256	60	0	0	0	1.0000	2061207.2167	2059329.3591	2063085.0742
libfuzzer-entropic	/home/tephra/experiments/uint8_const_chain/tc_0512.c	/home/tephra/experiments/uint8_const_chain/in_0512	0	60	0	0	0.0000	-	-	-
libfuzzer-entropic	/home/tephra/experiments/uint8_const_chain/tc_1024.c	/home/tephra/experiments/uint8_const_chain/in_1024	0	60	0	0	0.0000	-	-	-
libfuzzer-entropic	/home/tephra/experiments/uint8_const_chain/tc_2048.c	/home/tephra/experiments/uint8_const_chain/in_2048	0	60	0	0	0.0000	-	-	-
libfuzzer-entropic	/home/tephra/experiments/uint8_const_chain/tc_4096.c	/home/tephra/experiments/uint8_const_chain/in_4096	0	60	0	0	0.0000	-	-	-
wingfuzz	/home/tephra/experiments/uint8_const_chain/tc_0016.c	/home/tephra/experiments/uint8_const_chain/in_0016	60	0	0	0	1.0000	989.1667	982.4195	995.9138
wingfuzz	/home/tephra/experiments/uint8_const_chain/tc_0032.c	/home/tephra/experiments/uint8_const_chain/in_0032	60	0	0	0	1.0000	4192.1000	4172.3644	4211.8356
wingfuzz	/home/tephra/experiments/uint8_const_chain/tc_0064.c	/home/tephra/experiments/uint8_const_chain/in_0064	60	0	0	0	1.0000	30734.6333	30603.6834	30865.5832
wingfuzz	/home/tephra/experiments/uint8_const_chain/tc_0128.c	/home/tephra/experiments/uint8_const_chain/in_0128	60	0	0	0	1.0000	147971.6167	147571.7437	148371.4896
wingfuzz	/home/tephra/experiments/uint8_const_chain/tc_0256.c	/home/tephra/experiments/uint8_const_chain/in_0256	50	10	0	0	0.8333	1133212.3800	1130004.0393	1136420.7207
wingfuzz	/home/tephra/experiments/uint8_const_chain/tc_0512.c	/home/tephra/experiments/uint8_const_chain/in_0512	0	60	0	0	0.0000	-	-	-
wingfuzz	/home/tephra/experiments/uint8_const_chain/tc_1024.c	/home/tephra/experiments/uint8_const_chain/in_1024	0	60	0	0	0.0000	-	-	-
wingfuzz	/home/tephra/experiments/uint8_const_chain/tc_2048.c	/home/tephra/experiments/uint8_const_chain/in_2048	0	60	0	0	0.0000	-	-	-
wingfuzz	/home/tephra/experiments/uint8_const_chain/tc_4096.c	/home/tephra/experiments/uint8_const_chain/in_4096	0	60	0	0	0.0000	-	-	-
libafl	/home/tephra/experiments/uint8_const_chain/tc_0016.c	/home/tephra/experiments/uint8_const_chain/in_0016	0	60	0	0	0.0000	-	-	-
libafl	/home/tephra/experiments/uint8_const_chain/tc_0032.c	/home/tephra/experiments/uint8_const_chain/in_0032	0	60	0	0	0.0000	-	-	-
libafl	/home/tephra/experiments/uint8_const_chain/tc_0064.c	/home/tephra/experiments/uint8_const_chain/in_0064	0	60	0	0	0.0000	-	-	-
libafl	/home/tephra/experiments/uint8_const_chain/tc_0128.c	/home/tephra/experiments/uint8_const_chain/in_0128	0	60	0	0	0.0000	-	-	-
libafl	/home/tephra/experiments/uint8_const_chain/tc_0256.c	/home/tephra/experiments/uint8_const_chain/in_0256	0	60	0	0	0.0000	-	-	-
libafl	/home/tephra/experiments/uint8_const_chain/tc_0512.c	/home/tephra/experiments/uint8_const_chain/in_0512	0	60	0	0	0.0000	-	-	-
libafl	/home/tephra/experiments/uint8_const_chain/tc_1024.c	/home/tephra/experiments/uint8_const_chain/in_1024	0	60	0	0	0.0000	-	-	-
libafl	/home/tephra/experiments/uint8_const_chain/tc_2048.c	/home/tephra/experiments/uint8_const_chain/in_2048	0	60	0	0	0.0000	-	-	-
libafl	/home/tephra/experiments/uint8_const_chain/tc_4096.c	/home/tephra/experiments/uint8_const_chain/in_4096	0	60	0	0	0.0000	-	-	-
libafl-libfuzzer	/home/tephra/experiments/uint8_const_chain/tc_0016.c	/home/tephra/experiments/uint8_const_chain/in_0016	60	0	0	0	1.0000	7558.1000	7497.4742	7618.7258
libafl-libfuzzer	/home/tephra/experiments/uint8_const_chain/tc_0032.c	/home/tephra/experiments/uint8_const_chain/in_0032	60	0	0	0	1.0000	32377.6000	31853.0570	32902.1430
libafl-libfuzzer	/home/tephra/experiments/uint8_const_chain/tc_0064.c	/home/tephra/experiments/uint8_const_chain/in_0064	59	1	0	0	0.9833	288178.1695	282181.0972	294175.2418
libafl-libfuzzer	/home/tephra/experiments/uint8_const_chain/tc_0128.c	/home/tephra/experiments/uint8_const_chain/in_0128	0	60	0	0	0.0000	-	-	-
libafl-libfuzzer	/home/tephra/experiments/uint8_const_chain/tc_0256.c	/home/tephra/experiments/uint8_const_chain/in_0256	0	60	0	0	0.0000	-	-	-
libafl-libfuzzer	/home/tephra/experiments/uint8_const_chain/tc_0512.c	/home/tephra/experiments/uint8_const_chain/in_0512	0	60	0	0	0.0000	-	-	-
libafl-libfuzzer	/home/tephra/experiments/uint8_const_chain/tc_1024.c	/home/tephra/experiments/uint8_const_chain/in_1024	0	60	0	0	0.0000	-	-	-
libafl-libfuzzer	/home/tephra/experiments/uint8_const_chain/tc_2048.c	/home/tephra/experiments/uint8_const_chain/in_2048	0	60	0	0	0.0000	-	-	-
libafl-libfuzzer	/home/tephra/experiments/uint8_const_chain/tc_4096.c	/home/tephra/experiments/uint8_const_chain/in_4096	0	60	0	0	0.0000	-	-	-
ddfuzz	/home/tephra/experiments/uint8_const_chain/tc_0016.c	/home/tephra/experiments/uint8_const_chain/in_0016	51	9	0	0	0.8500	806868.5882	797951.1781	815785.9983
ddfuzz	/home/tephra/experiments/uint8_const_chain/tc_0032.c	/home/tephra/experiments/uint8_const_chain/in_0032	29	31	0	0	0.4833	-	-	-
ddfuzz	/home/tephra/experiments/uint8_const_chain/tc_0064.c	/home/tephra/experiments/uint8_const_chain/in_0064	0	60	0	0	0.0000	-	-	-
ddfuzz	/home/tephra/experiments/uint8_const_chain/tc_0128.c	/home/tephra/experiments/uint8_const_chain/in_0128	0	60	0	0	0.0000	-	-	-
ddfuzz	/home/tephra/experiments/uint8_const_chain/tc_0256.c	/home/tephra/experiments/uint8_const_chain/in_0256	0	60	0	0	0.0000	-	-	-
ddfuzz	/home/tephra/experiments/uint8_const_chain/tc_0512.c	/home/tephra/experiments/uint8_const_chain/in_0512	0	60	0	0	0.0000	-	-	-
ddfuzz	/home/tephra/experiments/uint8_const_chain/tc_1024.c	/home/tephra/experiments/uint8_const_chain/in_1024	0	60	0	0	0.0000	-	-	-
ddfuzz	/home/tephra/experiments/uint8_const_chain/tc_2048.c	/home/tephra/experiments/uint8_const_chain/in_2048	0	60	0	0	0.0000	-	-	-
ddfuzz	/home/tephra/experiments/uint8_const_chain/tc_4096.c	/home/tephra/experiments/uint8_const_chain/in_4096	0	60	0	0	0.0000	-	-	-
fairfuzz	/home/tephra/experiments/uint8_const_chain/tc_0016.c	/home/tephra/experiments/uint8_const_chain/in_0016	60	0	0	0	1.0000	7642.4000	7602.7700	7682.0300
fairfuzz	/home/tephra/experiments/uint8_const_chain/tc_0032.c	/home/tephra/experiments/uint8_const_chain/in_0032	60	0	0	0	1.0000	13411.4333	13389.3346	13433.5321
fairfuzz	/home/tephra/experiments/uint8_const_chain/tc_0064.c	/home/tephra/experiments/uint8_const_chain/in_0064	60	0	0	0	1.0000	46899.5500	46845.8976	46953.2024
fairfuzz	/home/tephra/experiments/uint8_const_chain/tc_0128.c	/home/tephra/experiments/uint8_const_chain/in_0128	58	2	0	0	0.9667	1147729.5862	1141968.8113	1153490.3611
fairfuzz	/home/tephra/experiments/uint8_const_chain/tc_0256.c	/home/tephra/experiments/uint8_const_chain/in_0256	0	60	0	0	0.0000	-	-	-
fairfuzz	/home/tephra/experiments/uint8_const_chain/tc_0512.c	/home/tephra/experiments/uint8_const_chain/in_0512	0	60	0	0	0.0000	-	-	-
fairfuzz	/home/tephra/experiments/uint8_const_chain/tc_1024.c	/home/tephra/experiments/uint8_const_chain/in_1024	0	60	0	0	0.0000	-	-	-
fairfuzz	/home/tephra/experiments/uint8_const_chain/tc_2048.c	/home/tephra/experiments/uint8_const_chain/in_2048	0	60	0	0	0.0000	-	-	-
fairfuzz	/home/tephra/experiments/uint8_const_chain/tc_4096.c	/home/tephra/experiments/uint8_const_chain/in_4096	0	60	0	0	0.0000	-	-	-
ecofuzz	/home/tephra/experiments/uint8_const_chain/tc_0016.c	/home/tephra/experiments/uint8_const_chain/in_0016	4	56	0	0	0.0667	-	-	-
ecofuzz	/home/tephra/experiments/uint8_const_chain/tc_0032.c	/home/tephra/experiments/uint8_const_chain/in_0032	12	48	0	0	0.2000	-	-	-
ecofuzz	/home/tephra/experiments/uint8_const_chain/tc_0064.c	/home/tephra/experiments/uint8_const_chain/in_0064	0	60	0	0	0.0000	-	-	-
ecofuzz	/home/tephra/experiments/uint8_const_chain/tc_0128.c	/home/tephra/experiments/uint8_const_chain/in_0128	0	60	0	0	0.0000	-	-	-
ecofuzz	/home/tephra/experiments/uint8_const_chain/tc_0256.c	/home/tephra/experiments/uint8_const_chain/in_0256	0	60	0	0	0.0000	-	-	-
ecofuzz	/home/tephra/experiments/uint8_const_chain/tc_0512.c	/home/tephra/experiments/uint8_const_chain/in_0512	0	60	0	0	0.0000	-	-	-
ecofuzz	/home/tephra/experiments/uint8_const_chain/tc_1024.c	/home/tephra/experiments/uint8_const_chain/in_1024	0	60	0	0	0.0000	-	-	-
ecofuzz	/home/tephra/experiments/uint8_const_chain/tc_2048.c	/home/tephra/experiments/uint8_const_chain/in_2048	0	60	0	0	0.0000	-	-	-
ecofuzz	/home/tephra/experiments/uint8_const_chain/tc_4096.c	/home/tephra/experiments/uint8_const_chain/in_4096	0	60	0	0	0.0000	-	-	-
fafuzz	/home/tephra/experiments/uint8_const_chain/tc_0016.c	/home/tephra/experiments/uint8_const_chain/in_0016	11	49	0	0	0.1833	-	-	-
fafuzz	/home/tephra/experiments/uint8_const_chain/tc_0032.c	/home/tephra/experiments/uint8_const_chain/in_0032	2	58	0	0	0.0333	-	-	-
fafuzz	/home/tephra/experiments/uint8_const_chain/tc_0064.c	/home/tephra/experiments/uint8_const_chain/in_0064	1	59	0	0	0.0167	-	-	-
fafuzz	/home/tephra/experiments/uint8_const_chain/tc_0128.c	/home/tephra/experiments/uint8_const_chain/in_0128	0	60	0	0	0.0000	-	-	-
fafuzz	/home/tephra/experiments/uint8_const_chain/tc_0256.c	/home/tephra/experiments/uint8_const_chain/in_0256	0	60	0	0	0.0000	-	-	-
fafuzz	/home/tephra/experiments/uint8_const_chain/tc_0512.c	/home/tephra/experiments/uint8_const_chain/in_0512	0	60	0	0	0.0000	-	-	-
fafuzz	/home/tephra/experiments/uint8_const_chain/tc_1024.c	/home/tephra/experiments/uint8_const_chain/in_1024	0	60	0	0	0.0000	-	-	-
fafuzz	/home/tephra/experiments/uint8_const_chain/tc_2048.c	/home/tephra/experiments/uint8_const_chain/in_2048	0	60	0	0	0.0000	-	-	-
fafuzz	/home/tephra/experiments/uint8_const_chain/tc_4096.c	/home/tephra/experiments/uint8_const_chain/in_4096	0	60	0	0	0.0000	-	-	-
darwin	/home/tephra/experiments/uint8_const_chain/tc_0016.c	/home/tephra/experiments/uint8_const_chain/in_0016	27	33	0	0	0.4500	-	-	-
darwin	/home/tephra/experiments/uint8_const_chain/tc_0032.c	/home/tephra/experiments/uint8_const_chain/in_0032	60	0	0	0	1.0000	109745.1167	109420.9670	110069.2663
darwin	/home/tephra/experiments/uint8_const_chain/tc_0064.c	/home/tephra/experiments/uint8_const_chain/in_0064	60	0	0	0	1.0000	429432.1167	427913.0258	430951.2075
darwin	/home/tephra/experiments/uint8_const_chain/tc_0128.c	/home/tephra/experiments/uint8_const_chain/in_0128	0	60	0	0	0.0000	-	-	-
darwin	/home/tephra/experiments/uint8_const_chain/tc_0256.c	/home/tephra/experiments/uint8_const_chain/in_0256	0	60	0	0	0.0000	-	-	-
darwin	/home/tephra/experiments/uint8_const_chain/tc_0512.c	/home/tephra/experiments/uint8_const_chain/in_0512	0	60	0	0	0.0000	-	-	-
darwin	/home/tephra/experiments/uint8_const_chain/tc_1024.c	/home/tephra/experiments/uint8_const_chain/in_1024	0	60	0	0	0.0000	-	-	-
darwin	/home/tephra/experiments/uint8_const_chain/tc_2048.c	/home/tephra/experiments/uint8_const_chain/in_2048	0	60	0	0	0.0000	-	-	-
darwin	/home/tephra/experiments/uint8_const_chain/tc_4096.c	/home/tephra/experiments/uint8_const_chain/in_4096	0	60	0	0	0.0000	-	-	-
aflgo	/home/tephra/experiments/uint8_const_chain/tc_0001.c	/home/tephra/experiments/uint8_const_chain/in_0001	60	0	0	0	1.0000	224.3667	224.1466	224.5867
aflgo	/home/tephra/experiments/uint8_const_chain/tc_0002.c	/home/tephra/experiments/uint8_const_chain/in_0002	60	0	0	0	1.0000	20092.6000	19927.3485	20257.8515
aflgo	/home/tephra/experiments/uint8_const_chain/tc_0003.c	/home/tephra/experiments/uint8_const_chain/in_0003	33	27	0	0	0.5500	1648726.4848	1636271.4601	1661181.5096
aflgo	/home/tephra/experiments/uint8_const_chain/tc_0004.c	/home/tephra/experiments/uint8_const_chain/in_0004	0	60	0	0	0.0000	-	-	-
aflgo	/home/tephra/experiments/uint8_const_chain/tc_0005.c	/home/tephra/experiments/uint8_const_chain/in_0005	0	60	0	0	0.0000	-	-	-
aflgo	/home/tephra/experiments/uint8_const_chain/tc_0006.c	/home/tephra/experiments/uint8_const_chain/in_0006	0	60	0	0	0.0000	-	-	-
aflgo	/home/tephra/experiments/uint8_const_chain/tc_0007.c	/home/tephra/experiments/uint8_const_chain/in_0007	0	60	0	0	0.0000	-	-	-
aflgo	/home/tephra/experiments/uint8_const_chain/tc_0008.c	/home/tephra/experiments/uint8_const_chain/in_0008	0	60	0	0	0.0000	-	-	-
aflgo	/home/tephra/experiments/uint8_const_chain/tc_0009.c	/home/tephra/experiments/uint8_const_chain/in_0009	0	60	0	0	0.0000	-	-	-
aflgo	/home/tephra/experiments/uint8_const_chain/tc_0010.c	/home/tephra/experiments/uint8_const_chain/in_0010	0	60	0	0	0.0000	-	-	-
afl++-qemu-cmplog	/home/tephra/experiments/uint8_const_chain/tc_0001.c	/home/tephra/experiments/uint8_const_chain/in_0001	60	0	0	0	1.0000	312.6000	312.4271	312.7729
afl++-qemu-cmplog	/home/tephra/experiments/uint8_const_chain/tc_0002.c	/home/tephra/experiments/uint8_const_chain/in_0002	60	0	0	0	1.0000	1016.0500	1008.8960	1023.2040
afl++-qemu-cmplog	/home/tephra/experiments/uint8_const_chain/tc_0003.c	/home/tephra/experiments/uint8_const_chain/in_0003	60	0	0	0	1.0000	1344.2000	1338.2168	1350.1832
afl++-qemu-cmplog	/home/tephra/experiments/uint8_const_chain/tc_0004.c	/home/tephra/experiments/uint8_const_chain/in_0004	0	60	0	0	0.0000	-	-	-
afl++-qemu-cmplog	/home/tephra/experiments/uint8_const_chain/tc_0005.c	/home/tephra/experiments/uint8_const_chain/in_0005	0	60	0	0	0.0000	-	-	-
afl++-qemu-cmplog	/home/tephra/experiments/uint8_const_chain/tc_0006.c	/home/tephra/experiments/uint8_const_chain/in_0006	0	60	0	0	0.0000	-	-	-
afl++-qemu-cmplog	/home/tephra/experiments/uint8_const_chain/tc_0007.c	/home/tephra/experiments/uint8_const_chain/in_0007	0	60	0	0	0.0000	-	-	-
afl++-qemu-cmplog	/home/tephra/experiments/uint8_const_chain/tc_0008.c	/home/tephra/experiments/uint8_const_chain/in_0008	0	60	0	0	0.0000	-	-	-
afl++-qemu-cmplog	/home/tephra/experiments/uint8_const_chain/tc_0009.c	/home/tephra/experiments/uint8_const_chain/in_0009	0	60	0	0	0.0000	-	-	-
afl++-qemu-cmplog	/home/tephra/experiments/uint8_const_chain/tc_0010.c	/home/tephra/experiments/uint8_const_chain/in_0010	0	60	0	0	0.0000	-	-	-
afl++-qemu-compcov	/home/tephra/experiments/uint8_const_chain/tc_0001.c	/home/tephra/experiments/uint8_const_chain/in_0001	60	0	0	0	1.0000	313.6167	313.3112	313.9221
afl++-qemu-compcov	/home/tephra/experiments/uint8_const_chain/tc_0002.c	/home/tephra/experiments/uint8_const_chain/in_0002	60	0	0	0	1.0000	1551.5167	1539.2852	1563.7481
afl++-qemu-compcov	/home/tephra/experiments/uint8_const_chain/tc_0003.c	/home/tephra/experiments/uint8_const_chain/in_0003	60	0	0	0	1.0000	3265.7500	3243.8554	3287.6446
afl++-qemu-compcov	/home/tephra/experiments/uint8_const_chain/tc_0004.c	/home/tephra/experiments/uint8_const_chain/in_0004	60	0	0	0	1.0000	10988.6333	10914.5230	11062.7437
afl++-qemu-compcov	/home/tephra/experiments/uint8_const_chain/tc_0005.c	/home/tephra/experiments/uint8_const_chain/in_0005	60	0	0	0	1.0000	22292.3000	22187.0364	22397.5636
afl++-qemu-compcov	/home/tephra/experiments/uint8_const_chain/tc_0006.c	/home/tephra/experiments/uint8_const_chain/in_0006	60	0	0	0	1.0000	27562.2667	27377.6250	27746.9084
afl++-qemu-compcov	/home/tephra/experiments/uint8_const_chain/tc_0007.c	/home/tephra/experiments/uint8_const_chain/in_0007	60	0	0	0	1.0000	31917.0667	31786.5493	32047.5840
afl++-qemu-compcov	/home/tephra/experiments/uint8_const_chain/tc_0008.c	/home/tephra/experiments/uint8_const_chain/in_0008	60	0	0	0	1.0000	91983.0000	91555.8194	92410.1806
afl++-qemu-compcov	/home/tephra/experiments/uint8_const_chain/tc_0009.c	/home/tephra/experiments/uint8_const_chain/in_0009	60	0	0	0	1.0000	95235.3667	94734.1462	95736.5871
afl++-qemu-compcov	/home/tephra/experiments/uint8_const_chain/tc_0010.c	/home/tephra/experiments/uint8_const_chain/in_0010	60	0	0	0	1.0000	101285.1500	100830.7146	101739.5854
honggfuzz-qemu	/home/tephra/experiments/uint8_const_chain/tc_0001.c	/home/tephra/experiments/uint8_const_chain/in_0001	60	0	0	0	1.0000	4114.5667	4075.0994	4154.0340
honggfuzz-qemu	/home/tephra/experiments/uint8_const_chain/tc_0002.c	/home/tephra/experiments/uint8_const_chain/in_0002	60	0	0	0	1.0000	21394.7333	21232.6232	21556.8435
honggfuzz-qemu	/home/tephra/experiments/uint8_const_chain/tc_0003.c	/home/tephra/experiments/uint8_const_chain/in_0003	60	0	0	0	1.0000	59278.6833	58899.3075	59658.0592
honggfuzz-qemu	/home/tephra/experiments/uint8_const_chain/tc_0004.c	/home/tephra/experiments/uint8_const_chain/in_0004	59	1	0	0	0.9833	170507.2712	168104.3056	172910.2368
honggfuzz-qemu	/home/tephra/experiments/uint8_const_chain/tc_0005.c	/home/tephra/experiments/uint8_const_chain/in_0005	60	0	0	0	1.0000	267479.1833	266097.2991	268861.0676
honggfuzz-qemu	/home/tephra/experiments/uint8_const_chain/tc_0006.c	/home/tephra/experiments/uint8_const_chain/in_0006	60	0	0	0	1.0000	409562.3833	407255.9330	411868.8337
honggfuzz-qemu	/home/tephra/experiments/uint8_const_chain/tc_0007.c	/home/tephra/experiments/uint8_const_chain/in_0007	60	0	0	0	1.0000	646202.3000	641207.3600	651197.2400
honggfuzz-qemu	/home/tephra/experiments/uint8_const_chain/tc_0008.c	/home/tephra/experiments/uint8_const_chain/in_0008	59	1	0	0	0.9833	574971.5085	572379.0996	577563.9174
honggfuzz-qemu	/home/tephra/experiments/uint8_const_chain/tc_0009.c	/home/tephra/experiments/uint8_const_chain/in_0009	59	1	0	0	0.9833	1032276.8983	1027587.4626	1036966.3340
honggfuzz-qemu	/home/tephra/experiments/uint8_const_chain/tc_0010.c	/home/tephra/experiments/uint8_const_chain/in_0010	50	10	0	0	0.8333	1778704.6000	1770966.3005	1786442.8995
dataflow	/home/tephra/experiments/uint8_const_chain/tc_0001.c	/home/tephra/experiments/uint8_const_chain/in_0001	60	0	0	0	1.0000	2247.4833	2247.0815	2247.8851
dataflow	/home/tephra/experiments/uint8_const_chain/tc_0002.c	/home/tephra/experiments/uint8_const_chain/in_0002	60	0	0	0	1.0000	19086.4167	18931.9478	19240.8855
dataflow	/home/tephra/experiments/uint8_const_chain/tc_0003.c	/home/tephra/experiments/uint8_const_chain/in_0003	19	41	0	0	0.3167	-	-	-
dataflow	/home/tephra/experiments/uint8_const_chain/tc_0004.c	/home/tephra/experiments/uint8_const_chain/in_0004	0	60	0	0	0.0000	-	-	-
dataflow	/home/tephra/experiments/uint8_const_chain/tc_0005.c	/home/tephra/experiments/uint8_const_chain/in_0005	0	60	0	0	0.0000	-	-	-
dataflow	/home/tephra/experiments/uint8_const_chain/tc_0006.c	/home/tephra/experiments/uint8_const_chain/in_0006	0	60	0	0	0.0000	-	-	-
dataflow	/home/tephra/experiments/uint8_const_chain/tc_0007.c	/home/tephra/experiments/uint8_const_chain/in_0007	0	60	0	0	0.0000	-	-	-
dataflow	/home/tephra/experiments/uint8_const_chain/tc_0008.c	/home/tephra/experiments/uint8_const_chain/in_0008	0	60	0	0	0.0000	-	-	-
dataflow	/home/tephra/experiments/uint8_const_chain/tc_0009.c	/home/tephra/experiments/uint8_const_chain/in_0009	0	60	0	0	0.0000	-	-	-
dataflow	/home/tephra/experiments/uint8_const_chain/tc_0010.c	/home/tephra/experiments/uint8_const_chain/in_0010	0	60	0	0	0.0000	-	-	-
klee	/home/tephra/experiments/uint8_const_chain/tc_0001.c	/home/tephra/experiments/uint8_const_chain/in_0001	60	0	0	0	1.0000	674.1167	673.7739	674.4594
klee	/home/tephra/experiments/uint8_const_chain/tc_0002.c	/home/tephra/experiments/uint8_const_chain/in_0002	60	0	0	0	1.0000	705.4167	705.2432	705.5901
klee	/home/tephra/experiments/uint8_const_chain/tc_0003.c	/home/tephra/experiments/uint8_const_chain/in_0003	60	0	0	0	1.0000	732.1500	731.9814	732.3186
klee	/home/tephra/experiments/uint8_const_chain/tc_0004.c	/home/tephra/experiments/uint8_const_chain/in_0004	60	0	0	0	1.0000	763.2667	763.0919	763.4414
klee	/home/tephra/experiments/uint8_const_chain/tc_0005.c	/home/tephra/experiments/uint8_const_chain/in_0005	60	0	0	0	1.0000	778.1167	777.9233	778.3100
klee	/home/tephra/experiments/uint8_const_chain/tc_0006.c	/home/tephra/experiments/uint8_const_chain/in_0006	60	0	0	0	1.0000	812.0667	811.9099	812.2234
klee	/home/tephra/experiments/uint8_const_chain/tc_0007.c	/home/tephra/experiments/uint8_const_chain/in_0007	60	0	0	0	1.0000	835.6000	835.4006	835.7994
klee	/home/tephra/experiments/uint8_const_chain/tc_0008.c	/home/tephra/experiments/uint8_const_chain/in_0008	60	0	0	0	1.0000	867.7000	867.5369	867.8631
klee	/home/tephra/experiments/uint8_const_chain/tc_0009.c	/home/tephra/experiments/uint8_const_chain/in_0009	60	0	0	0	1.0000	861.8333	861.3547	862.3119
klee	/home/tephra/experiments/uint8_const_chain/tc_0010.c	/home/tephra/experiments/uint8_const_chain/in_0010	60	0	0	0	1.0000	914.8500	914.5910	915.1090
symcc	/home/tephra/experiments/uint8_const_chain/tc_0001.c	/home/tephra/experiments/uint8_const_chain/in_0001	60	0	0	0	1.0000	1836.0833	1833.4143	1838.7524
symcc	/home/tephra/experiments/uint8_const_chain/tc_0002.c	/home/tephra/experiments/uint8_const_chain/in_0002	60	0	0	0	1.0000	4504.2833	4499.3334	4509.2333
symcc	/home/tephra/experiments/uint8_const_chain/tc_0003.c	/home/tephra/experiments/uint8_const_chain/in_0003	60	0	0	0	1.0000	10150.3500	10131.5639	10169.1361
symcc	/home/tephra/experiments/uint8_const_chain/tc_0004.c	/home/tephra/experiments/uint8_const_chain/in_0004	60	0	0	0	1.0000	25179.1500	25140.1002	25218.1998
symcc	/home/tephra/experiments/uint8_const_chain/tc_0005.c	/home/tephra/experiments/uint8_const_chain/in_0005	60	0	0	0	1.0000	54337.1000	54230.3034	54443.8966
symcc	/home/tephra/experiments/uint8_const_chain/tc_0006.c	/home/tephra/experiments/uint8_const_chain/in_0006	60	0	0	0	1.0000	131466.6500	131197.1160	131736.1840
symcc	/home/tephra/experiments/uint8_const_chain/tc_0007.c	/home/tephra/experiments/uint8_const_chain/in_0007	60	0	0	0	1.0000	316128.6667	315382.5439	316874.7894
symcc	/home/tephra/experiments/uint8_const_chain/tc_0008.c	/home/tephra/experiments/uint8_const_chain/in_0008	60	0	0	0	1.0000	877839.2667	875401.9291	880276.6043
symcc	/home/tephra/experiments/uint8_const_chain/tc_0009.c	/home/tephra/experiments/uint8_const_chain/in_0009	60	0	0	0	1.0000	1859010.2833	1853912.7115	1864107.8551
symcc	/home/tephra/experiments/uint8_const_chain/tc_0010.c	/home/tephra/experiments/uint8_const_chain/in_0010	27	33	0	0	0.4500	-	-	-
afl-qemu	/home/tephra/experiments/uint8_const_chain/tc_0001.c	/home/tephra/experiments/uint8_const_chain/in_0001	60	0	0	0	1.0000	262.0667	261.6414	262.4920
afl-qemu	/home/tephra/experiments/uint8_const_chain/tc_0002.c	/home/tephra/experiments/uint8_const_chain/in_0002	60	0	0	0	1.0000	129494.1500	128366.6167	130621.6833
afl-qemu	/home/tephra/experiments/uint8_const_chain/tc_0003.c	/home/tephra/experiments/uint8_const_chain/in_0003	60	0	0	0	1.0000	201791.1167	199049.0077	204533.2256
afl-qemu	/home/tephra/experiments/uint8_const_chain/tc_0004.c	/home/tephra/experiments/uint8_const_chain/in_0004	47	13	0	0	0.7833	1061142.7021	1053711.6065	1068573.7977
afl-qemu	/home/tephra/experiments/uint8_const_chain/tc_0005.c	/home/tephra/experiments/uint8_const_chain/in_0005	0	60	0	0	0.0000	-	-	-
afl-qemu	/home/tephra/experiments/uint8_const_chain/tc_0006.c	/home/tephra/experiments/uint8_const_chain/in_0006	0	60	0	0	0.0000	-	-	-
afl-qemu	/home/tephra/experiments/uint8_const_chain/tc_0007.c	/home/tephra/experiments/uint8_const_chain/in_0007	0	60	0	0	0.0000	-	-	-
afl-qemu	/home/tephra/experiments/uint8_const_chain/tc_0008.c	/home/tephra/experiments/uint8_const_chain/in_0008	0	60	0	0	0.0000	-	-	-
afl-qemu	/home/tephra/experiments/uint8_const_chain/tc_0009.c	/home/tephra/experiments/uint8_const_chain/in_0009	0	60	0	0	0.0000	-	-	-
afl-qemu	/home/tephra/experiments/uint8_const_chain/tc_0010.c	/home/tephra/experiments/uint8_const_chain/in_0010	0	60	0	0	0.0000	-	-	-
afl++-qemu-compcov	/home/tephra/experiments/uint8_const_chain/tc_0011.c	/home/tephra/experiments/uint8_const_chain/in_0011	60	0	0	0	1.0000	128924.1000	128346.6404	129501.5596
afl++-qemu-compcov	/home/tephra/experiments/uint8_const_chain/tc_0012.c	/home/tephra/experiments/uint8_const_chain/in_0012	60	0	0	0	1.0000	147061.2833	146450.6103	147671.9564
afl++-qemu-compcov	/home/tephra/experiments/uint8_const_chain/tc_0013.c	/home/tephra/experiments/uint8_const_chain/in_0013	60	0	0	0	1.0000	130710.2833	130130.9567	131289.6099
afl++-qemu-compcov	/home/tephra/experiments/uint8_const_chain/tc_0014.c	/home/tephra/experiments/uint8_const_chain/in_0014	60	0	0	0	1.0000	201829.9500	201139.1016	202520.7984
afl++-qemu-compcov	/home/tephra/experiments/uint8_const_chain/tc_0015.c	/home/tephra/experiments/uint8_const_chain/in_0015	60	0	0	0	1.0000	249108.4000	248445.6499	249771.1501
afl++-qemu-compcov	/home/tephra/experiments/uint8_const_chain/tc_0016.c	/home/tephra/experiments/uint8_const_chain/in_0016	0	60	0	0	0.0000	-	-	-
afl++-qemu-compcov	/home/tephra/experiments/uint8_const_chain/tc_0032.c	/home/tephra/experiments/uint8_const_chain/in_0032	0	60	0	0	0.0000	-	-	-
afl++-qemu-compcov	/home/tephra/experiments/uint8_const_chain/tc_0064.c	/home/tephra/experiments/uint8_const_chain/in_0064	0	60	0	0	0.0000	-	-	-
afl++-qemu-compcov	/home/tephra/experiments/uint8_const_chain/tc_0128.c	/home/tephra/experiments/uint8_const_chain/in_0128	0	60	0	0	0.0000	-	-	-
afl++-qemu-compcov	/home/tephra/experiments/uint8_const_chain/tc_0256.c	/home/tephra/experiments/uint8_const_chain/in_0256	0	60	0	0	0.0000	-	-	-
afl++-qemu-compcov	/home/tephra/experiments/uint8_const_chain/tc_0512.c	/home/tephra/experiments/uint8_const_chain/in_0512	0	60	0	0	0.0000	-	-	-
afl++-qemu-compcov	/home/tephra/experiments/uint8_const_chain/tc_1024.c	/home/tephra/experiments/uint8_const_chain/in_1024	0	60	0	0	0.0000	-	-	-
honggfuzz-qemu	/home/tephra/experiments/uint8_const_chain/tc_0011.c	/home/tephra/experiments/uint8_const_chain/in_0011	51	9	0	0	0.8500	1862644.6667	1856242.4550	1869046.8784
honggfuzz-qemu	/home/tephra/experiments/uint8_const_chain/tc_0012.c	/home/tephra/experiments/uint8_const_chain/in_0012	51	9	0	0	0.8500	2015562.0784	2008943.5416	2022180.6153
honggfuzz-qemu	/home/tephra/experiments/uint8_const_chain/tc_0013.c	/home/tephra/experiments/uint8_const_chain/in_0013	34	26	0	0	0.5667	2519748.4412	2512569.7674	2526927.1150
honggfuzz-qemu	/home/tephra/experiments/uint8_const_chain/tc_0014.c	/home/tephra/experiments/uint8_const_chain/in_0014	25	35	0	0	0.4167	-	-	-
honggfuzz-qemu	/home/tephra/experiments/uint8_const_chain/tc_0015.c	/home/tephra/experiments/uint8_const_chain/in_0015	9	51	0	0	0.1500	-	-	-
honggfuzz-qemu	/home/tephra/experiments/uint8_const_chain/tc_0016.c	/home/tephra/experiments/uint8_const_chain/in_0016	0	60	0	0	0.0000	-	-	-
honggfuzz-qemu	/home/tephra/experiments/uint8_const_chain/tc_0032.c	/home/tephra/experiments/uint8_const_chain/in_0032	0	60	0	0	0.0000	-	-	-
honggfuzz-qemu	/home/tephra/experiments/uint8_const_chain/tc_0064.c	/home/tephra/experiments/uint8_const_chain/in_0064	0	60	0	0	0.0000	-	-	-
honggfuzz-qemu	/home/tephra/experiments/uint8_const_chain/tc_0128.c	/home/tephra/experiments/uint8_const_chain/in_0128	0	60	0	0	0.0000	-	-	-
honggfuzz-qemu	/home/tephra/experiments/uint8_const_chain/tc_0256.c	/home/tephra/experiments/uint8_const_chain/in_0256	0	60	0	0	0.0000	-	-	-
honggfuzz-qemu	/home/tephra/experiments/uint8_const_chain/tc_0512.c	/home/tephra/experiments/uint8_const_chain/in_0512	0	60	0	0	0.0000	-	-	-
honggfuzz-qemu	/home/tephra/experiments/uint8_const_chain/tc_1024.c	/home/tephra/experiments/uint8_const_chain/in_1024	0	60	0	0	0.0000	-	-	-
symcc	/home/tephra/experiments/uint8_const_chain/tc_0011.c	/home/tephra/experiments/uint8_const_chain/in_0011	0	60	0	0	0.0000	-	-	-
symcc	/home/tephra/experiments/uint8_const_chain/tc_0012.c	/home/tephra/experiments/uint8_const_chain/in_0012	0	60	0	0	0.0000	-	-	-
symcc	/home/tephra/experiments/uint8_const_chain/tc_0013.c	/home/tephra/experiments/uint8_const_chain/in_0013	0	60	0	0	0.0000	-	-	-
symcc	/home/tephra/experiments/uint8_const_chain/tc_0014.c	/home/tephra/experiments/uint8_const_chain/in_0014	0	60	0	0	0.0000	-	-	-
symcc	/home/tephra/experiments/uint8_const_chain/tc_0015.c	/home/tephra/experiments/uint8_const_chain/in_0015	0	60	0	0	0.0000	-	-	-
symcc	/home/tephra/experiments/uint8_const_chain/tc_0016.c	/home/tephra/experiments/uint8_const_chain/in_0016	0	60	0	0	0.0000	-	-	-
symcc	/home/tephra/experiments/uint8_const_chain/tc_0032.c	/home/tephra/experiments/uint8_const_chain/in_0032	0	60	0	0	0.0000	-	-	-
symcc	/home/tephra/experiments/uint8_const_chain/tc_0064.c	/home/tephra/experiments/uint8_const_chain/in_0064	0	60	0	0	0.0000	-	-	-
symcc	/home/tephra/experiments/uint8_const_chain/tc_0128.c	/home/tephra/experiments/uint8_const_chain/in_0128	0	60	0	0	0.0000	-	-	-
symcc	/home/tephra/experiments/uint8_const_chain/tc_0256.c	/home/tephra/experiments/uint8_const_chain/in_0256	0	60	0	0	0.0000	-	-	-
symcc	/home/tephra/experiments/uint8_const_chain/tc_0512.c	/home/tephra/experiments/uint8_const_chain/in_0512	0	60	0	0	0.0000	-	-	-
symcc	/home/tephra/experiments/uint8_const_chain/tc_1024.c	/home/tephra/experiments/uint8_const_chain/in_1024	0	60	0	0	0.0000	-	-	-
klee	/home/tephra/experiments/uint8_const_chain/tc_0011.c	/home/tephra/experiments/uint8_const_chain/in_0011	60	0	0	0	1.0000	1094.5167	1093.2454	1095.7879
klee	/home/tephra/experiments/uint8_const_chain/tc_0012.c	/home/tephra/experiments/uint8_const_chain/in_0012	60	0	0	0	1.0000	1127.4333	1126.2262	1128.6405
klee	/home/tephra/experiments/uint8_const_chain/tc_0013.c	/home/tephra/experiments/uint8_const_chain/in_0013	60	0	0	0	1.0000	1149.1333	1147.9613	1150.3054
klee	/home/tephra/experiments/uint8_const_chain/tc_0014.c	/home/tephra/experiments/uint8_const_chain/in_0014	60	0	0	0	1.0000	1174.8333	1173.4458	1176.2209
klee	/home/tephra/experiments/uint8_const_chain/tc_0015.c	/home/tephra/experiments/uint8_const_chain/in_0015	60	0	0	0	1.0000	1180.6667	1179.1375	1182.1959
klee	/home/tephra/experiments/uint8_const_chain/tc_0016.c	/home/tephra/experiments/uint8_const_chain/in_0016	60	0	0	0	1.0000	1187.1667	1185.2302	1189.1031
klee	/home/tephra/experiments/uint8_const_chain/tc_0032.c	/home/tephra/experiments/uint8_const_chain/in_0032	60	0	0	0	1.0000	1561.6833	1558.5322	1564.8345
klee	/home/tephra/experiments/uint8_const_chain/tc_0064.c	/home/tephra/experiments/uint8_const_chain/in_0064	60	0	0	0	1.0000	2332.7333	2328.2361	2337.2306
klee	/home/tephra/experiments/uint8_const_chain/tc_0128.c	/home/tephra/experiments/uint8_const_chain/in_0128	60	0	0	0	1.0000	3770.9500	3764.0864	3777.8136
klee	/home/tephra/experiments/uint8_const_chain/tc_0256.c	/home/tephra/experiments/uint8_const_chain/in_0256	0	0	60	0	0.0000	-	-	-
klee	/home/tephra/experiments/uint8_const_chain/tc_0512.c	/home/tephra/experiments/uint8_const_chain/in_0512	0	0	60	0	0.0000	-	-	-
klee	/home/tephra/experiments/uint8_const_chain/tc_1024.c	/home/tephra/experiments/uint8_const_chain/in_1024	0	0	60	0	0.0000	-	-	-
klee	/home/tephra/experiments/uint8_const_chain/tc_16384.c	/home/tephra/experiments/uint8_const_chain/in_16384	0	0	0	60	0.0000	-	-	-
klee	/home/tephra/experiments/uint8_const_chain/tc_2048.c	/home/tephra/experiments/uint8_const_chain/in_2048	0	0	60	0	0.0000	-	-	-
klee	/home/tephra/experiments/uint8_const_chain/tc_32768.c	/home/tephra/experiments/uint8_const_chain/in_32768	0	0	0	60	0.0000	-	-	-
klee	/home/tephra/experiments/uint8_const_chain/tc_4096.c	/home/tephra/experiments/uint8_const_chain/in_4096	0	0	60	0	0.0000	-	-	-
klee	/home/tephra/experiments/uint8_const_chain/tc_8192.c	/home/tephra/experiments/uint8_const_chain/in_8192	0	0	60	0	0.0000	-	-	-
afl-clang-fast	/home/tephra/experiments/uint8_const_chain/tc_0011.c	/home/tephra/experiments/uint8_const_chain/in_0011	53	7	0	0	0.8833	1385713.2264	1378551.1001	1392875.3527
afl-clang-fast	/home/tephra/experiments/uint8_const_chain/tc_0012.c	/home/tephra/experiments/uint8_const_chain/in_0012	57	3	0	0	0.9500	1365766.7719	1359519.4971	1372014.0467
afl-clang-fast	/home/tephra/experiments/uint8_const_chain/tc_0013.c	/home/tephra/experiments/uint8_const_chain/in_0013	41	19	0	0	0.6833	1819126.3171	1811451.8001	1826800.8341
afl-clang-fast	/home/tephra/experiments/uint8_const_chain/tc_0014.c	/home/tephra/experiments/uint8_const_chain/in_0014	38	22	0	0	0.6333	2247386.6316	2239093.1266	2255680.1366
afl-clang-fast	/home/tephra/experiments/uint8_const_chain/tc_0015.c	/home/tephra/experiments/uint8_const_chain/in_0015	35	25	0	0	0.5833	2004830.6000	1995450.3989	2014210.8011
afl-libtokencap	/home/tephra/experiments/uint8_const_chain/tc_0011.c	/home/tephra/experiments/uint8_const_chain/in_0011	57	3	0	0	0.9500	1513723.0000	1506354.8491	1521091.1509
afl-libtokencap	/home/tephra/experiments/uint8_const_chain/tc_0012.c	/home/tephra/experiments/uint8_const_chain/in_0012	58	2	0	0	0.9667	1210973.5172	1205226.5038	1216720.5307
afl-libtokencap	/home/tephra/experiments/uint8_const_chain/tc_0013.c	/home/tephra/experiments/uint8_const_chain/in_0013	50	10	0	0	0.8333	1613490.8400	1607400.2143	1619581.4657
afl-libtokencap	/home/tephra/experiments/uint8_const_chain/tc_0014.c	/home/tephra/experiments/uint8_const_chain/in_0014	51	9	0	0	0.8500	1862260.8824	1854653.6945	1869868.0702
afl-libtokencap	/home/tephra/experiments/uint8_const_chain/tc_0015.c	/home/tephra/experiments/uint8_const_chain/in_0015	51	9	0	0	0.8500	1807924.7647	1800003.4918	1815846.0377
afl++	/home/tephra/experiments/uint8_const_chain/tc_0011.c	/home/tephra/experiments/uint8_const_chain/in_0011	6	54	0	0	0.1000	-	-	-
afl++	/home/tephra/experiments/uint8_const_chain/tc_0012.c	/home/tephra/experiments/uint8_const_chain/in_0012	60	0	0	0	1.0000	604.6000	600.6546	608.5454
afl++	/home/tephra/experiments/uint8_const_chain/tc_0013.c	/home/tephra/experiments/uint8_const_chain/in_0013	60	0	0	0	1.0000	2469.4000	2436.2479	2502.5521
afl++	/home/tephra/experiments/uint8_const_chain/tc_0014.c	/home/tephra/experiments/uint8_const_chain/in_0014	53	7	0	0	0.8833	1184615.8868	1175996.6419	1193235.1317
afl++	/home/tephra/experiments/uint8_const_chain/tc_0015.c	/home/tephra/experiments/uint8_const_chain/in_0015	0	60	0	0	0.0000	-	-	-
afl++-cmplog	/home/tephra/experiments/uint8_const_chain/tc_0011.c	/home/tephra/experiments/uint8_const_chain/in_0011	5	55	0	0	0.0833	-	-	-
afl++-cmplog	/home/tephra/experiments/uint8_const_chain/tc_0012.c	/home/tephra/experiments/uint8_const_chain/in_0012	60	0	0	0	1.0000	1360.3500	1351.0962	1369.6038
afl++-cmplog	/home/tephra/experiments/uint8_const_chain/tc_0013.c	/home/tephra/experiments/uint8_const_chain/in_0013	60	0	0	0	1.0000	8611.8500	8513.8872	8709.8128
afl++-cmplog	/home/tephra/experiments/uint8_const_chain/tc_0014.c	/home/tephra/experiments/uint8_const_chain/in_0014	31	29	0	0	0.5167	1438114.5806	1428450.9304	1447778.2309
afl++-cmplog	/home/tephra/experiments/uint8_const_chain/tc_0015.c	/home/tephra/experiments/uint8_const_chain/in_0015	0	60	0	0	0.0000	-	-	-
afl++-laf	/home/tephra/experiments/uint8_const_chain/tc_0011.c	/home/tephra/experiments/uint8_const_chain/in_0011	1	59	0	0	0.0167	-	-	-
afl++-laf	/home/tephra/experiments/uint8_const_chain/tc_0012.c	/home/tephra/experiments/uint8_const_chain/in_0012	60	0	0	0	1.0000	1232.9333	1224.6529	1241.2138
afl++-laf	/home/tephra/experiments/uint8_const_chain/tc_0013.c	/home/tephra/experiments/uint8_const_chain/in_0013	60	0	0	0	1.0000	8450.5500	8364.3919	8536.7081
afl++-laf	/home/tephra/experiments/uint8_const_chain/tc_0014.c	/home/tephra/experiments/uint8_const_chain/in_0014	14	46	0	0	0.2333	-	-	-
afl++-laf	/home/tephra/experiments/uint8_const_chain/tc_0015.c	/home/tephra/experiments/uint8_const_chain/in_0015	0	60	0	0	0.0000	-	-	-
ddfuzz	/home/tephra/experiments/uint8_const_chain/tc_0011.c	/home/tephra/experiments/uint8_const_chain/in_0011	0	60	0	0	0.0000	-	-	-
ddfuzz	/home/tephra/experiments/uint8_const_chain/tc_0012.c	/home/tephra/experiments/uint8_const_chain/in_0012	0	60	0	0	0.0000	-	-	-
ddfuzz	/home/tephra/experiments/uint8_const_chain/tc_0013.c	/home/tephra/experiments/uint8_const_chain/in_0013	0	60	0	0	0.0000	-	-	-
ddfuzz	/home/tephra/experiments/uint8_const_chain/tc_0014.c	/home/tephra/experiments/uint8_const_chain/in_0014	0	60	0	0	0.0000	-	-	-
ddfuzz	/home/tephra/experiments/uint8_const_chain/tc_0015.c	/home/tephra/experiments/uint8_const_chain/in_0015	0	60	0	0	0.0000	-	-	-
fafuzz	/home/tephra/experiments/uint8_const_chain/tc_0011.c	/home/tephra/experiments/uint8_const_chain/in_0011	52	8	0	0	0.8667	1648743.9038	1642580.6249	1654907.1828
fafuzz	/home/tephra/experiments/uint8_const_chain/tc_0012.c	/home/tephra/experiments/uint8_const_chain/in_0012	54	6	0	0	0.9000	1659358.5370	1652618.2245	1666098.8496
fafuzz	/home/tephra/experiments/uint8_const_chain/tc_0013.c	/home/tephra/experiments/uint8_const_chain/in_0013	43	17	0	0	0.7167	2277957.2791	2269741.5524	2286173.0057
fafuzz	/home/tephra/experiments/uint8_const_chain/tc_0014.c	/home/tephra/experiments/uint8_const_chain/in_0014	32	28	0	0	0.5333	2492326.8125	2484727.0794	2499926.5456
fafuzz	/home/tephra/experiments/uint8_const_chain/tc_0015.c	/home/tephra/experiments/uint8_const_chain/in_0015	27	33	0	0	0.4500	-	-	-
angora	/home/tephra/experiments/uint8_const_chain/tc_8192.c	/home/tephra/experiments/uint8_const_chain/in_8192	34	26	0	0	0.5667	3483492.5000	3482755.1373	3484229.8627
angora	/home/tephra/experiments/uint8_const_chain/tc_16384.c	/home/tephra/experiments/uint8_const_chain/in_16384	0	0	0	60	0.0000	-	-	-
angora	/home/tephra/experiments/uint8_const_chain/tc_32768.c	/home/tephra/experiments/uint8_const_chain/in_32768	0	0	0	60	0.0000	-	-	-
angora-mb	/home/tephra/experiments/uint8_const_chain/tc_8192.c	/home/tephra/experiments/uint8_const_chain/in_8192	33	27	0	0	0.5500	3445130.0303	3443911.4800	3446348.5807
angora-mb	/home/tephra/experiments/uint8_const_chain/tc_16384.c	/home/tephra/experiments/uint8_const_chain/in_16384	0	0	0	60	0.0000	-	-	-
angora-mb	/home/tephra/experiments/uint8_const_chain/tc_32768.c	/home/tephra/experiments/uint8_const_chain/in_32768	0	0	0	60	0.0000	-	-	-
angora-random	/home/tephra/experiments/uint8_const_chain/tc_8192.c	/home/tephra/experiments/uint8_const_chain/in_8192	60	0	0	0	1.0000	3142872.4333	3139034.5165	3146710.3502
angora-random	/home/tephra/experiments/uint8_const_chain/tc_16384.c	/home/tephra/experiments/uint8_const_chain/in_16384	0	0	0	60	0.0000	-	-	-
angora-random	/home/tephra/experiments/uint8_const_chain/tc_32768.c	/home/tephra/experiments/uint8_const_chain/in_32768	0	0	0	60	0.0000	-	-	-
libafl	/home/tephra/experiments/uint8_const_chain/tc_0011.c	/home/tephra/experiments/uint8_const_chain/in_0011	60	0	0	0	1.0000	11.3833	11.3691	11.3976
libafl	/home/tephra/experiments/uint8_const_chain/tc_0012.c	/home/tephra/experiments/uint8_const_chain/in_0012	60	0	0	0	1.0000	11.1000	11.0852	11.1148
libafl	/home/tephra/experiments/uint8_const_chain/tc_0013.c	/home/tephra/experiments/uint8_const_chain/in_0013	60	0	0	0	1.0000	12.2000	12.1826	12.2174
libafl	/home/tephra/experiments/uint8_const_chain/tc_0014.c	/home/tephra/experiments/uint8_const_chain/in_0014	60	0	0	0	1.0000	11.8833	11.8704	11.8962
libafl	/home/tephra/experiments/uint8_const_chain/tc_0015.c	/home/tephra/experiments/uint8_const_chain/in_0015	60	0	0	0	1.0000	13.9167	13.8959	13.9374
ecofuzz	/home/tephra/experiments/uint8_const_chain/tc_0011.c	/home/tephra/experiments/uint8_const_chain/in_0011	55	5	0	0	0.9167	1105970.0727	1100323.4948	1111616.6507
ecofuzz	/home/tephra/experiments/uint8_const_chain/tc_0012.c	/home/tephra/experiments/uint8_const_chain/in_0012	45	15	0	0	0.7500	1429161.5556	1421101.9605	1437221.1506
ecofuzz	/home/tephra/experiments/uint8_const_chain/tc_0013.c	/home/tephra/experiments/uint8_const_chain/in_0013	41	19	0	0	0.6833	1485701.5610	1477326.2631	1494076.8589
ecofuzz	/home/tephra/experiments/uint8_const_chain/tc_0014.c	/home/tephra/experiments/uint8_const_chain/in_0014	30	30	0	0	0.5000	-	-	-
ecofuzz	/home/tephra/experiments/uint8_const_chain/tc_0015.c	/home/tephra/experiments/uint8_const_chain/in_0015	28	32	0	0	0.4667	-	-	-
afl++-mopt	/home/tephra/experiments/uint8_const_chain/tc_0011.c	/home/tephra/experiments/uint8_const_chain/in_0011	27	33	0	0	0.4500	-	-	-
afl++-mopt	/home/tephra/experiments/uint8_const_chain/tc_0012.c	/home/tephra/experiments/uint8_const_chain/in_0012	60	0	0	0	1.0000	574.5167	571.5708	577.4625
afl++-mopt	/home/tephra/experiments/uint8_const_chain/tc_0013.c	/home/tephra/experiments/uint8_const_chain/in_0013	60	0	0	0	1.0000	19801.0167	19582.2435	20019.7899
afl++-mopt	/home/tephra/experiments/uint8_const_chain/tc_0014.c	/home/tephra/experiments/uint8_const_chain/in_0014	57	3	0	0	0.9500	1157492.1930	1149839.7129	1165144.6731
afl++-mopt	/home/tephra/experiments/uint8_const_chain/tc_0015.c	/home/tephra/experiments/uint8_const_chain/in_0015	0	60	0	0	0.0000	-	-	-
