fuzzer	put	corpus	success	timeout	invalid	error	ratio	ttt	cleft	cright
angora	/home/tephra/experiments/int16_const_chain/tc_0001.c	/home/tephra/experiments/int16_const_chain/in_0001	57	0	0	3	0.9500	1660.7895	1652.7658	1668.8131
angora	/home/tephra/experiments/int16_const_chain/tc_0002.c	/home/tephra/experiments/int16_const_chain/in_0002	57	0	0	3	0.9500	3066.5439	3046.6812	3086.4066
angora	/home/tephra/experiments/int16_const_chain/tc_0003.c	/home/tephra/experiments/int16_const_chain/in_0003	59	0	0	1	0.9833	5996.3729	5958.0897	6034.6561
angora	/home/tephra/experiments/int16_const_chain/tc_0004.c	/home/tephra/experiments/int16_const_chain/in_0004	60	0	0	0	1.0000	8596.6833	8554.0936	8639.2730
angora	/home/tephra/experiments/int16_const_chain/tc_0005.c	/home/tephra/experiments/int16_const_chain/in_0005	60	0	0	0	1.0000	8376.4500	8328.6101	8424.2899
angora	/home/tephra/experiments/int16_const_chain/tc_0006.c	/home/tephra/experiments/int16_const_chain/in_0006	60	0	0	0	1.0000	4785.5167	4756.7686	4814.2647
angora	/home/tephra/experiments/int16_const_chain/tc_0007.c	/home/tephra/experiments/int16_const_chain/in_0007	60	0	0	0	1.0000	6419.7000	6390.0581	6449.3419
angora	/home/tephra/experiments/int16_const_chain/tc_0008.c	/home/tephra/experiments/int16_const_chain/in_0008	60	0	0	0	1.0000	9004.5167	8967.8639	9041.1694
angora	/home/tephra/experiments/int16_const_chain/tc_0009.c	/home/tephra/experiments/int16_const_chain/in_0009	60	0	0	0	1.0000	8803.6167	8769.4945	8837.7388
angora	/home/tephra/experiments/int16_const_chain/tc_0010.c	/home/tephra/experiments/int16_const_chain/in_0010	60	0	0	0	1.0000	8887.5000	8850.8500	8924.1500
angora-mb	/home/tephra/experiments/int16_const_chain/tc_0001.c	/home/tephra/experiments/int16_const_chain/in_0001	60	0	0	0	1.0000	1834.9333	1829.1894	1840.6773
angora-mb	/home/tephra/experiments/int16_const_chain/tc_0002.c	/home/tephra/experiments/int16_const_chain/in_0002	60	0	0	0	1.0000	2368.1333	2361.3599	2374.9068
angora-mb	/home/tephra/experiments/int16_const_chain/tc_0003.c	/home/tephra/experiments/int16_const_chain/in_0003	60	0	0	0	1.0000	2751.0667	2743.1534	2758.9800
angora-mb	/home/tephra/experiments/int16_const_chain/tc_0004.c	/home/tephra/experiments/int16_const_chain/in_0004	60	0	0	0	1.0000	3668.2333	3654.8981	3681.5685
angora-mb	/home/tephra/experiments/int16_const_chain/tc_0005.c	/home/tephra/experiments/int16_const_chain/in_0005	60	0	0	0	1.0000	5853.5000	5838.6199	5868.3801
angora-mb	/home/tephra/experiments/int16_const_chain/tc_0006.c	/home/tephra/experiments/int16_const_chain/in_0006	60	0	0	0	1.0000	6837.1000	6801.6580	6872.5420
angora-mb	/home/tephra/experiments/int16_const_chain/tc_0007.c	/home/tephra/experiments/int16_const_chain/in_0007	60	0	0	0	1.0000	4685.4667	4661.1516	4709.7817
angora-mb	/home/tephra/experiments/int16_const_chain/tc_0008.c	/home/tephra/experiments/int16_const_chain/in_0008	60	0	0	0	1.0000	6036.5500	6020.6291	6052.4709
angora-mb	/home/tephra/experiments/int16_const_chain/tc_0009.c	/home/tephra/experiments/int16_const_chain/in_0009	60	0	0	0	1.0000	8555.5000	8522.0978	8588.9022
angora-mb	/home/tephra/experiments/int16_const_chain/tc_0010.c	/home/tephra/experiments/int16_const_chain/in_0010	59	0	0	1	0.9833	8734.3729	8709.5807	8759.1651
angora-random	/home/tephra/experiments/int16_const_chain/tc_0001.c	/home/tephra/experiments/int16_const_chain/in_0001	59	0	0	1	0.9833	31628.9661	31237.5982	32020.3341
angora-random	/home/tephra/experiments/int16_const_chain/tc_0002.c	/home/tephra/experiments/int16_const_chain/in_0002	59	0	0	1	0.9833	393744.3051	390350.7871	397137.8230
angora-random	/home/tephra/experiments/int16_const_chain/tc_0003.c	/home/tephra/experiments/int16_const_chain/in_0003	52	8	0	0	0.8667	980428.1538	971575.0949	989281.2128
angora-random	/home/tephra/experiments/int16_const_chain/tc_0004.c	/home/tephra/experiments/int16_const_chain/in_0004	56	4	0	0	0.9333	787714.5000	780625.6298	794803.3702
angora-random	/home/tephra/experiments/int16_const_chain/tc_0005.c	/home/tephra/experiments/int16_const_chain/in_0005	53	7	0	0	0.8833	896786.1321	888816.9922	904755.2719
angora-random	/home/tephra/experiments/int16_const_chain/tc_0006.c	/home/tephra/experiments/int16_const_chain/in_0006	53	5	0	2	0.8833	1422155.4528	1414505.8777	1429805.0280
angora-random	/home/tephra/experiments/int16_const_chain/tc_0007.c	/home/tephra/experiments/int16_const_chain/in_0007	59	0	0	1	0.9833	1145000.3051	1140059.3159	1149941.2943
angora-random	/home/tephra/experiments/int16_const_chain/tc_0008.c	/home/tephra/experiments/int16_const_chain/in_0008	59	0	0	1	0.9833	1332168.2542	1327274.1552	1337062.3533
angora-random	/home/tephra/experiments/int16_const_chain/tc_0009.c	/home/tephra/experiments/int16_const_chain/in_0009	59	0	0	1	0.9833	1301290.8305	1296853.6453	1305728.0157
angora-random	/home/tephra/experiments/int16_const_chain/tc_0010.c	/home/tephra/experiments/int16_const_chain/in_0010	59	0	0	1	0.9833	1274476.3051	1269544.4596	1279408.1505
afl-gcc	/home/tephra/experiments/int16_const_chain/tc_0001.c	/home/tephra/experiments/int16_const_chain/in_0001	60	0	0	0	1.0000	98705.1000	97395.4563	100014.7437
afl-gcc	/home/tephra/experiments/int16_const_chain/tc_0002.c	/home/tephra/experiments/int16_const_chain/in_0002	2	58	0	0	0.0333	-	-	-
afl-gcc	/home/tephra/experiments/int16_const_chain/tc_0003.c	/home/tephra/experiments/int16_const_chain/in_0003	0	60	0	0	0.0000	-	-	-
afl-gcc	/home/tephra/experiments/int16_const_chain/tc_0004.c	/home/tephra/experiments/int16_const_chain/in_0004	0	60	0	0	0.0000	-	-	-
afl-gcc	/home/tephra/experiments/int16_const_chain/tc_0005.c	/home/tephra/experiments/int16_const_chain/in_0005	0	60	0	0	0.0000	-	-	-
afl-gcc	/home/tephra/experiments/int16_const_chain/tc_0006.c	/home/tephra/experiments/int16_const_chain/in_0006	0	60	0	0	0.0000	-	-	-
afl-gcc	/home/tephra/experiments/int16_const_chain/tc_0007.c	/home/tephra/experiments/int16_const_chain/in_0007	0	60	0	0	0.0000	-	-	-
afl-gcc	/home/tephra/experiments/int16_const_chain/tc_0008.c	/home/tephra/experiments/int16_const_chain/in_0008	0	60	0	0	0.0000	-	-	-
afl-gcc	/home/tephra/experiments/int16_const_chain/tc_0009.c	/home/tephra/experiments/int16_const_chain/in_0009	0	60	0	0	0.0000	-	-	-
afl-gcc	/home/tephra/experiments/int16_const_chain/tc_0010.c	/home/tephra/experiments/int16_const_chain/in_0010	0	60	0	0	0.0000	-	-	-
afl-clang-fast	/home/tephra/experiments/int16_const_chain/tc_0001.c	/home/tephra/experiments/int16_const_chain/in_0001	60	0	0	0	1.0000	92026.9000	91398.4814	92655.3186
afl-clang-fast	/home/tephra/experiments/int16_const_chain/tc_0002.c	/home/tephra/experiments/int16_const_chain/in_0002	9	51	0	0	0.1500	-	-	-
afl-clang-fast	/home/tephra/experiments/int16_const_chain/tc_0003.c	/home/tephra/experiments/int16_const_chain/in_0003	0	60	0	0	0.0000	-	-	-
afl-clang-fast	/home/tephra/experiments/int16_const_chain/tc_0004.c	/home/tephra/experiments/int16_const_chain/in_0004	0	60	0	0	0.0000	-	-	-
afl-clang-fast	/home/tephra/experiments/int16_const_chain/tc_0005.c	/home/tephra/experiments/int16_const_chain/in_0005	0	60	0	0	0.0000	-	-	-
afl-clang-fast	/home/tephra/experiments/int16_const_chain/tc_0006.c	/home/tephra/experiments/int16_const_chain/in_0006	0	60	0	0	0.0000	-	-	-
afl-clang-fast	/home/tephra/experiments/int16_const_chain/tc_0007.c	/home/tephra/experiments/int16_const_chain/in_0007	0	60	0	0	0.0000	-	-	-
afl-clang-fast	/home/tephra/experiments/int16_const_chain/tc_0008.c	/home/tephra/experiments/int16_const_chain/in_0008	0	60	0	0	0.0000	-	-	-
afl-clang-fast	/home/tephra/experiments/int16_const_chain/tc_0009.c	/home/tephra/experiments/int16_const_chain/in_0009	0	60	0	0	0.0000	-	-	-
afl-clang-fast	/home/tephra/experiments/int16_const_chain/tc_0010.c	/home/tephra/experiments/int16_const_chain/in_0010	0	60	0	0	0.0000	-	-	-
afl-libtokencap	/home/tephra/experiments/int16_const_chain/tc_0001.c	/home/tephra/experiments/int16_const_chain/in_0001	60	0	0	0	1.0000	86290.5667	85784.2819	86796.8514
afl-libtokencap	/home/tephra/experiments/int16_const_chain/tc_0002.c	/home/tephra/experiments/int16_const_chain/in_0002	9	51	0	0	0.1500	-	-	-
afl-libtokencap	/home/tephra/experiments/int16_const_chain/tc_0003.c	/home/tephra/experiments/int16_const_chain/in_0003	0	60	0	0	0.0000	-	-	-
afl-libtokencap	/home/tephra/experiments/int16_const_chain/tc_0004.c	/home/tephra/experiments/int16_const_chain/in_0004	0	60	0	0	0.0000	-	-	-
afl-libtokencap	/home/tephra/experiments/int16_const_chain/tc_0005.c	/home/tephra/experiments/int16_const_chain/in_0005	0	60	0	0	0.0000	-	-	-
afl-libtokencap	/home/tephra/experiments/int16_const_chain/tc_0006.c	/home/tephra/experiments/int16_const_chain/in_0006	0	60	0	0	0.0000	-	-	-
afl-libtokencap	/home/tephra/experiments/int16_const_chain/tc_0007.c	/home/tephra/experiments/int16_const_chain/in_0007	0	60	0	0	0.0000	-	-	-
afl-libtokencap	/home/tephra/experiments/int16_const_chain/tc_0008.c	/home/tephra/experiments/int16_const_chain/in_0008	0	60	0	0	0.0000	-	-	-
afl-libtokencap	/home/tephra/experiments/int16_const_chain/tc_0009.c	/home/tephra/experiments/int16_const_chain/in_0009	0	60	0	0	0.0000	-	-	-
afl-libtokencap	/home/tephra/experiments/int16_const_chain/tc_0010.c	/home/tephra/experiments/int16_const_chain/in_0010	0	60	0	0	0.0000	-	-	-
radamsa	/home/tephra/experiments/int16_const_chain/tc_0001.c	/home/tephra/experiments/int16_const_chain/in_0001	59	0	1	0	0.9833	537222.9153	533334.8358	541110.9947
radamsa	/home/tephra/experiments/int16_const_chain/tc_0002.c	/home/tephra/experiments/int16_const_chain/in_0002	0	55	5	0	0.0000	-	-	-
radamsa	/home/tephra/experiments/int16_const_chain/tc_0003.c	/home/tephra/experiments/int16_const_chain/in_0003	0	51	9	0	0.0000	-	-	-
radamsa	/home/tephra/experiments/int16_const_chain/tc_0004.c	/home/tephra/experiments/int16_const_chain/in_0004	0	58	2	0	0.0000	-	-	-
radamsa	/home/tephra/experiments/int16_const_chain/tc_0005.c	/home/tephra/experiments/int16_const_chain/in_0005	0	57	3	0	0.0000	-	-	-
radamsa	/home/tephra/experiments/int16_const_chain/tc_0006.c	/home/tephra/experiments/int16_const_chain/in_0006	0	59	1	0	0.0000	-	-	-
radamsa	/home/tephra/experiments/int16_const_chain/tc_0007.c	/home/tephra/experiments/int16_const_chain/in_0007	0	54	6	0	0.0000	-	-	-
radamsa	/home/tephra/experiments/int16_const_chain/tc_0008.c	/home/tephra/experiments/int16_const_chain/in_0008	0	59	1	0	0.0000	-	-	-
radamsa	/home/tephra/experiments/int16_const_chain/tc_0009.c	/home/tephra/experiments/int16_const_chain/in_0009	0	57	3	0	0.0000	-	-	-
radamsa	/home/tephra/experiments/int16_const_chain/tc_0010.c	/home/tephra/experiments/int16_const_chain/in_0010	0	58	2	0	0.0000	-	-	-
dev-urandom	/home/tephra/experiments/int16_const_chain/tc_0001.c	/home/tephra/experiments/int16_const_chain/in_0001	60	0	0	0	1.0000	2774.1000	2750.4135	2797.7865
dev-urandom	/home/tephra/experiments/int16_const_chain/tc_0002.c	/home/tephra/experiments/int16_const_chain/in_0002	2	58	0	0	0.0333	-	-	-
dev-urandom	/home/tephra/experiments/int16_const_chain/tc_0003.c	/home/tephra/experiments/int16_const_chain/in_0003	0	60	0	0	0.0000	-	-	-
dev-urandom	/home/tephra/experiments/int16_const_chain/tc_0004.c	/home/tephra/experiments/int16_const_chain/in_0004	0	60	0	0	0.0000	-	-	-
dev-urandom	/home/tephra/experiments/int16_const_chain/tc_0005.c	/home/tephra/experiments/int16_const_chain/in_0005	0	60	0	0	0.0000	-	-	-
dev-urandom	/home/tephra/experiments/int16_const_chain/tc_0006.c	/home/tephra/experiments/int16_const_chain/in_0006	0	60	0	0	0.0000	-	-	-
dev-urandom	/home/tephra/experiments/int16_const_chain/tc_0007.c	/home/tephra/experiments/int16_const_chain/in_0007	0	60	0	0	0.0000	-	-	-
dev-urandom	/home/tephra/experiments/int16_const_chain/tc_0008.c	/home/tephra/experiments/int16_const_chain/in_0008	0	60	0	0	0.0000	-	-	-
dev-urandom	/home/tephra/experiments/int16_const_chain/tc_0009.c	/home/tephra/experiments/int16_const_chain/in_0009	0	60	0	0	0.0000	-	-	-
dev-urandom	/home/tephra/experiments/int16_const_chain/tc_0010.c	/home/tephra/experiments/int16_const_chain/in_0010	0	60	0	0	0.0000	-	-	-
afl++	/home/tephra/experiments/int16_const_chain/tc_0001.c	/home/tephra/experiments/int16_const_chain/in_0001	60	0	0	0	1.0000	4833.7667	4792.9263	4874.6070
afl++	/home/tephra/experiments/int16_const_chain/tc_0002.c	/home/tephra/experiments/int16_const_chain/in_0002	60	0	0	0	1.0000	272371.4333	268973.0260	275769.8407
afl++	/home/tephra/experiments/int16_const_chain/tc_0003.c	/home/tephra/experiments/int16_const_chain/in_0003	11	49	0	0	0.1833	-	-	-
afl++	/home/tephra/experiments/int16_const_chain/tc_0004.c	/home/tephra/experiments/int16_const_chain/in_0004	60	0	0	0	1.0000	211.7167	211.7030	211.7303
afl++	/home/tephra/experiments/int16_const_chain/tc_0005.c	/home/tephra/experiments/int16_const_chain/in_0005	43	17	0	0	0.7167	1195731.0930	1186596.6429	1204865.5431
afl++	/home/tephra/experiments/int16_const_chain/tc_0006.c	/home/tephra/experiments/int16_const_chain/in_0006	10	50	0	0	0.1667	-	-	-
afl++	/home/tephra/experiments/int16_const_chain/tc_0007.c	/home/tephra/experiments/int16_const_chain/in_0007	0	60	0	0	0.0000	-	-	-
afl++	/home/tephra/experiments/int16_const_chain/tc_0008.c	/home/tephra/experiments/int16_const_chain/in_0008	0	60	0	0	0.0000	-	-	-
afl++	/home/tephra/experiments/int16_const_chain/tc_0009.c	/home/tephra/experiments/int16_const_chain/in_0009	0	60	0	0	0.0000	-	-	-
afl++	/home/tephra/experiments/int16_const_chain/tc_0010.c	/home/tephra/experiments/int16_const_chain/in_0010	0	60	0	0	0.0000	-	-	-
afl++-cmplog	/home/tephra/experiments/int16_const_chain/tc_0001.c	/home/tephra/experiments/int16_const_chain/in_0001	60	0	0	0	1.0000	12903.6000	12816.6087	12990.5913
afl++-cmplog	/home/tephra/experiments/int16_const_chain/tc_0002.c	/home/tephra/experiments/int16_const_chain/in_0002	60	0	0	0	1.0000	262.5167	262.3032	262.7302
afl++-cmplog	/home/tephra/experiments/int16_const_chain/tc_0003.c	/home/tephra/experiments/int16_const_chain/in_0003	60	0	0	0	1.0000	257.6500	257.4376	257.8624
afl++-cmplog	/home/tephra/experiments/int16_const_chain/tc_0004.c	/home/tephra/experiments/int16_const_chain/in_0004	60	0	0	0	1.0000	253.1167	253.0839	253.1494
afl++-cmplog	/home/tephra/experiments/int16_const_chain/tc_0005.c	/home/tephra/experiments/int16_const_chain/in_0005	60	0	0	0	1.0000	251.4667	251.4417	251.4917
afl++-cmplog	/home/tephra/experiments/int16_const_chain/tc_0006.c	/home/tephra/experiments/int16_const_chain/in_0006	60	0	0	0	1.0000	2088.7500	2076.1100	2101.3900
afl++-cmplog	/home/tephra/experiments/int16_const_chain/tc_0007.c	/home/tephra/experiments/int16_const_chain/in_0007	3	57	0	0	0.0500	-	-	-
afl++-cmplog	/home/tephra/experiments/int16_const_chain/tc_0008.c	/home/tephra/experiments/int16_const_chain/in_0008	0	60	0	0	0.0000	-	-	-
afl++-cmplog	/home/tephra/experiments/int16_const_chain/tc_0009.c	/home/tephra/experiments/int16_const_chain/in_0009	0	60	0	0	0.0000	-	-	-
afl++-cmplog	/home/tephra/experiments/int16_const_chain/tc_0010.c	/home/tephra/experiments/int16_const_chain/in_0010	0	60	0	0	0.0000	-	-	-
afl++-laf	/home/tephra/experiments/int16_const_chain/tc_0001.c	/home/tephra/experiments/int16_const_chain/in_0001	60	0	0	0	1.0000	13175.2333	13071.8662	13278.6004
afl++-laf	/home/tephra/experiments/int16_const_chain/tc_0002.c	/home/tephra/experiments/int16_const_chain/in_0002	22	38	0	0	0.3667	-	-	-
afl++-laf	/home/tephra/experiments/int16_const_chain/tc_0003.c	/home/tephra/experiments/int16_const_chain/in_0003	0	60	0	0	0.0000	-	-	-
afl++-laf	/home/tephra/experiments/int16_const_chain/tc_0004.c	/home/tephra/experiments/int16_const_chain/in_0004	0	60	0	0	0.0000	-	-	-
afl++-laf	/home/tephra/experiments/int16_const_chain/tc_0005.c	/home/tephra/experiments/int16_const_chain/in_0005	0	60	0	0	0.0000	-	-	-
afl++-laf	/home/tephra/experiments/int16_const_chain/tc_0006.c	/home/tephra/experiments/int16_const_chain/in_0006	0	60	0	0	0.0000	-	-	-
afl++-laf	/home/tephra/experiments/int16_const_chain/tc_0007.c	/home/tephra/experiments/int16_const_chain/in_0007	0	60	0	0	0.0000	-	-	-
afl++-laf	/home/tephra/experiments/int16_const_chain/tc_0008.c	/home/tephra/experiments/int16_const_chain/in_0008	0	60	0	0	0.0000	-	-	-
afl++-laf	/home/tephra/experiments/int16_const_chain/tc_0009.c	/home/tephra/experiments/int16_const_chain/in_0009	0	60	0	0	0.0000	-	-	-
afl++-laf	/home/tephra/experiments/int16_const_chain/tc_0010.c	/home/tephra/experiments/int16_const_chain/in_0010	0	60	0	0	0.0000	-	-	-
afl++-mopt	/home/tephra/experiments/int16_const_chain/tc_0001.c	/home/tephra/experiments/int16_const_chain/in_0001	60	0	0	0	1.0000	11338.8333	11256.7240	11420.9426
afl++-mopt	/home/tephra/experiments/int16_const_chain/tc_0002.c	/home/tephra/experiments/int16_const_chain/in_0002	53	7	0	0	0.8833	948002.0189	939826.7679	956177.2698
afl++-mopt	/home/tephra/experiments/int16_const_chain/tc_0003.c	/home/tephra/experiments/int16_const_chain/in_0003	14	46	0	0	0.2333	-	-	-
afl++-mopt	/home/tephra/experiments/int16_const_chain/tc_0004.c	/home/tephra/experiments/int16_const_chain/in_0004	60	0	0	0	1.0000	222.8667	222.8523	222.8810
afl++-mopt	/home/tephra/experiments/int16_const_chain/tc_0005.c	/home/tephra/experiments/int16_const_chain/in_0005	45	15	0	0	0.7500	1175734.8000	1166184.8665	1185284.7335
afl++-mopt	/home/tephra/experiments/int16_const_chain/tc_0006.c	/home/tephra/experiments/int16_const_chain/in_0006	14	46	0	0	0.2333	-	-	-
afl++-mopt	/home/tephra/experiments/int16_const_chain/tc_0007.c	/home/tephra/experiments/int16_const_chain/in_0007	0	60	0	0	0.0000	-	-	-
afl++-mopt	/home/tephra/experiments/int16_const_chain/tc_0008.c	/home/tephra/experiments/int16_const_chain/in_0008	0	60	0	0	0.0000	-	-	-
afl++-mopt	/home/tephra/experiments/int16_const_chain/tc_0009.c	/home/tephra/experiments/int16_const_chain/in_0009	0	60	0	0	0.0000	-	-	-
afl++-mopt	/home/tephra/experiments/int16_const_chain/tc_0010.c	/home/tephra/experiments/int16_const_chain/in_0010	0	60	0	0	0.0000	-	-	-
honggfuzz	/home/tephra/experiments/int16_const_chain/tc_0001.c	/home/tephra/experiments/int16_const_chain/in_0001	60	0	0	0	1.0000	1005.4167	1005.4110	1005.4223
honggfuzz	/home/tephra/experiments/int16_const_chain/tc_0002.c	/home/tephra/experiments/int16_const_chain/in_0002	60	0	0	0	1.0000	1005.6167	1005.6115	1005.6218
honggfuzz	/home/tephra/experiments/int16_const_chain/tc_0003.c	/home/tephra/experiments/int16_const_chain/in_0003	60	0	0	0	1.0000	1005.7000	1005.6948	1005.7052
honggfuzz	/home/tephra/experiments/int16_const_chain/tc_0004.c	/home/tephra/experiments/int16_const_chain/in_0004	60	0	0	0	1.0000	1176.1167	1173.0350	1179.1983
honggfuzz	/home/tephra/experiments/int16_const_chain/tc_0005.c	/home/tephra/experiments/int16_const_chain/in_0005	60	0	0	0	1.0000	4126.4333	4099.5380	4153.3286
honggfuzz	/home/tephra/experiments/int16_const_chain/tc_0006.c	/home/tephra/experiments/int16_const_chain/in_0006	60	0	0	0	1.0000	5033.2833	5006.2253	5060.3414
honggfuzz	/home/tephra/experiments/int16_const_chain/tc_0007.c	/home/tephra/experiments/int16_const_chain/in_0007	60	0	0	0	1.0000	9729.9167	9630.4533	9829.3800
honggfuzz	/home/tephra/experiments/int16_const_chain/tc_0008.c	/home/tephra/experiments/int16_const_chain/in_0008	60	0	0	0	1.0000	12493.2667	12453.0382	12533.4951
honggfuzz	/home/tephra/experiments/int16_const_chain/tc_0009.c	/home/tephra/experiments/int16_const_chain/in_0009	60	0	0	0	1.0000	28776.9000	28414.3110	29139.4890
honggfuzz	/home/tephra/experiments/int16_const_chain/tc_0010.c	/home/tephra/experiments/int16_const_chain/in_0010	60	0	0	0	1.0000	24866.6167	24764.4072	24968.8261
libfuzzer	/home/tephra/experiments/int16_const_chain/tc_0001.c	/home/tephra/experiments/int16_const_chain/in_0001	60	0	0	0	1.0000	169.6000	169.5379	169.6621
libfuzzer	/home/tephra/experiments/int16_const_chain/tc_0002.c	/home/tephra/experiments/int16_const_chain/in_0002	60	0	0	0	1.0000	190.8167	190.6535	190.9798
libfuzzer	/home/tephra/experiments/int16_const_chain/tc_0003.c	/home/tephra/experiments/int16_const_chain/in_0003	60	0	0	0	1.0000	263.3000	262.6129	263.9871
libfuzzer	/home/tephra/experiments/int16_const_chain/tc_0004.c	/home/tephra/experiments/int16_const_chain/in_0004	60	0	0	0	1.0000	422.3333	420.9066	423.7600
libfuzzer	/home/tephra/experiments/int16_const_chain/tc_0005.c	/home/tephra/experiments/int16_const_chain/in_0005	60	0	0	0	1.0000	828.0000	823.8614	832.1386
libfuzzer	/home/tephra/experiments/int16_const_chain/tc_0006.c	/home/tephra/experiments/int16_const_chain/in_0006	60	0	0	0	1.0000	1378.1000	1370.1935	1386.0065
libfuzzer	/home/tephra/experiments/int16_const_chain/tc_0007.c	/home/tephra/experiments/int16_const_chain/in_0007	60	0	0	0	1.0000	2618.3833	2597.6913	2639.0754
libfuzzer	/home/tephra/experiments/int16_const_chain/tc_0008.c	/home/tephra/experiments/int16_const_chain/in_0008	60	0	0	0	1.0000	3092.3667	3076.9163	3107.8170
libfuzzer	/home/tephra/experiments/int16_const_chain/tc_0009.c	/home/tephra/experiments/int16_const_chain/in_0009	60	0	0	0	1.0000	4713.1333	4689.4956	4736.7711
libfuzzer	/home/tephra/experiments/int16_const_chain/tc_0010.c	/home/tephra/experiments/int16_const_chain/in_0010	60	0	0	0	1.0000	10819.3833	10775.9353	10862.8314
libfuzzer-entropic	/home/tephra/experiments/int16_const_chain/tc_0001.c	/home/tephra/experiments/int16_const_chain/in_0001	60	0	0	0	1.0000	161.8667	161.8014	161.9320
libfuzzer-entropic	/home/tephra/experiments/int16_const_chain/tc_0002.c	/home/tephra/experiments/int16_const_chain/in_0002	60	0	0	0	1.0000	189.1000	188.8487	189.3513
libfuzzer-entropic	/home/tephra/experiments/int16_const_chain/tc_0003.c	/home/tephra/experiments/int16_const_chain/in_0003	60	0	0	0	1.0000	276.0167	275.1400	276.8933
libfuzzer-entropic	/home/tephra/experiments/int16_const_chain/tc_0004.c	/home/tephra/experiments/int16_const_chain/in_0004	60	0	0	0	1.0000	506.1333	504.0368	508.2298
libfuzzer-entropic	/home/tephra/experiments/int16_const_chain/tc_0005.c	/home/tephra/experiments/int16_const_chain/in_0005	60	0	0	0	1.0000	1198.3000	1192.5036	1204.0964
libfuzzer-entropic	/home/tephra/experiments/int16_const_chain/tc_0006.c	/home/tephra/experiments/int16_const_chain/in_0006	60	0	0	0	1.0000	2128.9833	2117.4608	2140.5059
libfuzzer-entropic	/home/tephra/experiments/int16_const_chain/tc_0007.c	/home/tephra/experiments/int16_const_chain/in_0007	60	0	0	0	1.0000	4621.5000	4587.6152	4655.3848
libfuzzer-entropic	/home/tephra/experiments/int16_const_chain/tc_0008.c	/home/tephra/experiments/int16_const_chain/in_0008	60	0	0	0	1.0000	4704.4333	4687.1820	4721.6847
libfuzzer-entropic	/home/tephra/experiments/int16_const_chain/tc_0009.c	/home/tephra/experiments/int16_const_chain/in_0009	60	0	0	0	1.0000	8476.0500	8427.6350	8524.4650
libfuzzer-entropic	/home/tephra/experiments/int16_const_chain/tc_0010.c	/home/tephra/experiments/int16_const_chain/in_0010	60	0	0	0	1.0000	13750.7833	13665.3370	13836.2296
wingfuzz	/home/tephra/experiments/int16_const_chain/tc_0001.c	/home/tephra/experiments/int16_const_chain/in_0001	60	0	0	0	1.0000	13.0833	13.0146	13.1521
wingfuzz	/home/tephra/experiments/int16_const_chain/tc_0002.c	/home/tephra/experiments/int16_const_chain/in_0002	60	0	0	0	1.0000	240.4333	234.7127	246.1540
wingfuzz	/home/tephra/experiments/int16_const_chain/tc_0003.c	/home/tephra/experiments/int16_const_chain/in_0003	60	0	0	0	1.0000	464.9500	458.9438	470.9562
wingfuzz	/home/tephra/experiments/int16_const_chain/tc_0004.c	/home/tephra/experiments/int16_const_chain/in_0004	60	0	0	0	1.0000	781.7167	770.0849	793.3484
wingfuzz	/home/tephra/experiments/int16_const_chain/tc_0005.c	/home/tephra/experiments/int16_const_chain/in_0005	59	1	0	0	0.9833	4478.4915	4350.9546	4606.0284
wingfuzz	/home/tephra/experiments/int16_const_chain/tc_0006.c	/home/tephra/experiments/int16_const_chain/in_0006	60	0	0	0	1.0000	2484.5500	2457.4582	2511.6418
wingfuzz	/home/tephra/experiments/int16_const_chain/tc_0007.c	/home/tephra/experiments/int16_const_chain/in_0007	60	0	0	0	1.0000	3333.4000	3279.2110	3387.5890
wingfuzz	/home/tephra/experiments/int16_const_chain/tc_0008.c	/home/tephra/experiments/int16_const_chain/in_0008	60	0	0	0	1.0000	3166.4333	3139.1269	3193.7398
wingfuzz	/home/tephra/experiments/int16_const_chain/tc_0009.c	/home/tephra/experiments/int16_const_chain/in_0009	60	0	0	0	1.0000	4666.8500	4616.0379	4717.6621
wingfuzz	/home/tephra/experiments/int16_const_chain/tc_0010.c	/home/tephra/experiments/int16_const_chain/in_0010	60	0	0	0	1.0000	9911.1333	9778.3774	10043.8892
libafl	/home/tephra/experiments/int16_const_chain/tc_0001.c	/home/tephra/experiments/int16_const_chain/in_0001	60	0	0	0	1.0000	10.7167	10.7021	10.7313
libafl	/home/tephra/experiments/int16_const_chain/tc_0002.c	/home/tephra/experiments/int16_const_chain/in_0002	60	0	0	0	1.0000	11.2500	11.2346	11.2654
libafl	/home/tephra/experiments/int16_const_chain/tc_0003.c	/home/tephra/experiments/int16_const_chain/in_0003	60	0	0	0	1.0000	11.6500	11.6360	11.6640
libafl	/home/tephra/experiments/int16_const_chain/tc_0004.c	/home/tephra/experiments/int16_const_chain/in_0004	60	0	0	0	1.0000	10.8500	10.8356	10.8644
libafl	/home/tephra/experiments/int16_const_chain/tc_0005.c	/home/tephra/experiments/int16_const_chain/in_0005	60	0	0	0	1.0000	11.4500	11.4353	11.4647
libafl	/home/tephra/experiments/int16_const_chain/tc_0006.c	/home/tephra/experiments/int16_const_chain/in_0006	60	0	0	0	1.0000	11.8500	11.8338	11.8662
libafl	/home/tephra/experiments/int16_const_chain/tc_0007.c	/home/tephra/experiments/int16_const_chain/in_0007	60	0	0	0	1.0000	11.8667	11.8480	11.8853
libafl	/home/tephra/experiments/int16_const_chain/tc_0008.c	/home/tephra/experiments/int16_const_chain/in_0008	0	60	0	0	0.0000	-	-	-
libafl	/home/tephra/experiments/int16_const_chain/tc_0009.c	/home/tephra/experiments/int16_const_chain/in_0009	0	60	0	0	0.0000	-	-	-
libafl	/home/tephra/experiments/int16_const_chain/tc_0010.c	/home/tephra/experiments/int16_const_chain/in_0010	0	60	0	0	0.0000	-	-	-
libafl-libfuzzer	/home/tephra/experiments/int16_const_chain/tc_0001.c	/home/tephra/experiments/int16_const_chain/in_0001	60	0	0	0	1.0000	582.4500	577.9900	586.9100
libafl-libfuzzer	/home/tephra/experiments/int16_const_chain/tc_0002.c	/home/tephra/experiments/int16_const_chain/in_0002	58	2	0	0	0.9667	875122.0690	868843.0008	881401.1371
libafl-libfuzzer	/home/tephra/experiments/int16_const_chain/tc_0003.c	/home/tephra/experiments/int16_const_chain/in_0003	45	15	0	0	0.7500	1362516.2222	1352825.0903	1372207.3542
libafl-libfuzzer	/home/tephra/experiments/int16_const_chain/tc_0004.c	/home/tephra/experiments/int16_const_chain/in_0004	10	50	0	0	0.1667	-	-	-
libafl-libfuzzer	/home/tephra/experiments/int16_const_chain/tc_0005.c	/home/tephra/experiments/int16_const_chain/in_0005	4	56	0	0	0.0667	-	-	-
libafl-libfuzzer	/home/tephra/experiments/int16_const_chain/tc_0006.c	/home/tephra/experiments/int16_const_chain/in_0006	14	46	0	0	0.2333	-	-	-
libafl-libfuzzer	/home/tephra/experiments/int16_const_chain/tc_0007.c	/home/tephra/experiments/int16_const_chain/in_0007	2	58	0	0	0.0333	-	-	-
libafl-libfuzzer	/home/tephra/experiments/int16_const_chain/tc_0008.c	/home/tephra/experiments/int16_const_chain/in_0008	0	60	0	0	0.0000	-	-	-
libafl-libfuzzer	/home/tephra/experiments/int16_const_chain/tc_0009.c	/home/tephra/experiments/int16_const_chain/in_0009	0	60	0	0	0.0000	-	-	-
libafl-libfuzzer	/home/tephra/experiments/int16_const_chain/tc_0010.c	/home/tephra/experiments/int16_const_chain/in_0010	0	60	0	0	0.0000	-	-	-
ddfuzz	/home/tephra/experiments/int16_const_chain/tc_0001.c	/home/tephra/experiments/int16_const_chain/in_0001	60	0	0	0	1.0000	18984.8167	18819.3518	19150.2816
ddfuzz	/home/tephra/experiments/int16_const_chain/tc_0002.c	/home/tephra/experiments/int16_const_chain/in_0002	8	52	0	0	0.1333	-	-	-
ddfuzz	/home/tephra/experiments/int16_const_chain/tc_0003.c	/home/tephra/experiments/int16_const_chain/in_0003	5	55	0	0	0.0833	-	-	-
ddfuzz	/home/tephra/experiments/int16_const_chain/tc_0004.c	/home/tephra/experiments/int16_const_chain/in_0004	6	54	0	0	0.1000	-	-	-
ddfuzz	/home/tephra/experiments/int16_const_chain/tc_0005.c	/home/tephra/experiments/int16_const_chain/in_0005	0	60	0	0	0.0000	-	-	-
ddfuzz	/home/tephra/experiments/int16_const_chain/tc_0006.c	/home/tephra/experiments/int16_const_chain/in_0006	1	59	0	0	0.0167	-	-	-
ddfuzz	/home/tephra/experiments/int16_const_chain/tc_0007.c	/home/tephra/experiments/int16_const_chain/in_0007	0	60	0	0	0.0000	-	-	-
ddfuzz	/home/tephra/experiments/int16_const_chain/tc_0008.c	/home/tephra/experiments/int16_const_chain/in_0008	0	60	0	0	0.0000	-	-	-
ddfuzz	/home/tephra/experiments/int16_const_chain/tc_0009.c	/home/tephra/experiments/int16_const_chain/in_0009	0	60	0	0	0.0000	-	-	-
ddfuzz	/home/tephra/experiments/int16_const_chain/tc_0010.c	/home/tephra/experiments/int16_const_chain/in_0010	0	60	0	0	0.0000	-	-	-
fairfuzz	/home/tephra/experiments/int16_const_chain/tc_0001.c	/home/tephra/experiments/int16_const_chain/in_0001	60	0	0	0	1.0000	32213.4000	31936.2805	32490.5195
fairfuzz	/home/tephra/experiments/int16_const_chain/tc_0002.c	/home/tephra/experiments/int16_const_chain/in_0002	60	0	0	0	1.0000	431870.7000	428503.7792	435237.6208
fairfuzz	/home/tephra/experiments/int16_const_chain/tc_0003.c	/home/tephra/experiments/int16_const_chain/in_0003	60	0	0	0	1.0000	389806.4500	386111.0136	393501.8864
fairfuzz	/home/tephra/experiments/int16_const_chain/tc_0004.c	/home/tephra/experiments/int16_const_chain/in_0004	60	0	0	0	1.0000	689406.5333	684670.3517	694142.7150
fairfuzz	/home/tephra/experiments/int16_const_chain/tc_0005.c	/home/tephra/experiments/int16_const_chain/in_0005	57	3	0	0	0.9500	884413.8596	876956.4652	891871.2541
fairfuzz	/home/tephra/experiments/int16_const_chain/tc_0006.c	/home/tephra/experiments/int16_const_chain/in_0006	60	0	0	0	1.0000	56000.1500	55498.6770	56501.6230
fairfuzz	/home/tephra/experiments/int16_const_chain/tc_0007.c	/home/tephra/experiments/int16_const_chain/in_0007	22	38	0	0	0.3667	-	-	-
fairfuzz	/home/tephra/experiments/int16_const_chain/tc_0008.c	/home/tephra/experiments/int16_const_chain/in_0008	60	0	0	0	1.0000	185224.5333	183716.7047	186732.3620
fairfuzz	/home/tephra/experiments/int16_const_chain/tc_0009.c	/home/tephra/experiments/int16_const_chain/in_0009	16	44	0	0	0.2667	-	-	-
fairfuzz	/home/tephra/experiments/int16_const_chain/tc_0010.c	/home/tephra/experiments/int16_const_chain/in_0010	21	39	0	0	0.3500	-	-	-
ecofuzz	/home/tephra/experiments/int16_const_chain/tc_0001.c	/home/tephra/experiments/int16_const_chain/in_0001	60	0	0	0	1.0000	57488.7500	57086.6580	57890.8420
ecofuzz	/home/tephra/experiments/int16_const_chain/tc_0002.c	/home/tephra/experiments/int16_const_chain/in_0002	60	0	0	0	1.0000	27806.4167	27593.1491	28019.6842
ecofuzz	/home/tephra/experiments/int16_const_chain/tc_0003.c	/home/tephra/experiments/int16_const_chain/in_0003	4	56	0	0	0.0667	-	-	-
ecofuzz	/home/tephra/experiments/int16_const_chain/tc_0004.c	/home/tephra/experiments/int16_const_chain/in_0004	0	60	0	0	0.0000	-	-	-
ecofuzz	/home/tephra/experiments/int16_const_chain/tc_0005.c	/home/tephra/experiments/int16_const_chain/in_0005	1	59	0	0	0.0167	-	-	-
ecofuzz	/home/tephra/experiments/int16_const_chain/tc_0006.c	/home/tephra/experiments/int16_const_chain/in_0006	0	60	0	0	0.0000	-	-	-
ecofuzz	/home/tephra/experiments/int16_const_chain/tc_0007.c	/home/tephra/experiments/int16_const_chain/in_0007	60	0	0	0	1.0000	475661.7167	471756.5491	479566.8842
ecofuzz	/home/tephra/experiments/int16_const_chain/tc_0008.c	/home/tephra/experiments/int16_const_chain/in_0008	0	60	0	0	0.0000	-	-	-
ecofuzz	/home/tephra/experiments/int16_const_chain/tc_0009.c	/home/tephra/experiments/int16_const_chain/in_0009	0	60	0	0	0.0000	-	-	-
ecofuzz	/home/tephra/experiments/int16_const_chain/tc_0010.c	/home/tephra/experiments/int16_const_chain/in_0010	0	60	0	0	0.0000	-	-	-
fafuzz	/home/tephra/experiments/int16_const_chain/tc_0001.c	/home/tephra/experiments/int16_const_chain/in_0001	60	0	0	0	1.0000	69269.8833	68666.6640	69873.1027
fafuzz	/home/tephra/experiments/int16_const_chain/tc_0002.c	/home/tephra/experiments/int16_const_chain/in_0002	5	55	0	0	0.0833	-	-	-
fafuzz	/home/tephra/experiments/int16_const_chain/tc_0003.c	/home/tephra/experiments/int16_const_chain/in_0003	5	55	0	0	0.0833	-	-	-
fafuzz	/home/tephra/experiments/int16_const_chain/tc_0004.c	/home/tephra/experiments/int16_const_chain/in_0004	2	58	0	0	0.0333	-	-	-
fafuzz	/home/tephra/experiments/int16_const_chain/tc_0005.c	/home/tephra/experiments/int16_const_chain/in_0005	0	60	0	0	0.0000	-	-	-
fafuzz	/home/tephra/experiments/int16_const_chain/tc_0006.c	/home/tephra/experiments/int16_const_chain/in_0006	9	51	0	0	0.1500	-	-	-
fafuzz	/home/tephra/experiments/int16_const_chain/tc_0007.c	/home/tephra/experiments/int16_const_chain/in_0007	0	60	0	0	0.0000	-	-	-
fafuzz	/home/tephra/experiments/int16_const_chain/tc_0008.c	/home/tephra/experiments/int16_const_chain/in_0008	0	60	0	0	0.0000	-	-	-
fafuzz	/home/tephra/experiments/int16_const_chain/tc_0009.c	/home/tephra/experiments/int16_const_chain/in_0009	0	60	0	0	0.0000	-	-	-
fafuzz	/home/tephra/experiments/int16_const_chain/tc_0010.c	/home/tephra/experiments/int16_const_chain/in_0010	0	60	0	0	0.0000	-	-	-
darwin	/home/tephra/experiments/int16_const_chain/tc_0001.c	/home/tephra/experiments/int16_const_chain/in_0001	60	0	0	0	1.0000	70244.6000	69745.8473	70743.3527
darwin	/home/tephra/experiments/int16_const_chain/tc_0002.c	/home/tephra/experiments/int16_const_chain/in_0002	2	58	0	0	0.0333	-	-	-
darwin	/home/tephra/experiments/int16_const_chain/tc_0003.c	/home/tephra/experiments/int16_const_chain/in_0003	33	27	0	0	0.5500	1477706.0909	1467784.8627	1487627.3191
darwin	/home/tephra/experiments/int16_const_chain/tc_0004.c	/home/tephra/experiments/int16_const_chain/in_0004	0	60	0	0	0.0000	-	-	-
darwin	/home/tephra/experiments/int16_const_chain/tc_0005.c	/home/tephra/experiments/int16_const_chain/in_0005	2	58	0	0	0.0333	-	-	-
darwin	/home/tephra/experiments/int16_const_chain/tc_0006.c	/home/tephra/experiments/int16_const_chain/in_0006	18	42	0	0	0.3000	-	-	-
darwin	/home/tephra/experiments/int16_const_chain/tc_0007.c	/home/tephra/experiments/int16_const_chain/in_0007	0	60	0	0	0.0000	-	-	-
darwin	/home/tephra/experiments/int16_const_chain/tc_0008.c	/home/tephra/experiments/int16_const_chain/in_0008	0	60	0	0	0.0000	-	-	-
darwin	/home/tephra/experiments/int16_const_chain/tc_0009.c	/home/tephra/experiments/int16_const_chain/in_0009	0	60	0	0	0.0000	-	-	-
darwin	/home/tephra/experiments/int16_const_chain/tc_0010.c	/home/tephra/experiments/int16_const_chain/in_0010	1	59	0	0	0.0167	-	-	-
libfuzzer	/home/tephra/experiments/int16_const_chain/tc_0016.c	/home/tephra/experiments/int16_const_chain/in_0016	51	9	0	0	0.8500	63326.5294	63025.1128	63627.9460
libfuzzer	/home/tephra/experiments/int16_const_chain/tc_0032.c	/home/tephra/experiments/int16_const_chain/in_0032	46	14	0	0	0.7667	266434.0435	265611.3131	267256.7738
libfuzzer	/home/tephra/experiments/int16_const_chain/tc_0064.c	/home/tephra/experiments/int16_const_chain/in_0064	0	60	0	0	0.0000	-	-	-
libfuzzer	/home/tephra/experiments/int16_const_chain/tc_0128.c	/home/tephra/experiments/int16_const_chain/in_0128	0	60	0	0	0.0000	-	-	-
libfuzzer	/home/tephra/experiments/int16_const_chain/tc_0256.c	/home/tephra/experiments/int16_const_chain/in_0256	0	60	0	0	0.0000	-	-	-
libfuzzer	/home/tephra/experiments/int16_const_chain/tc_0512.c	/home/tephra/experiments/int16_const_chain/in_0512	0	60	0	0	0.0000	-	-	-
libfuzzer	/home/tephra/experiments/int16_const_chain/tc_1024.c	/home/tephra/experiments/int16_const_chain/in_1024	0	60	0	0	0.0000	-	-	-
libfuzzer	/home/tephra/experiments/int16_const_chain/tc_2048.c	/home/tephra/experiments/int16_const_chain/in_2048	0	60	0	0	0.0000	-	-	-
libfuzzer	/home/tephra/experiments/int16_const_chain/tc_4096.c	/home/tephra/experiments/int16_const_chain/in_4096	0	60	0	0	0.0000	-	-	-
libfuzzer-entropic	/home/tephra/experiments/int16_const_chain/tc_0016.c	/home/tephra/experiments/int16_const_chain/in_0016	59	1	0	0	0.9833	70825.8305	70547.0039	71104.6571
libfuzzer-entropic	/home/tephra/experiments/int16_const_chain/tc_0032.c	/home/tephra/experiments/int16_const_chain/in_0032	48	12	0	0	0.8000	311084.7708	308380.4747	313789.0669
libfuzzer-entropic	/home/tephra/experiments/int16_const_chain/tc_0064.c	/home/tephra/experiments/int16_const_chain/in_0064	1	59	0	0	0.0167	-	-	-
libfuzzer-entropic	/home/tephra/experiments/int16_const_chain/tc_0128.c	/home/tephra/experiments/int16_const_chain/in_0128	0	60	0	0	0.0000	-	-	-
libfuzzer-entropic	/home/tephra/experiments/int16_const_chain/tc_0256.c	/home/tephra/experiments/int16_const_chain/in_0256	0	60	0	0	0.0000	-	-	-
libfuzzer-entropic	/home/tephra/experiments/int16_const_chain/tc_0512.c	/home/tephra/experiments/int16_const_chain/in_0512	0	60	0	0	0.0000	-	-	-
libfuzzer-entropic	/home/tephra/experiments/int16_const_chain/tc_1024.c	/home/tephra/experiments/int16_const_chain/in_1024	0	60	0	0	0.0000	-	-	-
libfuzzer-entropic	/home/tephra/experiments/int16_const_chain/tc_2048.c	/home/tephra/experiments/int16_const_chain/in_2048	0	60	0	0	0.0000	-	-	-
libfuzzer-entropic	/home/tephra/experiments/int16_const_chain/tc_4096.c	/home/tephra/experiments/int16_const_chain/in_4096	0	60	0	0	0.0000	-	-	-
honggfuzz	/home/tephra/experiments/int16_const_chain/tc_0016.c	/home/tephra/experiments/int16_const_chain/in_0016	60	0	0	0	1.0000	71051.4667	70665.4344	71437.4990
honggfuzz	/home/tephra/experiments/int16_const_chain/tc_0032.c	/home/tephra/experiments/int16_const_chain/in_0032	56	4	0	0	0.9333	1132051.9643	1126242.5212	1137861.4074
honggfuzz	/home/tephra/experiments/int16_const_chain/tc_0064.c	/home/tephra/experiments/int16_const_chain/in_0064	0	60	0	0	0.0000	-	-	-
honggfuzz	/home/tephra/experiments/int16_const_chain/tc_0128.c	/home/tephra/experiments/int16_const_chain/in_0128	0	60	0	0	0.0000	-	-	-
honggfuzz	/home/tephra/experiments/int16_const_chain/tc_0256.c	/home/tephra/experiments/int16_const_chain/in_0256	0	60	0	0	0.0000	-	-	-
honggfuzz	/home/tephra/experiments/int16_const_chain/tc_0512.c	/home/tephra/experiments/int16_const_chain/in_0512	0	60	0	0	0.0000	-	-	-
honggfuzz	/home/tephra/experiments/int16_const_chain/tc_1024.c	/home/tephra/experiments/int16_const_chain/in_1024	0	60	0	0	0.0000	-	-	-
honggfuzz	/home/tephra/experiments/int16_const_chain/tc_2048.c	/home/tephra/experiments/int16_const_chain/in_2048	0	60	0	0	0.0000	-	-	-
honggfuzz	/home/tephra/experiments/int16_const_chain/tc_4096.c	/home/tephra/experiments/int16_const_chain/in_4096	0	60	0	0	0.0000	-	-	-
wingfuzz	/home/tephra/experiments/int16_const_chain/tc_0016.c	/home/tephra/experiments/int16_const_chain/in_0016	57	3	0	0	0.9500	17067.1754	16900.3878	17233.9631
wingfuzz	/home/tephra/experiments/int16_const_chain/tc_0032.c	/home/tephra/experiments/int16_const_chain/in_0032	56	4	0	0	0.9333	61740.5000	61256.2708	62224.7292
wingfuzz	/home/tephra/experiments/int16_const_chain/tc_0064.c	/home/tephra/experiments/int16_const_chain/in_0064	21	39	0	0	0.3500	-	-	-
wingfuzz	/home/tephra/experiments/int16_const_chain/tc_0128.c	/home/tephra/experiments/int16_const_chain/in_0128	9	51	0	0	0.1500	-	-	-
wingfuzz	/home/tephra/experiments/int16_const_chain/tc_0256.c	/home/tephra/experiments/int16_const_chain/in_0256	0	60	0	0	0.0000	-	-	-
wingfuzz	/home/tephra/experiments/int16_const_chain/tc_0512.c	/home/tephra/experiments/int16_const_chain/in_0512	0	60	0	0	0.0000	-	-	-
wingfuzz	/home/tephra/experiments/int16_const_chain/tc_1024.c	/home/tephra/experiments/int16_const_chain/in_1024	0	60	0	0	0.0000	-	-	-
wingfuzz	/home/tephra/experiments/int16_const_chain/tc_2048.c	/home/tephra/experiments/int16_const_chain/in_2048	0	60	0	0	0.0000	-	-	-
wingfuzz	/home/tephra/experiments/int16_const_chain/tc_4096.c	/home/tephra/experiments/int16_const_chain/in_4096	0	60	0	0	0.0000	-	-	-
libafl	/home/tephra/experiments/int16_const_chain/tc_0016.c	/home/tephra/experiments/int16_const_chain/in_0016	0	60	0	0	0.0000	-	-	-
libafl	/home/tephra/experiments/int16_const_chain/tc_0032.c	/home/tephra/experiments/int16_const_chain/in_0032	0	60	0	0	0.0000	-	-	-
libafl	/home/tephra/experiments/int16_const_chain/tc_0064.c	/home/tephra/experiments/int16_const_chain/in_0064	0	60	0	0	0.0000	-	-	-
libafl	/home/tephra/experiments/int16_const_chain/tc_0128.c	/home/tephra/experiments/int16_const_chain/in_0128	0	60	0	0	0.0000	-	-	-
libafl	/home/tephra/experiments/int16_const_chain/tc_0256.c	/home/tephra/experiments/int16_const_chain/in_0256	0	60	0	0	0.0000	-	-	-
libafl	/home/tephra/experiments/int16_const_chain/tc_0512.c	/home/tephra/experiments/int16_const_chain/in_0512	0	60	0	0	0.0000	-	-	-
libafl	/home/tephra/experiments/int16_const_chain/tc_1024.c	/home/tephra/experiments/int16_const_chain/in_1024	0	60	0	0	0.0000	-	-	-
libafl	/home/tephra/experiments/int16_const_chain/tc_2048.c	/home/tephra/experiments/int16_const_chain/in_2048	0	60	0	0	0.0000	-	-	-
libafl	/home/tephra/experiments/int16_const_chain/tc_4096.c	/home/tephra/experiments/int16_const_chain/in_4096	0	60	0	0	0.0000	-	-	-
fairfuzz	/home/tephra/experiments/int16_const_chain/tc_0016.c	/home/tephra/experiments/int16_const_chain/in_0016	0	60	0	0	0.0000	-	-	-
fairfuzz	/home/tephra/experiments/int16_const_chain/tc_0032.c	/home/tephra/experiments/int16_const_chain/in_0032	0	60	0	0	0.0000	-	-	-
fairfuzz	/home/tephra/experiments/int16_const_chain/tc_0064.c	/home/tephra/experiments/int16_const_chain/in_0064	0	60	0	0	0.0000	-	-	-
fairfuzz	/home/tephra/experiments/int16_const_chain/tc_0128.c	/home/tephra/experiments/int16_const_chain/in_0128	0	60	0	0	0.0000	-	-	-
fairfuzz	/home/tephra/experiments/int16_const_chain/tc_0256.c	/home/tephra/experiments/int16_const_chain/in_0256	0	60	0	0	0.0000	-	-	-
fairfuzz	/home/tephra/experiments/int16_const_chain/tc_0512.c	/home/tephra/experiments/int16_const_chain/in_0512	0	60	0	0	0.0000	-	-	-
fairfuzz	/home/tephra/experiments/int16_const_chain/tc_1024.c	/home/tephra/experiments/int16_const_chain/in_1024	0	60	0	0	0.0000	-	-	-
fairfuzz	/home/tephra/experiments/int16_const_chain/tc_2048.c	/home/tephra/experiments/int16_const_chain/in_2048	0	60	0	0	0.0000	-	-	-
fairfuzz	/home/tephra/experiments/int16_const_chain/tc_4096.c	/home/tephra/experiments/int16_const_chain/in_4096	0	60	0	0	0.0000	-	-	-
ecofuzz	/home/tephra/experiments/int16_const_chain/tc_0016.c	/home/tephra/experiments/int16_const_chain/in_0016	0	60	0	0	0.0000	-	-	-
ecofuzz	/home/tephra/experiments/int16_const_chain/tc_0032.c	/home/tephra/experiments/int16_const_chain/in_0032	0	60	0	0	0.0000	-	-	-
ecofuzz	/home/tephra/experiments/int16_const_chain/tc_0064.c	/home/tephra/experiments/int16_const_chain/in_0064	0	60	0	0	0.0000	-	-	-
ecofuzz	/home/tephra/experiments/int16_const_chain/tc_0128.c	/home/tephra/experiments/int16_const_chain/in_0128	0	60	0	0	0.0000	-	-	-
ecofuzz	/home/tephra/experiments/int16_const_chain/tc_0256.c	/home/tephra/experiments/int16_const_chain/in_0256	0	60	0	0	0.0000	-	-	-
ecofuzz	/home/tephra/experiments/int16_const_chain/tc_0512.c	/home/tephra/experiments/int16_const_chain/in_0512	0	60	0	0	0.0000	-	-	-
ecofuzz	/home/tephra/experiments/int16_const_chain/tc_1024.c	/home/tephra/experiments/int16_const_chain/in_1024	0	60	0	0	0.0000	-	-	-
ecofuzz	/home/tephra/experiments/int16_const_chain/tc_2048.c	/home/tephra/experiments/int16_const_chain/in_2048	0	60	0	0	0.0000	-	-	-
ecofuzz	/home/tephra/experiments/int16_const_chain/tc_4096.c	/home/tephra/experiments/int16_const_chain/in_4096	0	60	0	0	0.0000	-	-	-
angora	/home/tephra/experiments/int16_const_chain/tc_0011.c	/home/tephra/experiments/int16_const_chain/in_0011	58	0	0	2	0.9667	7898.2414	7778.7793	8017.7034
angora	/home/tephra/experiments/int16_const_chain/tc_0012.c	/home/tephra/experiments/int16_const_chain/in_0012	60	0	0	0	1.0000	14704.6500	14519.2998	14890.0002
angora	/home/tephra/experiments/int16_const_chain/tc_0013.c	/home/tephra/experiments/int16_const_chain/in_0013	60	0	0	0	1.0000	30610.0333	30316.4431	30903.6236
angora	/home/tephra/experiments/int16_const_chain/tc_0014.c	/home/tephra/experiments/int16_const_chain/in_0014	60	0	0	0	1.0000	36128.0500	35818.2987	36437.8013
angora	/home/tephra/experiments/int16_const_chain/tc_0015.c	/home/tephra/experiments/int16_const_chain/in_0015	60	0	0	0	1.0000	36591.6667	36284.6039	36898.7294
angora	/home/tephra/experiments/int16_const_chain/tc_0016.c	/home/tephra/experiments/int16_const_chain/in_0016	58	0	0	2	0.9667	5192.5172	5175.4857	5209.5488
angora	/home/tephra/experiments/int16_const_chain/tc_0032.c	/home/tephra/experiments/int16_const_chain/in_0032	60	0	0	0	1.0000	17930.0000	17848.1062	18011.8938
angora	/home/tephra/experiments/int16_const_chain/tc_0064.c	/home/tephra/experiments/int16_const_chain/in_0064	60	0	0	0	1.0000	41014.1000	40747.3719	41280.8281
angora	/home/tephra/experiments/int16_const_chain/tc_0128.c	/home/tephra/experiments/int16_const_chain/in_0128	60	0	0	0	1.0000	45152.8000	45020.4007	45285.1993
angora	/home/tephra/experiments/int16_const_chain/tc_0256.c	/home/tephra/experiments/int16_const_chain/in_0256	58	0	0	2	0.9667	75268.4655	74848.6938	75688.2373
angora	/home/tephra/experiments/int16_const_chain/tc_0512.c	/home/tephra/experiments/int16_const_chain/in_0512	60	0	0	0	1.0000	247856.6500	246687.6399	249025.6601
angora	/home/tephra/experiments/int16_const_chain/tc_1024.c	/home/tephra/experiments/int16_const_chain/in_1024	59	0	0	1	0.9833	424159.5932	423124.8111	425194.3753
angora	/home/tephra/experiments/int16_const_chain/tc_2048.c	/home/tephra/experiments/int16_const_chain/in_2048	60	0	0	0	1.0000	895141.6500	894631.6621	895651.6379
angora	/home/tephra/experiments/int16_const_chain/tc_4096.c	/home/tephra/experiments/int16_const_chain/in_4096	60	0	0	0	1.0000	2234904.3333	2234228.1116	2235580.5551
angora-mb	/home/tephra/experiments/int16_const_chain/tc_0011.c	/home/tephra/experiments/int16_const_chain/in_0011	60	0	0	0	1.0000	4216.5000	4202.1000	4230.9000
angora-mb	/home/tephra/experiments/int16_const_chain/tc_0012.c	/home/tephra/experiments/int16_const_chain/in_0012	60	0	0	0	1.0000	4599.6000	4582.6963	4616.5037
angora-mb	/home/tephra/experiments/int16_const_chain/tc_0013.c	/home/tephra/experiments/int16_const_chain/in_0013	60	0	0	0	1.0000	6350.7500	6326.0865	6375.4135
angora-mb	/home/tephra/experiments/int16_const_chain/tc_0014.c	/home/tephra/experiments/int16_const_chain/in_0014	60	0	0	0	1.0000	7299.7333	7270.8668	7328.5998
angora-mb	/home/tephra/experiments/int16_const_chain/tc_0015.c	/home/tephra/experiments/int16_const_chain/in_0015	60	0	0	0	1.0000	8634.3333	8587.2052	8681.4615
angora-mb	/home/tephra/experiments/int16_const_chain/tc_0016.c	/home/tephra/experiments/int16_const_chain/in_0016	60	0	0	0	1.0000	13889.6167	13817.9557	13961.2777
angora-mb	/home/tephra/experiments/int16_const_chain/tc_0032.c	/home/tephra/experiments/int16_const_chain/in_0032	60	0	0	0	1.0000	16975.7000	16899.3519	17052.0481
angora-mb	/home/tephra/experiments/int16_const_chain/tc_0064.c	/home/tephra/experiments/int16_const_chain/in_0064	60	0	0	0	1.0000	30988.7500	30860.1737	31117.3263
angora-mb	/home/tephra/experiments/int16_const_chain/tc_0128.c	/home/tephra/experiments/int16_const_chain/in_0128	60	0	0	0	1.0000	77485.3500	77047.6932	77923.0068
angora-mb	/home/tephra/experiments/int16_const_chain/tc_0256.c	/home/tephra/experiments/int16_const_chain/in_0256	60	0	0	0	1.0000	104678.4000	104449.0271	104907.7729
angora-mb	/home/tephra/experiments/int16_const_chain/tc_0512.c	/home/tephra/experiments/int16_const_chain/in_0512	60	0	0	0	1.0000	212131.1667	211740.0415	212522.2919
angora-mb	/home/tephra/experiments/int16_const_chain/tc_1024.c	/home/tephra/experiments/int16_const_chain/in_1024	60	0	0	0	1.0000	439696.3333	439574.5236	439818.1431
angora-mb	/home/tephra/experiments/int16_const_chain/tc_2048.c	/home/tephra/experiments/int16_const_chain/in_2048	60	0	0	0	1.0000	930490.1000	930217.8913	930762.3087
angora-mb	/home/tephra/experiments/int16_const_chain/tc_4096.c	/home/tephra/experiments/int16_const_chain/in_4096	60	0	0	0	1.0000	2279717.3000	2278977.7356	2280456.8644
angora-random	/home/tephra/experiments/int16_const_chain/tc_0011.c	/home/tephra/experiments/int16_const_chain/in_0011	31	28	0	1	0.5167	2456057.6774	2449199.6402	2462915.7146
angora-random	/home/tephra/experiments/int16_const_chain/tc_0012.c	/home/tephra/experiments/int16_const_chain/in_0012	52	8	0	0	0.8667	2568828.2692	2563123.6312	2574532.9072
angora-random	/home/tephra/experiments/int16_const_chain/tc_0013.c	/home/tephra/experiments/int16_const_chain/in_0013	31	29	0	0	0.5167	2721225.5484	2715394.2209	2727056.8758
angora-random	/home/tephra/experiments/int16_const_chain/tc_0014.c	/home/tephra/experiments/int16_const_chain/in_0014	34	26	0	0	0.5667	2666370.0588	2661081.7841	2671658.3335
angora-random	/home/tephra/experiments/int16_const_chain/tc_0015.c	/home/tephra/experiments/int16_const_chain/in_0015	15	45	0	0	0.2500	-	-	-
angora-random	/home/tephra/experiments/int16_const_chain/tc_0016.c	/home/tephra/experiments/int16_const_chain/in_0016	8	52	0	0	0.1333	-	-	-
angora-random	/home/tephra/experiments/int16_const_chain/tc_0032.c	/home/tephra/experiments/int16_const_chain/in_0032	0	60	0	0	0.0000	-	-	-
angora-random	/home/tephra/experiments/int16_const_chain/tc_0064.c	/home/tephra/experiments/int16_const_chain/in_0064	0	60	0	0	0.0000	-	-	-
angora-random	/home/tephra/experiments/int16_const_chain/tc_0128.c	/home/tephra/experiments/int16_const_chain/in_0128	0	60	0	0	0.0000	-	-	-
angora-random	/home/tephra/experiments/int16_const_chain/tc_0256.c	/home/tephra/experiments/int16_const_chain/in_0256	0	60	0	0	0.0000	-	-	-
angora-random	/home/tephra/experiments/int16_const_chain/tc_0512.c	/home/tephra/experiments/int16_const_chain/in_0512	0	60	0	0	0.0000	-	-	-
angora-random	/home/tephra/experiments/int16_const_chain/tc_1024.c	/home/tephra/experiments/int16_const_chain/in_1024	0	60	0	0	0.0000	-	-	-
angora-random	/home/tephra/experiments/int16_const_chain/tc_2048.c	/home/tephra/experiments/int16_const_chain/in_2048	0	60	0	0	0.0000	-	-	-
angora-random	/home/tephra/experiments/int16_const_chain/tc_4096.c	/home/tephra/experiments/int16_const_chain/in_4096	0	59	0	1	0.0000	-	-	-
aflgo	/home/tephra/experiments/int16_const_chain/tc_0001.c	/home/tephra/experiments/int16_const_chain/in_0001	60	0	0	0	1.0000	78241.1000	77651.4460	78830.7540
aflgo	/home/tephra/experiments/int16_const_chain/tc_0002.c	/home/tephra/experiments/int16_const_chain/in_0002	8	52	0	0	0.1333	-	-	-
aflgo	/home/tephra/experiments/int16_const_chain/tc_0003.c	/home/tephra/experiments/int16_const_chain/in_0003	0	60	0	0	0.0000	-	-	-
aflgo	/home/tephra/experiments/int16_const_chain/tc_0004.c	/home/tephra/experiments/int16_const_chain/in_0004	0	60	0	0	0.0000	-	-	-
aflgo	/home/tephra/experiments/int16_const_chain/tc_0005.c	/home/tephra/experiments/int16_const_chain/in_0005	0	60	0	0	0.0000	-	-	-
aflgo	/home/tephra/experiments/int16_const_chain/tc_0006.c	/home/tephra/experiments/int16_const_chain/in_0006	0	60	0	0	0.0000	-	-	-
aflgo	/home/tephra/experiments/int16_const_chain/tc_0007.c	/home/tephra/experiments/int16_const_chain/in_0007	0	60	0	0	0.0000	-	-	-
aflgo	/home/tephra/experiments/int16_const_chain/tc_0008.c	/home/tephra/experiments/int16_const_chain/in_0008	0	60	0	0	0.0000	-	-	-
aflgo	/home/tephra/experiments/int16_const_chain/tc_0009.c	/home/tephra/experiments/int16_const_chain/in_0009	0	60	0	0	0.0000	-	-	-
aflgo	/home/tephra/experiments/int16_const_chain/tc_0010.c	/home/tephra/experiments/int16_const_chain/in_0010	0	60	0	0	0.0000	-	-	-
afl++-qemu-cmplog	/home/tephra/experiments/int16_const_chain/tc_0001.c	/home/tephra/experiments/int16_const_chain/in_0001	60	0	0	0	1.0000	6880.4833	6835.0566	6925.9100
afl++-qemu-cmplog	/home/tephra/experiments/int16_const_chain/tc_0002.c	/home/tephra/experiments/int16_const_chain/in_0002	59	1	0	0	0.9833	769800.8136	762781.6781	776819.9491
afl++-qemu-cmplog	/home/tephra/experiments/int16_const_chain/tc_0003.c	/home/tephra/experiments/int16_const_chain/in_0003	11	49	0	0	0.1833	-	-	-
afl++-qemu-cmplog	/home/tephra/experiments/int16_const_chain/tc_0004.c	/home/tephra/experiments/int16_const_chain/in_0004	0	60	0	0	0.0000	-	-	-
afl++-qemu-cmplog	/home/tephra/experiments/int16_const_chain/tc_0005.c	/home/tephra/experiments/int16_const_chain/in_0005	0	60	0	0	0.0000	-	-	-
afl++-qemu-cmplog	/home/tephra/experiments/int16_const_chain/tc_0006.c	/home/tephra/experiments/int16_const_chain/in_0006	0	60	0	0	0.0000	-	-	-
afl++-qemu-cmplog	/home/tephra/experiments/int16_const_chain/tc_0007.c	/home/tephra/experiments/int16_const_chain/in_0007	0	60	0	0	0.0000	-	-	-
afl++-qemu-cmplog	/home/tephra/experiments/int16_const_chain/tc_0008.c	/home/tephra/experiments/int16_const_chain/in_0008	0	60	0	0	0.0000	-	-	-
afl++-qemu-cmplog	/home/tephra/experiments/int16_const_chain/tc_0009.c	/home/tephra/experiments/int16_const_chain/in_0009	0	60	0	0	0.0000	-	-	-
afl++-qemu-cmplog	/home/tephra/experiments/int16_const_chain/tc_0010.c	/home/tephra/experiments/int16_const_chain/in_0010	0	60	0	0	0.0000	-	-	-
afl++-qemu-compcov	/home/tephra/experiments/int16_const_chain/tc_0001.c	/home/tephra/experiments/int16_const_chain/in_0001	60	0	0	0	1.0000	688.2000	680.5534	695.8466
afl++-qemu-compcov	/home/tephra/experiments/int16_const_chain/tc_0002.c	/home/tephra/experiments/int16_const_chain/in_0002	60	0	0	0	1.0000	6837.7000	6784.2283	6891.1717
afl++-qemu-compcov	/home/tephra/experiments/int16_const_chain/tc_0003.c	/home/tephra/experiments/int16_const_chain/in_0003	60	0	0	0	1.0000	35619.9500	35378.5048	35861.3952
afl++-qemu-compcov	/home/tephra/experiments/int16_const_chain/tc_0004.c	/home/tephra/experiments/int16_const_chain/in_0004	60	0	0	0	1.0000	67324.9833	67019.2340	67630.7327
afl++-qemu-compcov	/home/tephra/experiments/int16_const_chain/tc_0005.c	/home/tephra/experiments/int16_const_chain/in_0005	60	0	0	0	1.0000	78308.5667	77894.2729	78722.8604
afl++-qemu-compcov	/home/tephra/experiments/int16_const_chain/tc_0006.c	/home/tephra/experiments/int16_const_chain/in_0006	60	0	0	0	1.0000	153904.7667	153358.6193	154450.9140
afl++-qemu-compcov	/home/tephra/experiments/int16_const_chain/tc_0007.c	/home/tephra/experiments/int16_const_chain/in_0007	60	0	0	0	1.0000	188564.9833	187839.8275	189290.1391
afl++-qemu-compcov	/home/tephra/experiments/int16_const_chain/tc_0008.c	/home/tephra/experiments/int16_const_chain/in_0008	0	60	0	0	0.0000	-	-	-
afl++-qemu-compcov	/home/tephra/experiments/int16_const_chain/tc_0009.c	/home/tephra/experiments/int16_const_chain/in_0009	0	60	0	0	0.0000	-	-	-
afl++-qemu-compcov	/home/tephra/experiments/int16_const_chain/tc_0010.c	/home/tephra/experiments/int16_const_chain/in_0010	0	60	0	0	0.0000	-	-	-
honggfuzz-qemu	/home/tephra/experiments/int16_const_chain/tc_0001.c	/home/tephra/experiments/int16_const_chain/in_0001	60	0	0	0	1.0000	22542.9000	22254.6750	22831.1250
honggfuzz-qemu	/home/tephra/experiments/int16_const_chain/tc_0002.c	/home/tephra/experiments/int16_const_chain/in_0002	60	0	0	0	1.0000	126465.6167	125595.5210	127335.7124
honggfuzz-qemu	/home/tephra/experiments/int16_const_chain/tc_0003.c	/home/tephra/experiments/int16_const_chain/in_0003	60	0	0	0	1.0000	482348.1667	479525.3756	485170.9578
honggfuzz-qemu	/home/tephra/experiments/int16_const_chain/tc_0004.c	/home/tephra/experiments/int16_const_chain/in_0004	58	2	0	0	0.9667	711746.3448	708042.9020	715449.7876
honggfuzz-qemu	/home/tephra/experiments/int16_const_chain/tc_0005.c	/home/tephra/experiments/int16_const_chain/in_0005	52	8	0	0	0.8667	1346616.5000	1340541.6554	1352691.3446
honggfuzz-qemu	/home/tephra/experiments/int16_const_chain/tc_0006.c	/home/tephra/experiments/int16_const_chain/in_0006	48	12	0	0	0.8000	1886734.1042	1880213.5912	1893254.6172
honggfuzz-qemu	/home/tephra/experiments/int16_const_chain/tc_0007.c	/home/tephra/experiments/int16_const_chain/in_0007	32	28	0	0	0.5333	2550615.3438	2542636.8008	2558593.8867
honggfuzz-qemu	/home/tephra/experiments/int16_const_chain/tc_0008.c	/home/tephra/experiments/int16_const_chain/in_0008	0	60	0	0	0.0000	-	-	-
honggfuzz-qemu	/home/tephra/experiments/int16_const_chain/tc_0009.c	/home/tephra/experiments/int16_const_chain/in_0009	0	60	0	0	0.0000	-	-	-
honggfuzz-qemu	/home/tephra/experiments/int16_const_chain/tc_0010.c	/home/tephra/experiments/int16_const_chain/in_0010	0	60	0	0	0.0000	-	-	-
dataflow	/home/tephra/experiments/int16_const_chain/tc_0001.c	/home/tephra/experiments/int16_const_chain/in_0001	60	0	0	0	1.0000	73531.9333	72950.1368	74113.7299
dataflow	/home/tephra/experiments/int16_const_chain/tc_0002.c	/home/tephra/experiments/int16_const_chain/in_0002	24	36	0	0	0.4000	-	-	-
dataflow	/home/tephra/experiments/int16_const_chain/tc_0003.c	/home/tephra/experiments/int16_const_chain/in_0003	0	60	0	0	0.0000	-	-	-
dataflow	/home/tephra/experiments/int16_const_chain/tc_0004.c	/home/tephra/experiments/int16_const_chain/in_0004	0	60	0	0	0.0000	-	-	-
dataflow	/home/tephra/experiments/int16_const_chain/tc_0005.c	/home/tephra/experiments/int16_const_chain/in_0005	0	60	0	0	0.0000	-	-	-
dataflow	/home/tephra/experiments/int16_const_chain/tc_0006.c	/home/tephra/experiments/int16_const_chain/in_0006	0	60	0	0	0.0000	-	-	-
dataflow	/home/tephra/experiments/int16_const_chain/tc_0007.c	/home/tephra/experiments/int16_const_chain/in_0007	0	60	0	0	0.0000	-	-	-
dataflow	/home/tephra/experiments/int16_const_chain/tc_0008.c	/home/tephra/experiments/int16_const_chain/in_0008	0	60	0	0	0.0000	-	-	-
dataflow	/home/tephra/experiments/int16_const_chain/tc_0009.c	/home/tephra/experiments/int16_const_chain/in_0009	0	60	0	0	0.0000	-	-	-
dataflow	/home/tephra/experiments/int16_const_chain/tc_0010.c	/home/tephra/experiments/int16_const_chain/in_0010	0	60	0	0	0.0000	-	-	-
klee	/home/tephra/experiments/int16_const_chain/tc_0001.c	/home/tephra/experiments/int16_const_chain/in_0001	60	0	0	0	1.0000	680.4000	680.2453	680.5547
klee	/home/tephra/experiments/int16_const_chain/tc_0002.c	/home/tephra/experiments/int16_const_chain/in_0002	60	0	0	0	1.0000	707.6500	707.5289	707.7711
klee	/home/tephra/experiments/int16_const_chain/tc_0003.c	/home/tephra/experiments/int16_const_chain/in_0003	60	0	0	0	1.0000	741.9667	741.8348	742.0986
klee	/home/tephra/experiments/int16_const_chain/tc_0004.c	/home/tephra/experiments/int16_const_chain/in_0004	60	0	0	0	1.0000	767.1167	766.9668	767.2666
klee	/home/tephra/experiments/int16_const_chain/tc_0005.c	/home/tephra/experiments/int16_const_chain/in_0005	60	0	0	0	1.0000	800.5000	800.3510	800.6490
klee	/home/tephra/experiments/int16_const_chain/tc_0006.c	/home/tephra/experiments/int16_const_chain/in_0006	60	0	0	0	1.0000	820.7500	820.6078	820.8922
klee	/home/tephra/experiments/int16_const_chain/tc_0007.c	/home/tephra/experiments/int16_const_chain/in_0007	60	0	0	0	1.0000	850.1833	850.0275	850.3392
klee	/home/tephra/experiments/int16_const_chain/tc_0008.c	/home/tephra/experiments/int16_const_chain/in_0008	60	0	0	0	1.0000	880.1333	879.9723	880.2943
klee	/home/tephra/experiments/int16_const_chain/tc_0009.c	/home/tephra/experiments/int16_const_chain/in_0009	60	0	0	0	1.0000	906.3500	906.2225	906.4775
klee	/home/tephra/experiments/int16_const_chain/tc_0010.c	/home/tephra/experiments/int16_const_chain/in_0010	60	0	0	0	1.0000	936.9667	936.8187	937.1146
symcc	/home/tephra/experiments/int16_const_chain/tc_0001.c	/home/tephra/experiments/int16_const_chain/in_0001	60	0	0	0	1.0000	1903.2500	1902.8718	1903.6282
symcc	/home/tephra/experiments/int16_const_chain/tc_0002.c	/home/tephra/experiments/int16_const_chain/in_0002	60	0	0	0	1.0000	4549.6833	4549.0866	4550.2801
symcc	/home/tephra/experiments/int16_const_chain/tc_0003.c	/home/tephra/experiments/int16_const_chain/in_0003	60	0	0	0	1.0000	10829.1167	10826.6281	10831.6052
symcc	/home/tephra/experiments/int16_const_chain/tc_0004.c	/home/tephra/experiments/int16_const_chain/in_0004	60	0	0	0	1.0000	24740.7833	24734.3863	24747.1803
symcc	/home/tephra/experiments/int16_const_chain/tc_0005.c	/home/tephra/experiments/int16_const_chain/in_0005	60	0	0	0	1.0000	56105.9167	56090.5985	56121.2348
symcc	/home/tephra/experiments/int16_const_chain/tc_0006.c	/home/tephra/experiments/int16_const_chain/in_0006	60	0	0	0	1.0000	135377.5167	135345.0847	135409.9486
symcc	/home/tephra/experiments/int16_const_chain/tc_0007.c	/home/tephra/experiments/int16_const_chain/in_0007	60	0	0	0	1.0000	341092.6833	340984.5379	341200.8287
symcc	/home/tephra/experiments/int16_const_chain/tc_0008.c	/home/tephra/experiments/int16_const_chain/in_0008	60	0	0	0	1.0000	1010031.2500	1009179.8930	1010882.6070
symcc	/home/tephra/experiments/int16_const_chain/tc_0009.c	/home/tephra/experiments/int16_const_chain/in_0009	60	0	0	0	1.0000	2135194.8333	2132869.7779	2137519.8887
symcc	/home/tephra/experiments/int16_const_chain/tc_0010.c	/home/tephra/experiments/int16_const_chain/in_0010	0	60	0	0	0.0000	-	-	-
libfuzzer	/home/tephra/experiments/int16_const_chain/tc_0011.c	/home/tephra/experiments/int16_const_chain/in_0011	60	0	0	0	1.0000	9161.3833	9124.7482	9198.0184
libfuzzer	/home/tephra/experiments/int16_const_chain/tc_0012.c	/home/tephra/experiments/int16_const_chain/in_0012	60	0	0	0	1.0000	23749.8667	23615.6966	23884.0367
libfuzzer	/home/tephra/experiments/int16_const_chain/tc_0013.c	/home/tephra/experiments/int16_const_chain/in_0013	60	0	0	0	1.0000	28857.9833	28709.4099	29006.5568
libfuzzer	/home/tephra/experiments/int16_const_chain/tc_0014.c	/home/tephra/experiments/int16_const_chain/in_0014	60	0	0	0	1.0000	18934.4167	18849.9226	19018.9107
libfuzzer	/home/tephra/experiments/int16_const_chain/tc_0015.c	/home/tephra/experiments/int16_const_chain/in_0015	60	0	0	0	1.0000	26104.9000	25999.4940	26210.3060
libfuzzer-entropic	/home/tephra/experiments/int16_const_chain/tc_0011.c	/home/tephra/experiments/int16_const_chain/in_0011	60	0	0	0	1.0000	13805.8667	13733.5285	13878.2048
libfuzzer-entropic	/home/tephra/experiments/int16_const_chain/tc_0012.c	/home/tephra/experiments/int16_const_chain/in_0012	60	0	0	0	1.0000	34506.9667	34288.5857	34725.3476
libfuzzer-entropic	/home/tephra/experiments/int16_const_chain/tc_0013.c	/home/tephra/experiments/int16_const_chain/in_0013	60	0	0	0	1.0000	34894.2000	34691.8836	35096.5164
libfuzzer-entropic	/home/tephra/experiments/int16_const_chain/tc_0014.c	/home/tephra/experiments/int16_const_chain/in_0014	60	0	0	0	1.0000	28751.7333	28637.4133	28866.0533
libfuzzer-entropic	/home/tephra/experiments/int16_const_chain/tc_0015.c	/home/tephra/experiments/int16_const_chain/in_0015	60	0	0	0	1.0000	34018.2833	33877.0416	34159.5251
honggfuzz	/home/tephra/experiments/int16_const_chain/tc_0011.c	/home/tephra/experiments/int16_const_chain/in_0011	0	60	0	0	0.0000	-	-	-
honggfuzz	/home/tephra/experiments/int16_const_chain/tc_0012.c	/home/tephra/experiments/int16_const_chain/in_0012	0	60	0	0	0.0000	-	-	-
honggfuzz	/home/tephra/experiments/int16_const_chain/tc_0013.c	/home/tephra/experiments/int16_const_chain/in_0013	0	60	0	0	0.0000	-	-	-
honggfuzz	/home/tephra/experiments/int16_const_chain/tc_0014.c	/home/tephra/experiments/int16_const_chain/in_0014	0	60	0	0	0.0000	-	-	-
honggfuzz	/home/tephra/experiments/int16_const_chain/tc_0015.c	/home/tephra/experiments/int16_const_chain/in_0015	0	60	0	0	0.0000	-	-	-
wingfuzz	/home/tephra/experiments/int16_const_chain/tc_0011.c	/home/tephra/experiments/int16_const_chain/in_0011	60	0	0	0	1.0000	11114.2500	11001.0090	11227.4910
wingfuzz	/home/tephra/experiments/int16_const_chain/tc_0012.c	/home/tephra/experiments/int16_const_chain/in_0012	51	9	0	0	0.8500	28378.4706	27956.0132	28800.9280
wingfuzz	/home/tephra/experiments/int16_const_chain/tc_0013.c	/home/tephra/experiments/int16_const_chain/in_0013	57	3	0	0	0.9500	18610.0526	18409.0344	18811.0709
wingfuzz	/home/tephra/experiments/int16_const_chain/tc_0014.c	/home/tephra/experiments/int16_const_chain/in_0014	60	0	0	0	1.0000	14761.2500	14588.3349	14934.1651
wingfuzz	/home/tephra/experiments/int16_const_chain/tc_0015.c	/home/tephra/experiments/int16_const_chain/in_0015	60	0	0	0	1.0000	17655.3667	17488.5924	17822.1409
fairfuzz	/home/tephra/experiments/int16_const_chain/tc_0011.c	/home/tephra/experiments/int16_const_chain/in_0011	0	60	0	0	0.0000	-	-	-
fairfuzz	/home/tephra/experiments/int16_const_chain/tc_0012.c	/home/tephra/experiments/int16_const_chain/in_0012	0	60	0	0	0.0000	-	-	-
fairfuzz	/home/tephra/experiments/int16_const_chain/tc_0013.c	/home/tephra/experiments/int16_const_chain/in_0013	0	60	0	0	0.0000	-	-	-
fairfuzz	/home/tephra/experiments/int16_const_chain/tc_0014.c	/home/tephra/experiments/int16_const_chain/in_0014	0	60	0	0	0.0000	-	-	-
fairfuzz	/home/tephra/experiments/int16_const_chain/tc_0015.c	/home/tephra/experiments/int16_const_chain/in_0015	0	60	0	0	0.0000	-	-	-
afl-qemu	/home/tephra/experiments/int16_const_chain/tc_0001.c	/home/tephra/experiments/int16_const_chain/in_0001	60	0	0	0	1.0000	459788.2500	455472.9559	464103.5441
afl-qemu	/home/tephra/experiments/int16_const_chain/tc_0002.c	/home/tephra/experiments/int16_const_chain/in_0002	1	59	0	0	0.0167	-	-	-
afl-qemu	/home/tephra/experiments/int16_const_chain/tc_0003.c	/home/tephra/experiments/int16_const_chain/in_0003	0	60	0	0	0.0000	-	-	-
afl-qemu	/home/tephra/experiments/int16_const_chain/tc_0004.c	/home/tephra/experiments/int16_const_chain/in_0004	0	60	0	0	0.0000	-	-	-
afl-qemu	/home/tephra/experiments/int16_const_chain/tc_0005.c	/home/tephra/experiments/int16_const_chain/in_0005	0	60	0	0	0.0000	-	-	-
afl-qemu	/home/tephra/experiments/int16_const_chain/tc_0006.c	/home/tephra/experiments/int16_const_chain/in_0006	0	60	0	0	0.0000	-	-	-
afl-qemu	/home/tephra/experiments/int16_const_chain/tc_0007.c	/home/tephra/experiments/int16_const_chain/in_0007	0	60	0	0	0.0000	-	-	-
afl-qemu	/home/tephra/experiments/int16_const_chain/tc_0008.c	/home/tephra/experiments/int16_const_chain/in_0008	0	60	0	0	0.0000	-	-	-
afl-qemu	/home/tephra/experiments/int16_const_chain/tc_0009.c	/home/tephra/experiments/int16_const_chain/in_0009	0	60	0	0	0.0000	-	-	-
afl-qemu	/home/tephra/experiments/int16_const_chain/tc_0010.c	/home/tephra/experiments/int16_const_chain/in_0010	0	60	0	0	0.0000	-	-	-
klee	/home/tephra/experiments/int16_const_chain/tc_0011.c	/home/tephra/experiments/int16_const_chain/in_0011	60	0	0	0	1.0000	1105.9167	1104.6286	1107.2048
klee	/home/tephra/experiments/int16_const_chain/tc_0012.c	/home/tephra/experiments/int16_const_chain/in_0012	60	0	0	0	1.0000	1126.2500	1124.9720	1127.5280
klee	/home/tephra/experiments/int16_const_chain/tc_0013.c	/home/tephra/experiments/int16_const_chain/in_0013	60	0	0	0	1.0000	1152.3333	1151.0539	1153.6127
klee	/home/tephra/experiments/int16_const_chain/tc_0014.c	/home/tephra/experiments/int16_const_chain/in_0014	60	0	0	0	1.0000	1163.7333	1162.5577	1164.9090
klee	/home/tephra/experiments/int16_const_chain/tc_0015.c	/home/tephra/experiments/int16_const_chain/in_0015	60	0	0	0	1.0000	1153.2667	1151.8758	1154.6575
klee	/home/tephra/experiments/int16_const_chain/tc_0016.c	/home/tephra/experiments/int16_const_chain/in_0016	60	0	0	0	1.0000	1068.5167	1067.0900	1069.9434
klee	/home/tephra/experiments/int16_const_chain/tc_0032.c	/home/tephra/experiments/int16_const_chain/in_0032	60	0	0	0	1.0000	1411.2167	1408.4746	1413.9587
klee	/home/tephra/experiments/int16_const_chain/tc_0064.c	/home/tephra/experiments/int16_const_chain/in_0064	60	0	0	0	1.0000	2081.4500	2077.5367	2085.3633
klee	/home/tephra/experiments/int16_const_chain/tc_0128.c	/home/tephra/experiments/int16_const_chain/in_0128	0	0	60	0	0.0000	-	-	-
klee	/home/tephra/experiments/int16_const_chain/tc_0256.c	/home/tephra/experiments/int16_const_chain/in_0256	0	0	60	0	0.0000	-	-	-
klee	/home/tephra/experiments/int16_const_chain/tc_0512.c	/home/tephra/experiments/int16_const_chain/in_0512	0	0	60	0	0.0000	-	-	-
klee	/home/tephra/experiments/int16_const_chain/tc_1024.c	/home/tephra/experiments/int16_const_chain/in_1024	0	0	60	0	0.0000	-	-	-
klee	/home/tephra/experiments/int16_const_chain/tc_2048.c	/home/tephra/experiments/int16_const_chain/in_2048	0	0	60	0	0.0000	-	-	-
klee	/home/tephra/experiments/int16_const_chain/tc_4096.c	/home/tephra/experiments/int16_const_chain/in_4096	0	0	60	0	0.0000	-	-	-
symcc	/home/tephra/experiments/int16_const_chain/tc_0011.c	/home/tephra/experiments/int16_const_chain/in_0011	0	60	0	0	0.0000	-	-	-
symcc	/home/tephra/experiments/int16_const_chain/tc_0012.c	/home/tephra/experiments/int16_const_chain/in_0012	0	60	0	0	0.0000	-	-	-
symcc	/home/tephra/experiments/int16_const_chain/tc_0013.c	/home/tephra/experiments/int16_const_chain/in_0013	0	60	0	0	0.0000	-	-	-
symcc	/home/tephra/experiments/int16_const_chain/tc_0014.c	/home/tephra/experiments/int16_const_chain/in_0014	0	60	0	0	0.0000	-	-	-
symcc	/home/tephra/experiments/int16_const_chain/tc_0015.c	/home/tephra/experiments/int16_const_chain/in_0015	0	60	0	0	0.0000	-	-	-
symcc	/home/tephra/experiments/int16_const_chain/tc_0016.c	/home/tephra/experiments/int16_const_chain/in_0016	0	60	0	0	0.0000	-	-	-
symcc	/home/tephra/experiments/int16_const_chain/tc_0032.c	/home/tephra/experiments/int16_const_chain/in_0032	0	60	0	0	0.0000	-	-	-
symcc	/home/tephra/experiments/int16_const_chain/tc_0064.c	/home/tephra/experiments/int16_const_chain/in_0064	0	60	0	0	0.0000	-	-	-
symcc	/home/tephra/experiments/int16_const_chain/tc_0128.c	/home/tephra/experiments/int16_const_chain/in_0128	0	60	0	0	0.0000	-	-	-
symcc	/home/tephra/experiments/int16_const_chain/tc_0256.c	/home/tephra/experiments/int16_const_chain/in_0256	0	60	0	0	0.0000	-	-	-
angora	/home/tephra/experiments/int16_const_chain/tc_16384.c	/home/tephra/experiments/int16_const_chain/in_16384	0	0	0	60	0.0000	-	-	-
angora	/home/tephra/experiments/int16_const_chain/tc_32768.c	/home/tephra/experiments/int16_const_chain/in_32768	0	0	0	60	0.0000	-	-	-
angora	/home/tephra/experiments/int16_const_chain/tc_8192.c	/home/tephra/experiments/int16_const_chain/in_8192	0	0	0	60	0.0000	-	-	-
angora-mb	/home/tephra/experiments/int16_const_chain/tc_16384.c	/home/tephra/experiments/int16_const_chain/in_16384	0	0	0	60	0.0000	-	-	-
angora-mb	/home/tephra/experiments/int16_const_chain/tc_32768.c	/home/tephra/experiments/int16_const_chain/in_32768	0	0	0	60	0.0000	-	-	-
angora-mb	/home/tephra/experiments/int16_const_chain/tc_8192.c	/home/tephra/experiments/int16_const_chain/in_8192	0	0	0	60	0.0000	-	-	-
ecofuzz	/home/tephra/experiments/int16_const_chain/tc_0011.c	/home/tephra/experiments/int16_const_chain/in_0011	0	60	0	0	0.0000	-	-	-
ecofuzz	/home/tephra/experiments/int16_const_chain/tc_0012.c	/home/tephra/experiments/int16_const_chain/in_0012	0	60	0	0	0.0000	-	-	-
ecofuzz	/home/tephra/experiments/int16_const_chain/tc_0013.c	/home/tephra/experiments/int16_const_chain/in_0013	0	60	0	0	0.0000	-	-	-
ecofuzz	/home/tephra/experiments/int16_const_chain/tc_0014.c	/home/tephra/experiments/int16_const_chain/in_0014	0	60	0	0	0.0000	-	-	-
ecofuzz	/home/tephra/experiments/int16_const_chain/tc_0015.c	/home/tephra/experiments/int16_const_chain/in_0015	0	60	0	0	0.0000	-	-	-
