fuzzer	put	corpus	success	timeout	invalid	error	ratio	ttt	cleft	cright
afl-gcc	/home/tephra/experiments/memcmp_linear/tc_0000000001.c	/home/tephra/experiments/memcmp_linear/in_0000000001	60	0	0	0	1.0000	368.6333	367.1178	370.1489
afl-gcc	/home/tephra/experiments/memcmp_linear/tc_0000000002.c	/home/tephra/experiments/memcmp_linear/in_0000000002	60	0	0	0	1.0000	163482.0167	161972.3638	164991.6695
afl-gcc	/home/tephra/experiments/memcmp_linear/tc_0000000003.c	/home/tephra/experiments/memcmp_linear/in_0000000003	1	59	0	0	0.0167	-	-	-
afl-gcc	/home/tephra/experiments/memcmp_linear/tc_0000000004.c	/home/tephra/experiments/memcmp_linear/in_0000000004	0	60	0	0	0.0000	-	-	-
afl-gcc	/home/tephra/experiments/memcmp_linear/tc_0000000005.c	/home/tephra/experiments/memcmp_linear/in_0000000005	0	60	0	0	0.0000	-	-	-
afl-gcc	/home/tephra/experiments/memcmp_linear/tc_0000000006.c	/home/tephra/experiments/memcmp_linear/in_0000000006	0	60	0	0	0.0000	-	-	-
afl-gcc	/home/tephra/experiments/memcmp_linear/tc_0000000007.c	/home/tephra/experiments/memcmp_linear/in_0000000007	0	60	0	0	0.0000	-	-	-
afl-gcc	/home/tephra/experiments/memcmp_linear/tc_0000000008.c	/home/tephra/experiments/memcmp_linear/in_0000000008	0	60	0	0	0.0000	-	-	-
afl-gcc	/home/tephra/experiments/memcmp_linear/tc_0000000009.c	/home/tephra/experiments/memcmp_linear/in_0000000009	0	60	0	0	0.0000	-	-	-
afl-gcc	/home/tephra/experiments/memcmp_linear/tc_0000000010.c	/home/tephra/experiments/memcmp_linear/in_0000000010	0	60	0	0	0.0000	-	-	-
afl-clang-fast	/home/tephra/experiments/memcmp_linear/tc_0000000001.c	/home/tephra/experiments/memcmp_linear/in_0000000001	60	0	0	0	1.0000	340.6500	339.1252	342.1748
afl-clang-fast	/home/tephra/experiments/memcmp_linear/tc_0000000002.c	/home/tephra/experiments/memcmp_linear/in_0000000002	60	0	0	0	1.0000	173857.2167	172375.8395	175338.5938
afl-clang-fast	/home/tephra/experiments/memcmp_linear/tc_0000000003.c	/home/tephra/experiments/memcmp_linear/in_0000000003	0	60	0	0	0.0000	-	-	-
afl-clang-fast	/home/tephra/experiments/memcmp_linear/tc_0000000004.c	/home/tephra/experiments/memcmp_linear/in_0000000004	0	60	0	0	0.0000	-	-	-
afl-clang-fast	/home/tephra/experiments/memcmp_linear/tc_0000000005.c	/home/tephra/experiments/memcmp_linear/in_0000000005	0	60	0	0	0.0000	-	-	-
afl-clang-fast	/home/tephra/experiments/memcmp_linear/tc_0000000006.c	/home/tephra/experiments/memcmp_linear/in_0000000006	0	60	0	0	0.0000	-	-	-
afl-clang-fast	/home/tephra/experiments/memcmp_linear/tc_0000000007.c	/home/tephra/experiments/memcmp_linear/in_0000000007	0	60	0	0	0.0000	-	-	-
afl-clang-fast	/home/tephra/experiments/memcmp_linear/tc_0000000008.c	/home/tephra/experiments/memcmp_linear/in_0000000008	0	60	0	0	0.0000	-	-	-
afl-clang-fast	/home/tephra/experiments/memcmp_linear/tc_0000000009.c	/home/tephra/experiments/memcmp_linear/in_0000000009	0	60	0	0	0.0000	-	-	-
afl-clang-fast	/home/tephra/experiments/memcmp_linear/tc_0000000010.c	/home/tephra/experiments/memcmp_linear/in_0000000010	0	60	0	0	0.0000	-	-	-
afl-libtokencap	/home/tephra/experiments/memcmp_linear/tc_0000000001.c	/home/tephra/experiments/memcmp_linear/in_0000000001	60	0	0	0	1.0000	517.6167	515.7758	519.4576
afl-libtokencap	/home/tephra/experiments/memcmp_linear/tc_0000000002.c	/home/tephra/experiments/memcmp_linear/in_0000000002	60	0	0	0	1.0000	133542.1667	132354.2810	134730.0523
afl-libtokencap	/home/tephra/experiments/memcmp_linear/tc_0000000003.c	/home/tephra/experiments/memcmp_linear/in_0000000003	2	58	0	0	0.0333	-	-	-
afl-libtokencap	/home/tephra/experiments/memcmp_linear/tc_0000000004.c	/home/tephra/experiments/memcmp_linear/in_0000000004	0	60	0	0	0.0000	-	-	-
afl-libtokencap	/home/tephra/experiments/memcmp_linear/tc_0000000005.c	/home/tephra/experiments/memcmp_linear/in_0000000005	0	60	0	0	0.0000	-	-	-
afl-libtokencap	/home/tephra/experiments/memcmp_linear/tc_0000000006.c	/home/tephra/experiments/memcmp_linear/in_0000000006	0	60	0	0	0.0000	-	-	-
afl-libtokencap	/home/tephra/experiments/memcmp_linear/tc_0000000007.c	/home/tephra/experiments/memcmp_linear/in_0000000007	0	60	0	0	0.0000	-	-	-
afl-libtokencap	/home/tephra/experiments/memcmp_linear/tc_0000000008.c	/home/tephra/experiments/memcmp_linear/in_0000000008	0	60	0	0	0.0000	-	-	-
afl-libtokencap	/home/tephra/experiments/memcmp_linear/tc_0000000009.c	/home/tephra/experiments/memcmp_linear/in_0000000009	0	60	0	0	0.0000	-	-	-
afl-libtokencap	/home/tephra/experiments/memcmp_linear/tc_0000000010.c	/home/tephra/experiments/memcmp_linear/in_0000000010	0	60	0	0	0.0000	-	-	-
radamsa	/home/tephra/experiments/memcmp_linear/tc_0000000001.c	/home/tephra/experiments/memcmp_linear/in_0000000001	60	0	0	0	1.0000	473.1167	470.3246	475.9087
radamsa	/home/tephra/experiments/memcmp_linear/tc_0000000002.c	/home/tephra/experiments/memcmp_linear/in_0000000002	60	0	0	0	1.0000	73693.9167	73076.7261	74311.1072
radamsa	/home/tephra/experiments/memcmp_linear/tc_0000000003.c	/home/tephra/experiments/memcmp_linear/in_0000000003	0	56	4	0	0.0000	-	-	-
radamsa	/home/tephra/experiments/memcmp_linear/tc_0000000004.c	/home/tephra/experiments/memcmp_linear/in_0000000004	0	57	3	0	0.0000	-	-	-
radamsa	/home/tephra/experiments/memcmp_linear/tc_0000000005.c	/home/tephra/experiments/memcmp_linear/in_0000000005	0	58	2	0	0.0000	-	-	-
radamsa	/home/tephra/experiments/memcmp_linear/tc_0000000006.c	/home/tephra/experiments/memcmp_linear/in_0000000006	0	58	2	0	0.0000	-	-	-
radamsa	/home/tephra/experiments/memcmp_linear/tc_0000000007.c	/home/tephra/experiments/memcmp_linear/in_0000000007	0	56	4	0	0.0000	-	-	-
radamsa	/home/tephra/experiments/memcmp_linear/tc_0000000008.c	/home/tephra/experiments/memcmp_linear/in_0000000008	0	58	2	0	0.0000	-	-	-
radamsa	/home/tephra/experiments/memcmp_linear/tc_0000000009.c	/home/tephra/experiments/memcmp_linear/in_0000000009	0	60	0	0	0.0000	-	-	-
radamsa	/home/tephra/experiments/memcmp_linear/tc_0000000010.c	/home/tephra/experiments/memcmp_linear/in_0000000010	0	59	1	0	0.0000	-	-	-
libfuzzer	/home/tephra/experiments/memcmp_linear/tc_0000000001.c	/home/tephra/experiments/memcmp_linear/in_0000000001	60	0	0	0	1.0000	168.8000	168.7489	168.8511
libfuzzer	/home/tephra/experiments/memcmp_linear/tc_0000000002.c	/home/tephra/experiments/memcmp_linear/in_0000000002	60	0	0	0	1.0000	169.9833	169.9429	170.0238
libfuzzer	/home/tephra/experiments/memcmp_linear/tc_0000000003.c	/home/tephra/experiments/memcmp_linear/in_0000000003	60	0	0	0	1.0000	169.3833	169.3407	169.4260
libfuzzer	/home/tephra/experiments/memcmp_linear/tc_0000000004.c	/home/tephra/experiments/memcmp_linear/in_0000000004	60	0	0	0	1.0000	170.1000	170.0453	170.1547
libfuzzer	/home/tephra/experiments/memcmp_linear/tc_0000000005.c	/home/tephra/experiments/memcmp_linear/in_0000000005	60	0	0	0	1.0000	169.5667	169.5340	169.5994
libfuzzer	/home/tephra/experiments/memcmp_linear/tc_0000000006.c	/home/tephra/experiments/memcmp_linear/in_0000000006	60	0	0	0	1.0000	170.0000	169.9526	170.0474
libfuzzer	/home/tephra/experiments/memcmp_linear/tc_0000000007.c	/home/tephra/experiments/memcmp_linear/in_0000000007	60	0	0	0	1.0000	169.1667	169.1265	169.2068
libfuzzer	/home/tephra/experiments/memcmp_linear/tc_0000000008.c	/home/tephra/experiments/memcmp_linear/in_0000000008	60	0	0	0	1.0000	169.5000	169.4585	169.5415
libfuzzer	/home/tephra/experiments/memcmp_linear/tc_0000000009.c	/home/tephra/experiments/memcmp_linear/in_0000000009	60	0	0	0	1.0000	168.8500	168.8263	168.8737
libfuzzer	/home/tephra/experiments/memcmp_linear/tc_0000000010.c	/home/tephra/experiments/memcmp_linear/in_0000000010	60	0	0	0	1.0000	169.3333	169.3078	169.3588
libfuzzer-entropic	/home/tephra/experiments/memcmp_linear/tc_0000000001.c	/home/tephra/experiments/memcmp_linear/in_0000000001	60	0	0	0	1.0000	168.8000	168.7596	168.8404
libfuzzer-entropic	/home/tephra/experiments/memcmp_linear/tc_0000000002.c	/home/tephra/experiments/memcmp_linear/in_0000000002	60	0	0	0	1.0000	171.0500	170.9728	171.1272
libfuzzer-entropic	/home/tephra/experiments/memcmp_linear/tc_0000000003.c	/home/tephra/experiments/memcmp_linear/in_0000000003	60	0	0	0	1.0000	168.6833	168.6578	168.7088
libfuzzer-entropic	/home/tephra/experiments/memcmp_linear/tc_0000000004.c	/home/tephra/experiments/memcmp_linear/in_0000000004	60	0	0	0	1.0000	169.3000	169.2506	169.3494
libfuzzer-entropic	/home/tephra/experiments/memcmp_linear/tc_0000000005.c	/home/tephra/experiments/memcmp_linear/in_0000000005	60	0	0	0	1.0000	168.9167	168.8756	168.9577
libfuzzer-entropic	/home/tephra/experiments/memcmp_linear/tc_0000000006.c	/home/tephra/experiments/memcmp_linear/in_0000000006	60	0	0	0	1.0000	169.8167	169.7588	169.8745
libfuzzer-entropic	/home/tephra/experiments/memcmp_linear/tc_0000000007.c	/home/tephra/experiments/memcmp_linear/in_0000000007	60	0	0	0	1.0000	168.7333	168.7100	168.7567
libfuzzer-entropic	/home/tephra/experiments/memcmp_linear/tc_0000000008.c	/home/tephra/experiments/memcmp_linear/in_0000000008	60	0	0	0	1.0000	170.6500	170.5942	170.7058
libfuzzer-entropic	/home/tephra/experiments/memcmp_linear/tc_0000000009.c	/home/tephra/experiments/memcmp_linear/in_0000000009	60	0	0	0	1.0000	169.8167	169.7873	169.8460
libfuzzer-entropic	/home/tephra/experiments/memcmp_linear/tc_0000000010.c	/home/tephra/experiments/memcmp_linear/in_0000000010	60	0	0	0	1.0000	167.9333	167.8989	167.9677
dev-urandom	/home/tephra/experiments/memcmp_linear/tc_0000000001.c	/home/tephra/experiments/memcmp_linear/in_0000000001	60	0	0	0	1.0000	14.3500	14.2666	14.4334
dev-urandom	/home/tephra/experiments/memcmp_linear/tc_0000000002.c	/home/tephra/experiments/memcmp_linear/in_0000000002	60	0	0	0	1.0000	4110.9500	4077.0571	4144.8429
dev-urandom	/home/tephra/experiments/memcmp_linear/tc_0000000003.c	/home/tephra/experiments/memcmp_linear/in_0000000003	39	21	0	0	0.6500	1401962.2564	1391364.5823	1412559.9305
dev-urandom	/home/tephra/experiments/memcmp_linear/tc_0000000004.c	/home/tephra/experiments/memcmp_linear/in_0000000004	0	60	0	0	0.0000	-	-	-
dev-urandom	/home/tephra/experiments/memcmp_linear/tc_0000000005.c	/home/tephra/experiments/memcmp_linear/in_0000000005	0	60	0	0	0.0000	-	-	-
dev-urandom	/home/tephra/experiments/memcmp_linear/tc_0000000006.c	/home/tephra/experiments/memcmp_linear/in_0000000006	0	60	0	0	0.0000	-	-	-
dev-urandom	/home/tephra/experiments/memcmp_linear/tc_0000000007.c	/home/tephra/experiments/memcmp_linear/in_0000000007	0	60	0	0	0.0000	-	-	-
dev-urandom	/home/tephra/experiments/memcmp_linear/tc_0000000008.c	/home/tephra/experiments/memcmp_linear/in_0000000008	0	60	0	0	0.0000	-	-	-
dev-urandom	/home/tephra/experiments/memcmp_linear/tc_0000000009.c	/home/tephra/experiments/memcmp_linear/in_0000000009	0	60	0	0	0.0000	-	-	-
dev-urandom	/home/tephra/experiments/memcmp_linear/tc_0000000010.c	/home/tephra/experiments/memcmp_linear/in_0000000010	0	60	0	0	0.0000	-	-	-
afl++	/home/tephra/experiments/memcmp_linear/tc_0000000001.c	/home/tephra/experiments/memcmp_linear/in_0000000001	60	0	0	0	1.0000	206.6333	206.3406	206.9261
afl++	/home/tephra/experiments/memcmp_linear/tc_0000000002.c	/home/tephra/experiments/memcmp_linear/in_0000000002	60	0	0	0	1.0000	1633.3500	1622.4657	1644.2343
afl++	/home/tephra/experiments/memcmp_linear/tc_0000000003.c	/home/tephra/experiments/memcmp_linear/in_0000000003	60	0	0	0	1.0000	211.6833	211.6697	211.6970
afl++	/home/tephra/experiments/memcmp_linear/tc_0000000004.c	/home/tephra/experiments/memcmp_linear/in_0000000004	60	0	0	0	1.0000	211.3333	211.3202	211.3465
afl++	/home/tephra/experiments/memcmp_linear/tc_0000000005.c	/home/tephra/experiments/memcmp_linear/in_0000000005	60	0	0	0	1.0000	211.6500	211.6385	211.6615
afl++	/home/tephra/experiments/memcmp_linear/tc_0000000006.c	/home/tephra/experiments/memcmp_linear/in_0000000006	60	0	0	0	1.0000	211.3833	211.3687	211.3979
afl++	/home/tephra/experiments/memcmp_linear/tc_0000000007.c	/home/tephra/experiments/memcmp_linear/in_0000000007	60	0	0	0	1.0000	211.3833	211.3711	211.3955
afl++	/home/tephra/experiments/memcmp_linear/tc_0000000008.c	/home/tephra/experiments/memcmp_linear/in_0000000008	60	0	0	0	1.0000	210.8833	210.8721	210.8946
afl++	/home/tephra/experiments/memcmp_linear/tc_0000000009.c	/home/tephra/experiments/memcmp_linear/in_0000000009	60	0	0	0	1.0000	211.2333	211.2230	211.2437
afl++	/home/tephra/experiments/memcmp_linear/tc_0000000010.c	/home/tephra/experiments/memcmp_linear/in_0000000010	60	0	0	0	1.0000	210.3167	210.3077	210.3257
afl++-cmplog	/home/tephra/experiments/memcmp_linear/tc_0000000001.c	/home/tephra/experiments/memcmp_linear/in_0000000001	60	0	0	0	1.0000	191.0833	190.5968	191.5698
afl++-cmplog	/home/tephra/experiments/memcmp_linear/tc_0000000002.c	/home/tephra/experiments/memcmp_linear/in_0000000002	60	0	0	0	1.0000	1766.3667	1746.0422	1786.6911
afl++-cmplog	/home/tephra/experiments/memcmp_linear/tc_0000000003.c	/home/tephra/experiments/memcmp_linear/in_0000000003	60	0	0	0	1.0000	212.0333	212.0217	212.0450
afl++-cmplog	/home/tephra/experiments/memcmp_linear/tc_0000000004.c	/home/tephra/experiments/memcmp_linear/in_0000000004	60	0	0	0	1.0000	236.7833	236.7621	236.8046
afl++-cmplog	/home/tephra/experiments/memcmp_linear/tc_0000000005.c	/home/tephra/experiments/memcmp_linear/in_0000000005	60	0	0	0	1.0000	237.4667	237.4522	237.4812
afl++-cmplog	/home/tephra/experiments/memcmp_linear/tc_0000000006.c	/home/tephra/experiments/memcmp_linear/in_0000000006	60	0	0	0	1.0000	236.4500	236.4336	236.4664
afl++-cmplog	/home/tephra/experiments/memcmp_linear/tc_0000000007.c	/home/tephra/experiments/memcmp_linear/in_0000000007	60	0	0	0	1.0000	236.6167	236.6005	236.6328
afl++-cmplog	/home/tephra/experiments/memcmp_linear/tc_0000000008.c	/home/tephra/experiments/memcmp_linear/in_0000000008	60	0	0	0	1.0000	236.6833	236.6643	236.7023
afl++-cmplog	/home/tephra/experiments/memcmp_linear/tc_0000000009.c	/home/tephra/experiments/memcmp_linear/in_0000000009	60	0	0	0	1.0000	238.3500	238.3314	238.3686
afl++-cmplog	/home/tephra/experiments/memcmp_linear/tc_0000000010.c	/home/tephra/experiments/memcmp_linear/in_0000000010	60	0	0	0	1.0000	237.8000	237.7763	237.8237
afl++-laf	/home/tephra/experiments/memcmp_linear/tc_0000000001.c	/home/tephra/experiments/memcmp_linear/in_0000000001	60	0	0	0	1.0000	207.1667	206.9569	207.3764
afl++-laf	/home/tephra/experiments/memcmp_linear/tc_0000000002.c	/home/tephra/experiments/memcmp_linear/in_0000000002	60	0	0	0	1.0000	349.2667	347.1583	351.3750
afl++-laf	/home/tephra/experiments/memcmp_linear/tc_0000000003.c	/home/tephra/experiments/memcmp_linear/in_0000000003	60	0	0	0	1.0000	921.9167	916.3065	927.5269
afl++-laf	/home/tephra/experiments/memcmp_linear/tc_0000000004.c	/home/tephra/experiments/memcmp_linear/in_0000000004	60	0	0	0	1.0000	2170.2167	2157.2007	2183.2327
afl++-laf	/home/tephra/experiments/memcmp_linear/tc_0000000005.c	/home/tephra/experiments/memcmp_linear/in_0000000005	60	0	0	0	1.0000	3274.0833	3255.5683	3292.5984
afl++-laf	/home/tephra/experiments/memcmp_linear/tc_0000000006.c	/home/tephra/experiments/memcmp_linear/in_0000000006	60	0	0	0	1.0000	5761.3500	5727.2419	5795.4581
afl++-laf	/home/tephra/experiments/memcmp_linear/tc_0000000007.c	/home/tephra/experiments/memcmp_linear/in_0000000007	60	0	0	0	1.0000	9503.1667	9456.9490	9549.3843
afl++-laf	/home/tephra/experiments/memcmp_linear/tc_0000000008.c	/home/tephra/experiments/memcmp_linear/in_0000000008	60	0	0	0	1.0000	14757.8833	14686.3552	14829.4115
afl++-laf	/home/tephra/experiments/memcmp_linear/tc_0000000009.c	/home/tephra/experiments/memcmp_linear/in_0000000009	60	0	0	0	1.0000	22907.0333	22795.0589	23019.0077
afl++-laf	/home/tephra/experiments/memcmp_linear/tc_0000000010.c	/home/tephra/experiments/memcmp_linear/in_0000000010	60	0	0	0	1.0000	28475.8167	28345.3060	28606.3274
afl++-mopt	/home/tephra/experiments/memcmp_linear/tc_0000000001.c	/home/tephra/experiments/memcmp_linear/in_0000000001	60	0	0	0	1.0000	211.8833	211.8588	211.9078
afl++-mopt	/home/tephra/experiments/memcmp_linear/tc_0000000002.c	/home/tephra/experiments/memcmp_linear/in_0000000002	60	0	0	0	1.0000	1762.2833	1747.5443	1777.0223
afl++-mopt	/home/tephra/experiments/memcmp_linear/tc_0000000003.c	/home/tephra/experiments/memcmp_linear/in_0000000003	60	0	0	0	1.0000	210.8667	210.8556	210.8778
afl++-mopt	/home/tephra/experiments/memcmp_linear/tc_0000000004.c	/home/tephra/experiments/memcmp_linear/in_0000000004	60	0	0	0	1.0000	210.9500	210.9361	210.9639
afl++-mopt	/home/tephra/experiments/memcmp_linear/tc_0000000005.c	/home/tephra/experiments/memcmp_linear/in_0000000005	60	0	0	0	1.0000	211.0833	211.0707	211.0959
afl++-mopt	/home/tephra/experiments/memcmp_linear/tc_0000000006.c	/home/tephra/experiments/memcmp_linear/in_0000000006	60	0	0	0	1.0000	210.8000	210.7885	210.8115
afl++-mopt	/home/tephra/experiments/memcmp_linear/tc_0000000007.c	/home/tephra/experiments/memcmp_linear/in_0000000007	60	0	0	0	1.0000	210.8833	210.8718	210.8949
afl++-mopt	/home/tephra/experiments/memcmp_linear/tc_0000000008.c	/home/tephra/experiments/memcmp_linear/in_0000000008	60	0	0	0	1.0000	211.1500	211.1353	211.1647
afl++-mopt	/home/tephra/experiments/memcmp_linear/tc_0000000009.c	/home/tephra/experiments/memcmp_linear/in_0000000009	60	0	0	0	1.0000	211.2333	211.2196	211.2470
afl++-mopt	/home/tephra/experiments/memcmp_linear/tc_0000000010.c	/home/tephra/experiments/memcmp_linear/in_0000000010	60	0	0	0	1.0000	210.8833	210.8705	210.8962
honggfuzz	/home/tephra/experiments/memcmp_linear/tc_0000000001.c	/home/tephra/experiments/memcmp_linear/in_0000000001	60	0	0	0	1.0000	1004.4167	1004.4098	1004.4235
honggfuzz	/home/tephra/experiments/memcmp_linear/tc_0000000002.c	/home/tephra/experiments/memcmp_linear/in_0000000002	60	0	0	0	1.0000	1004.8500	1004.8445	1004.8555
honggfuzz	/home/tephra/experiments/memcmp_linear/tc_0000000003.c	/home/tephra/experiments/memcmp_linear/in_0000000003	60	0	0	0	1.0000	1004.8667	1004.8601	1004.8732
honggfuzz	/home/tephra/experiments/memcmp_linear/tc_0000000004.c	/home/tephra/experiments/memcmp_linear/in_0000000004	60	0	0	0	1.0000	1005.1667	1005.1595	1005.1738
honggfuzz	/home/tephra/experiments/memcmp_linear/tc_0000000005.c	/home/tephra/experiments/memcmp_linear/in_0000000005	60	0	0	0	1.0000	1004.8833	1004.8774	1004.8893
honggfuzz	/home/tephra/experiments/memcmp_linear/tc_0000000006.c	/home/tephra/experiments/memcmp_linear/in_0000000006	60	0	0	0	1.0000	1004.5500	1004.5438	1004.5562
honggfuzz	/home/tephra/experiments/memcmp_linear/tc_0000000007.c	/home/tephra/experiments/memcmp_linear/in_0000000007	60	0	0	0	1.0000	1004.8833	1004.8774	1004.8893
honggfuzz	/home/tephra/experiments/memcmp_linear/tc_0000000008.c	/home/tephra/experiments/memcmp_linear/in_0000000008	60	0	0	0	1.0000	1004.6167	1004.6105	1004.6228
honggfuzz	/home/tephra/experiments/memcmp_linear/tc_0000000009.c	/home/tephra/experiments/memcmp_linear/in_0000000009	60	0	0	0	1.0000	1004.4333	1004.4268	1004.4399
honggfuzz	/home/tephra/experiments/memcmp_linear/tc_0000000010.c	/home/tephra/experiments/memcmp_linear/in_0000000010	60	0	0	0	1.0000	1004.4000	1004.3936	1004.4064
wingfuzz	/home/tephra/experiments/memcmp_linear/tc_0000000001.c	/home/tephra/experiments/memcmp_linear/in_0000000001	60	0	0	0	1.0000	8.6833	8.6683	8.6983
wingfuzz	/home/tephra/experiments/memcmp_linear/tc_0000000002.c	/home/tephra/experiments/memcmp_linear/in_0000000002	60	0	0	0	1.0000	10.6833	10.6486	10.7181
wingfuzz	/home/tephra/experiments/memcmp_linear/tc_0000000003.c	/home/tephra/experiments/memcmp_linear/in_0000000003	60	0	0	0	1.0000	11.2000	11.1703	11.2297
wingfuzz	/home/tephra/experiments/memcmp_linear/tc_0000000004.c	/home/tephra/experiments/memcmp_linear/in_0000000004	60	0	0	0	1.0000	11.8500	11.8234	11.8766
wingfuzz	/home/tephra/experiments/memcmp_linear/tc_0000000005.c	/home/tephra/experiments/memcmp_linear/in_0000000005	60	0	0	0	1.0000	12.1667	12.1287	12.2046
wingfuzz	/home/tephra/experiments/memcmp_linear/tc_0000000006.c	/home/tephra/experiments/memcmp_linear/in_0000000006	60	0	0	0	1.0000	13.2667	13.2202	13.3131
wingfuzz	/home/tephra/experiments/memcmp_linear/tc_0000000007.c	/home/tephra/experiments/memcmp_linear/in_0000000007	60	0	0	0	1.0000	12.6667	12.6315	12.7018
wingfuzz	/home/tephra/experiments/memcmp_linear/tc_0000000008.c	/home/tephra/experiments/memcmp_linear/in_0000000008	60	0	0	0	1.0000	13.2333	13.1943	13.2724
wingfuzz	/home/tephra/experiments/memcmp_linear/tc_0000000009.c	/home/tephra/experiments/memcmp_linear/in_0000000009	60	0	0	0	1.0000	12.7833	12.7514	12.8153
wingfuzz	/home/tephra/experiments/memcmp_linear/tc_0000000010.c	/home/tephra/experiments/memcmp_linear/in_0000000010	60	0	0	0	1.0000	13.1500	13.1160	13.1840
libafl	/home/tephra/experiments/memcmp_linear/tc_0000000001.c	/home/tephra/experiments/memcmp_linear/in_0000000001	60	0	0	0	1.0000	18.6833	18.5026	18.8640
libafl	/home/tephra/experiments/memcmp_linear/tc_0000000002.c	/home/tephra/experiments/memcmp_linear/in_0000000002	60	0	0	0	1.0000	14.0833	13.9697	14.1969
libafl	/home/tephra/experiments/memcmp_linear/tc_0000000003.c	/home/tephra/experiments/memcmp_linear/in_0000000003	60	0	0	0	1.0000	9.1167	9.1019	9.1314
libafl	/home/tephra/experiments/memcmp_linear/tc_0000000004.c	/home/tephra/experiments/memcmp_linear/in_0000000004	60	0	0	0	1.0000	23.5500	23.3156	23.7844
libafl	/home/tephra/experiments/memcmp_linear/tc_0000000005.c	/home/tephra/experiments/memcmp_linear/in_0000000005	60	0	0	0	1.0000	10.0333	9.9989	10.0677
libafl	/home/tephra/experiments/memcmp_linear/tc_0000000006.c	/home/tephra/experiments/memcmp_linear/in_0000000006	60	0	0	0	1.0000	9.6000	9.5852	9.6148
libafl	/home/tephra/experiments/memcmp_linear/tc_0000000007.c	/home/tephra/experiments/memcmp_linear/in_0000000007	60	0	0	0	1.0000	12.2333	12.1559	12.3108
libafl	/home/tephra/experiments/memcmp_linear/tc_0000000008.c	/home/tephra/experiments/memcmp_linear/in_0000000008	60	0	0	0	1.0000	15.8667	15.7581	15.9753
libafl	/home/tephra/experiments/memcmp_linear/tc_0000000009.c	/home/tephra/experiments/memcmp_linear/in_0000000009	60	0	0	0	1.0000	10.7667	10.7022	10.8311
libafl	/home/tephra/experiments/memcmp_linear/tc_0000000010.c	/home/tephra/experiments/memcmp_linear/in_0000000010	60	0	0	0	1.0000	18.8167	18.6800	18.9534
libafl-libfuzzer	/home/tephra/experiments/memcmp_linear/tc_0000000001.c	/home/tephra/experiments/memcmp_linear/in_0000000001	60	0	0	0	1.0000	123.4500	123.2451	123.6549
libafl-libfuzzer	/home/tephra/experiments/memcmp_linear/tc_0000000002.c	/home/tephra/experiments/memcmp_linear/in_0000000002	60	0	0	0	1.0000	517.2167	514.0873	520.3460
libafl-libfuzzer	/home/tephra/experiments/memcmp_linear/tc_0000000003.c	/home/tephra/experiments/memcmp_linear/in_0000000003	41	19	0	0	0.6833	1404924.6829	1394868.8797	1414980.4862
libafl-libfuzzer	/home/tephra/experiments/memcmp_linear/tc_0000000004.c	/home/tephra/experiments/memcmp_linear/in_0000000004	0	60	0	0	0.0000	-	-	-
libafl-libfuzzer	/home/tephra/experiments/memcmp_linear/tc_0000000005.c	/home/tephra/experiments/memcmp_linear/in_0000000005	0	60	0	0	0.0000	-	-	-
libafl-libfuzzer	/home/tephra/experiments/memcmp_linear/tc_0000000006.c	/home/tephra/experiments/memcmp_linear/in_0000000006	0	60	0	0	0.0000	-	-	-
libafl-libfuzzer	/home/tephra/experiments/memcmp_linear/tc_0000000007.c	/home/tephra/experiments/memcmp_linear/in_0000000007	0	60	0	0	0.0000	-	-	-
libafl-libfuzzer	/home/tephra/experiments/memcmp_linear/tc_0000000008.c	/home/tephra/experiments/memcmp_linear/in_0000000008	0	60	0	0	0.0000	-	-	-
libafl-libfuzzer	/home/tephra/experiments/memcmp_linear/tc_0000000009.c	/home/tephra/experiments/memcmp_linear/in_0000000009	0	60	0	0	0.0000	-	-	-
libafl-libfuzzer	/home/tephra/experiments/memcmp_linear/tc_0000000010.c	/home/tephra/experiments/memcmp_linear/in_0000000010	0	60	0	0	0.0000	-	-	-
ddfuzz	/home/tephra/experiments/memcmp_linear/tc_0000000001.c	/home/tephra/experiments/memcmp_linear/in_0000000001	60	0	0	0	1.0000	235.4333	235.4066	235.4601
ddfuzz	/home/tephra/experiments/memcmp_linear/tc_0000000002.c	/home/tephra/experiments/memcmp_linear/in_0000000002	60	0	0	0	1.0000	4987.1833	4954.7077	5019.6590
ddfuzz	/home/tephra/experiments/memcmp_linear/tc_0000000003.c	/home/tephra/experiments/memcmp_linear/in_0000000003	60	0	0	0	1.0000	236.0167	235.6917	236.3416
ddfuzz	/home/tephra/experiments/memcmp_linear/tc_0000000004.c	/home/tephra/experiments/memcmp_linear/in_0000000004	60	0	0	0	1.0000	232.4500	232.4287	232.4713
ddfuzz	/home/tephra/experiments/memcmp_linear/tc_0000000005.c	/home/tephra/experiments/memcmp_linear/in_0000000005	60	0	0	0	1.0000	230.3833	230.1722	230.5945
ddfuzz	/home/tephra/experiments/memcmp_linear/tc_0000000006.c	/home/tephra/experiments/memcmp_linear/in_0000000006	60	0	0	0	1.0000	233.2833	233.2585	233.3082
ddfuzz	/home/tephra/experiments/memcmp_linear/tc_0000000007.c	/home/tephra/experiments/memcmp_linear/in_0000000007	60	0	0	0	1.0000	233.6500	233.6261	233.6739
ddfuzz	/home/tephra/experiments/memcmp_linear/tc_0000000008.c	/home/tephra/experiments/memcmp_linear/in_0000000008	60	0	0	0	1.0000	233.3833	233.3563	233.4104
ddfuzz	/home/tephra/experiments/memcmp_linear/tc_0000000009.c	/home/tephra/experiments/memcmp_linear/in_0000000009	60	0	0	0	1.0000	233.8333	233.8058	233.8608
ddfuzz	/home/tephra/experiments/memcmp_linear/tc_0000000010.c	/home/tephra/experiments/memcmp_linear/in_0000000010	60	0	0	0	1.0000	233.6167	233.5963	233.6370
fairfuzz	/home/tephra/experiments/memcmp_linear/tc_0000000001.c	/home/tephra/experiments/memcmp_linear/in_0000000001	60	0	0	0	1.0000	211.5333	211.5209	211.5458
fairfuzz	/home/tephra/experiments/memcmp_linear/tc_0000000002.c	/home/tephra/experiments/memcmp_linear/in_0000000002	60	0	0	0	1.0000	16310.6333	16118.6399	16502.6267
fairfuzz	/home/tephra/experiments/memcmp_linear/tc_0000000003.c	/home/tephra/experiments/memcmp_linear/in_0000000003	6	54	0	0	0.1000	-	-	-
fairfuzz	/home/tephra/experiments/memcmp_linear/tc_0000000004.c	/home/tephra/experiments/memcmp_linear/in_0000000004	0	60	0	0	0.0000	-	-	-
fairfuzz	/home/tephra/experiments/memcmp_linear/tc_0000000005.c	/home/tephra/experiments/memcmp_linear/in_0000000005	0	60	0	0	0.0000	-	-	-
fairfuzz	/home/tephra/experiments/memcmp_linear/tc_0000000006.c	/home/tephra/experiments/memcmp_linear/in_0000000006	0	60	0	0	0.0000	-	-	-
fairfuzz	/home/tephra/experiments/memcmp_linear/tc_0000000007.c	/home/tephra/experiments/memcmp_linear/in_0000000007	0	60	0	0	0.0000	-	-	-
fairfuzz	/home/tephra/experiments/memcmp_linear/tc_0000000008.c	/home/tephra/experiments/memcmp_linear/in_0000000008	0	60	0	0	0.0000	-	-	-
fairfuzz	/home/tephra/experiments/memcmp_linear/tc_0000000009.c	/home/tephra/experiments/memcmp_linear/in_0000000009	0	60	0	0	0.0000	-	-	-
fairfuzz	/home/tephra/experiments/memcmp_linear/tc_0000000010.c	/home/tephra/experiments/memcmp_linear/in_0000000010	0	60	0	0	0.0000	-	-	-
ecofuzz	/home/tephra/experiments/memcmp_linear/tc_0000000001.c	/home/tephra/experiments/memcmp_linear/in_0000000001	60	0	0	0	1.0000	228.8833	228.5138	229.2529
ecofuzz	/home/tephra/experiments/memcmp_linear/tc_0000000002.c	/home/tephra/experiments/memcmp_linear/in_0000000002	60	0	0	0	1.0000	149814.9500	148533.9297	151095.9703
ecofuzz	/home/tephra/experiments/memcmp_linear/tc_0000000003.c	/home/tephra/experiments/memcmp_linear/in_0000000003	1	59	0	0	0.0167	-	-	-
ecofuzz	/home/tephra/experiments/memcmp_linear/tc_0000000004.c	/home/tephra/experiments/memcmp_linear/in_0000000004	60	0	0	0	1.0000	554.2167	550.5925	557.8408
ecofuzz	/home/tephra/experiments/memcmp_linear/tc_0000000005.c	/home/tephra/experiments/memcmp_linear/in_0000000005	0	60	0	0	0.0000	-	-	-
ecofuzz	/home/tephra/experiments/memcmp_linear/tc_0000000006.c	/home/tephra/experiments/memcmp_linear/in_0000000006	0	60	0	0	0.0000	-	-	-
ecofuzz	/home/tephra/experiments/memcmp_linear/tc_0000000007.c	/home/tephra/experiments/memcmp_linear/in_0000000007	0	60	0	0	0.0000	-	-	-
ecofuzz	/home/tephra/experiments/memcmp_linear/tc_0000000008.c	/home/tephra/experiments/memcmp_linear/in_0000000008	0	60	0	0	0.0000	-	-	-
ecofuzz	/home/tephra/experiments/memcmp_linear/tc_0000000009.c	/home/tephra/experiments/memcmp_linear/in_0000000009	0	60	0	0	0.0000	-	-	-
ecofuzz	/home/tephra/experiments/memcmp_linear/tc_0000000010.c	/home/tephra/experiments/memcmp_linear/in_0000000010	0	60	0	0	0.0000	-	-	-
fafuzz	/home/tephra/experiments/memcmp_linear/tc_0000000001.c	/home/tephra/experiments/memcmp_linear/in_0000000001	60	0	0	0	1.0000	256.7000	255.9815	257.4185
fafuzz	/home/tephra/experiments/memcmp_linear/tc_0000000002.c	/home/tephra/experiments/memcmp_linear/in_0000000002	60	0	0	0	1.0000	46218.1833	45891.2677	46545.0990
fafuzz	/home/tephra/experiments/memcmp_linear/tc_0000000003.c	/home/tephra/experiments/memcmp_linear/in_0000000003	1	59	0	0	0.0167	-	-	-
fafuzz	/home/tephra/experiments/memcmp_linear/tc_0000000004.c	/home/tephra/experiments/memcmp_linear/in_0000000004	0	60	0	0	0.0000	-	-	-
fafuzz	/home/tephra/experiments/memcmp_linear/tc_0000000005.c	/home/tephra/experiments/memcmp_linear/in_0000000005	0	60	0	0	0.0000	-	-	-
fafuzz	/home/tephra/experiments/memcmp_linear/tc_0000000006.c	/home/tephra/experiments/memcmp_linear/in_0000000006	0	60	0	0	0.0000	-	-	-
fafuzz	/home/tephra/experiments/memcmp_linear/tc_0000000007.c	/home/tephra/experiments/memcmp_linear/in_0000000007	0	60	0	0	0.0000	-	-	-
fafuzz	/home/tephra/experiments/memcmp_linear/tc_0000000008.c	/home/tephra/experiments/memcmp_linear/in_0000000008	0	60	0	0	0.0000	-	-	-
fafuzz	/home/tephra/experiments/memcmp_linear/tc_0000000009.c	/home/tephra/experiments/memcmp_linear/in_0000000009	0	60	0	0	0.0000	-	-	-
fafuzz	/home/tephra/experiments/memcmp_linear/tc_0000000010.c	/home/tephra/experiments/memcmp_linear/in_0000000010	0	60	0	0	0.0000	-	-	-
darwin	/home/tephra/experiments/memcmp_linear/tc_0000000001.c	/home/tephra/experiments/memcmp_linear/in_0000000001	60	0	0	0	1.0000	302.4167	301.5948	303.2386
darwin	/home/tephra/experiments/memcmp_linear/tc_0000000002.c	/home/tephra/experiments/memcmp_linear/in_0000000002	60	0	0	0	1.0000	134757.7500	133663.9830	135851.5170
darwin	/home/tephra/experiments/memcmp_linear/tc_0000000003.c	/home/tephra/experiments/memcmp_linear/in_0000000003	6	54	0	0	0.1000	-	-	-
darwin	/home/tephra/experiments/memcmp_linear/tc_0000000004.c	/home/tephra/experiments/memcmp_linear/in_0000000004	1	59	0	0	0.0167	-	-	-
darwin	/home/tephra/experiments/memcmp_linear/tc_0000000005.c	/home/tephra/experiments/memcmp_linear/in_0000000005	0	60	0	0	0.0000	-	-	-
darwin	/home/tephra/experiments/memcmp_linear/tc_0000000006.c	/home/tephra/experiments/memcmp_linear/in_0000000006	0	60	0	0	0.0000	-	-	-
darwin	/home/tephra/experiments/memcmp_linear/tc_0000000007.c	/home/tephra/experiments/memcmp_linear/in_0000000007	0	60	0	0	0.0000	-	-	-
darwin	/home/tephra/experiments/memcmp_linear/tc_0000000008.c	/home/tephra/experiments/memcmp_linear/in_0000000008	0	60	0	0	0.0000	-	-	-
darwin	/home/tephra/experiments/memcmp_linear/tc_0000000009.c	/home/tephra/experiments/memcmp_linear/in_0000000009	0	60	0	0	0.0000	-	-	-
darwin	/home/tephra/experiments/memcmp_linear/tc_0000000010.c	/home/tephra/experiments/memcmp_linear/in_0000000010	0	60	0	0	0.0000	-	-	-
angora	/home/tephra/experiments/memcmp_linear/tc_0000000001.c	/home/tephra/experiments/memcmp_linear/in_0000000001	60	0	0	0	1.0000	1124.0167	1121.2981	1126.7352
angora	/home/tephra/experiments/memcmp_linear/tc_0000000002.c	/home/tephra/experiments/memcmp_linear/in_0000000002	60	0	0	0	1.0000	110488.8000	108946.2272	112031.3728
angora	/home/tephra/experiments/memcmp_linear/tc_0000000003.c	/home/tephra/experiments/memcmp_linear/in_0000000003	1	58	0	1	0.0167	-	-	-
angora	/home/tephra/experiments/memcmp_linear/tc_0000000004.c	/home/tephra/experiments/memcmp_linear/in_0000000004	0	60	0	0	0.0000	-	-	-
angora	/home/tephra/experiments/memcmp_linear/tc_0000000005.c	/home/tephra/experiments/memcmp_linear/in_0000000005	0	60	0	0	0.0000	-	-	-
angora	/home/tephra/experiments/memcmp_linear/tc_0000000006.c	/home/tephra/experiments/memcmp_linear/in_0000000006	0	60	0	0	0.0000	-	-	-
angora	/home/tephra/experiments/memcmp_linear/tc_0000000007.c	/home/tephra/experiments/memcmp_linear/in_0000000007	0	60	0	0	0.0000	-	-	-
angora	/home/tephra/experiments/memcmp_linear/tc_0000000008.c	/home/tephra/experiments/memcmp_linear/in_0000000008	0	59	0	1	0.0000	-	-	-
angora	/home/tephra/experiments/memcmp_linear/tc_0000000009.c	/home/tephra/experiments/memcmp_linear/in_0000000009	0	58	0	2	0.0000	-	-	-
angora	/home/tephra/experiments/memcmp_linear/tc_0000000010.c	/home/tephra/experiments/memcmp_linear/in_0000000010	0	59	0	1	0.0000	-	-	-
angora-mb	/home/tephra/experiments/memcmp_linear/tc_0000000001.c	/home/tephra/experiments/memcmp_linear/in_0000000001	60	0	0	0	1.0000	1213.4000	1209.3800	1217.4200
angora-mb	/home/tephra/experiments/memcmp_linear/tc_0000000002.c	/home/tephra/experiments/memcmp_linear/in_0000000002	59	0	0	1	0.9833	52268.2881	51776.8997	52759.6766
angora-mb	/home/tephra/experiments/memcmp_linear/tc_0000000003.c	/home/tephra/experiments/memcmp_linear/in_0000000003	10	48	0	2	0.1667	-	-	-
angora-mb	/home/tephra/experiments/memcmp_linear/tc_0000000004.c	/home/tephra/experiments/memcmp_linear/in_0000000004	0	60	0	0	0.0000	-	-	-
angora-mb	/home/tephra/experiments/memcmp_linear/tc_0000000005.c	/home/tephra/experiments/memcmp_linear/in_0000000005	0	58	0	2	0.0000	-	-	-
angora-mb	/home/tephra/experiments/memcmp_linear/tc_0000000006.c	/home/tephra/experiments/memcmp_linear/in_0000000006	0	58	0	2	0.0000	-	-	-
angora-mb	/home/tephra/experiments/memcmp_linear/tc_0000000007.c	/home/tephra/experiments/memcmp_linear/in_0000000007	0	60	0	0	0.0000	-	-	-
angora-mb	/home/tephra/experiments/memcmp_linear/tc_0000000008.c	/home/tephra/experiments/memcmp_linear/in_0000000008	0	60	0	0	0.0000	-	-	-
angora-mb	/home/tephra/experiments/memcmp_linear/tc_0000000009.c	/home/tephra/experiments/memcmp_linear/in_0000000009	0	59	0	1	0.0000	-	-	-
angora-mb	/home/tephra/experiments/memcmp_linear/tc_0000000010.c	/home/tephra/experiments/memcmp_linear/in_0000000010	0	60	0	0	0.0000	-	-	-
libfuzzer	/home/tephra/experiments/memcmp_linear/tc_0000000016.c	/home/tephra/experiments/memcmp_linear/in_0000000016	60	0	0	0	1.0000	200.2500	200.0715	200.4285
libfuzzer	/home/tephra/experiments/memcmp_linear/tc_0000000032.c	/home/tephra/experiments/memcmp_linear/in_0000000032	60	0	0	0	1.0000	205.7333	205.5310	205.9356
libfuzzer	/home/tephra/experiments/memcmp_linear/tc_0000000064.c	/home/tephra/experiments/memcmp_linear/in_0000000064	60	0	0	0	1.0000	209.7500	209.5397	209.9603
libfuzzer	/home/tephra/experiments/memcmp_linear/tc_0000000128.c	/home/tephra/experiments/memcmp_linear/in_0000000128	0	60	0	0	0.0000	-	-	-
libfuzzer	/home/tephra/experiments/memcmp_linear/tc_0000000256.c	/home/tephra/experiments/memcmp_linear/in_0000000256	0	60	0	0	0.0000	-	-	-
libfuzzer	/home/tephra/experiments/memcmp_linear/tc_0000000512.c	/home/tephra/experiments/memcmp_linear/in_0000000512	0	60	0	0	0.0000	-	-	-
libfuzzer	/home/tephra/experiments/memcmp_linear/tc_0000001024.c	/home/tephra/experiments/memcmp_linear/in_0000001024	0	60	0	0	0.0000	-	-	-
libfuzzer	/home/tephra/experiments/memcmp_linear/tc_0000002048.c	/home/tephra/experiments/memcmp_linear/in_0000002048	0	60	0	0	0.0000	-	-	-
libfuzzer	/home/tephra/experiments/memcmp_linear/tc_0000004096.c	/home/tephra/experiments/memcmp_linear/in_0000004096	0	60	0	0	0.0000	-	-	-
libfuzzer	/home/tephra/experiments/memcmp_linear/tc_0000008192.c	/home/tephra/experiments/memcmp_linear/in_0000008192	0	60	0	0	0.0000	-	-	-
libfuzzer	/home/tephra/experiments/memcmp_linear/tc_0000016384.c	/home/tephra/experiments/memcmp_linear/in_0000016384	0	60	0	0	0.0000	-	-	-
libfuzzer	/home/tephra/experiments/memcmp_linear/tc_0000032768.c	/home/tephra/experiments/memcmp_linear/in_0000032768	0	60	0	0	0.0000	-	-	-
libfuzzer-entropic	/home/tephra/experiments/memcmp_linear/tc_0000000016.c	/home/tephra/experiments/memcmp_linear/in_0000000016	60	0	0	0	1.0000	149.5500	149.5031	149.5969
libfuzzer-entropic	/home/tephra/experiments/memcmp_linear/tc_0000000032.c	/home/tephra/experiments/memcmp_linear/in_0000000032	60	0	0	0	1.0000	161.1167	161.0881	161.1452
libfuzzer-entropic	/home/tephra/experiments/memcmp_linear/tc_0000000064.c	/home/tephra/experiments/memcmp_linear/in_0000000064	60	0	0	0	1.0000	162.6667	162.6295	162.7039
libfuzzer-entropic	/home/tephra/experiments/memcmp_linear/tc_0000000128.c	/home/tephra/experiments/memcmp_linear/in_0000000128	0	60	0	0	0.0000	-	-	-
libfuzzer-entropic	/home/tephra/experiments/memcmp_linear/tc_0000000256.c	/home/tephra/experiments/memcmp_linear/in_0000000256	0	60	0	0	0.0000	-	-	-
libfuzzer-entropic	/home/tephra/experiments/memcmp_linear/tc_0000000512.c	/home/tephra/experiments/memcmp_linear/in_0000000512	0	60	0	0	0.0000	-	-	-
libfuzzer-entropic	/home/tephra/experiments/memcmp_linear/tc_0000001024.c	/home/tephra/experiments/memcmp_linear/in_0000001024	0	60	0	0	0.0000	-	-	-
libfuzzer-entropic	/home/tephra/experiments/memcmp_linear/tc_0000002048.c	/home/tephra/experiments/memcmp_linear/in_0000002048	0	60	0	0	0.0000	-	-	-
libfuzzer-entropic	/home/tephra/experiments/memcmp_linear/tc_0000004096.c	/home/tephra/experiments/memcmp_linear/in_0000004096	0	60	0	0	0.0000	-	-	-
libfuzzer-entropic	/home/tephra/experiments/memcmp_linear/tc_0000008192.c	/home/tephra/experiments/memcmp_linear/in_0000008192	0	60	0	0	0.0000	-	-	-
libfuzzer-entropic	/home/tephra/experiments/memcmp_linear/tc_0000016384.c	/home/tephra/experiments/memcmp_linear/in_0000016384	0	60	0	0	0.0000	-	-	-
libfuzzer-entropic	/home/tephra/experiments/memcmp_linear/tc_0000032768.c	/home/tephra/experiments/memcmp_linear/in_0000032768	0	60	0	0	0.0000	-	-	-
afl++	/home/tephra/experiments/memcmp_linear/tc_0000000016.c	/home/tephra/experiments/memcmp_linear/in_0000000016	60	0	0	0	1.0000	215.0833	215.0697	215.0969
afl++	/home/tephra/experiments/memcmp_linear/tc_0000000032.c	/home/tephra/experiments/memcmp_linear/in_0000000032	60	0	0	0	1.0000	215.1333	215.1196	215.1471
afl++	/home/tephra/experiments/memcmp_linear/tc_0000000064.c	/home/tephra/experiments/memcmp_linear/in_0000000064	0	60	0	0	0.0000	-	-	-
afl++	/home/tephra/experiments/memcmp_linear/tc_0000000128.c	/home/tephra/experiments/memcmp_linear/in_0000000128	0	60	0	0	0.0000	-	-	-
afl++	/home/tephra/experiments/memcmp_linear/tc_0000000256.c	/home/tephra/experiments/memcmp_linear/in_0000000256	0	60	0	0	0.0000	-	-	-
afl++	/home/tephra/experiments/memcmp_linear/tc_0000000512.c	/home/tephra/experiments/memcmp_linear/in_0000000512	0	60	0	0	0.0000	-	-	-
afl++	/home/tephra/experiments/memcmp_linear/tc_0000001024.c	/home/tephra/experiments/memcmp_linear/in_0000001024	0	60	0	0	0.0000	-	-	-
afl++	/home/tephra/experiments/memcmp_linear/tc_0000002048.c	/home/tephra/experiments/memcmp_linear/in_0000002048	0	60	0	0	0.0000	-	-	-
afl++	/home/tephra/experiments/memcmp_linear/tc_0000004096.c	/home/tephra/experiments/memcmp_linear/in_0000004096	0	60	0	0	0.0000	-	-	-
afl++	/home/tephra/experiments/memcmp_linear/tc_0000008192.c	/home/tephra/experiments/memcmp_linear/in_0000008192	0	60	0	0	0.0000	-	-	-
afl++	/home/tephra/experiments/memcmp_linear/tc_0000016384.c	/home/tephra/experiments/memcmp_linear/in_0000016384	0	60	0	0	0.0000	-	-	-
afl++	/home/tephra/experiments/memcmp_linear/tc_0000032768.c	/home/tephra/experiments/memcmp_linear/in_0000032768	0	60	0	0	0.0000	-	-	-
afl++-cmplog	/home/tephra/experiments/memcmp_linear/tc_0000000016.c	/home/tephra/experiments/memcmp_linear/in_0000000016	60	0	0	0	1.0000	582.3000	580.4702	584.1298
afl++-cmplog	/home/tephra/experiments/memcmp_linear/tc_0000000032.c	/home/tephra/experiments/memcmp_linear/in_0000000032	60	0	0	0	1.0000	636.1667	634.0109	638.3224
afl++-cmplog	/home/tephra/experiments/memcmp_linear/tc_0000000064.c	/home/tephra/experiments/memcmp_linear/in_0000000064	0	60	0	0	0.0000	-	-	-
afl++-cmplog	/home/tephra/experiments/memcmp_linear/tc_0000000128.c	/home/tephra/experiments/memcmp_linear/in_0000000128	0	60	0	0	0.0000	-	-	-
afl++-cmplog	/home/tephra/experiments/memcmp_linear/tc_0000000256.c	/home/tephra/experiments/memcmp_linear/in_0000000256	0	60	0	0	0.0000	-	-	-
afl++-cmplog	/home/tephra/experiments/memcmp_linear/tc_0000000512.c	/home/tephra/experiments/memcmp_linear/in_0000000512	0	60	0	0	0.0000	-	-	-
afl++-cmplog	/home/tephra/experiments/memcmp_linear/tc_0000001024.c	/home/tephra/experiments/memcmp_linear/in_0000001024	0	60	0	0	0.0000	-	-	-
afl++-cmplog	/home/tephra/experiments/memcmp_linear/tc_0000002048.c	/home/tephra/experiments/memcmp_linear/in_0000002048	0	60	0	0	0.0000	-	-	-
afl++-cmplog	/home/tephra/experiments/memcmp_linear/tc_0000004096.c	/home/tephra/experiments/memcmp_linear/in_0000004096	0	60	0	0	0.0000	-	-	-
afl++-cmplog	/home/tephra/experiments/memcmp_linear/tc_0000008192.c	/home/tephra/experiments/memcmp_linear/in_0000008192	0	60	0	0	0.0000	-	-	-
afl++-cmplog	/home/tephra/experiments/memcmp_linear/tc_0000016384.c	/home/tephra/experiments/memcmp_linear/in_0000016384	0	60	0	0	0.0000	-	-	-
afl++-cmplog	/home/tephra/experiments/memcmp_linear/tc_0000032768.c	/home/tephra/experiments/memcmp_linear/in_0000032768	0	60	0	0	0.0000	-	-	-
afl++-laf	/home/tephra/experiments/memcmp_linear/tc_0000000016.c	/home/tephra/experiments/memcmp_linear/in_0000000016	60	0	0	0	1.0000	584794.4000	582675.0383	586913.7617
afl++-laf	/home/tephra/experiments/memcmp_linear/tc_0000000032.c	/home/tephra/experiments/memcmp_linear/in_0000000032	7	53	0	0	0.1167	-	-	-
afl++-laf	/home/tephra/experiments/memcmp_linear/tc_0000000064.c	/home/tephra/experiments/memcmp_linear/in_0000000064	0	60	0	0	0.0000	-	-	-
afl++-laf	/home/tephra/experiments/memcmp_linear/tc_0000000128.c	/home/tephra/experiments/memcmp_linear/in_0000000128	0	60	0	0	0.0000	-	-	-
afl++-laf	/home/tephra/experiments/memcmp_linear/tc_0000000256.c	/home/tephra/experiments/memcmp_linear/in_0000000256	0	13	47	0	0.0000	-	-	-
afl++-laf	/home/tephra/experiments/memcmp_linear/tc_0000000512.c	/home/tephra/experiments/memcmp_linear/in_0000000512	0	60	0	0	0.0000	-	-	-
afl++-laf	/home/tephra/experiments/memcmp_linear/tc_0000001024.c	/home/tephra/experiments/memcmp_linear/in_0000001024	0	60	0	0	0.0000	-	-	-
afl++-laf	/home/tephra/experiments/memcmp_linear/tc_0000002048.c	/home/tephra/experiments/memcmp_linear/in_0000002048	0	60	0	0	0.0000	-	-	-
afl++-laf	/home/tephra/experiments/memcmp_linear/tc_0000004096.c	/home/tephra/experiments/memcmp_linear/in_0000004096	0	60	0	0	0.0000	-	-	-
afl++-laf	/home/tephra/experiments/memcmp_linear/tc_0000008192.c	/home/tephra/experiments/memcmp_linear/in_0000008192	0	60	0	0	0.0000	-	-	-
afl++-laf	/home/tephra/experiments/memcmp_linear/tc_0000016384.c	/home/tephra/experiments/memcmp_linear/in_0000016384	0	60	0	0	0.0000	-	-	-
afl++-laf	/home/tephra/experiments/memcmp_linear/tc_0000032768.c	/home/tephra/experiments/memcmp_linear/in_0000032768	0	60	0	0	0.0000	-	-	-
afl++-mopt	/home/tephra/experiments/memcmp_linear/tc_0000000016.c	/home/tephra/experiments/memcmp_linear/in_0000000016	60	0	0	0	1.0000	216.2833	216.2579	216.3087
afl++-mopt	/home/tephra/experiments/memcmp_linear/tc_0000000032.c	/home/tephra/experiments/memcmp_linear/in_0000000032	60	0	0	0	1.0000	217.0667	217.0226	217.1108
afl++-mopt	/home/tephra/experiments/memcmp_linear/tc_0000000064.c	/home/tephra/experiments/memcmp_linear/in_0000000064	0	60	0	0	0.0000	-	-	-
afl++-mopt	/home/tephra/experiments/memcmp_linear/tc_0000000128.c	/home/tephra/experiments/memcmp_linear/in_0000000128	0	60	0	0	0.0000	-	-	-
afl++-mopt	/home/tephra/experiments/memcmp_linear/tc_0000000256.c	/home/tephra/experiments/memcmp_linear/in_0000000256	0	60	0	0	0.0000	-	-	-
afl++-mopt	/home/tephra/experiments/memcmp_linear/tc_0000000512.c	/home/tephra/experiments/memcmp_linear/in_0000000512	0	60	0	0	0.0000	-	-	-
afl++-mopt	/home/tephra/experiments/memcmp_linear/tc_0000001024.c	/home/tephra/experiments/memcmp_linear/in_0000001024	0	60	0	0	0.0000	-	-	-
afl++-mopt	/home/tephra/experiments/memcmp_linear/tc_0000002048.c	/home/tephra/experiments/memcmp_linear/in_0000002048	0	60	0	0	0.0000	-	-	-
afl++-mopt	/home/tephra/experiments/memcmp_linear/tc_0000004096.c	/home/tephra/experiments/memcmp_linear/in_0000004096	0	60	0	0	0.0000	-	-	-
afl++-mopt	/home/tephra/experiments/memcmp_linear/tc_0000008192.c	/home/tephra/experiments/memcmp_linear/in_0000008192	0	60	0	0	0.0000	-	-	-
afl++-mopt	/home/tephra/experiments/memcmp_linear/tc_0000016384.c	/home/tephra/experiments/memcmp_linear/in_0000016384	0	60	0	0	0.0000	-	-	-
afl++-mopt	/home/tephra/experiments/memcmp_linear/tc_0000032768.c	/home/tephra/experiments/memcmp_linear/in_0000032768	0	60	0	0	0.0000	-	-	-
honggfuzz	/home/tephra/experiments/memcmp_linear/tc_0000000016.c	/home/tephra/experiments/memcmp_linear/in_0000000016	60	0	0	0	1.0000	1005.4000	1005.3948	1005.4052
honggfuzz	/home/tephra/experiments/memcmp_linear/tc_0000000032.c	/home/tephra/experiments/memcmp_linear/in_0000000032	60	0	0	0	1.0000	1005.4000	1005.3859	1005.4141
honggfuzz	/home/tephra/experiments/memcmp_linear/tc_0000000064.c	/home/tephra/experiments/memcmp_linear/in_0000000064	0	60	0	0	0.0000	-	-	-
honggfuzz	/home/tephra/experiments/memcmp_linear/tc_0000000128.c	/home/tephra/experiments/memcmp_linear/in_0000000128	0	60	0	0	0.0000	-	-	-
honggfuzz	/home/tephra/experiments/memcmp_linear/tc_0000000256.c	/home/tephra/experiments/memcmp_linear/in_0000000256	0	60	0	0	0.0000	-	-	-
honggfuzz	/home/tephra/experiments/memcmp_linear/tc_0000000512.c	/home/tephra/experiments/memcmp_linear/in_0000000512	0	60	0	0	0.0000	-	-	-
honggfuzz	/home/tephra/experiments/memcmp_linear/tc_0000001024.c	/home/tephra/experiments/memcmp_linear/in_0000001024	0	60	0	0	0.0000	-	-	-
honggfuzz	/home/tephra/experiments/memcmp_linear/tc_0000002048.c	/home/tephra/experiments/memcmp_linear/in_0000002048	0	60	0	0	0.0000	-	-	-
honggfuzz	/home/tephra/experiments/memcmp_linear/tc_0000004096.c	/home/tephra/experiments/memcmp_linear/in_0000004096	0	60	0	0	0.0000	-	-	-
honggfuzz	/home/tephra/experiments/memcmp_linear/tc_0000008192.c	/home/tephra/experiments/memcmp_linear/in_0000008192	0	60	0	0	0.0000	-	-	-
honggfuzz	/home/tephra/experiments/memcmp_linear/tc_0000016384.c	/home/tephra/experiments/memcmp_linear/in_0000016384	0	60	0	0	0.0000	-	-	-
honggfuzz	/home/tephra/experiments/memcmp_linear/tc_0000032768.c	/home/tephra/experiments/memcmp_linear/in_0000032768	0	60	0	0	0.0000	-	-	-
wingfuzz	/home/tephra/experiments/memcmp_linear/tc_0000000016.c	/home/tephra/experiments/memcmp_linear/in_0000000016	60	0	0	0	1.0000	28.1333	28.0824	28.1843
wingfuzz	/home/tephra/experiments/memcmp_linear/tc_0000000032.c	/home/tephra/experiments/memcmp_linear/in_0000000032	60	0	0	0	1.0000	29.1333	29.0791	29.1876
wingfuzz	/home/tephra/experiments/memcmp_linear/tc_0000000064.c	/home/tephra/experiments/memcmp_linear/in_0000000064	60	0	0	0	1.0000	30.4333	30.3795	30.4871
wingfuzz	/home/tephra/experiments/memcmp_linear/tc_0000000128.c	/home/tephra/experiments/memcmp_linear/in_0000000128	0	60	0	0	0.0000	-	-	-
wingfuzz	/home/tephra/experiments/memcmp_linear/tc_0000000256.c	/home/tephra/experiments/memcmp_linear/in_0000000256	0	60	0	0	0.0000	-	-	-
wingfuzz	/home/tephra/experiments/memcmp_linear/tc_0000000512.c	/home/tephra/experiments/memcmp_linear/in_0000000512	0	60	0	0	0.0000	-	-	-
wingfuzz	/home/tephra/experiments/memcmp_linear/tc_0000001024.c	/home/tephra/experiments/memcmp_linear/in_0000001024	0	60	0	0	0.0000	-	-	-
wingfuzz	/home/tephra/experiments/memcmp_linear/tc_0000002048.c	/home/tephra/experiments/memcmp_linear/in_0000002048	0	60	0	0	0.0000	-	-	-
wingfuzz	/home/tephra/experiments/memcmp_linear/tc_0000004096.c	/home/tephra/experiments/memcmp_linear/in_0000004096	0	60	0	0	0.0000	-	-	-
wingfuzz	/home/tephra/experiments/memcmp_linear/tc_0000008192.c	/home/tephra/experiments/memcmp_linear/in_0000008192	0	60	0	0	0.0000	-	-	-
wingfuzz	/home/tephra/experiments/memcmp_linear/tc_0000016384.c	/home/tephra/experiments/memcmp_linear/in_0000016384	0	60	0	0	0.0000	-	-	-
wingfuzz	/home/tephra/experiments/memcmp_linear/tc_0000032768.c	/home/tephra/experiments/memcmp_linear/in_0000032768	0	60	0	0	0.0000	-	-	-
libafl	/home/tephra/experiments/memcmp_linear/tc_0000000016.c	/home/tephra/experiments/memcmp_linear/in_0000000016	60	0	0	0	1.0000	46.5667	46.0608	47.0725
libafl	/home/tephra/experiments/memcmp_linear/tc_0000000032.c	/home/tephra/experiments/memcmp_linear/in_0000000032	60	0	0	0	1.0000	25.0833	24.9049	25.2618
libafl	/home/tephra/experiments/memcmp_linear/tc_0000000064.c	/home/tephra/experiments/memcmp_linear/in_0000000064	0	60	0	0	0.0000	-	-	-
libafl	/home/tephra/experiments/memcmp_linear/tc_0000000128.c	/home/tephra/experiments/memcmp_linear/in_0000000128	0	60	0	0	0.0000	-	-	-
libafl	/home/tephra/experiments/memcmp_linear/tc_0000000256.c	/home/tephra/experiments/memcmp_linear/in_0000000256	0	60	0	0	0.0000	-	-	-
libafl	/home/tephra/experiments/memcmp_linear/tc_0000000512.c	/home/tephra/experiments/memcmp_linear/in_0000000512	0	60	0	0	0.0000	-	-	-
libafl	/home/tephra/experiments/memcmp_linear/tc_0000001024.c	/home/tephra/experiments/memcmp_linear/in_0000001024	0	60	0	0	0.0000	-	-	-
libafl	/home/tephra/experiments/memcmp_linear/tc_0000002048.c	/home/tephra/experiments/memcmp_linear/in_0000002048	0	60	0	0	0.0000	-	-	-
libafl	/home/tephra/experiments/memcmp_linear/tc_0000004096.c	/home/tephra/experiments/memcmp_linear/in_0000004096	0	60	0	0	0.0000	-	-	-
libafl	/home/tephra/experiments/memcmp_linear/tc_0000008192.c	/home/tephra/experiments/memcmp_linear/in_0000008192	0	60	0	0	0.0000	-	-	-
libafl	/home/tephra/experiments/memcmp_linear/tc_0000016384.c	/home/tephra/experiments/memcmp_linear/in_0000016384	0	60	0	0	0.0000	-	-	-
libafl	/home/tephra/experiments/memcmp_linear/tc_0000032768.c	/home/tephra/experiments/memcmp_linear/in_0000032768	0	60	0	0	0.0000	-	-	-
ddfuzz	/home/tephra/experiments/memcmp_linear/tc_0000000016.c	/home/tephra/experiments/memcmp_linear/in_0000000016	60	0	0	0	1.0000	241.8667	241.8141	241.9192
ddfuzz	/home/tephra/experiments/memcmp_linear/tc_0000000032.c	/home/tephra/experiments/memcmp_linear/in_0000000032	60	0	0	0	1.0000	242.3000	242.2678	242.3322
ddfuzz	/home/tephra/experiments/memcmp_linear/tc_0000000064.c	/home/tephra/experiments/memcmp_linear/in_0000000064	0	60	0	0	0.0000	-	-	-
ddfuzz	/home/tephra/experiments/memcmp_linear/tc_0000000128.c	/home/tephra/experiments/memcmp_linear/in_0000000128	0	60	0	0	0.0000	-	-	-
ddfuzz	/home/tephra/experiments/memcmp_linear/tc_0000000256.c	/home/tephra/experiments/memcmp_linear/in_0000000256	0	60	0	0	0.0000	-	-	-
ddfuzz	/home/tephra/experiments/memcmp_linear/tc_0000000512.c	/home/tephra/experiments/memcmp_linear/in_0000000512	0	60	0	0	0.0000	-	-	-
ddfuzz	/home/tephra/experiments/memcmp_linear/tc_0000001024.c	/home/tephra/experiments/memcmp_linear/in_0000001024	0	60	0	0	0.0000	-	-	-
ddfuzz	/home/tephra/experiments/memcmp_linear/tc_0000002048.c	/home/tephra/experiments/memcmp_linear/in_0000002048	0	60	0	0	0.0000	-	-	-
ddfuzz	/home/tephra/experiments/memcmp_linear/tc_0000004096.c	/home/tephra/experiments/memcmp_linear/in_0000004096	0	60	0	0	0.0000	-	-	-
ddfuzz	/home/tephra/experiments/memcmp_linear/tc_0000008192.c	/home/tephra/experiments/memcmp_linear/in_0000008192	0	60	0	0	0.0000	-	-	-
ddfuzz	/home/tephra/experiments/memcmp_linear/tc_0000016384.c	/home/tephra/experiments/memcmp_linear/in_0000016384	0	60	0	0	0.0000	-	-	-
ddfuzz	/home/tephra/experiments/memcmp_linear/tc_0000032768.c	/home/tephra/experiments/memcmp_linear/in_0000032768	0	60	0	0	0.0000	-	-	-
afl-qemu	/home/tephra/experiments/memcmp_linear/tc_0000000001.c	/home/tephra/experiments/memcmp_linear/in_0000000001	60	0	0	0	1.0000	905.4333	901.2123	909.6543
afl-qemu	/home/tephra/experiments/memcmp_linear/tc_0000000002.c	/home/tephra/experiments/memcmp_linear/in_0000000002	60	0	0	0	1.0000	579244.8000	575094.4076	583395.1924
afl-qemu	/home/tephra/experiments/memcmp_linear/tc_0000000003.c	/home/tephra/experiments/memcmp_linear/in_0000000003	1	59	0	0	0.0167	-	-	-
afl-qemu	/home/tephra/experiments/memcmp_linear/tc_0000000004.c	/home/tephra/experiments/memcmp_linear/in_0000000004	0	60	0	0	0.0000	-	-	-
afl-qemu	/home/tephra/experiments/memcmp_linear/tc_0000000005.c	/home/tephra/experiments/memcmp_linear/in_0000000005	0	60	0	0	0.0000	-	-	-
afl-qemu	/home/tephra/experiments/memcmp_linear/tc_0000000006.c	/home/tephra/experiments/memcmp_linear/in_0000000006	0	60	0	0	0.0000	-	-	-
afl-qemu	/home/tephra/experiments/memcmp_linear/tc_0000000007.c	/home/tephra/experiments/memcmp_linear/in_0000000007	0	60	0	0	0.0000	-	-	-
afl-qemu	/home/tephra/experiments/memcmp_linear/tc_0000000008.c	/home/tephra/experiments/memcmp_linear/in_0000000008	0	60	0	0	0.0000	-	-	-
aflgo	/home/tephra/experiments/memcmp_linear/tc_0000000001.c	/home/tephra/experiments/memcmp_linear/in_0000000001	60	0	0	0	1.0000	240.8500	240.3527	241.3473
aflgo	/home/tephra/experiments/memcmp_linear/tc_0000000002.c	/home/tephra/experiments/memcmp_linear/in_0000000002	60	0	0	0	1.0000	85846.6167	85061.7056	86631.5278
aflgo	/home/tephra/experiments/memcmp_linear/tc_0000000003.c	/home/tephra/experiments/memcmp_linear/in_0000000003	1	59	0	0	0.0167	-	-	-
aflgo	/home/tephra/experiments/memcmp_linear/tc_0000000004.c	/home/tephra/experiments/memcmp_linear/in_0000000004	0	60	0	0	0.0000	-	-	-
aflgo	/home/tephra/experiments/memcmp_linear/tc_0000000005.c	/home/tephra/experiments/memcmp_linear/in_0000000005	0	60	0	0	0.0000	-	-	-
aflgo	/home/tephra/experiments/memcmp_linear/tc_0000000006.c	/home/tephra/experiments/memcmp_linear/in_0000000006	0	60	0	0	0.0000	-	-	-
aflgo	/home/tephra/experiments/memcmp_linear/tc_0000000007.c	/home/tephra/experiments/memcmp_linear/in_0000000007	0	60	0	0	0.0000	-	-	-
aflgo	/home/tephra/experiments/memcmp_linear/tc_0000000008.c	/home/tephra/experiments/memcmp_linear/in_0000000008	0	60	0	0	0.0000	-	-	-
afl++-qemu-cmplog	/home/tephra/experiments/memcmp_linear/tc_0000000001.c	/home/tephra/experiments/memcmp_linear/in_0000000001	60	0	0	0	1.0000	336.8333	336.4998	337.1668
afl++-qemu-cmplog	/home/tephra/experiments/memcmp_linear/tc_0000000002.c	/home/tephra/experiments/memcmp_linear/in_0000000002	60	0	0	0	1.0000	5485.8000	5449.2088	5522.3912
afl++-qemu-cmplog	/home/tephra/experiments/memcmp_linear/tc_0000000003.c	/home/tephra/experiments/memcmp_linear/in_0000000003	5	55	0	0	0.0833	-	-	-
afl++-qemu-cmplog	/home/tephra/experiments/memcmp_linear/tc_0000000004.c	/home/tephra/experiments/memcmp_linear/in_0000000004	0	60	0	0	0.0000	-	-	-
afl++-qemu-cmplog	/home/tephra/experiments/memcmp_linear/tc_0000000005.c	/home/tephra/experiments/memcmp_linear/in_0000000005	0	60	0	0	0.0000	-	-	-
afl++-qemu-cmplog	/home/tephra/experiments/memcmp_linear/tc_0000000006.c	/home/tephra/experiments/memcmp_linear/in_0000000006	0	60	0	0	0.0000	-	-	-
afl++-qemu-cmplog	/home/tephra/experiments/memcmp_linear/tc_0000000007.c	/home/tephra/experiments/memcmp_linear/in_0000000007	0	60	0	0	0.0000	-	-	-
afl++-qemu-cmplog	/home/tephra/experiments/memcmp_linear/tc_0000000008.c	/home/tephra/experiments/memcmp_linear/in_0000000008	0	60	0	0	0.0000	-	-	-
afl++-qemu-compcov	/home/tephra/experiments/memcmp_linear/tc_0000000001.c	/home/tephra/experiments/memcmp_linear/in_0000000001	60	0	0	0	1.0000	300.2500	299.8952	300.6048
afl++-qemu-compcov	/home/tephra/experiments/memcmp_linear/tc_0000000002.c	/home/tephra/experiments/memcmp_linear/in_0000000002	60	0	0	0	1.0000	731.3833	720.8342	741.9324
afl++-qemu-compcov	/home/tephra/experiments/memcmp_linear/tc_0000000003.c	/home/tephra/experiments/memcmp_linear/in_0000000003	2	58	0	0	0.0333	-	-	-
afl++-qemu-compcov	/home/tephra/experiments/memcmp_linear/tc_0000000004.c	/home/tephra/experiments/memcmp_linear/in_0000000004	60	0	0	0	1.0000	9243.3500	9189.4401	9297.2599
afl++-qemu-compcov	/home/tephra/experiments/memcmp_linear/tc_0000000005.c	/home/tephra/experiments/memcmp_linear/in_0000000005	0	60	0	0	0.0000	-	-	-
afl++-qemu-compcov	/home/tephra/experiments/memcmp_linear/tc_0000000006.c	/home/tephra/experiments/memcmp_linear/in_0000000006	0	60	0	0	0.0000	-	-	-
afl++-qemu-compcov	/home/tephra/experiments/memcmp_linear/tc_0000000007.c	/home/tephra/experiments/memcmp_linear/in_0000000007	0	60	0	0	0.0000	-	-	-
afl++-qemu-compcov	/home/tephra/experiments/memcmp_linear/tc_0000000008.c	/home/tephra/experiments/memcmp_linear/in_0000000008	60	0	0	0	1.0000	79551.9000	79140.3395	79963.4605
honggfuzz-qemu	/home/tephra/experiments/memcmp_linear/tc_0000000001.c	/home/tephra/experiments/memcmp_linear/in_0000000001	60	0	0	0	1.0000	2047.0333	2035.2527	2058.8139
honggfuzz-qemu	/home/tephra/experiments/memcmp_linear/tc_0000000002.c	/home/tephra/experiments/memcmp_linear/in_0000000002	60	0	0	0	1.0000	28667.3333	27701.5974	29633.0693
honggfuzz-qemu	/home/tephra/experiments/memcmp_linear/tc_0000000003.c	/home/tephra/experiments/memcmp_linear/in_0000000003	0	60	0	0	0.0000	-	-	-
honggfuzz-qemu	/home/tephra/experiments/memcmp_linear/tc_0000000004.c	/home/tephra/experiments/memcmp_linear/in_0000000004	59	1	0	0	0.9833	163458.6780	162537.8177	164379.5382
honggfuzz-qemu	/home/tephra/experiments/memcmp_linear/tc_0000000005.c	/home/tephra/experiments/memcmp_linear/in_0000000005	0	60	0	0	0.0000	-	-	-
honggfuzz-qemu	/home/tephra/experiments/memcmp_linear/tc_0000000006.c	/home/tephra/experiments/memcmp_linear/in_0000000006	0	60	0	0	0.0000	-	-	-
honggfuzz-qemu	/home/tephra/experiments/memcmp_linear/tc_0000000007.c	/home/tephra/experiments/memcmp_linear/in_0000000007	0	60	0	0	0.0000	-	-	-
honggfuzz-qemu	/home/tephra/experiments/memcmp_linear/tc_0000000008.c	/home/tephra/experiments/memcmp_linear/in_0000000008	57	3	0	0	0.9500	923373.2281	918938.5088	927807.9473
arvin	/home/tephra/experiments/memcmp_linear/tc_0000000001.c	/home/tephra/experiments/memcmp_linear/in_0000000001	55	0	0	5	0.9167	744.1818	738.1483	750.2153
arvin	/home/tephra/experiments/memcmp_linear/tc_0000000002.c	/home/tephra/experiments/memcmp_linear/in_0000000002	57	0	0	3	0.9500	79856.0877	79256.3189	80455.8565
arvin	/home/tephra/experiments/memcmp_linear/tc_0000000003.c	/home/tephra/experiments/memcmp_linear/in_0000000003	9	46	0	5	0.1500	-	-	-
arvin	/home/tephra/experiments/memcmp_linear/tc_0000000004.c	/home/tephra/experiments/memcmp_linear/in_0000000004	0	54	0	6	0.0000	-	-	-
arvin	/home/tephra/experiments/memcmp_linear/tc_0000000005.c	/home/tephra/experiments/memcmp_linear/in_0000000005	0	59	0	1	0.0000	-	-	-
arvin	/home/tephra/experiments/memcmp_linear/tc_0000000006.c	/home/tephra/experiments/memcmp_linear/in_0000000006	0	59	0	1	0.0000	-	-	-
arvin	/home/tephra/experiments/memcmp_linear/tc_0000000007.c	/home/tephra/experiments/memcmp_linear/in_0000000007	0	60	0	0	0.0000	-	-	-
arvin	/home/tephra/experiments/memcmp_linear/tc_0000000008.c	/home/tephra/experiments/memcmp_linear/in_0000000008	0	53	0	7	0.0000	-	-	-
dataflow	/home/tephra/experiments/memcmp_linear/tc_0000000001.c	/home/tephra/experiments/memcmp_linear/in_0000000001	60	0	0	0	1.0000	2246.5333	2245.9142	2247.1524
dataflow	/home/tephra/experiments/memcmp_linear/tc_0000000002.c	/home/tephra/experiments/memcmp_linear/in_0000000002	60	0	0	0	1.0000	113610.3667	112542.7380	114677.9954
dataflow	/home/tephra/experiments/memcmp_linear/tc_0000000003.c	/home/tephra/experiments/memcmp_linear/in_0000000003	1	59	0	0	0.0167	-	-	-
dataflow	/home/tephra/experiments/memcmp_linear/tc_0000000004.c	/home/tephra/experiments/memcmp_linear/in_0000000004	0	60	0	0	0.0000	-	-	-
dataflow	/home/tephra/experiments/memcmp_linear/tc_0000000005.c	/home/tephra/experiments/memcmp_linear/in_0000000005	0	60	0	0	0.0000	-	-	-
dataflow	/home/tephra/experiments/memcmp_linear/tc_0000000006.c	/home/tephra/experiments/memcmp_linear/in_0000000006	0	60	0	0	0.0000	-	-	-
dataflow	/home/tephra/experiments/memcmp_linear/tc_0000000007.c	/home/tephra/experiments/memcmp_linear/in_0000000007	0	60	0	0	0.0000	-	-	-
dataflow	/home/tephra/experiments/memcmp_linear/tc_0000000008.c	/home/tephra/experiments/memcmp_linear/in_0000000008	0	60	0	0	0.0000	-	-	-
klee	/home/tephra/experiments/memcmp_linear/tc_0000000001.c	/home/tephra/experiments/memcmp_linear/in_0000000001	60	0	0	0	1.0000	658.6667	658.2824	659.0509
klee	/home/tephra/experiments/memcmp_linear/tc_0000000002.c	/home/tephra/experiments/memcmp_linear/in_0000000002	60	0	0	0	1.0000	670.8500	670.7203	670.9797
klee	/home/tephra/experiments/memcmp_linear/tc_0000000003.c	/home/tephra/experiments/memcmp_linear/in_0000000003	60	0	0	0	1.0000	669.6167	669.4899	669.7434
klee	/home/tephra/experiments/memcmp_linear/tc_0000000004.c	/home/tephra/experiments/memcmp_linear/in_0000000004	60	0	0	0	1.0000	666.4333	666.3046	666.5621
klee	/home/tephra/experiments/memcmp_linear/tc_0000000005.c	/home/tephra/experiments/memcmp_linear/in_0000000005	59	0	0	1	0.9833	667.7119	667.5688	667.8549
klee	/home/tephra/experiments/memcmp_linear/tc_0000000006.c	/home/tephra/experiments/memcmp_linear/in_0000000006	57	0	0	3	0.9500	663.3509	663.1962	663.5056
klee	/home/tephra/experiments/memcmp_linear/tc_0000000007.c	/home/tephra/experiments/memcmp_linear/in_0000000007	58	0	0	2	0.9667	665.7414	665.5747	665.9080
klee	/home/tephra/experiments/memcmp_linear/tc_0000000008.c	/home/tephra/experiments/memcmp_linear/in_0000000008	60	0	0	0	1.0000	668.5167	668.3908	668.6425
symcc	/home/tephra/experiments/memcmp_linear/tc_0000000001.c	/home/tephra/experiments/memcmp_linear/in_0000000001	60	0	0	0	1.0000	1894.3500	1892.9392	1895.7608
symcc	/home/tephra/experiments/memcmp_linear/tc_0000000002.c	/home/tephra/experiments/memcmp_linear/in_0000000002	60	0	0	0	1.0000	1873.2667	1872.8916	1873.6417
symcc	/home/tephra/experiments/memcmp_linear/tc_0000000003.c	/home/tephra/experiments/memcmp_linear/in_0000000003	60	0	0	0	1.0000	1880.9167	1880.4840	1881.3493
symcc	/home/tephra/experiments/memcmp_linear/tc_0000000004.c	/home/tephra/experiments/memcmp_linear/in_0000000004	60	0	0	0	1.0000	1836.1167	1835.7166	1836.5167
symcc	/home/tephra/experiments/memcmp_linear/tc_0000000005.c	/home/tephra/experiments/memcmp_linear/in_0000000005	60	0	0	0	1.0000	1846.3833	1845.8666	1846.9000
symcc	/home/tephra/experiments/memcmp_linear/tc_0000000006.c	/home/tephra/experiments/memcmp_linear/in_0000000006	60	0	0	0	1.0000	1842.3000	1841.9210	1842.6790
symcc	/home/tephra/experiments/memcmp_linear/tc_0000000007.c	/home/tephra/experiments/memcmp_linear/in_0000000007	60	0	0	0	1.0000	1839.4667	1839.0889	1839.8445
symcc	/home/tephra/experiments/memcmp_linear/tc_0000000008.c	/home/tephra/experiments/memcmp_linear/in_0000000008	60	0	0	0	1.0000	1830.3333	1829.9714	1830.6953
angora-random	/home/tephra/experiments/memcmp_linear/tc_0000000001.c	/home/tephra/experiments/memcmp_linear/in_0000000001	60	0	0	0	1.0000	1251.7833	1247.1172	1256.4495
angora-random	/home/tephra/experiments/memcmp_linear/tc_0000000002.c	/home/tephra/experiments/memcmp_linear/in_0000000002	60	0	0	0	1.0000	99313.5833	97609.4415	101017.7251
angora-random	/home/tephra/experiments/memcmp_linear/tc_0000000003.c	/home/tephra/experiments/memcmp_linear/in_0000000003	4	56	0	0	0.0667	-	-	-
angora-random	/home/tephra/experiments/memcmp_linear/tc_0000000004.c	/home/tephra/experiments/memcmp_linear/in_0000000004	0	59	0	1	0.0000	-	-	-
angora-random	/home/tephra/experiments/memcmp_linear/tc_0000000005.c	/home/tephra/experiments/memcmp_linear/in_0000000005	0	60	0	0	0.0000	-	-	-
angora-random	/home/tephra/experiments/memcmp_linear/tc_0000000006.c	/home/tephra/experiments/memcmp_linear/in_0000000006	0	60	0	0	0.0000	-	-	-
angora-random	/home/tephra/experiments/memcmp_linear/tc_0000000007.c	/home/tephra/experiments/memcmp_linear/in_0000000007	0	60	0	0	0.0000	-	-	-
angora-random	/home/tephra/experiments/memcmp_linear/tc_0000000008.c	/home/tephra/experiments/memcmp_linear/in_0000000008	0	60	0	0	0.0000	-	-	-
afl++-qemu-compcov	/home/tephra/experiments/memcmp_linear/tc_0000000009.c	/home/tephra/experiments/memcmp_linear/in_0000000009	0	60	0	0	0.0000	-	-	-
afl++-qemu-compcov	/home/tephra/experiments/memcmp_linear/tc_0000000010.c	/home/tephra/experiments/memcmp_linear/in_0000000010	0	60	0	0	0.0000	-	-	-
afl++-qemu-compcov	/home/tephra/experiments/memcmp_linear/tc_0000000011.c	/home/tephra/experiments/memcmp_linear/in_0000000011	0	60	0	0	0.0000	-	-	-
afl++-qemu-compcov	/home/tephra/experiments/memcmp_linear/tc_0000000012.c	/home/tephra/experiments/memcmp_linear/in_0000000012	0	60	0	0	0.0000	-	-	-
afl++-qemu-compcov	/home/tephra/experiments/memcmp_linear/tc_0000000013.c	/home/tephra/experiments/memcmp_linear/in_0000000013	0	60	0	0	0.0000	-	-	-
afl++-qemu-compcov	/home/tephra/experiments/memcmp_linear/tc_0000000014.c	/home/tephra/experiments/memcmp_linear/in_0000000014	0	60	0	0	0.0000	-	-	-
afl++-qemu-compcov	/home/tephra/experiments/memcmp_linear/tc_0000000015.c	/home/tephra/experiments/memcmp_linear/in_0000000015	0	60	0	0	0.0000	-	-	-
afl++-qemu-compcov	/home/tephra/experiments/memcmp_linear/tc_0000000016.c	/home/tephra/experiments/memcmp_linear/in_0000000016	0	60	0	0	0.0000	-	-	-
afl++-qemu-compcov	/home/tephra/experiments/memcmp_linear/tc_0000000032.c	/home/tephra/experiments/memcmp_linear/in_0000000032	0	60	0	0	0.0000	-	-	-
afl++-qemu-compcov	/home/tephra/experiments/memcmp_linear/tc_0000000064.c	/home/tephra/experiments/memcmp_linear/in_0000000064	0	60	0	0	0.0000	-	-	-
afl++-qemu-compcov	/home/tephra/experiments/memcmp_linear/tc_0000000128.c	/home/tephra/experiments/memcmp_linear/in_0000000128	0	60	0	0	0.0000	-	-	-
afl++-qemu-compcov	/home/tephra/experiments/memcmp_linear/tc_0000000256.c	/home/tephra/experiments/memcmp_linear/in_0000000256	0	60	0	0	0.0000	-	-	-
honggfuzz-qemu	/home/tephra/experiments/memcmp_linear/tc_0000000009.c	/home/tephra/experiments/memcmp_linear/in_0000000009	0	60	0	0	0.0000	-	-	-
honggfuzz-qemu	/home/tephra/experiments/memcmp_linear/tc_0000000010.c	/home/tephra/experiments/memcmp_linear/in_0000000010	0	60	0	0	0.0000	-	-	-
honggfuzz-qemu	/home/tephra/experiments/memcmp_linear/tc_0000000011.c	/home/tephra/experiments/memcmp_linear/in_0000000011	0	60	0	0	0.0000	-	-	-
honggfuzz-qemu	/home/tephra/experiments/memcmp_linear/tc_0000000012.c	/home/tephra/experiments/memcmp_linear/in_0000000012	0	60	0	0	0.0000	-	-	-
honggfuzz-qemu	/home/tephra/experiments/memcmp_linear/tc_0000000013.c	/home/tephra/experiments/memcmp_linear/in_0000000013	0	60	0	0	0.0000	-	-	-
honggfuzz-qemu	/home/tephra/experiments/memcmp_linear/tc_0000000014.c	/home/tephra/experiments/memcmp_linear/in_0000000014	0	60	0	0	0.0000	-	-	-
honggfuzz-qemu	/home/tephra/experiments/memcmp_linear/tc_0000000015.c	/home/tephra/experiments/memcmp_linear/in_0000000015	0	60	0	0	0.0000	-	-	-
honggfuzz-qemu	/home/tephra/experiments/memcmp_linear/tc_0000000016.c	/home/tephra/experiments/memcmp_linear/in_0000000016	0	60	0	0	0.0000	-	-	-
honggfuzz-qemu	/home/tephra/experiments/memcmp_linear/tc_0000000032.c	/home/tephra/experiments/memcmp_linear/in_0000000032	0	60	0	0	0.0000	-	-	-
honggfuzz-qemu	/home/tephra/experiments/memcmp_linear/tc_0000000064.c	/home/tephra/experiments/memcmp_linear/in_0000000064	0	60	0	0	0.0000	-	-	-
honggfuzz-qemu	/home/tephra/experiments/memcmp_linear/tc_0000000128.c	/home/tephra/experiments/memcmp_linear/in_0000000128	0	60	0	0	0.0000	-	-	-
honggfuzz-qemu	/home/tephra/experiments/memcmp_linear/tc_0000000256.c	/home/tephra/experiments/memcmp_linear/in_0000000256	0	60	0	0	0.0000	-	-	-
symcc	/home/tephra/experiments/memcmp_linear/tc_0000000009.c	/home/tephra/experiments/memcmp_linear/in_0000000009	60	0	0	0	1.0000	3626.7167	3622.9843	3630.4490
symcc	/home/tephra/experiments/memcmp_linear/tc_0000000010.c	/home/tephra/experiments/memcmp_linear/in_0000000010	60	0	0	0	1.0000	3719.1000	3716.9468	3721.2532
symcc	/home/tephra/experiments/memcmp_linear/tc_0000000011.c	/home/tephra/experiments/memcmp_linear/in_0000000011	60	0	0	0	1.0000	3715.8500	3713.8247	3717.8753
symcc	/home/tephra/experiments/memcmp_linear/tc_0000000012.c	/home/tephra/experiments/memcmp_linear/in_0000000012	60	0	0	0	1.0000	3729.7167	3727.4677	3731.9657
symcc	/home/tephra/experiments/memcmp_linear/tc_0000000013.c	/home/tephra/experiments/memcmp_linear/in_0000000013	60	0	0	0	1.0000	3740.2833	3737.8277	3742.7390
symcc	/home/tephra/experiments/memcmp_linear/tc_0000000014.c	/home/tephra/experiments/memcmp_linear/in_0000000014	60	0	0	0	1.0000	3653.5333	3650.9347	3656.1320
symcc	/home/tephra/experiments/memcmp_linear/tc_0000000015.c	/home/tephra/experiments/memcmp_linear/in_0000000015	60	0	0	0	1.0000	3397.7833	3394.3024	3401.2643
symcc	/home/tephra/experiments/memcmp_linear/tc_0000000016.c	/home/tephra/experiments/memcmp_linear/in_0000000016	60	0	0	0	1.0000	3315.5333	3312.7143	3318.3523
symcc	/home/tephra/experiments/memcmp_linear/tc_0000000032.c	/home/tephra/experiments/memcmp_linear/in_0000000032	60	0	0	0	1.0000	3233.5500	3231.6266	3235.4734
symcc	/home/tephra/experiments/memcmp_linear/tc_0000000064.c	/home/tephra/experiments/memcmp_linear/in_0000000064	60	0	0	0	1.0000	3233.6333	3231.6959	3235.5708
symcc	/home/tephra/experiments/memcmp_linear/tc_0000000128.c	/home/tephra/experiments/memcmp_linear/in_0000000128	60	0	0	0	1.0000	3150.9333	3149.4914	3152.3752
symcc	/home/tephra/experiments/memcmp_linear/tc_0000000256.c	/home/tephra/experiments/memcmp_linear/in_0000000256	60	0	0	0	1.0000	2288.0000	2280.5045	2295.4955
klee	/home/tephra/experiments/memcmp_linear/tc_0000000011.c	/home/tephra/experiments/memcmp_linear/in_0000000011	60	0	0	0	1.0000	659.9833	659.5839	660.3828
klee	/home/tephra/experiments/memcmp_linear/tc_0000000012.c	/home/tephra/experiments/memcmp_linear/in_0000000012	60	0	0	0	1.0000	670.0333	669.5640	670.5027
klee	/home/tephra/experiments/memcmp_linear/tc_0000000013.c	/home/tephra/experiments/memcmp_linear/in_0000000013	60	0	0	0	1.0000	667.4667	667.0830	667.8503
klee	/home/tephra/experiments/memcmp_linear/tc_0000000014.c	/home/tephra/experiments/memcmp_linear/in_0000000014	60	0	0	0	1.0000	678.8500	678.3704	679.3296
klee	/home/tephra/experiments/memcmp_linear/tc_0000000015.c	/home/tephra/experiments/memcmp_linear/in_0000000015	60	0	0	0	1.0000	702.0667	701.1082	703.0251
klee	/home/tephra/experiments/memcmp_linear/tc_0000000016.c	/home/tephra/experiments/memcmp_linear/in_0000000016	60	0	0	0	1.0000	767.8500	766.3306	769.3694
klee	/home/tephra/experiments/memcmp_linear/tc_0000000032.c	/home/tephra/experiments/memcmp_linear/in_0000000032	60	0	0	0	1.0000	779.3167	777.6521	780.9812
klee	/home/tephra/experiments/memcmp_linear/tc_0000000064.c	/home/tephra/experiments/memcmp_linear/in_0000000064	60	0	0	0	1.0000	773.1167	771.6413	774.5921
klee	/home/tephra/experiments/memcmp_linear/tc_0000000128.c	/home/tephra/experiments/memcmp_linear/in_0000000128	60	0	0	0	1.0000	795.6667	794.0324	797.3009
klee	/home/tephra/experiments/memcmp_linear/tc_0000000256.c	/home/tephra/experiments/memcmp_linear/in_0000000256	0	0	60	0	0.0000	-	-	-
klee	/home/tephra/experiments/memcmp_linear/tc_0000000512.c	/home/tephra/experiments/memcmp_linear/in_0000000512	0	0	60	0	0.0000	-	-	-
klee	/home/tephra/experiments/memcmp_linear/tc_0000001024.c	/home/tephra/experiments/memcmp_linear/in_0000001024	0	0	60	0	0.0000	-	-	-
klee	/home/tephra/experiments/memcmp_linear/tc_0000002048.c	/home/tephra/experiments/memcmp_linear/in_0000002048	0	0	60	0	0.0000	-	-	-
klee	/home/tephra/experiments/memcmp_linear/tc_0000004096.c	/home/tephra/experiments/memcmp_linear/in_0000004096	0	0	60	0	0.0000	-	-	-
klee	/home/tephra/experiments/memcmp_linear/tc_0000008192.c	/home/tephra/experiments/memcmp_linear/in_0000008192	0	0	60	0	0.0000	-	-	-
symcc	/home/tephra/experiments/memcmp_linear/tc_0000000512.c	/home/tephra/experiments/memcmp_linear/in_0000000512	60	0	0	0	1.0000	2947.7167	2946.6807	2948.7526
symcc	/home/tephra/experiments/memcmp_linear/tc_0000001024.c	/home/tephra/experiments/memcmp_linear/in_0000001024	60	0	0	0	1.0000	3852.9333	3850.2676	3855.5991
symcc	/home/tephra/experiments/memcmp_linear/tc_0000002048.c	/home/tephra/experiments/memcmp_linear/in_0000002048	60	0	0	0	1.0000	7632.0500	7624.9604	7639.1396
symcc	/home/tephra/experiments/memcmp_linear/tc_0000004096.c	/home/tephra/experiments/memcmp_linear/in_0000004096	60	0	0	0	1.0000	18816.2500	18806.8090	18825.6910
symcc	/home/tephra/experiments/memcmp_linear/tc_0000008192.c	/home/tephra/experiments/memcmp_linear/in_0000008192	60	0	0	0	1.0000	48988.6167	48948.2463	49028.9870
symcc	/home/tephra/experiments/memcmp_linear/tc_0000016384.c	/home/tephra/experiments/memcmp_linear/in_0000016384	60	0	0	0	1.0000	130786.0667	130672.9329	130899.2004
symcc	/home/tephra/experiments/memcmp_linear/tc_0000032768.c	/home/tephra/experiments/memcmp_linear/in_0000032768	3	0	57	0	0.0500	-	-	-
